Index,Time,KE,KEW,KEC,KEAL,KEAR,HR,EMG2,EMG3,EMG4,EMG5,EMG6,EMG7,EMG8,EMG9,EMG10,EMG11,EMG12,EMG13,EMG14,EMG15,EMG16,EMG17,EE,Subject,Activity,Weight
0,360,0.8074,0.0022,0.0256,0.3844,0.3952,4.2409,0.0041,0.0033,0.009,0.0085,0.0043,0.0118,0.0113,0.0203,0.0032,0.0048,0.0101,0.013,0.0051,0.0222,0.0124,0.0189,1.3861,Subject01,Backwards,63.49
1,375,0.9266,0.0019,0.0249,0.4429,0.4569,11.4909,0.0045,0.0034,0.009,0.0046,0.0046,0.0083,0.0097,0.0191,0.0028,0.0048,0.0103,0.0095,0.0044,0.0137,0.0107,0.0182,1.3861,Subject01,Backwards,63.49
2,390,0.9052,0.0015,0.0212,0.4441,0.4383,12.8909,0.0044,0.003,0.0069,0.0042,0.0036,0.0076,0.009,0.0192,0.0028,0.0045,0.0099,0.0079,0.0049,0.0135,0.0106,0.0185,1.3861,Subject01,Backwards,63.49
3,405,0.9123,0.0017,0.0213,0.4899,0.3994,12.4909,0.0041,0.0022,0.0049,0.0034,0.0033,0.0068,0.0086,0.0205,0.0026,0.004,0.0086,0.0066,0.005,0.0129,0.0097,0.0193,1.3861,Subject01,Backwards,63.49
4,420,0.8525,0.0012,0.0182,0.4576,0.3756,11.4909,0.0034,0.0023,0.0051,0.0046,0.0029,0.0078,0.0099,0.0226,0.0029,0.0031,0.007,0.004,0.0053,0.0117,0.0081,0.02,1.3861,Subject01,Backwards,63.49
5,435,0.8928,0.0013,0.0173,0.442,0.4322,7.8909,0.0037,0.002,0.0044,0.0033,0.0033,0.0089,0.0092,0.0204,0.0024,0.0028,0.0063,0.004,0.0054,0.0115,0.0085,0.0175,1.3861,Subject01,Backwards,63.49
6,450,0.8397,0.0013,0.0176,0.4257,0.395,9.0909,0.0038,0.0019,0.0041,0.0031,0.0029,0.0066,0.0089,0.0203,0.0025,0.003,0.0068,0.0042,0.0052,0.0107,0.0088,0.0183,1.3861,Subject01,Backwards,63.49
7,465,0.8608,0.0015,0.0205,0.4322,0.4066,7.6909,0.0039,0.0032,0.0086,0.002,0.0038,0.0054,0.0071,0.0219,0.0021,0.0042,0.0093,0.0035,0.0046,0.0089,0.0082,0.0199,1.3861,Subject01,Backwards,63.49
8,480,0.8898,0.0014,0.0226,0.4751,0.3906,6.6576,0.0038,0.0031,0.0083,0.0023,0.0038,0.0042,0.0074,0.0226,0.0021,0.0033,0.007,0.004,0.0045,0.0081,0.0084,0.0184,1.3861,Subject01,Backwards,63.49
9,495,0.8786,0.0014,0.0204,0.4606,0.3962,6.4909,0.0034,0.0032,0.0086,0.0024,0.0037,0.0044,0.0087,0.0225,0.0021,0.0039,0.0086,0.0039,0.0047,0.0106,0.0097,0.017,1.3861,Subject01,Backwards,63.49
10,510,0.8772,0.0012,0.0195,0.4532,0.4034,7.4909,0.0033,0.0029,0.0077,0.0025,0.0037,0.0054,0.009,0.0205,0.002,0.0038,0.0082,0.0036,0.0049,0.006,0.0071,0.0182,1.3861,Subject01,Backwards,63.49
11,525,0.8512,0.0011,0.0179,0.4568,0.3754,4.2909,0.0036,0.0028,0.0073,0.0021,0.0037,0.0047,0.0082,0.0224,0.0022,0.0035,0.0075,0.0035,0.0048,0.0089,0.0078,0.0195,1.3861,Subject01,Backwards,63.49
12,540,0.8026,0.0011,0.0178,0.4142,0.3695,5.6576,0.0038,0.0024,0.0056,0.0024,0.0032,0.0053,0.0082,0.0223,0.0022,0.0033,0.0073,0.0031,0.0049,0.0067,0.0076,0.019,1.3861,Subject01,Backwards,63.49
13,555,0.7973,0.0011,0.0177,0.3928,0.3856,6.8909,0.004,0.0026,0.0064,0.0023,0.0033,0.0062,0.0079,0.0205,0.0022,0.003,0.0066,0.0035,0.0039,0.0049,0.0079,0.0172,1.3861,Subject01,Backwards,63.49
14,570,0.8693,0.0014,0.0198,0.4527,0.3955,6.4909,0.0039,0.003,0.0074,0.0026,0.0035,0.0067,0.0086,0.0196,0.0022,0.0041,0.0091,0.0037,0.005,0.0059,0.0073,0.017,1.3861,Subject01,Backwards,63.49
15,585,0.902,0.0013,0.0199,0.4556,0.4252,4.2909,0.0036,0.0031,0.0087,0.0031,0.0037,0.0049,0.0077,0.0175,0.0022,0.0036,0.0076,0.0037,0.0047,0.0087,0.0092,0.0153,1.3861,Subject01,Backwards,63.49
16,600,0.9184,0.0015,0.0219,0.4557,0.4393,4.2909,0.0035,0.003,0.0086,0.0039,0.0039,0.0064,0.0099,0.0155,0.0021,0.0039,0.0085,0.0054,0.0052,0.0103,0.009,0.0194,1.3861,Subject01,Backwards,63.49
17,615,0.8857,0.0013,0.0189,0.4446,0.421,7.6909,0.0038,0.003,0.0084,0.003,0.0042,0.0056,0.0071,0.0179,0.0021,0.0043,0.0092,0.0042,0.0051,0.0071,0.0082,0.0174,1.3861,Subject01,Backwards,63.49
18,630,0.8871,0.0013,0.0182,0.4376,0.43,4.3242,0.0033,0.003,0.0079,0.003,0.0039,0.0047,0.0081,0.0183,0.002,0.0037,0.0083,0.0041,0.0046,0.0077,0.008,0.0186,1.3861,Subject01,Backwards,63.49
19,645,0.8334,0.0013,0.0193,0.4184,0.3945,5.6909,0.0036,0.0026,0.0061,0.0037,0.0034,0.0062,0.0082,0.0205,0.0022,0.0033,0.0071,0.0049,0.0055,0.0075,0.0075,0.0185,1.3861,Subject01,Backwards,63.49
20,720,1.7916,0.0024,0.0314,0.8894,0.8684,8.9909,0.0037,0.0083,0.019,0.0081,0.0083,0.0124,0.0124,0.0272,0.0028,0.0078,0.0155,0.0101,0.0091,0.016,0.013,0.0273,2.3818,Subject01,Backwards,63.49
21,735,1.7527,0.0027,0.0335,0.869,0.8475,15.1576,0.0037,0.0077,0.0191,0.0074,0.0078,0.012,0.0124,0.0255,0.0028,0.0081,0.0169,0.0088,0.0087,0.0128,0.0118,0.0306,2.3818,Subject01,Backwards,63.49
22,750,1.8168,0.0026,0.0355,0.8632,0.9155,15.7409,0.0035,0.0074,0.0178,0.0084,0.0079,0.0101,0.0114,0.023,0.0022,0.0075,0.0153,0.0084,0.0081,0.0116,0.0116,0.0268,2.3818,Subject01,Backwards,63.49
23,765,1.8648,0.0025,0.0353,0.9186,0.9085,15.6576,0.0033,0.0061,0.0162,0.007,0.0079,0.0097,0.0104,0.0228,0.0021,0.0069,0.0143,0.0088,0.0086,0.0117,0.0119,0.0252,2.3818,Subject01,Backwards,63.49
24,780,1.8055,0.0026,0.0343,0.8828,0.8859,14.4909,0.0033,0.0067,0.0165,0.0082,0.0073,0.0119,0.0113,0.0197,0.0022,0.0063,0.0136,0.0095,0.0083,0.0151,0.0115,0.0217,2.3818,Subject01,Backwards,63.49
25,795,1.8374,0.0025,0.0354,0.8596,0.9399,11.4909,0.0037,0.0066,0.0174,0.0064,0.0078,0.0099,0.0109,0.0212,0.0022,0.0062,0.0135,0.0091,0.0079,0.0117,0.0126,0.0232,2.3818,Subject01,Backwards,63.49
26,810,1.8202,0.0023,0.0345,0.8652,0.9182,11.4909,0.0029,0.0063,0.0169,0.0075,0.0075,0.0124,0.0124,0.0204,0.002,0.007,0.0146,0.0082,0.0082,0.0123,0.0104,0.0245,2.3818,Subject01,Backwards,63.49
27,825,1.783,0.0026,0.0367,0.8814,0.8624,12.0909,0.0031,0.0064,0.0176,0.0074,0.0077,0.0104,0.0109,0.0273,0.0019,0.0065,0.014,0.0085,0.0074,0.0123,0.0117,0.0229,2.3818,Subject01,Backwards,63.49
28,840,1.8393,0.0026,0.0374,0.8953,0.904,13.9909,0.0034,0.0066,0.0179,0.0065,0.0074,0.0108,0.0114,0.0224,0.002,0.006,0.0133,0.0079,0.0079,0.0122,0.0109,0.0254,2.3818,Subject01,Backwards,63.49
29,855,1.7429,0.0026,0.0313,0.8409,0.8682,11.6909,0.0033,0.0072,0.0192,0.0064,0.008,0.01,0.0108,0.0274,0.0022,0.0075,0.0154,0.0107,0.009,0.0154,0.0112,0.0289,2.3818,Subject01,Backwards,63.49
30,870,1.77,0.0024,0.0355,0.8925,0.8397,10.4909,0.003,0.008,0.0193,0.0065,0.0076,0.0087,0.0099,0.0243,0.002,0.0073,0.015,0.008,0.0084,0.0123,0.0102,0.0265,2.3818,Subject01,Backwards,63.49
31,885,1.827,0.0026,0.0352,0.8918,0.8974,10.0909,0.003,0.0081,0.0205,0.0066,0.008,0.0074,0.01,0.0245,0.002,0.0076,0.0148,0.0075,0.0077,0.0108,0.0096,0.0245,2.3818,Subject01,Backwards,63.49
32,900,1.7338,0.0022,0.0292,0.8621,0.8403,14.8242,0.0029,0.0078,0.0189,0.0063,0.0082,0.0071,0.0096,0.0243,0.0021,0.007,0.0145,0.0087,0.009,0.0134,0.0109,0.0249,2.3818,Subject01,Backwards,63.49
33,915,1.8148,0.0025,0.0332,0.9068,0.8724,13.4909,0.0029,0.0071,0.0188,0.0065,0.0087,0.0091,0.0098,0.0243,0.0018,0.007,0.0144,0.0085,0.0082,0.0117,0.01,0.0241,2.3818,Subject01,Backwards,63.49
34,930,1.8033,0.0024,0.0336,0.873,0.8943,13.8242,0.0032,0.0075,0.0188,0.0068,0.0082,0.0094,0.0095,0.0219,0.002,0.0075,0.0152,0.0078,0.008,0.0115,0.0116,0.0252,2.3818,Subject01,Backwards,63.49
35,945,1.7866,0.0027,0.0352,0.873,0.8758,13.6909,0.003,0.0065,0.0182,0.0064,0.0076,0.0102,0.0109,0.0212,0.0021,0.008,0.015,0.0081,0.0079,0.0109,0.0107,0.026,2.3818,Subject01,Backwards,63.49
36,960,1.7077,0.0027,0.036,0.8599,0.8092,14.8909,0.0028,0.0071,0.0185,0.0069,0.0073,0.0084,0.0103,0.0219,0.0022,0.0081,0.0152,0.0094,0.0078,0.0148,0.0113,0.0213,2.3818,Subject01,Backwards,63.49
37,975,1.7049,0.0031,0.0354,0.8453,0.8211,12.9909,0.0034,0.0074,0.0191,0.0072,0.0069,0.0118,0.0111,0.0237,0.0028,0.0083,0.0148,0.0096,0.0086,0.0133,0.0128,0.0239,2.3818,Subject01,Backwards,63.49
38,990,1.7412,0.0026,0.0397,0.877,0.8218,13.2909,0.0031,0.0067,0.0187,0.008,0.0067,0.012,0.013,0.0195,0.0031,0.0089,0.0163,0.0078,0.0081,0.0121,0.0115,0.0226,2.3818,Subject01,Backwards,63.49
39,1005,1.7535,0.0025,0.0381,0.8747,0.8382,16.8909,0.0032,0.0077,0.0203,0.0076,0.0067,0.0098,0.0113,0.0219,0.0025,0.0095,0.0172,0.0084,0.0086,0.0143,0.01,0.026,2.3818,Subject01,Backwards,63.49
40,1080,2.6549,0.0031,0.0504,1.285,1.3164,19.0909,0.0038,0.0124,0.0272,0.0132,0.0103,0.0151,0.0121,0.0262,0.0028,0.0122,0.0205,0.0158,0.0117,0.0234,0.0146,0.0287,3.4005,Subject01,Backwards,63.49
41,1095,2.6127,0.0032,0.0477,1.2834,1.2784,23.0909,0.0036,0.0115,0.0261,0.0105,0.0108,0.0134,0.0105,0.0273,0.0024,0.0118,0.02,0.0135,0.0107,0.0166,0.0129,0.0304,3.4005,Subject01,Backwards,63.49
42,1110,2.7408,0.0038,0.0638,1.3025,1.3706,25.0909,0.0041,0.0122,0.0274,0.0113,0.0104,0.0136,0.0126,0.0284,0.0027,0.0121,0.0204,0.0123,0.01,0.0181,0.0138,0.0317,3.4005,Subject01,Backwards,63.49
43,1125,2.6545,0.0033,0.0591,1.3256,1.2665,25.8909,0.0037,0.0113,0.0264,0.0098,0.009,0.0124,0.0118,0.0269,0.003,0.0116,0.0194,0.0155,0.0101,0.0232,0.0141,0.0262,3.4005,Subject01,Backwards,63.49
44,1140,2.7541,0.0032,0.0589,1.3726,1.3194,24.3242,0.0039,0.0118,0.0276,0.0116,0.0106,0.013,0.0121,0.0284,0.0031,0.012,0.0208,0.0119,0.0116,0.0186,0.0133,0.0335,3.4005,Subject01,Backwards,63.49
45,1155,2.7877,0.0038,0.0631,1.3796,1.3412,25.6909,0.0033,0.0111,0.0265,0.0104,0.0099,0.0121,0.0118,0.0279,0.0022,0.0115,0.0204,0.0117,0.0104,0.0171,0.0123,0.0283,3.4005,Subject01,Backwards,63.49
46,1170,2.7644,0.0032,0.0596,1.3853,1.3164,23.1576,0.0037,0.0114,0.0266,0.0095,0.0095,0.0108,0.0106,0.0299,0.0021,0.0111,0.0194,0.0115,0.0093,0.0128,0.0137,0.0293,3.4005,Subject01,Backwards,63.49
47,1185,2.7528,0.0036,0.0649,1.3849,1.2994,19.4909,0.0036,0.0114,0.0275,0.0097,0.0093,0.0117,0.011,0.0288,0.002,0.0107,0.0192,0.0128,0.009,0.0173,0.0137,0.0253,3.4005,Subject01,Backwards,63.49
48,1200,2.7875,0.0033,0.0601,1.3719,1.3521,20.4909,0.0036,0.0109,0.0277,0.0103,0.0101,0.0111,0.0107,0.026,0.0023,0.0114,0.0204,0.0114,0.0093,0.0153,0.013,0.0274,3.4005,Subject01,Backwards,63.49
49,1215,2.8265,0.0036,0.0647,1.3664,1.3919,19.2909,0.0039,0.0112,0.0263,0.0097,0.0096,0.0112,0.0103,0.0273,0.0021,0.011,0.0198,0.0117,0.0089,0.0158,0.0136,0.0264,3.4005,Subject01,Backwards,63.49
50,1230,2.8375,0.0036,0.064,1.3388,1.431,21.6909,0.0039,0.01,0.026,0.0096,0.0092,0.0125,0.0103,0.0258,0.002,0.0097,0.0184,0.0125,0.0083,0.0174,0.0141,0.0239,3.4005,Subject01,Backwards,63.49
51,1245,2.7266,0.0033,0.0617,1.2929,1.3687,20.1576,0.0039,0.0104,0.0259,0.0095,0.0098,0.0122,0.0111,0.0271,0.002,0.0105,0.0186,0.0119,0.0089,0.0179,0.0131,0.0251,3.4005,Subject01,Backwards,63.49
52,1260,2.7541,0.0035,0.0629,1.3147,1.373,18.6909,0.0039,0.0106,0.026,0.0095,0.0102,0.0116,0.0109,0.0278,0.0021,0.0095,0.0179,0.0136,0.0095,0.0205,0.0141,0.026,3.4005,Subject01,Backwards,63.49
53,1275,2.8069,0.0037,0.0635,1.3741,1.3656,20.2909,0.004,0.0098,0.0263,0.0088,0.0101,0.0125,0.0113,0.0261,0.002,0.0095,0.0183,0.0123,0.0087,0.0217,0.015,0.0224,3.4005,Subject01,Backwards,63.49
54,1290,2.8006,0.0039,0.0729,1.3393,1.3846,22.6576,0.004,0.0104,0.0248,0.0091,0.01,0.0118,0.0114,0.0262,0.0021,0.0086,0.0178,0.0147,0.0086,0.0239,0.0151,0.0217,3.4005,Subject01,Backwards,63.49
55,1305,2.8821,0.0036,0.0651,1.3927,1.4208,19.2909,0.0044,0.0107,0.0248,0.0096,0.0094,0.0102,0.0105,0.0232,0.0019,0.0104,0.0195,0.0128,0.0085,0.0151,0.0131,0.0251,3.4005,Subject01,Backwards,63.49
56,1320,2.7455,0.0034,0.0612,1.3227,1.3582,16.3242,0.0038,0.0098,0.0244,0.0103,0.0097,0.0111,0.011,0.0248,0.0021,0.0099,0.0192,0.0128,0.0095,0.0205,0.0139,0.0251,3.4005,Subject01,Backwards,63.49
57,1335,2.7524,0.0034,0.0577,1.3128,1.3785,19.2909,0.0042,0.0114,0.0278,0.0134,0.0098,0.0149,0.0134,0.025,0.0025,0.0116,0.019,0.0148,0.009,0.028,0.0151,0.0293,3.4005,Subject01,Backwards,63.49
58,1350,2.6771,0.0036,0.0532,1.3133,1.3069,20.3242,0.004,0.0116,0.0277,0.0095,0.0093,0.012,0.0114,0.0289,0.0028,0.0111,0.0198,0.0143,0.0088,0.026,0.0154,0.0269,3.4005,Subject01,Backwards,63.49
59,1365,2.8561,0.0032,0.0622,1.3974,1.3933,23.9909,0.0043,0.0108,0.0251,0.0103,0.0098,0.0125,0.011,0.0241,0.0024,0.0111,0.0194,0.012,0.0093,0.0165,0.0131,0.0287,3.4005,Subject01,Backwards,63.49
60,360,0.7278,0.0029,0.0331,0.3528,0.339,6.8116,0.0089,0.0007,0.0008,0.0007,0.0008,0.0026,0.0041,0.0011,0.0008,0.0006,0.0006,0.0007,0.0007,0.0007,0.0009,0.0011,5.2693,Subject01,Cycling,63.49
61,375,2.639,0.0105,0.0843,1.3168,1.2274,22.7283,0.0103,0.0118,0.0425,0.0104,0.0156,0.0197,0.0236,0.0297,0.0033,0.0088,0.0253,0.0107,0.0089,0.0158,0.0222,0.0206,5.2693,Subject01,Cycling,63.49
62,390,2.7398,0.0102,0.087,1.3621,1.2806,27.7783,0.0102,0.0178,0.0551,0.015,0.0251,0.0272,0.024,0.0438,0.0035,0.008,0.0259,0.0308,0.0129,0.0224,0.0275,0.028,5.2693,Subject01,Cycling,63.49
63,405,2.6012,0.0096,0.07,1.2998,1.2219,25.7783,0.0092,0.0155,0.049,0.0137,0.0254,0.0264,0.0232,0.0451,0.0035,0.0078,0.0274,0.0245,0.0133,0.0241,0.0248,0.0259,5.2693,Subject01,Cycling,63.49
64,420,2.5135,0.0075,0.0631,1.2513,1.1915,30.9783,0.0093,0.013,0.0465,0.0145,0.0288,0.0245,0.0231,0.0394,0.0033,0.0077,0.0262,0.0197,0.0139,0.0253,0.021,0.0238,5.2693,Subject01,Cycling,63.49
65,435,2.6667,0.0071,0.0562,1.3375,1.2658,32.7783,0.0098,0.015,0.0477,0.0152,0.0254,0.0256,0.0218,0.0405,0.0032,0.0073,0.0262,0.0181,0.0143,0.0229,0.0201,0.0247,5.2693,Subject01,Cycling,63.49
66,450,2.5659,0.006,0.0481,1.2843,1.2274,32.7783,0.0097,0.017,0.0498,0.0153,0.0263,0.0267,0.0216,0.0443,0.0031,0.0074,0.0289,0.0193,0.0137,0.0267,0.0193,0.0249,5.2693,Subject01,Cycling,63.49
67,465,2.5826,0.0065,0.051,1.2954,1.2297,32.4783,0.0096,0.0137,0.0455,0.0183,0.0223,0.0247,0.0221,0.0472,0.0029,0.0069,0.0268,0.0212,0.0148,0.0247,0.019,0.0234,5.2693,Subject01,Cycling,63.49
68,480,2.691,0.0061,0.0475,1.3428,1.2946,35.7783,0.0095,0.0147,0.0466,0.0185,0.0233,0.0248,0.0227,0.0438,0.0029,0.0079,0.0308,0.0218,0.0152,0.0244,0.0214,0.0299,5.2693,Subject01,Cycling,63.49
69,495,2.6242,0.0056,0.0458,1.3078,1.265,36.3783,0.0099,0.0142,0.0509,0.0211,0.0238,0.0229,0.0207,0.0396,0.0028,0.0071,0.0284,0.0206,0.0135,0.0236,0.021,0.0263,5.2693,Subject01,Cycling,63.49
70,510,2.7283,0.0077,0.0523,1.3617,1.3066,33.8116,0.0114,0.0143,0.0484,0.021,0.0214,0.0221,0.0216,0.0396,0.0031,0.0066,0.0255,0.0172,0.0123,0.0236,0.0178,0.0241,5.2693,Subject01,Cycling,63.49
71,525,2.7214,0.0082,0.0554,1.3631,1.2946,32.3783,0.0098,0.0139,0.0447,0.0218,0.0215,0.0238,0.0207,0.0439,0.0031,0.0063,0.0252,0.0218,0.0125,0.0247,0.017,0.0221,5.2693,Subject01,Cycling,63.49
72,540,2.6839,0.0074,0.05,1.3407,1.2858,36.7783,0.0094,0.015,0.0466,0.0216,0.02,0.0247,0.0203,0.0411,0.0029,0.0064,0.0271,0.0174,0.0122,0.0244,0.0174,0.0233,5.2693,Subject01,Cycling,63.49
73,555,2.6444,0.0069,0.0431,1.3295,1.2649,37.9783,0.0092,0.0136,0.0478,0.0229,0.0167,0.0248,0.0194,0.0403,0.0027,0.006,0.0248,0.0183,0.0114,0.0253,0.0172,0.0207,5.2693,Subject01,Cycling,63.49
74,570,2.6644,0.0075,0.0426,1.3357,1.2787,35.9783,0.0123,0.0128,0.0487,0.0236,0.0157,0.0245,0.019,0.0484,0.0027,0.0066,0.0269,0.0172,0.0119,0.0262,0.018,0.0237,5.2693,Subject01,Cycling,63.49
75,585,2.8567,0.0075,0.0461,1.4368,1.3663,36.9783,0.0161,0.0166,0.0553,0.0218,0.0186,0.0276,0.0211,0.0528,0.0026,0.0067,0.0269,0.0216,0.013,0.0256,0.017,0.0245,5.2693,Subject01,Cycling,63.49
76,600,2.8704,0.0082,0.0476,1.4367,1.3779,38.5783,0.0136,0.0159,0.0548,0.0214,0.0165,0.0257,0.0195,0.0556,0.0027,0.0072,0.0261,0.0182,0.0155,0.0315,0.0182,0.0244,5.2693,Subject01,Cycling,63.49
77,615,2.7105,0.0081,0.0489,1.359,1.2946,40.3783,0.013,0.0135,0.0558,0.0282,0.0161,0.0273,0.0182,0.0548,0.0027,0.0063,0.026,0.019,0.0141,0.0302,0.0164,0.0241,5.2693,Subject01,Cycling,63.49
78,630,2.7975,0.0083,0.0509,1.4018,1.3364,36.6449,0.0126,0.0123,0.0557,0.0256,0.0128,0.0256,0.0189,0.0446,0.0025,0.0063,0.0275,0.0169,0.0127,0.028,0.0153,0.0222,5.2693,Subject01,Cycling,63.49
79,645,2.7786,0.0086,0.0484,1.4036,1.318,36.7783,0.0142,0.0115,0.0552,0.0247,0.0167,0.0253,0.019,0.0447,0.0027,0.0065,0.0256,0.018,0.0144,0.0285,0.0161,0.0223,5.2693,Subject01,Cycling,63.49
80,720,1.694,0.0092,0.0341,0.8101,0.8406,35.6925,0.0111,0.0098,0.0461,0.0195,0.0195,0.024,0.0168,0.0347,0.0023,0.0059,0.023,0.019,0.0142,0.0237,0.0171,0.0243,5.3118,Subject01,Cycling,63.49
81,735,1.4337,0.0047,0.021,0.698,0.7101,39.3116,0.0102,0.0101,0.0529,0.016,0.0123,0.02,0.0148,0.0239,0.0032,0.0083,0.0343,0.0099,0.0134,0.0187,0.0165,0.017,5.3118,Subject01,Cycling,63.49
82,750,1.4136,0.0035,0.0208,0.6787,0.7106,39.9783,0.0108,0.0114,0.0564,0.0168,0.0083,0.0204,0.0155,0.026,0.0029,0.0087,0.0349,0.0076,0.0124,0.0164,0.016,0.0148,5.3118,Subject01,Cycling,63.49
83,765,1.4731,0.0034,0.0218,0.7148,0.7331,39.5783,0.011,0.0119,0.06,0.0177,0.0081,0.0199,0.0168,0.0271,0.0029,0.0093,0.0336,0.0072,0.012,0.0172,0.0164,0.0144,5.3118,Subject01,Cycling,63.49
84,780,1.4391,0.003,0.0186,0.6992,0.7183,41.7783,0.0109,0.0115,0.0606,0.0173,0.0077,0.0197,0.0167,0.03,0.0027,0.0091,0.0325,0.0065,0.0114,0.0179,0.0162,0.0145,5.3118,Subject01,Cycling,63.49
85,795,1.3652,0.003,0.0183,0.6531,0.6907,41.9783,0.0106,0.0133,0.0573,0.0168,0.007,0.0185,0.0158,0.0277,0.0025,0.0101,0.0345,0.0067,0.012,0.0179,0.0172,0.016,5.3118,Subject01,Cycling,63.49
86,810,1.4125,0.0024,0.0182,0.6886,0.7034,43.4783,0.0109,0.0129,0.0562,0.0158,0.0067,0.0186,0.016,0.0271,0.0027,0.0099,0.0354,0.0083,0.0121,0.0188,0.0163,0.0145,5.3118,Subject01,Cycling,63.49
87,825,1.4247,0.0023,0.0187,0.6953,0.7084,42.5783,0.0104,0.0135,0.0604,0.0165,0.0068,0.0205,0.0159,0.0303,0.0025,0.0104,0.0332,0.007,0.0119,0.0206,0.0195,0.018,5.3118,Subject01,Cycling,63.49
88,840,1.3692,0.0026,0.0175,0.6699,0.6792,45.3783,0.01,0.0137,0.0589,0.0156,0.0068,0.019,0.0168,0.0305,0.0025,0.0113,0.0339,0.0074,0.0113,0.0195,0.0204,0.0208,5.3118,Subject01,Cycling,63.49
89,855,1.3458,0.0028,0.0197,0.6578,0.6656,43.6449,0.0104,0.0134,0.0555,0.0146,0.0059,0.0194,0.0147,0.0299,0.0022,0.0117,0.0351,0.0069,0.012,0.0188,0.0208,0.0198,5.3118,Subject01,Cycling,63.49
90,870,1.3592,0.0029,0.019,0.6608,0.6765,40.5783,0.0107,0.0145,0.0617,0.0147,0.0064,0.0199,0.0155,0.029,0.0023,0.0122,0.0325,0.0062,0.0114,0.0167,0.0197,0.0179,5.3118,Subject01,Cycling,63.49
91,885,1.4575,0.0029,0.0205,0.7216,0.7125,42.1783,0.01,0.0132,0.0549,0.0149,0.008,0.0178,0.0151,0.0257,0.0023,0.0112,0.0332,0.0072,0.0113,0.0155,0.0171,0.0158,5.3118,Subject01,Cycling,63.49
92,900,1.4575,0.0028,0.022,0.7108,0.7219,44.9783,0.011,0.0135,0.0605,0.016,0.0089,0.0192,0.0163,0.0288,0.0024,0.0122,0.0322,0.0079,0.0115,0.0174,0.0172,0.0169,5.3118,Subject01,Cycling,63.49
93,915,1.4568,0.0032,0.0236,0.7019,0.728,44.1449,0.0113,0.0136,0.0593,0.0163,0.0077,0.019,0.0176,0.0268,0.0024,0.0121,0.0328,0.0071,0.012,0.017,0.0165,0.0175,5.3118,Subject01,Cycling,63.49
94,930,1.495,0.0032,0.0246,0.7208,0.7465,44.7783,0.0109,0.014,0.0609,0.016,0.0068,0.0185,0.0165,0.0263,0.0026,0.0113,0.0347,0.0069,0.0111,0.0158,0.0166,0.017,5.3118,Subject01,Cycling,63.49
95,945,1.3543,0.0033,0.0221,0.658,0.6709,42.9783,0.011,0.0124,0.0593,0.0156,0.0079,0.0178,0.0173,0.0282,0.0027,0.0122,0.0343,0.0083,0.012,0.0175,0.0139,0.0164,5.3118,Subject01,Cycling,63.49
96,960,1.3475,0.0028,0.0198,0.6478,0.6771,43.3116,0.0104,0.0143,0.0617,0.0151,0.0067,0.0163,0.0156,0.0269,0.0028,0.0148,0.0338,0.0071,0.0124,0.0153,0.015,0.0186,5.3118,Subject01,Cycling,63.49
97,975,1.3709,0.003,0.0201,0.6631,0.6847,41.9783,0.0102,0.0134,0.0585,0.0145,0.0067,0.0156,0.0168,0.0277,0.0028,0.0119,0.0342,0.008,0.0118,0.0158,0.014,0.015,5.3118,Subject01,Cycling,63.49
98,990,1.3339,0.0029,0.0207,0.6312,0.6791,41.3783,0.0104,0.0121,0.0586,0.0138,0.0064,0.0179,0.0157,0.0257,0.0025,0.0126,0.0367,0.0077,0.0114,0.0167,0.0159,0.0188,5.3118,Subject01,Cycling,63.49
99,1005,1.364,0.0031,0.0214,0.6464,0.6931,42.1449,0.0102,0.0134,0.0605,0.0147,0.0066,0.0169,0.0174,0.0257,0.0025,0.0132,0.035,0.008,0.0128,0.0159,0.0156,0.0161,5.3118,Subject01,Cycling,63.49
100,1080,1.3935,0.0037,0.0217,0.6622,0.7059,40.5783,0.0095,0.0128,0.0576,0.0143,0.0074,0.0157,0.0159,0.0271,0.0025,0.0143,0.0373,0.0084,0.0126,0.0166,0.0171,0.0203,2.9473,Subject01,Cycling,63.49
101,1095,1.3728,0.0025,0.0187,0.6459,0.7055,37.264,0.0112,0.0096,0.044,0.0124,0.0061,0.0165,0.0149,0.0272,0.0021,0.0092,0.027,0.0088,0.0109,0.0161,0.0127,0.0189,2.9473,Subject01,Cycling,63.49
102,1110,1.4348,0.0022,0.0189,0.6751,0.7386,34.3783,0.0086,0.0068,0.0296,0.0091,0.0041,0.0171,0.0128,0.0239,0.0016,0.0064,0.0211,0.0075,0.0089,0.0144,0.0103,0.0178,2.9473,Subject01,Cycling,63.49
103,1125,1.5366,0.0013,0.0216,0.7278,0.7859,31.6449,0.007,0.008,0.0329,0.0104,0.0052,0.0152,0.0142,0.0276,0.0017,0.0065,0.0221,0.0092,0.0108,0.0153,0.0131,0.0214,2.9473,Subject01,Cycling,63.49
104,1140,1.418,0.0013,0.0179,0.6779,0.7209,29.5783,0.0066,0.0083,0.0336,0.0103,0.0047,0.0159,0.0137,0.0262,0.0016,0.0082,0.0237,0.0096,0.0109,0.0141,0.0112,0.0208,2.9473,Subject01,Cycling,63.49
105,1155,1.4449,0.0014,0.0183,0.6892,0.7361,29.4783,0.006,0.007,0.0329,0.01,0.0041,0.015,0.0139,0.0225,0.0017,0.0061,0.0226,0.0069,0.0107,0.0142,0.0138,0.0186,2.9473,Subject01,Cycling,63.49
106,1170,1.4619,0.0016,0.0202,0.6899,0.7502,24.3783,0.0057,0.0076,0.0337,0.0097,0.0052,0.017,0.0144,0.024,0.0017,0.0062,0.0233,0.0077,0.011,0.0154,0.0126,0.0188,2.9473,Subject01,Cycling,63.49
107,1185,1.4639,0.0016,0.0176,0.7037,0.7411,22.9783,0.0059,0.0075,0.0336,0.0101,0.0045,0.0159,0.0135,0.0161,0.0018,0.0059,0.0223,0.0079,0.0107,0.0149,0.0111,0.016,2.9473,Subject01,Cycling,63.49
108,1200,1.4228,0.0015,0.0214,0.6708,0.7291,23.9783,0.006,0.0084,0.0369,0.0108,0.0047,0.0172,0.0136,0.0192,0.0017,0.0059,0.021,0.0081,0.0111,0.0143,0.0101,0.0177,2.9473,Subject01,Cycling,63.49
109,1215,1.4484,0.0015,0.0187,0.6787,0.7494,23.3116,0.0057,0.0082,0.0365,0.0102,0.0046,0.0157,0.0137,0.0171,0.0016,0.006,0.0211,0.0102,0.0111,0.0179,0.0113,0.0172,2.9473,Subject01,Cycling,63.49
110,1230,1.5353,0.0013,0.0198,0.7314,0.7829,22.7783,0.0056,0.0086,0.0356,0.0105,0.0045,0.0157,0.0147,0.0207,0.0017,0.006,0.0227,0.0082,0.0117,0.0159,0.012,0.0195,2.9473,Subject01,Cycling,63.49
111,1245,1.4266,0.0015,0.019,0.6679,0.7382,28.4783,0.0075,0.0083,0.0372,0.0105,0.0047,0.0157,0.0144,0.0235,0.0016,0.0054,0.0214,0.0104,0.0109,0.0163,0.0103,0.0169,2.9473,Subject01,Cycling,63.49
112,1260,1.4831,0.0014,0.0187,0.7016,0.7613,29.2283,0.0079,0.0074,0.0352,0.0103,0.0053,0.0157,0.015,0.0228,0.0018,0.0066,0.0242,0.0084,0.011,0.0175,0.012,0.0201,2.9473,Subject01,Cycling,63.49
113,1275,1.4455,0.0016,0.0192,0.6921,0.7326,28.3783,0.0073,0.008,0.0388,0.0105,0.0047,0.0153,0.0152,0.0197,0.0016,0.0061,0.0217,0.0081,0.0101,0.0164,0.0112,0.0168,2.9473,Subject01,Cycling,63.49
114,1290,1.4804,0.0014,0.0186,0.7054,0.7549,25.5783,0.0054,0.0078,0.0397,0.0104,0.0045,0.0155,0.0144,0.0224,0.0016,0.006,0.0217,0.0104,0.0111,0.0155,0.0114,0.0172,2.9473,Subject01,Cycling,63.49
115,1305,1.4614,0.0016,0.0202,0.6892,0.7504,27.1783,0.0055,0.0074,0.037,0.0104,0.0044,0.0181,0.0136,0.0246,0.0017,0.0063,0.0227,0.0109,0.0112,0.0167,0.0131,0.0195,2.9473,Subject01,Cycling,63.49
116,1320,1.5273,0.0017,0.0198,0.7294,0.7765,29.1783,0.0057,0.0075,0.0393,0.011,0.0042,0.0192,0.0155,0.026,0.0017,0.0064,0.023,0.0115,0.0118,0.0165,0.0112,0.0171,2.9473,Subject01,Cycling,63.49
117,1335,1.523,0.0014,0.0187,0.7239,0.779,27.7283,0.006,0.0094,0.0384,0.011,0.0052,0.0167,0.0144,0.0262,0.0016,0.0059,0.0214,0.0113,0.012,0.0162,0.0113,0.0184,2.9473,Subject01,Cycling,63.49
118,1350,1.5021,0.0014,0.0183,0.7097,0.7726,25.8116,0.0062,0.0084,0.0387,0.0107,0.005,0.0178,0.0143,0.025,0.0016,0.006,0.0221,0.013,0.0129,0.016,0.0114,0.0178,2.9473,Subject01,Cycling,63.49
119,1365,1.5325,0.0014,0.0193,0.7322,0.7796,24.3783,0.0062,0.0091,0.0387,0.0111,0.0045,0.019,0.0147,0.0247,0.0016,0.0056,0.0222,0.012,0.0123,0.0161,0.0124,0.0181,2.9473,Subject01,Cycling,63.49
120,1440,1.3795,0.0024,0.0213,0.6644,0.6914,25.9783,0.0063,0.0089,0.0396,0.0102,0.0052,0.0162,0.0137,0.0226,0.0017,0.0053,0.0208,0.0103,0.0107,0.016,0.0093,0.0149,4.3014,Subject01,Cycling,63.49
121,1455,1.401,0.0024,0.0207,0.6629,0.7151,32.3783,0.0062,0.009,0.0445,0.0119,0.0067,0.019,0.0144,0.0234,0.0023,0.0066,0.0236,0.009,0.0121,0.0173,0.012,0.0152,4.3014,Subject01,Cycling,63.49
122,1470,1.4255,0.0019,0.02,0.6754,0.7282,31.9783,0.0061,0.0101,0.048,0.0127,0.007,0.0187,0.0163,0.0259,0.0024,0.0074,0.0273,0.0108,0.0133,0.0181,0.0135,0.0177,4.3014,Subject01,Cycling,63.49
123,1485,1.4606,0.0019,0.0206,0.6937,0.7443,30.9783,0.0059,0.0098,0.0521,0.0129,0.0064,0.019,0.0168,0.0234,0.0022,0.0075,0.0284,0.0107,0.012,0.0168,0.0145,0.0166,4.3014,Subject01,Cycling,63.49
124,1500,1.4627,0.0015,0.0205,0.6975,0.7432,33.9783,0.0062,0.0096,0.0498,0.0121,0.0074,0.0184,0.0176,0.0236,0.0024,0.0073,0.0296,0.0114,0.0128,0.0175,0.0142,0.0166,4.3014,Subject01,Cycling,63.49
125,1515,1.3868,0.0021,0.0205,0.6732,0.691,31.9783,0.0061,0.0105,0.0481,0.0129,0.0059,0.018,0.0167,0.0243,0.0022,0.0071,0.0266,0.0101,0.012,0.0165,0.0144,0.0156,4.3014,Subject01,Cycling,63.49
126,1530,1.5056,0.0018,0.0242,0.7197,0.76,31.3783,0.0064,0.0102,0.0477,0.0119,0.0063,0.0167,0.0174,0.0263,0.0025,0.0076,0.0293,0.0099,0.0121,0.0161,0.0145,0.0161,4.3014,Subject01,Cycling,63.49
127,1545,1.407,0.0024,0.0207,0.672,0.7119,30.9783,0.0062,0.0103,0.0484,0.0118,0.0069,0.0173,0.016,0.0259,0.0023,0.0077,0.0278,0.0114,0.0125,0.0167,0.0149,0.0189,4.3014,Subject01,Cycling,63.49
128,1560,1.4075,0.003,0.0189,0.6699,0.7158,30.8354,0.0068,0.0102,0.049,0.012,0.0059,0.02,0.0157,0.0231,0.0021,0.0075,0.0289,0.0099,0.0121,0.0171,0.0136,0.0199,4.3014,Subject01,Cycling,63.49
129,1575,1.4403,0.0024,0.0195,0.6864,0.732,30.5783,0.0055,0.0109,0.0496,0.0122,0.0057,0.0213,0.015,0.0295,0.0019,0.0086,0.028,0.0107,0.0114,0.0189,0.0157,0.024,4.3014,Subject01,Cycling,63.49
130,1590,1.499,0.0019,0.0227,0.7132,0.7612,37.3783,0.0059,0.0117,0.05,0.0128,0.0058,0.0186,0.016,0.0264,0.002,0.0077,0.0287,0.0119,0.012,0.0164,0.0144,0.0175,4.3014,Subject01,Cycling,63.49
131,1605,1.4959,0.002,0.0229,0.7109,0.7601,35.7783,0.0059,0.0117,0.0497,0.0127,0.0067,0.0194,0.0166,0.0266,0.0021,0.0081,0.0304,0.0133,0.0128,0.0172,0.0136,0.0165,4.3014,Subject01,Cycling,63.49
132,1620,1.4953,0.0017,0.0227,0.7225,0.7484,36.1449,0.0062,0.0107,0.0517,0.0128,0.0067,0.0177,0.0176,0.0249,0.0022,0.008,0.03,0.0115,0.0128,0.0166,0.0166,0.0193,4.3014,Subject01,Cycling,63.49
133,1635,1.4714,0.0017,0.021,0.7051,0.7436,35.7783,0.0057,0.011,0.0516,0.0131,0.0069,0.0195,0.0184,0.0296,0.0022,0.0079,0.0307,0.0119,0.013,0.017,0.0158,0.0199,4.3014,Subject01,Cycling,63.49
134,1650,1.4868,0.0014,0.0186,0.7136,0.7532,38.1783,0.0058,0.0105,0.0503,0.0123,0.0052,0.0179,0.0158,0.0265,0.0023,0.0078,0.0282,0.0132,0.0123,0.0166,0.0138,0.0175,4.3014,Subject01,Cycling,63.49
135,1665,1.4804,0.0016,0.0225,0.7002,0.7561,38.1449,0.0064,0.0105,0.0505,0.0119,0.0059,0.0172,0.0158,0.0246,0.0022,0.0079,0.0297,0.0139,0.0125,0.0164,0.0145,0.0178,4.3014,Subject01,Cycling,63.49
136,1680,1.4738,0.0017,0.0213,0.694,0.7568,37.9783,0.0066,0.0103,0.0493,0.0121,0.007,0.0165,0.0169,0.0252,0.0023,0.0078,0.0311,0.0116,0.012,0.0168,0.0157,0.0188,4.3014,Subject01,Cycling,63.49
137,1695,1.4787,0.0019,0.0206,0.696,0.7601,39.1783,0.0065,0.0105,0.0495,0.0125,0.0071,0.0178,0.0178,0.0275,0.0023,0.0077,0.0303,0.0109,0.0119,0.0172,0.0159,0.0225,4.3014,Subject01,Cycling,63.49
138,1710,1.4883,0.0017,0.0214,0.7133,0.7519,38.6449,0.0065,0.0099,0.0529,0.0127,0.0063,0.0195,0.0173,0.0304,0.0023,0.0078,0.03,0.0127,0.012,0.0163,0.0161,0.0214,4.3014,Subject01,Cycling,63.49
139,1725,1.4827,0.0016,0.0204,0.7013,0.7594,39.4783,0.0059,0.0102,0.0514,0.0125,0.0067,0.0182,0.0165,0.0242,0.0022,0.0072,0.0299,0.0125,0.0112,0.0172,0.0156,0.0232,4.3014,Subject01,Cycling,63.49
140,360,3.1204,0.0021,0.0385,1.5518,1.528,5.3113,0.0051,0.004,0.0101,0.0189,0.0106,0.0201,0.0155,0.0224,0.0036,0.0061,0.0096,0.0235,0.0103,0.0311,0.0189,0.0272,4.3915,Subject01,Incline,63.49
141,375,3.7002,0.0022,0.0421,1.865,1.7909,25.8113,0.005,0.0048,0.012,0.0196,0.0136,0.02,0.016,0.0225,0.0036,0.007,0.0114,0.022,0.0123,0.0298,0.0172,0.0325,4.3915,Subject01,Incline,63.49
142,390,3.7002,0.002,0.0395,1.8801,1.7784,27.4113,0.0048,0.0045,0.0109,0.0215,0.0127,0.0209,0.0161,0.0214,0.0033,0.0061,0.012,0.0244,0.0132,0.0286,0.0167,0.0281,4.3915,Subject01,Incline,63.49
143,405,3.7553,0.002,0.0379,1.9355,1.7799,27.0113,0.0045,0.0045,0.0112,0.0198,0.0123,0.0202,0.0167,0.0203,0.0032,0.0061,0.0122,0.026,0.0126,0.0291,0.016,0.0245,4.3915,Subject01,Incline,63.49
144,420,3.7167,0.0018,0.038,1.8663,1.8106,28.8113,0.0047,0.0047,0.0105,0.02,0.0121,0.0183,0.015,0.0206,0.0032,0.0054,0.0116,0.0244,0.0118,0.03,0.0163,0.0256,4.3915,Subject01,Incline,63.49
145,435,3.6829,0.002,0.0376,1.8761,1.7672,29.3113,0.0049,0.0047,0.011,0.0184,0.011,0.0196,0.0152,0.0211,0.0031,0.006,0.0116,0.0247,0.012,0.0298,0.0164,0.0273,4.3915,Subject01,Incline,63.49
146,450,3.6364,0.0022,0.0366,1.8694,1.7282,30.0113,0.005,0.0044,0.0108,0.0179,0.0109,0.0179,0.0152,0.0199,0.0032,0.0061,0.0112,0.0209,0.012,0.0285,0.0169,0.0279,4.3915,Subject01,Incline,63.49
147,465,3.602,0.0025,0.037,1.8246,1.7378,28.8113,0.0047,0.0046,0.0109,0.0194,0.0111,0.0179,0.0138,0.0187,0.0033,0.0061,0.0113,0.0195,0.0117,0.0284,0.0167,0.0271,4.3915,Subject01,Incline,63.49
148,480,3.5419,0.0021,0.0373,1.8148,1.6876,27.1447,0.0051,0.0046,0.012,0.0187,0.0113,0.0178,0.0137,0.0176,0.0031,0.0062,0.0114,0.0196,0.0117,0.026,0.0148,0.0234,4.3915,Subject01,Incline,63.49
149,495,3.6915,0.002,0.0351,1.9453,1.709,28.8113,0.0046,0.0048,0.0112,0.0177,0.0098,0.0185,0.0148,0.0185,0.0031,0.0055,0.0116,0.0207,0.012,0.0266,0.015,0.0243,4.3915,Subject01,Incline,63.49
150,510,3.6929,0.0023,0.0365,1.8661,1.7881,31.0113,0.0046,0.0047,0.011,0.0178,0.0107,0.0172,0.0138,0.0174,0.0033,0.0056,0.0108,0.0256,0.0121,0.0274,0.0147,0.0232,4.3915,Subject01,Incline,63.49
151,525,3.6686,0.0019,0.0349,1.911,1.7208,31.8113,0.0044,0.0046,0.0104,0.0188,0.0105,0.0177,0.0141,0.0173,0.0032,0.0052,0.0114,0.0239,0.0137,0.0265,0.0143,0.0231,4.3915,Subject01,Incline,63.49
152,540,3.7067,0.0019,0.0346,1.8377,1.8325,32.0113,0.0045,0.0047,0.0104,0.0203,0.0113,0.0169,0.0131,0.0173,0.003,0.0052,0.0116,0.023,0.0123,0.0261,0.0157,0.0241,4.3915,Subject01,Incline,63.49
153,555,3.7221,0.0021,0.0362,1.9253,1.7586,31.0613,0.0046,0.0045,0.0094,0.0177,0.0101,0.0174,0.0141,0.0174,0.0033,0.0054,0.0111,0.0252,0.0129,0.0255,0.0143,0.0219,4.3915,Subject01,Incline,63.49
154,570,3.7342,0.002,0.0358,1.8565,1.84,31.8113,0.0044,0.0047,0.0115,0.0191,0.0113,0.017,0.0128,0.0184,0.0031,0.0053,0.0106,0.0212,0.012,0.0257,0.0145,0.0223,4.3915,Subject01,Incline,63.49
155,585,3.6559,0.0019,0.0333,1.9423,1.6783,32.2113,0.0044,0.0046,0.0106,0.0183,0.0107,0.0184,0.014,0.0174,0.0031,0.0058,0.0112,0.0221,0.0122,0.0236,0.0138,0.0233,4.3915,Subject01,Incline,63.49
156,600,3.6553,0.0023,0.0384,1.8338,1.7809,33.2113,0.0048,0.0047,0.0114,0.0193,0.0098,0.0169,0.0135,0.0195,0.0032,0.0057,0.0108,0.0217,0.0121,0.0263,0.015,0.0236,4.3915,Subject01,Incline,63.49
157,615,3.7321,0.002,0.0365,1.933,1.7606,30.3113,0.0046,0.0047,0.0101,0.0189,0.0103,0.017,0.0136,0.0159,0.0031,0.0056,0.0102,0.0228,0.0121,0.0249,0.0136,0.0227,4.3915,Subject01,Incline,63.49
158,630,3.7519,0.002,0.0349,1.8579,1.8571,31.5613,0.0044,0.0048,0.0109,0.0198,0.0109,0.0167,0.0138,0.0186,0.0033,0.0054,0.0107,0.0225,0.0125,0.0264,0.0152,0.0234,4.3915,Subject01,Incline,63.49
159,645,3.6903,0.0018,0.0334,1.905,1.7501,29.6447,0.0045,0.0045,0.01,0.0198,0.0111,0.0183,0.0139,0.0181,0.003,0.0055,0.0114,0.0233,0.0135,0.0242,0.0139,0.0251,4.3915,Subject01,Incline,63.49
160,720,1.3945,0.0021,0.0264,0.7043,0.6618,28.0613,0.0043,0.0018,0.005,0.0149,0.0056,0.0164,0.0126,0.0139,0.0031,0.0041,0.0052,0.0181,0.0079,0.0257,0.0137,0.0158,2.1477,Subject01,Incline,63.49
161,735,1.3385,0.0015,0.0191,0.6433,0.6746,20.0113,0.004,0.0018,0.0053,0.0143,0.0052,0.0158,0.0094,0.0131,0.0031,0.003,0.0048,0.0183,0.0071,0.0241,0.0096,0.0119,2.1477,Subject01,Incline,63.49
162,750,1.3429,0.0013,0.0183,0.6696,0.6537,16.0113,0.0039,0.0017,0.0053,0.0138,0.0051,0.0139,0.0083,0.0151,0.003,0.0031,0.0052,0.0201,0.0083,0.0208,0.0091,0.0132,2.1477,Subject01,Incline,63.49
163,765,1.2836,0.0011,0.0172,0.6783,0.587,16.6113,0.0039,0.0016,0.0049,0.0163,0.0059,0.0168,0.0097,0.0119,0.0028,0.0032,0.0046,0.0185,0.0082,0.0218,0.0099,0.0128,2.1477,Subject01,Incline,63.49
164,780,1.3254,0.0014,0.0188,0.6426,0.6626,15.8113,0.0037,0.0019,0.006,0.0163,0.0052,0.0146,0.0079,0.0132,0.0029,0.0035,0.0052,0.0207,0.0084,0.0216,0.0081,0.0109,2.1477,Subject01,Incline,63.49
165,795,1.3177,0.0013,0.0159,0.6945,0.606,18.2113,0.0037,0.0013,0.0031,0.0128,0.0058,0.0168,0.0094,0.0163,0.0026,0.0032,0.0044,0.0199,0.0084,0.0199,0.0094,0.0132,2.1477,Subject01,Incline,63.49
166,810,1.3389,0.0011,0.0164,0.6501,0.6713,20.4113,0.0037,0.0016,0.0048,0.0148,0.0051,0.0143,0.0081,0.0135,0.0028,0.0031,0.0053,0.0177,0.0071,0.0219,0.0109,0.0121,2.1477,Subject01,Incline,63.49
167,825,1.3704,0.0013,0.0174,0.7084,0.6433,21.6113,0.0039,0.0018,0.0059,0.0144,0.0051,0.0148,0.0088,0.0129,0.003,0.0034,0.0061,0.017,0.007,0.0207,0.0099,0.0122,2.1477,Subject01,Incline,63.49
168,840,1.3532,0.0012,0.0162,0.7127,0.6231,23.3113,0.0037,0.0016,0.0048,0.014,0.0052,0.015,0.0093,0.0132,0.0031,0.0033,0.0052,0.0167,0.0075,0.0223,0.0102,0.0154,2.1477,Subject01,Incline,63.49
169,855,1.3301,0.0012,0.016,0.6475,0.6654,20.0113,0.0039,0.0015,0.0044,0.014,0.0058,0.0155,0.011,0.0153,0.0028,0.0035,0.004,0.0192,0.0085,0.0257,0.0129,0.0143,2.1477,Subject01,Incline,63.49
170,870,1.3663,0.0014,0.0186,0.7234,0.623,16.0113,0.0039,0.0012,0.003,0.0117,0.0059,0.0204,0.0131,0.0142,0.0027,0.0031,0.0031,0.0166,0.0096,0.0261,0.0131,0.015,2.1477,Subject01,Incline,63.49
171,885,1.334,0.0014,0.0186,0.6414,0.6725,20.3113,0.0034,0.0012,0.0031,0.0135,0.0055,0.0159,0.0104,0.014,0.0027,0.0024,0.0034,0.017,0.0098,0.0265,0.0123,0.015,2.1477,Subject01,Incline,63.49
172,900,1.3521,0.0015,0.0203,0.7247,0.6056,16.8113,0.0039,0.0015,0.005,0.0142,0.0061,0.0178,0.013,0.0159,0.0027,0.003,0.0037,0.0174,0.0079,0.0239,0.0132,0.0152,2.1477,Subject01,Incline,63.49
173,915,1.2982,0.0011,0.0177,0.6445,0.635,16.8113,0.0034,0.0014,0.0046,0.0145,0.006,0.0164,0.0119,0.0131,0.0029,0.0033,0.0028,0.0186,0.0097,0.0253,0.0123,0.0142,2.1477,Subject01,Incline,63.49
174,930,1.3092,0.0015,0.0205,0.6421,0.6451,16.0613,0.0035,0.0012,0.0034,0.0134,0.0063,0.0167,0.0125,0.015,0.0026,0.0047,0.0034,0.0185,0.01,0.0262,0.0134,0.0143,2.1477,Subject01,Incline,63.49
175,945,1.4078,0.0015,0.0215,0.7151,0.6697,17.0113,0.0038,0.0013,0.004,0.0137,0.0068,0.0165,0.0106,0.0143,0.0027,0.0037,0.0037,0.0176,0.0099,0.0229,0.0116,0.0146,2.1477,Subject01,Incline,63.49
176,960,1.3275,0.0013,0.0175,0.6285,0.6803,17.4113,0.0034,0.0011,0.0032,0.0133,0.006,0.017,0.0107,0.0149,0.0027,0.0028,0.0028,0.0179,0.0102,0.0274,0.0115,0.0137,2.1477,Subject01,Incline,63.49
177,975,1.3476,0.0013,0.016,0.6993,0.631,18.0113,0.0038,0.0012,0.0033,0.0142,0.0058,0.018,0.0107,0.0132,0.0023,0.0029,0.0026,0.0174,0.0108,0.0219,0.0094,0.0128,2.1477,Subject01,Incline,63.49
178,990,1.3756,0.0014,0.0194,0.6593,0.6955,17.0613,0.0036,0.0012,0.0032,0.0154,0.0067,0.0154,0.0098,0.0136,0.0026,0.0028,0.003,0.0191,0.0086,0.0265,0.0112,0.0122,2.1477,Subject01,Incline,63.49
179,1005,1.3265,0.0016,0.02,0.7014,0.6035,16.6113,0.0036,0.0013,0.0042,0.0136,0.0054,0.0167,0.0109,0.0119,0.0027,0.003,0.0038,0.0204,0.0094,0.0237,0.0101,0.0109,2.1477,Subject01,Incline,63.49
180,1080,0.9336,0.0041,0.0512,0.445,0.4333,18.478,0.0039,0.0026,0.0091,0.0083,0.0055,0.0102,0.0081,0.0116,0.0029,0.0034,0.0065,0.0097,0.0065,0.0151,0.0101,0.0107,-0.0283,Subject01,Incline,63.49
181,1095,0.0525,0.001,0.0115,0.0114,0.0286,15.2113,0.0025,0.0042,0.0118,0.009,0.0103,0.0015,0.0035,0.0118,0.0012,0.0059,0.0129,0.0019,0.0032,0.0023,0.0044,0.0133,-0.0283,Subject01,Incline,63.49
182,1110,0.0929,0.0018,0.0182,0.0323,0.0406,9.5613,0.0022,0.002,0.0061,0.006,0.007,0.0031,0.0054,0.0053,0.0018,0.0022,0.0037,0.0025,0.0038,0.0036,0.0056,0.0056,-0.0283,Subject01,Incline,63.49
183,1125,0.0185,0.0005,0.0061,0.0051,0.0067,6.0613,0.0015,0.0021,0.0066,0.0019,0.004,0.0021,0.0035,0.0029,0.0024,0.0026,0.0052,0.0024,0.0042,0.0035,0.0059,0.0016,-0.0283,Subject01,Incline,63.49
184,1140,0.0839,0.0018,0.0195,0.0138,0.0489,5.4113,0.0024,0.002,0.0061,0.0032,0.0043,0.0024,0.0035,0.01,0.0016,0.0018,0.0033,0.0013,0.0025,0.0044,0.0075,0.0023,-0.0283,Subject01,Incline,63.49
185,1155,0.037,0.0008,0.009,0.0146,0.0126,1.5613,0.002,0.0024,0.0081,0.0018,0.0041,0.0043,0.0047,0.0085,0.0015,0.0022,0.0044,0.0015,0.0027,0.0031,0.007,0.0063,-0.0283,Subject01,Incline,63.49
186,1170,0.0463,0.001,0.0118,0.0161,0.0174,-0.6887,0.002,0.0017,0.0037,0.0046,0.0041,0.002,0.0053,0.0054,0.0013,0.0025,0.0055,0.0027,0.0033,0.0044,0.0069,0.0049,-0.0283,Subject01,Incline,63.49
187,1185,0.0695,0.0011,0.0131,0.0256,0.0296,2.0113,0.0021,0.0018,0.0049,0.0029,0.0047,0.0042,0.006,0.0042,0.0012,0.0016,0.0026,0.0011,0.0019,0.0034,0.0045,0.0054,-0.0283,Subject01,Incline,63.49
188,1200,0.0504,0.0006,0.0067,0.0275,0.0155,3.1447,0.0016,0.0016,0.0049,0.002,0.0032,0.0047,0.0037,0.007,0.0014,0.0013,0.0021,0.0027,0.0028,0.0061,0.0091,0.0026,-0.0283,Subject01,Incline,63.49
189,1215,0.0343,0.0004,0.0057,0.0194,0.0089,-0.7887,0.0018,0.0013,0.0034,0.002,0.0029,0.0052,0.0038,0.0056,0.0015,0.0015,0.0027,0.0016,0.0028,0.0037,0.0071,0.0028,-0.0283,Subject01,Incline,63.49
190,1230,0.0217,0.0002,0.0029,0.0071,0.0116,4.478,0.0015,0.0013,0.0032,0.0012,0.0019,0.0027,0.0027,0.0066,0.0011,0.0019,0.005,0.0011,0.0024,0.0042,0.0064,0.0034,-0.0283,Subject01,Incline,63.49
191,1245,0.0443,0.0006,0.0073,0.0146,0.0217,0.8113,0.0014,0.0016,0.0049,0.0013,0.0023,0.003,0.0038,0.0053,0.0013,0.0025,0.0068,0.0018,0.0032,0.0031,0.0068,0.0033,-0.0283,Subject01,Incline,63.49
192,1260,0.0631,0.0009,0.0093,0.0281,0.0249,2.1447,0.0017,0.0021,0.0064,0.0016,0.0031,0.0035,0.006,0.0047,0.0017,0.0029,0.0066,0.0023,0.0045,0.0031,0.0078,0.0055,-0.0283,Subject01,Incline,63.49
193,1275,0.0154,0.0002,0.0026,0.0089,0.0037,2.478,0.0017,0.0015,0.0041,0.0021,0.0035,0.0045,0.005,0.0031,0.0011,0.0013,0.0022,0.001,0.0017,0.0028,0.0048,0.0059,-0.0283,Subject01,Incline,63.49
194,1290,0.0153,0.0002,0.0022,0.0052,0.0076,0.0613,0.0015,0.0012,0.0028,0.0016,0.0024,0.0045,0.0041,0.0062,0.001,0.0015,0.0033,0.001,0.0016,0.0029,0.0063,0.0023,-0.0283,Subject01,Incline,63.49
195,1305,0.0112,0.0002,0.0023,0.0037,0.0051,0.1447,0.0014,0.0013,0.0033,0.0019,0.0029,0.0034,0.0039,0.0048,0.001,0.0015,0.0039,0.0011,0.0021,0.005,0.0059,0.0011,-0.0283,Subject01,Incline,63.49
196,1320,0.0222,0.0002,0.0027,0.0151,0.0042,0.0113,0.0013,0.001,0.0021,0.0009,0.0012,0.0015,0.0023,0.0112,0.001,0.0014,0.0031,0.0012,0.0024,0.0061,0.0069,0.0028,-0.0283,Subject01,Incline,63.49
197,1335,0.0073,0.0001,0.0021,0.0031,0.0019,-1.1887,0.0011,0.0009,0.0012,0.0008,0.0009,0.001,0.001,0.0112,0.0009,0.0028,0.0082,0.0009,0.0022,0.0057,0.0069,0.0012,-0.0283,Subject01,Incline,63.49
198,1350,0.0176,0.0001,0.0023,0.0061,0.009,4.3113,0.0013,0.0012,0.0028,0.001,0.0015,0.0017,0.002,0.0096,0.001,0.0023,0.0064,0.0009,0.0019,0.0045,0.0057,0.0013,-0.0283,Subject01,Incline,63.49
199,1365,0.0078,0.0001,0.0022,0.0036,0.0018,2.0113,0.0015,0.0011,0.0023,0.0018,0.0028,0.0044,0.006,0.0011,0.0009,0.0008,0.001,0.0009,0.0013,0.0011,0.0013,0.0014,-0.0283,Subject01,Incline,63.49
200,1440,0.8442,0.0025,0.024,0.4237,0.394,12.4113,0.004,0.003,0.0115,0.0144,0.0084,0.0193,0.0112,0.0134,0.0038,0.0053,0.0102,0.0218,0.0093,0.0324,0.0126,0.0124,3.406,Subject01,Incline,63.49
201,1455,1.0054,0.0023,0.0225,0.5119,0.4686,23.0613,0.0042,0.0041,0.0155,0.0155,0.0089,0.0192,0.0094,0.015,0.0038,0.0063,0.0123,0.0202,0.0104,0.0304,0.0124,0.0152,3.406,Subject01,Incline,63.49
202,1470,1.0471,0.0026,0.0233,0.5347,0.4865,27.8113,0.0041,0.0036,0.0145,0.0169,0.0086,0.0183,0.0105,0.0159,0.004,0.0067,0.0126,0.0217,0.0119,0.0314,0.0129,0.0184,3.406,Subject01,Incline,63.49
203,1485,1.0263,0.0017,0.0188,0.5123,0.4935,32.4113,0.0042,0.0035,0.0148,0.017,0.0086,0.018,0.0103,0.0145,0.0038,0.006,0.0115,0.0224,0.011,0.0324,0.0132,0.0155,3.406,Subject01,Incline,63.49
204,1500,1.0239,0.0018,0.019,0.5158,0.4874,32.8113,0.0039,0.0036,0.0154,0.0158,0.0087,0.0177,0.0104,0.0155,0.0036,0.0067,0.0113,0.0221,0.0115,0.0294,0.0136,0.015,3.406,Subject01,Incline,63.49
205,1515,1.0205,0.0016,0.0182,0.5229,0.4778,33.8113,0.0038,0.0039,0.0163,0.0167,0.0083,0.0166,0.0102,0.0124,0.0038,0.0062,0.0111,0.0211,0.0114,0.0283,0.0122,0.0143,3.406,Subject01,Incline,63.49
206,1530,1.009,0.0015,0.0173,0.5238,0.4664,30.6113,0.0039,0.0035,0.0155,0.0156,0.0085,0.0179,0.0104,0.0125,0.0035,0.0062,0.0106,0.0229,0.0109,0.0256,0.0117,0.0129,3.406,Subject01,Incline,63.49
207,1545,0.9749,0.0014,0.0177,0.5061,0.4498,29.0113,0.0039,0.0031,0.0128,0.0163,0.0082,0.0193,0.0108,0.0141,0.0036,0.006,0.0103,0.0263,0.0111,0.0253,0.01,0.0141,3.406,Subject01,Incline,63.49
208,1560,0.9733,0.0018,0.0209,0.4706,0.48,28.0113,0.004,0.0028,0.011,0.0172,0.0094,0.018,0.0107,0.0156,0.0037,0.0052,0.0097,0.0257,0.0125,0.0313,0.0137,0.0171,3.406,Subject01,Incline,63.49
209,1575,0.9376,0.0017,0.0194,0.4762,0.4403,29.478,0.0041,0.0031,0.013,0.0171,0.011,0.0173,0.0106,0.0152,0.0037,0.0053,0.009,0.0257,0.0113,0.0285,0.014,0.0164,3.406,Subject01,Incline,63.49
210,1590,0.9464,0.0016,0.0185,0.4708,0.4555,31.8113,0.0038,0.003,0.0125,0.0156,0.0085,0.0172,0.0098,0.0154,0.0038,0.0053,0.0098,0.025,0.0134,0.0289,0.0144,0.0173,3.406,Subject01,Incline,63.49
211,1605,0.9845,0.0019,0.0199,0.5016,0.4611,30.478,0.0042,0.0027,0.0113,0.0165,0.009,0.0176,0.0118,0.0185,0.0035,0.0045,0.0086,0.028,0.0131,0.0298,0.0139,0.0154,3.406,Subject01,Incline,63.49
212,1620,1.0341,0.002,0.0203,0.5608,0.451,29.0113,0.0043,0.003,0.0122,0.0122,0.0081,0.0168,0.0113,0.0183,0.0039,0.0052,0.0102,0.0266,0.0119,0.0305,0.0149,0.0169,3.406,Subject01,Incline,63.49
213,1635,0.9776,0.0015,0.0194,0.4945,0.4621,28.978,0.0041,0.0029,0.0114,0.0158,0.0088,0.0175,0.0123,0.0152,0.0038,0.0051,0.0095,0.0244,0.0116,0.0298,0.0144,0.0167,3.406,Subject01,Incline,63.49
214,1650,1.0118,0.0019,0.0205,0.51,0.4793,29.6113,0.0042,0.0027,0.0105,0.017,0.0098,0.0178,0.0116,0.0157,0.0037,0.0047,0.0088,0.0279,0.012,0.0299,0.0133,0.0162,3.406,Subject01,Incline,63.49
215,1665,1.0479,0.0017,0.0195,0.5304,0.4963,28.4113,0.0038,0.0031,0.0124,0.0155,0.0088,0.0169,0.0101,0.0198,0.0034,0.0056,0.01,0.027,0.0123,0.0253,0.0116,0.0137,3.406,Subject01,Incline,63.49
216,1680,0.9935,0.0013,0.0171,0.4762,0.499,28.0113,0.0039,0.0031,0.0128,0.0147,0.0084,0.015,0.0096,0.0206,0.0035,0.005,0.0092,0.0239,0.013,0.029,0.0137,0.0145,3.406,Subject01,Incline,63.49
217,1695,1.0456,0.0013,0.0167,0.5226,0.5049,30.6113,0.004,0.0034,0.013,0.015,0.0089,0.015,0.0098,0.0224,0.0036,0.0058,0.0105,0.0234,0.0123,0.028,0.0128,0.0174,3.406,Subject01,Incline,63.49
218,1710,1.1085,0.0021,0.0215,0.6044,0.4805,29.0613,0.0043,0.0031,0.0127,0.0157,0.0087,0.0172,0.0113,0.0152,0.0039,0.0059,0.0114,0.0272,0.0114,0.0257,0.0139,0.0177,3.406,Subject01,Incline,63.49
219,1725,1.0626,0.0019,0.0193,0.5295,0.5119,31.2113,0.0042,0.0031,0.0132,0.0153,0.0086,0.0155,0.0101,0.0165,0.0041,0.0053,0.0104,0.0212,0.0109,0.0286,0.013,0.0198,3.406,Subject01,Incline,63.49
220,1800,2.6325,0.0026,0.0364,1.2947,1.2988,33.3113,0.0051,0.0052,0.018,0.0215,0.016,0.0228,0.0178,0.0278,0.0044,0.0089,0.015,0.0311,0.021,0.0376,0.0233,0.0272,7.3179,Subject01,Incline,63.49
221,1815,2.7842,0.0029,0.0357,1.3923,1.3533,46.4113,0.0053,0.0053,0.0177,0.0209,0.0151,0.0239,0.0193,0.0247,0.0047,0.0084,0.0146,0.0323,0.0226,0.0378,0.0225,0.027,7.3179,Subject01,Incline,63.49
222,1830,2.8347,0.0025,0.0373,1.4551,1.3399,53.6113,0.0052,0.0057,0.0184,0.0211,0.0159,0.0247,0.0182,0.0238,0.0041,0.0083,0.0146,0.0314,0.0206,0.0346,0.0193,0.0251,7.3179,Subject01,Incline,63.49
223,1845,2.9034,0.0025,0.0378,1.4645,1.3987,56.2113,0.0051,0.0055,0.0186,0.0223,0.0157,0.0241,0.0181,0.0267,0.0046,0.0078,0.014,0.0324,0.0203,0.0365,0.0199,0.0245,7.3179,Subject01,Incline,63.49
224,1860,2.8614,0.0026,0.037,1.4456,1.3763,57.478,0.005,0.0055,0.0183,0.0212,0.0154,0.0248,0.0176,0.0258,0.0045,0.008,0.0136,0.0314,0.019,0.0357,0.0197,0.0269,7.3179,Subject01,Incline,63.49
225,1875,2.8359,0.0025,0.0357,1.4049,1.3928,61.1447,0.0049,0.0057,0.0188,0.022,0.0151,0.023,0.0169,0.0253,0.0042,0.0079,0.0141,0.0296,0.0204,0.0363,0.0208,0.0248,7.3179,Subject01,Incline,63.49
226,1890,2.8814,0.0028,0.0369,1.45,1.3916,62.2113,0.0051,0.0056,0.0185,0.0212,0.0159,0.0237,0.0186,0.0241,0.0045,0.0081,0.0136,0.03,0.0186,0.0346,0.0211,0.0243,7.3179,Subject01,Incline,63.49
227,1905,2.8659,0.0029,0.039,1.45,1.374,61.478,0.0053,0.0051,0.0166,0.0219,0.015,0.0237,0.0169,0.0235,0.0045,0.0078,0.0137,0.0326,0.0199,0.0378,0.0212,0.0262,7.3179,Subject01,Incline,63.49
228,1920,2.8154,0.0025,0.0378,1.4169,1.3581,62.6447,0.0053,0.0055,0.018,0.0214,0.0156,0.0222,0.0167,0.0219,0.0044,0.008,0.0141,0.0309,0.0205,0.0342,0.0214,0.0253,7.3179,Subject01,Incline,63.49
229,1935,2.8524,0.0029,0.0388,1.4494,1.3614,63.097,0.0051,0.0054,0.0173,0.0199,0.0153,0.0255,0.0181,0.0219,0.0044,0.0079,0.0136,0.0316,0.0193,0.0346,0.0201,0.0227,7.3179,Subject01,Incline,63.49
230,1950,2.8615,0.0028,0.0402,1.4196,1.3989,64.8113,0.005,0.0054,0.0165,0.0203,0.0143,0.0228,0.0173,0.0227,0.0044,0.0075,0.0133,0.0308,0.0202,0.0358,0.0206,0.0229,7.3179,Subject01,Incline,63.49
231,1965,2.8594,0.0026,0.0385,1.3955,1.4227,65.978,0.0052,0.0055,0.0158,0.0209,0.015,0.0225,0.0152,0.023,0.0042,0.0074,0.0128,0.0298,0.0198,0.0341,0.0191,0.0244,7.3179,Subject01,Incline,63.49
232,1980,2.7818,0.003,0.04,1.3838,1.355,64.1447,0.0051,0.0055,0.0179,0.0185,0.0127,0.0228,0.0173,0.026,0.0045,0.0082,0.0154,0.0295,0.0195,0.0346,0.021,0.0272,7.3179,Subject01,Incline,63.49
233,1995,2.8473,0.0028,0.0376,1.4044,1.4026,62.6113,0.005,0.006,0.0186,0.0209,0.0144,0.0233,0.0165,0.0229,0.0044,0.0079,0.0137,0.0294,0.0183,0.0355,0.0213,0.0223,7.3179,Subject01,Incline,63.49
234,2010,2.8601,0.0033,0.042,1.4403,1.3745,66.478,0.0052,0.0057,0.0158,0.0198,0.0134,0.0242,0.0168,0.0231,0.0045,0.0075,0.014,0.0283,0.0187,0.0337,0.0204,0.0227,7.3179,Subject01,Incline,63.49
235,2025,2.8873,0.0032,0.0401,1.4256,1.4184,67.8113,0.0054,0.0055,0.017,0.0225,0.0141,0.0226,0.0166,0.021,0.0045,0.007,0.0137,0.0304,0.0178,0.0374,0.0214,0.0221,7.3179,Subject01,Incline,63.49
236,2040,2.8927,0.0031,0.0404,1.4986,1.3506,69.8113,0.0052,0.0055,0.0159,0.0209,0.0139,0.023,0.0164,0.0205,0.0045,0.0075,0.0136,0.0311,0.0187,0.0336,0.0194,0.023,7.3179,Subject01,Incline,63.49
237,2055,2.8422,0.0032,0.0398,1.4022,1.397,69.3113,0.0054,0.0056,0.0178,0.022,0.015,0.0237,0.0168,0.0216,0.0042,0.0075,0.0127,0.0291,0.0184,0.034,0.0208,0.0243,7.3179,Subject01,Incline,63.49
238,2070,2.7631,0.0032,0.0427,1.3714,1.3458,68.0113,0.0055,0.0057,0.0185,0.021,0.0141,0.0233,0.0177,0.0226,0.0047,0.0079,0.0142,0.0294,0.0183,0.0373,0.024,0.0226,7.3179,Subject01,Incline,63.49
239,2085,2.776,0.0031,0.0428,1.4132,1.317,64.8113,0.0054,0.0053,0.0171,0.0203,0.0134,0.0244,0.0178,0.021,0.0047,0.008,0.0145,0.028,0.0184,0.0347,0.0216,0.0223,7.3179,Subject01,Incline,63.49
240,360,3.5246,0.0019,0.0727,1.6889,1.7612,12.7163,0.0031,0.0038,0.0102,0.0048,0.0081,0.018,0.0137,0.018,0.0025,0.0035,0.0062,0.0194,0.0055,0.0151,0.0134,0.0184,2.1805,Subject01,Running,63.49
241,375,4.0728,0.0019,0.0768,2.0031,1.991,22.7163,0.0031,0.0046,0.0115,0.0052,0.0095,0.017,0.0143,0.02,0.0025,0.0041,0.0066,0.0195,0.0059,0.0157,0.0153,0.0198,2.1805,Subject01,Running,63.49
242,390,4.0743,0.0018,0.0789,2.0142,1.9793,14.383,0.003,0.0048,0.0111,0.0052,0.0099,0.0155,0.0138,0.0195,0.0024,0.0044,0.0067,0.0182,0.0061,0.0141,0.0139,0.018,2.1805,Subject01,Running,63.49
243,405,4.1397,0.0019,0.0761,2.0195,2.0422,17.133,0.0029,0.0048,0.0103,0.0051,0.0097,0.0154,0.0134,0.0184,0.0023,0.0041,0.0066,0.0196,0.0063,0.0135,0.0141,0.0191,2.1805,Subject01,Running,63.49
244,420,4.1851,0.0018,0.0771,2.0467,2.0595,17.583,0.0027,0.0049,0.0109,0.005,0.009,0.0141,0.0131,0.0186,0.0023,0.0043,0.0063,0.0204,0.0061,0.0122,0.0132,0.0178,2.1805,Subject01,Running,63.49
245,435,4.1156,0.0016,0.0729,2.0254,2.0158,20.133,0.0028,0.005,0.0107,0.0051,0.0088,0.0146,0.0135,0.0199,0.0022,0.0041,0.0063,0.0225,0.0062,0.0126,0.0135,0.0176,2.1805,Subject01,Running,63.49
246,450,4.1362,0.0017,0.0759,2.0072,2.0515,15.983,0.0027,0.0049,0.0109,0.0051,0.0085,0.014,0.0133,0.0189,0.0022,0.004,0.006,0.0181,0.0056,0.0117,0.0131,0.0172,2.1805,Subject01,Running,63.49
247,465,4.1261,0.0017,0.0744,2.0105,2.0395,17.133,0.0027,0.0048,0.0104,0.0049,0.0086,0.0149,0.0137,0.0186,0.0022,0.004,0.0061,0.0203,0.0059,0.0119,0.0133,0.0171,2.1805,Subject01,Running,63.49
248,480,4.0707,0.0015,0.0719,1.9516,2.0456,15.783,0.0026,0.0047,0.0102,0.0049,0.008,0.0143,0.0133,0.0183,0.0023,0.0041,0.0061,0.018,0.0055,0.012,0.0121,0.0172,2.1805,Subject01,Running,63.49
249,495,4.1195,0.0015,0.0732,1.9991,2.0456,14.983,0.0027,0.0046,0.0101,0.0049,0.0081,0.0141,0.0134,0.0179,0.0022,0.0036,0.006,0.0188,0.0054,0.0115,0.0128,0.0176,2.1805,Subject01,Running,63.49
250,510,4.1284,0.0015,0.0728,2.0144,2.0396,13.133,0.0026,0.0047,0.011,0.005,0.0083,0.0148,0.0138,0.0192,0.0023,0.004,0.0063,0.0209,0.0054,0.0113,0.0132,0.0173,2.1805,Subject01,Running,63.49
251,525,4.0435,0.0016,0.0691,1.9703,2.0025,14.383,0.0028,0.0048,0.0105,0.005,0.0083,0.0143,0.0134,0.017,0.0024,0.0043,0.0066,0.0178,0.0055,0.0129,0.0138,0.0188,2.1805,Subject01,Running,63.49
252,540,4.06,0.0016,0.0715,1.9954,1.9915,13.633,0.0027,0.0047,0.0104,0.0051,0.0084,0.0144,0.0123,0.0179,0.0023,0.0039,0.0061,0.0179,0.0054,0.0115,0.012,0.0172,2.1805,Subject01,Running,63.49
253,555,4.1021,0.0014,0.0715,2.0052,2.024,14.133,0.0028,0.0047,0.0116,0.0048,0.0088,0.0144,0.0134,0.0188,0.0023,0.0041,0.0065,0.0213,0.0057,0.0122,0.0141,0.0188,2.1805,Subject01,Running,63.49
254,570,4.0833,0.0015,0.0728,1.997,2.0119,12.133,0.0027,0.0046,0.0105,0.0048,0.0089,0.0146,0.0142,0.0184,0.0023,0.0041,0.0066,0.0201,0.0061,0.0125,0.0154,0.0189,2.1805,Subject01,Running,63.49
255,585,4.1695,0.0015,0.0716,2.0109,2.0854,13.983,0.0026,0.0049,0.0102,0.0048,0.0089,0.0136,0.0126,0.018,0.0023,0.0041,0.0064,0.0193,0.0055,0.0111,0.0114,0.0162,2.1805,Subject01,Running,63.49
256,600,4.1256,0.0016,0.0732,2.0038,2.047,15.983,0.0027,0.0049,0.0105,0.0047,0.0082,0.0129,0.0127,0.0171,0.0022,0.0041,0.0064,0.0163,0.0053,0.0118,0.0126,0.0173,2.1805,Subject01,Running,63.49
257,615,4.1073,0.0016,0.0733,2.0028,2.0296,15.383,0.0027,0.0046,0.0105,0.0047,0.0083,0.0135,0.0123,0.017,0.0023,0.004,0.0063,0.0168,0.0052,0.0115,0.0119,0.0168,2.1805,Subject01,Running,63.49
258,630,4.1685,0.0016,0.0704,2.019,2.0775,16.633,0.0027,0.0047,0.0112,0.005,0.0086,0.0142,0.0135,0.0189,0.0023,0.0041,0.0061,0.0204,0.0053,0.0115,0.0137,0.018,2.1805,Subject01,Running,63.49
259,645,4.0999,0.0016,0.074,1.9873,2.037,16.583,0.0027,0.0045,0.0103,0.0051,0.0076,0.0139,0.0129,0.0177,0.0024,0.004,0.0062,0.017,0.0055,0.0114,0.0124,0.0171,2.1805,Subject01,Running,63.49
260,720,6.5897,0.0084,0.2469,3.0915,3.243,15.2163,0.0053,0.011,0.0229,0.014,0.0208,0.0305,0.0242,0.0411,0.0047,0.0101,0.0193,0.0295,0.0136,0.0251,0.0235,0.0335,7.4136,Subject01,Running,63.49
261,735,7.9408,0.0122,0.3405,3.6965,3.8917,32.883,0.0096,0.0134,0.0299,0.0182,0.0243,0.0383,0.0285,0.0501,0.0059,0.0113,0.0223,0.0272,0.0162,0.0301,0.0255,0.0374,7.4136,Subject01,Running,63.49
262,750,8.086,0.0136,0.3511,3.7911,3.9303,38.583,0.0091,0.0141,0.0288,0.0184,0.0259,0.0364,0.0277,0.0497,0.0058,0.0116,0.0224,0.0273,0.0177,0.0297,0.0249,0.0364,7.4136,Subject01,Running,63.49
263,765,7.9612,0.0122,0.3619,3.6609,3.9262,45.133,0.0079,0.0134,0.027,0.0175,0.0263,0.0361,0.0275,0.0495,0.0066,0.0109,0.0202,0.026,0.0172,0.03,0.0261,0.0376,7.4136,Subject01,Running,63.49
264,780,8.0552,0.0128,0.3722,3.7657,3.9045,51.0496,0.007,0.0137,0.0269,0.0177,0.0268,0.0342,0.0266,0.0476,0.0063,0.0101,0.0191,0.0257,0.0165,0.0288,0.0249,0.0351,7.4136,Subject01,Running,63.49
265,795,8.0991,0.014,0.3657,3.6686,4.0509,53.383,0.0067,0.0136,0.0264,0.0172,0.0256,0.0339,0.027,0.0455,0.007,0.0105,0.0202,0.0279,0.0176,0.0281,0.0231,0.0345,7.4136,Subject01,Running,63.49
266,810,8.0269,0.0137,0.3645,3.724,3.9248,53.2163,0.0059,0.0135,0.0263,0.0176,0.0279,0.0329,0.0275,0.0471,0.0065,0.0101,0.0188,0.0249,0.0168,0.0284,0.0244,0.0341,7.4136,Subject01,Running,63.49
267,825,7.9239,0.0131,0.3651,3.6187,3.9271,54.383,0.0051,0.0125,0.0245,0.0174,0.0267,0.0328,0.0267,0.045,0.0072,0.0097,0.0189,0.0254,0.0175,0.028,0.025,0.0339,7.4136,Subject01,Running,63.49
268,840,7.9193,0.0132,0.3546,3.6596,3.8919,56.5496,0.005,0.0123,0.0248,0.0176,0.028,0.0315,0.0279,0.0461,0.0072,0.0098,0.0176,0.0264,0.0175,0.0268,0.0233,0.0325,7.4136,Subject01,Running,63.49
269,855,8.0328,0.0146,0.3504,3.6439,4.0239,55.0496,0.0053,0.0129,0.0257,0.017,0.0263,0.032,0.0279,0.0489,0.0069,0.01,0.0186,0.0268,0.0175,0.0285,0.024,0.033,7.4136,Subject01,Running,63.49
270,870,8.0619,0.0136,0.3647,3.724,3.9596,54.383,0.0051,0.0134,0.0244,0.017,0.0264,0.032,0.027,0.0453,0.0062,0.0092,0.0177,0.0251,0.0178,0.0278,0.0235,0.0329,7.4136,Subject01,Running,63.49
271,885,8.0024,0.0148,0.3491,3.7455,3.893,52.0496,0.005,0.0144,0.0263,0.0175,0.0277,0.0328,0.0257,0.0458,0.0063,0.0096,0.0185,0.0259,0.0175,0.0285,0.0237,0.0334,7.4136,Subject01,Running,63.49
272,900,8.1547,0.0157,0.3587,3.7563,4.024,54.7163,0.0046,0.0145,0.0269,0.0166,0.0288,0.0302,0.0248,0.0438,0.0071,0.0104,0.0192,0.026,0.0166,0.0283,0.0249,0.0331,7.4136,Subject01,Running,63.49
273,915,8.1981,0.0155,0.3512,3.7648,4.0665,57.8116,0.0044,0.0136,0.0264,0.0164,0.0267,0.0324,0.0267,0.0437,0.0074,0.0105,0.0194,0.0284,0.0166,0.0279,0.0232,0.034,7.4136,Subject01,Running,63.49
274,930,8.117,0.016,0.35,3.7836,3.9674,58.7163,0.0044,0.0135,0.0267,0.0163,0.029,0.0318,0.0254,0.0455,0.0069,0.01,0.0185,0.0269,0.0173,0.0277,0.0238,0.0318,7.4136,Subject01,Running,63.49
275,945,8.0497,0.0146,0.3759,3.7279,3.9313,58.7163,0.0039,0.0132,0.0247,0.0168,0.0291,0.0303,0.0248,0.0439,0.0068,0.0095,0.018,0.0262,0.0163,0.0277,0.0232,0.0324,7.4136,Subject01,Running,63.49
276,960,8.118,0.0144,0.38,3.7489,3.9747,57.0496,0.0042,0.0135,0.0247,0.0159,0.0281,0.0308,0.0252,0.0435,0.0062,0.0094,0.017,0.0264,0.0168,0.0283,0.0233,0.033,7.4136,Subject01,Running,63.49
277,975,8.1159,0.0152,0.382,3.7363,3.9824,57.8116,0.0044,0.0135,0.0244,0.0167,0.028,0.0295,0.0256,0.0437,0.006,0.0096,0.0175,0.0256,0.0158,0.0279,0.023,0.0319,7.4136,Subject01,Running,63.49
278,990,8.0815,0.0156,0.3919,3.7267,3.9472,54.2163,0.0041,0.0127,0.024,0.0168,0.0295,0.0291,0.025,0.0437,0.006,0.0093,0.0175,0.0252,0.0162,0.0274,0.0248,0.0317,7.4136,Subject01,Running,63.49
279,1005,8.0823,0.0147,0.3947,3.7451,3.9279,50.883,0.0043,0.013,0.0247,0.0175,0.0284,0.0302,0.0246,0.0452,0.0058,0.009,0.0165,0.0264,0.0146,0.0261,0.0237,0.0332,7.4136,Subject01,Running,63.49
280,1080,10.8889,0.0217,0.4865,4.9771,5.4036,65.0496,0.006,0.0162,0.0287,0.019,0.037,0.0307,0.0267,0.0421,0.0077,0.0112,0.0203,0.0345,0.0184,0.0281,0.024,0.0361,9.487,Subject01,Running,63.49
281,1095,10.9001,0.0226,0.4859,4.8857,5.5059,67.883,0.0052,0.0151,0.0269,0.0185,0.0391,0.0305,0.0258,0.04,0.0082,0.0121,0.0195,0.0327,0.0196,0.029,0.0255,0.0352,9.487,Subject01,Running,63.49
282,1110,10.8197,0.0217,0.5149,4.9724,5.3108,73.8116,0.0054,0.0159,0.0282,0.019,0.0386,0.0312,0.0255,0.0408,0.0079,0.0114,0.0194,0.0308,0.0189,0.027,0.0227,0.0351,9.487,Subject01,Running,63.49
283,1125,10.9275,0.0229,0.5207,5.0024,5.3814,74.0496,0.0052,0.016,0.0283,0.0188,0.0384,0.0291,0.0246,0.0402,0.0076,0.0113,0.0199,0.0305,0.0182,0.0264,0.0234,0.0337,9.487,Subject01,Running,63.49
284,1140,10.7721,0.0239,0.4975,4.9064,5.3444,76.9544,0.0052,0.0152,0.0263,0.0192,0.0368,0.0297,0.0257,0.0415,0.0059,0.0109,0.0191,0.0339,0.0194,0.0276,0.0247,0.0338,9.487,Subject01,Running,63.49
285,1155,10.6718,0.0227,0.5035,4.8719,5.2737,78.9544,0.005,0.0158,0.0267,0.0191,0.0375,0.0297,0.0251,0.0402,0.0058,0.0109,0.019,0.031,0.0185,0.0262,0.0242,0.0332,9.487,Subject01,Running,63.49
286,1170,10.5405,0.0237,0.4734,4.8779,5.1655,79.6687,0.0052,0.0156,0.0279,0.0188,0.034,0.0306,0.0266,0.0432,0.0052,0.0108,0.0192,0.0307,0.0193,0.0262,0.024,0.0329,9.487,Subject01,Running,63.49
287,1185,10.938,0.0244,0.4969,5.0593,5.3574,78.7163,0.0052,0.0159,0.0266,0.0185,0.0362,0.0294,0.0255,0.0408,0.0059,0.0115,0.019,0.0301,0.0187,0.0254,0.0232,0.0333,9.487,Subject01,Running,63.49
288,1200,10.9413,0.0253,0.4886,5.0448,5.3826,77.6687,0.0052,0.0161,0.027,0.019,0.0382,0.0303,0.0258,0.0407,0.0054,0.0114,0.0185,0.0335,0.0191,0.0267,0.0237,0.032,9.487,Subject01,Running,63.49
289,1215,10.7504,0.0235,0.5118,4.8781,5.3369,78.9544,0.0047,0.0155,0.0256,0.0174,0.0353,0.028,0.0257,0.0407,0.0053,0.0112,0.0181,0.0303,0.0183,0.0264,0.0232,0.0319,9.487,Subject01,Running,63.49
290,1230,10.6489,0.023,0.5135,4.8818,5.2306,82.5258,0.0046,0.0158,0.0269,0.0174,0.0343,0.03,0.0256,0.04,0.0056,0.0106,0.0178,0.0296,0.0179,0.0255,0.0236,0.0321,9.487,Subject01,Running,63.49
291,1245,10.6463,0.0258,0.516,4.906,5.1984,81.0973,0.0052,0.016,0.026,0.0173,0.0335,0.0287,0.0258,0.0398,0.0056,0.0111,0.0186,0.0291,0.0186,0.0264,0.0232,0.0334,9.487,Subject01,Running,63.49
292,1260,10.9142,0.0267,0.5164,5.0021,5.3691,81.5258,0.0049,0.0155,0.0265,0.0171,0.0347,0.0291,0.0254,0.0393,0.0056,0.0115,0.0186,0.0303,0.0177,0.0254,0.0229,0.0339,9.487,Subject01,Running,63.49
293,1275,10.5543,0.0251,0.4956,4.864,5.1697,86.133,0.0049,0.015,0.0275,0.0166,0.0334,0.0283,0.0255,0.0396,0.005,0.011,0.0178,0.0286,0.018,0.0248,0.0233,0.0342,9.487,Subject01,Running,63.49
294,1290,10.4163,0.0257,0.4864,4.8505,5.0537,87.5496,0.0055,0.0147,0.0272,0.0164,0.0323,0.0292,0.0257,0.0412,0.0048,0.0108,0.0178,0.0285,0.0184,0.0259,0.0232,0.0339,9.487,Subject01,Running,63.49
295,1305,10.5375,0.0273,0.4971,4.8746,5.1385,86.383,0.0059,0.0145,0.0265,0.0173,0.0346,0.0305,0.0252,0.0399,0.0049,0.011,0.0179,0.0301,0.0183,0.0264,0.0232,0.0332,9.487,Subject01,Running,63.49
296,1320,10.6604,0.0276,0.5342,4.8867,5.212,86.758,0.0054,0.0139,0.0248,0.0168,0.0343,0.0286,0.0246,0.0385,0.0052,0.011,0.0169,0.0303,0.0181,0.0255,0.0224,0.0327,9.487,Subject01,Running,63.49
297,1335,10.6139,0.0235,0.5027,4.8275,5.2603,87.8116,0.0051,0.0152,0.0261,0.017,0.0342,0.0286,0.0248,0.0389,0.0048,0.0109,0.0177,0.03,0.0177,0.0255,0.0225,0.0326,9.487,Subject01,Running,63.49
298,1350,10.6576,0.0263,0.5181,4.863,5.2501,88.133,0.006,0.0143,0.0257,0.016,0.0341,0.0284,0.0244,0.0396,0.005,0.0111,0.0179,0.0303,0.0171,0.0264,0.0218,0.0315,9.487,Subject01,Running,63.49
299,1365,10.7973,0.025,0.5027,5.0073,5.2623,87.383,0.0062,0.0151,0.0264,0.0168,0.0325,0.0287,0.0243,0.039,0.0049,0.0113,0.0178,0.0312,0.0167,0.0246,0.0228,0.0322,9.487,Subject01,Running,63.49
300,360,2.4568,0.0018,0.0348,1.2207,1.1995,2.7667,0.0047,0.0026,0.0074,0.0109,0.0043,0.015,0.0097,0.0131,0.0026,0.004,0.0055,0.0126,0.005,0.0222,0.0114,0.019,1.8304,Subject01,Walking,63.49
301,375,2.7429,0.0016,0.0355,1.3596,1.3462,12.4,0.0047,0.0032,0.009,0.0085,0.0047,0.015,0.0102,0.0152,0.0028,0.0037,0.0062,0.0132,0.0051,0.0212,0.0124,0.0195,1.8304,Subject01,Walking,63.49
302,390,2.7486,0.0016,0.0353,1.3763,1.3354,11.8,0.0044,0.0031,0.0086,0.0084,0.0047,0.0142,0.0099,0.0154,0.0027,0.0035,0.0063,0.0123,0.005,0.0203,0.011,0.0183,1.8304,Subject01,Walking,63.49
303,405,2.825,0.0014,0.0337,1.4021,1.3878,13.1,0.0041,0.003,0.0085,0.0079,0.0043,0.0137,0.0094,0.0128,0.0025,0.0036,0.006,0.012,0.0047,0.0187,0.0112,0.0181,1.8304,Subject01,Walking,63.49
304,420,2.8247,0.0015,0.0355,1.4138,1.3739,13.6,0.0039,0.0031,0.0086,0.0073,0.0045,0.0136,0.0098,0.0151,0.0024,0.0039,0.0061,0.0131,0.0047,0.0182,0.0119,0.0194,1.8304,Subject01,Walking,63.49
305,435,2.793,0.0016,0.0382,1.37,1.3832,8.1,0.0038,0.003,0.0084,0.0079,0.0046,0.014,0.0097,0.0142,0.0024,0.0036,0.0059,0.0137,0.0049,0.0173,0.0109,0.0176,1.8304,Subject01,Walking,63.49
306,450,2.7968,0.0014,0.0346,1.3886,1.3723,7.4,0.0039,0.003,0.008,0.0077,0.0047,0.013,0.0091,0.0125,0.0024,0.0035,0.0057,0.014,0.0049,0.0176,0.0105,0.0165,1.8304,Subject01,Walking,63.49
307,465,2.8415,0.0017,0.0348,1.439,1.3659,6.8,0.0038,0.0029,0.0082,0.0083,0.0046,0.0124,0.0093,0.0117,0.0026,0.0038,0.0058,0.0126,0.0046,0.0169,0.0112,0.018,1.8304,Subject01,Walking,63.49
308,480,2.8054,0.0015,0.0337,1.3979,1.3723,7.2,0.0037,0.003,0.0081,0.0083,0.0046,0.0123,0.0094,0.012,0.0024,0.0051,0.0057,0.0145,0.0048,0.0183,0.0106,0.0168,1.8304,Subject01,Walking,63.49
309,495,2.8097,0.0017,0.0371,1.3872,1.3837,4.6,0.0036,0.0028,0.0083,0.0077,0.0043,0.0135,0.0101,0.0119,0.0025,0.0041,0.0058,0.0147,0.005,0.0188,0.0105,0.0154,1.8304,Subject01,Walking,63.49
310,510,2.8191,0.0015,0.0362,1.3921,1.3893,5.1,0.0036,0.0033,0.0084,0.0081,0.0045,0.0115,0.0092,0.0124,0.0023,0.0045,0.0059,0.0125,0.0046,0.0158,0.0107,0.0164,1.8304,Subject01,Walking,63.49
311,525,2.7842,0.0014,0.0299,1.3866,1.3663,4.4,0.0038,0.003,0.0082,0.0089,0.0048,0.0127,0.0099,0.0127,0.0022,0.0049,0.007,0.0133,0.0049,0.0169,0.0114,0.0174,1.8304,Subject01,Walking,63.49
312,540,2.793,0.0015,0.0353,1.3947,1.3614,2.6,0.0037,0.003,0.0091,0.0072,0.0049,0.0109,0.0095,0.013,0.0025,0.0041,0.0065,0.0119,0.0048,0.0173,0.0107,0.0179,1.8304,Subject01,Walking,63.49
313,555,2.9029,0.0016,0.0354,1.3978,1.4681,4.2,0.0038,0.0031,0.0086,0.0083,0.0049,0.0112,0.0092,0.012,0.0022,0.004,0.006,0.0117,0.0043,0.0156,0.0104,0.0149,1.8304,Subject01,Walking,63.49
314,570,2.8537,0.0017,0.0356,1.4149,1.4015,5.2,0.0039,0.0029,0.0087,0.0083,0.0048,0.0111,0.0081,0.0104,0.0023,0.0039,0.0059,0.0123,0.0047,0.0154,0.01,0.0145,1.8304,Subject01,Walking,63.49
315,585,2.8584,0.0016,0.0328,1.442,1.3821,7,0.0037,0.0031,0.0091,0.0083,0.0048,0.0122,0.0101,0.0126,0.0022,0.0039,0.0064,0.0132,0.0046,0.017,0.0116,0.0164,1.8304,Subject01,Walking,63.49
316,600,2.8954,0.0014,0.0299,1.4695,1.3946,5.2,0.0036,0.0032,0.0088,0.0082,0.0047,0.0113,0.0095,0.0133,0.0023,0.0038,0.0068,0.0142,0.0047,0.015,0.0107,0.0165,1.8304,Subject01,Walking,63.49
317,615,2.8049,0.0015,0.0294,1.3973,1.3768,6,0.0037,0.0031,0.0088,0.0082,0.0049,0.0114,0.0082,0.0125,0.0024,0.004,0.0064,0.013,0.0047,0.0147,0.0098,0.0156,1.8304,Subject01,Walking,63.49
318,630,2.8552,0.0015,0.0314,1.3946,1.4277,4.6,0.0039,0.0032,0.0089,0.0105,0.0048,0.0113,0.0087,0.0115,0.0022,0.0041,0.0065,0.0126,0.0046,0.0164,0.0106,0.0157,1.8304,Subject01,Walking,63.49
319,645,2.8456,0.0017,0.0315,1.4289,1.3834,6.8,0.0039,0.003,0.0089,0.0104,0.0051,0.0117,0.01,0.0121,0.0026,0.0044,0.0068,0.0113,0.0044,0.0162,0.0103,0.0167,1.8304,Subject01,Walking,63.49
320,720,3.53,0.0016,0.0435,1.7569,1.728,6,0.005,0.0039,0.0109,0.0101,0.0065,0.0123,0.0105,0.0174,0.0026,0.0057,0.0092,0.0145,0.0063,0.0175,0.0144,0.0231,2.2464,Subject01,Walking,63.49
321,735,3.9423,0.0013,0.0473,2.0186,1.8751,11.4,0.0047,0.0043,0.0114,0.0091,0.0071,0.0123,0.0117,0.0191,0.0024,0.0055,0.0091,0.0164,0.0071,0.0161,0.0148,0.0241,2.2464,Subject01,Walking,63.49
322,750,4.0548,0.0014,0.0484,2.0431,1.962,13.1,0.0047,0.0042,0.0121,0.0082,0.0073,0.0123,0.011,0.0176,0.0024,0.0056,0.0087,0.0156,0.0076,0.0142,0.014,0.0241,2.2464,Subject01,Walking,63.49
323,765,4.0486,0.0015,0.0536,1.999,1.9945,13.8,0.0045,0.0044,0.0119,0.0082,0.0075,0.0114,0.0106,0.018,0.0023,0.005,0.0079,0.0155,0.0067,0.0153,0.0136,0.0224,2.2464,Subject01,Walking,63.49
324,780,4.0497,0.0014,0.0492,2.0419,1.9573,7.85,0.0046,0.0048,0.0122,0.0098,0.007,0.0121,0.0116,0.0198,0.0025,0.0054,0.0088,0.0183,0.0071,0.0163,0.0156,0.0246,2.2464,Subject01,Walking,63.49
325,795,4.0112,0.0014,0.0478,2.0696,1.8924,7.2,0.0046,0.0045,0.0118,0.01,0.0074,0.012,0.0113,0.0179,0.0027,0.0053,0.0087,0.0176,0.0072,0.0159,0.0129,0.024,2.2464,Subject01,Walking,63.49
326,810,4.1419,0.0014,0.0508,2.0953,1.9944,11,0.0047,0.0046,0.0119,0.0089,0.0078,0.0113,0.0108,0.0182,0.0024,0.0054,0.0077,0.0196,0.0068,0.0147,0.0126,0.0218,2.2464,Subject01,Walking,63.49
327,825,4.0688,0.0016,0.0512,2.0256,1.9903,10.8,0.0048,0.0047,0.0118,0.0085,0.0076,0.0116,0.0111,0.018,0.0025,0.0057,0.0081,0.0182,0.0065,0.0157,0.0139,0.0222,2.2464,Subject01,Walking,63.49
328,840,4.0919,0.0014,0.0513,2.0512,1.988,10.4,0.0048,0.0048,0.0111,0.0098,0.0078,0.0115,0.0105,0.0175,0.0024,0.0053,0.0082,0.0148,0.006,0.0155,0.0136,0.0228,2.2464,Subject01,Walking,63.49
329,855,4.1111,0.0014,0.0526,2.0738,1.9832,10.8,0.0045,0.0045,0.0115,0.0085,0.0081,0.0112,0.0108,0.0166,0.0025,0.0051,0.0082,0.0181,0.0064,0.0155,0.0134,0.0225,2.2464,Subject01,Walking,63.49
330,870,4.0982,0.0015,0.053,2.1038,1.9398,11.8,0.0046,0.0045,0.0108,0.008,0.0075,0.0112,0.0115,0.0177,0.0024,0.0049,0.0083,0.018,0.0059,0.0146,0.013,0.0232,2.2464,Subject01,Walking,63.49
331,885,4.1127,0.0015,0.0547,2.0675,1.9889,9.8,0.0045,0.0045,0.0113,0.0081,0.0079,0.0118,0.0104,0.0166,0.0025,0.0049,0.0077,0.0202,0.0062,0.0141,0.0126,0.0218,2.2464,Subject01,Walking,63.49
332,900,4.202,0.0016,0.0549,2.1227,2.0228,9.4333,0.0047,0.0046,0.0115,0.0091,0.0083,0.0104,0.0104,0.0171,0.0024,0.0045,0.0078,0.0208,0.0065,0.0139,0.0128,0.0224,2.2464,Subject01,Walking,63.49
333,915,4.1629,0.0016,0.0502,2.0924,2.0186,11.2,0.0044,0.0044,0.0109,0.0086,0.0081,0.0115,0.0111,0.017,0.0025,0.0049,0.008,0.023,0.0063,0.0146,0.0128,0.0228,2.2464,Subject01,Walking,63.49
334,930,4.1813,0.0016,0.0497,2.1081,2.0218,13.6,0.0044,0.0046,0.0114,0.0086,0.0079,0.0107,0.0103,0.0174,0.0024,0.0045,0.0082,0.0238,0.0065,0.0143,0.0126,0.0235,2.2464,Subject01,Walking,63.49
335,945,4.1118,0.0016,0.0518,2.0436,2.0148,11.8,0.0043,0.0048,0.0117,0.0085,0.0073,0.0112,0.0106,0.0174,0.0024,0.0046,0.0081,0.0216,0.0061,0.0139,0.0125,0.0219,2.2464,Subject01,Walking,63.49
336,960,4.1422,0.0015,0.0512,2.0641,2.0253,8.6,0.0045,0.0044,0.0111,0.0084,0.008,0.0111,0.0102,0.0183,0.0024,0.005,0.0081,0.0244,0.0064,0.0146,0.0126,0.0224,2.2464,Subject01,Walking,63.49
337,975,4.1468,0.0015,0.0548,2.0829,2.0076,6,0.0046,0.0045,0.0111,0.009,0.0084,0.0104,0.0103,0.0153,0.0023,0.0055,0.0083,0.0227,0.0065,0.0142,0.012,0.0226,2.2464,Subject01,Walking,63.49
338,990,4.1354,0.0016,0.057,2.0801,1.9967,7.4,0.0044,0.0045,0.0114,0.0081,0.0081,0.0111,0.0111,0.0169,0.0023,0.0052,0.0081,0.0189,0.007,0.0148,0.0129,0.0217,2.2464,Subject01,Walking,63.49
339,1005,4.0775,0.0017,0.0597,2.0993,1.9168,7.7667,0.0045,0.0044,0.0113,0.0079,0.0079,0.0103,0.0101,0.0163,0.0023,0.0046,0.0083,0.0209,0.0069,0.0138,0.0123,0.021,2.2464,Subject01,Walking,63.49
340,1080,1.5108,0.0014,0.0245,0.7517,0.7333,6.35,0.0037,0.0018,0.0055,0.0083,0.0052,0.0116,0.009,0.0125,0.0023,0.0027,0.0041,0.0135,0.0064,0.018,0.0098,0.0125,0.9629,Subject01,Walking,63.49
341,1095,1.4886,0.0012,0.0207,0.712,0.7547,3.1,0.0036,0.0018,0.0058,0.008,0.0053,0.0115,0.0085,0.0122,0.0021,0.003,0.0039,0.0106,0.0045,0.0166,0.0097,0.0131,0.9629,Subject01,Walking,63.49
342,1110,1.5083,0.0012,0.0261,0.7409,0.7401,3.8,0.0033,0.0016,0.0055,0.007,0.0048,0.0119,0.0089,0.0103,0.002,0.0026,0.0023,0.0108,0.0046,0.016,0.0081,0.0124,0.9629,Subject01,Walking,63.49
343,1125,1.4702,0.0011,0.024,0.727,0.7181,4.6,0.0034,0.0016,0.005,0.0064,0.0047,0.0125,0.0082,0.0108,0.002,0.002,0.0021,0.0096,0.0047,0.0163,0.0082,0.0118,0.9629,Subject01,Walking,63.49
344,1140,1.5076,0.0013,0.0249,0.7483,0.733,2.4,0.0033,0.0016,0.0053,0.006,0.005,0.0119,0.0083,0.011,0.0021,0.002,0.0022,0.0088,0.0048,0.0162,0.0088,0.0126,0.9629,Subject01,Walking,63.49
345,1155,1.4829,0.0014,0.0264,0.7027,0.7525,2.6,0.0032,0.0014,0.0042,0.0053,0.0041,0.0125,0.0077,0.01,0.002,0.0017,0.002,0.0095,0.0051,0.0169,0.0085,0.0117,0.9629,Subject01,Walking,63.49
346,1170,1.5043,0.0011,0.0219,0.7031,0.7781,4,0.0032,0.0014,0.0039,0.0063,0.0047,0.0127,0.0075,0.0106,0.002,0.0024,0.0021,0.0097,0.0056,0.0175,0.0084,0.0124,0.9629,Subject01,Walking,63.49
347,1185,1.5169,0.0014,0.0251,0.7435,0.7469,0,0.0033,0.0015,0.0044,0.0061,0.0046,0.013,0.0081,0.0097,0.002,0.0022,0.0019,0.0103,0.0055,0.0157,0.0085,0.0115,0.9629,Subject01,Walking,63.49
348,1200,1.5046,0.0014,0.0247,0.73,0.7485,5.2667,0.0033,0.0015,0.004,0.0075,0.0047,0.012,0.0076,0.0095,0.0021,0.0023,0.0022,0.01,0.0054,0.0169,0.0085,0.012,0.9629,Subject01,Walking,63.49
349,1215,1.5526,0.0014,0.0234,0.7418,0.786,8.1,0.0033,0.0013,0.0035,0.0057,0.0045,0.0123,0.0078,0.0112,0.0019,0.002,0.002,0.0089,0.0049,0.0171,0.0091,0.0106,0.9629,Subject01,Walking,63.49
350,1230,1.4769,0.0012,0.0252,0.7251,0.7254,7.8,0.0032,0.0014,0.0041,0.0071,0.0045,0.0124,0.0075,0.0101,0.0019,0.0022,0.0019,0.0102,0.0053,0.0167,0.0077,0.011,0.9629,Subject01,Walking,63.49
351,1245,1.4194,0.0014,0.0244,0.6884,0.7051,5.4,0.0034,0.0014,0.0037,0.006,0.0051,0.0128,0.0076,0.0104,0.002,0.0031,0.0021,0.008,0.0045,0.017,0.0083,0.0123,0.9629,Subject01,Walking,63.49
352,1260,1.4857,0.0012,0.0225,0.7572,0.7048,1.85,0.0033,0.0014,0.0043,0.0069,0.0045,0.0121,0.0073,0.0109,0.002,0.0028,0.0021,0.0088,0.0048,0.0138,0.008,0.0122,0.9629,Subject01,Walking,63.49
353,1275,1.4362,0.0013,0.0238,0.7048,0.7064,1.2,0.003,0.0013,0.0029,0.0064,0.0039,0.0121,0.0074,0.0104,0.0019,0.0026,0.0019,0.0084,0.0048,0.0161,0.0083,0.0109,0.9629,Subject01,Walking,63.49
354,1290,1.457,0.0012,0.0224,0.7226,0.7109,0,0.0029,0.0013,0.0034,0.0053,0.0039,0.0114,0.0072,0.0107,0.0019,0.0024,0.002,0.0088,0.0048,0.0159,0.0082,0.011,0.9629,Subject01,Walking,63.49
355,1305,1.4608,0.0011,0.0222,0.7213,0.7162,-2,0.003,0.0014,0.0039,0.0049,0.0045,0.0109,0.0069,0.0103,0.0019,0.0026,0.0019,0.0089,0.0052,0.0154,0.0085,0.0111,0.9629,Subject01,Walking,63.49
356,1320,1.4637,0.0011,0.0221,0.7265,0.714,-1.6,0.0029,0.0014,0.0032,0.0056,0.0041,0.0116,0.0069,0.0108,0.0019,0.0025,0.0019,0.0103,0.0051,0.0159,0.0084,0.0108,0.9629,Subject01,Walking,63.49
357,1335,1.4933,0.0013,0.0261,0.7244,0.7414,0.4,0.003,0.0013,0.0035,0.0053,0.0042,0.0116,0.0075,0.0103,0.0019,0.0029,0.0019,0.0092,0.0049,0.0161,0.009,0.0103,0.9629,Subject01,Walking,63.49
358,1350,1.4407,0.0012,0.0221,0.7406,0.6768,1.8,0.0033,0.0014,0.0041,0.0054,0.005,0.0118,0.0074,0.0107,0.0019,0.0028,0.0021,0.0079,0.0046,0.0153,0.0082,0.0126,0.9629,Subject01,Walking,63.49
359,1365,1.5342,0.0013,0.0218,0.784,0.7272,1.4,0.0031,0.0014,0.004,0.005,0.0046,0.0118,0.0079,0.0107,0.0019,0.0024,0.0022,0.0092,0.0047,0.0162,0.0083,0.0119,0.9629,Subject01,Walking,63.49
360,360,2.2983,0.003,0.0562,1.1646,1.0745,5.1214,0.0334,0.0076,0.0206,0.0089,0.0102,0.0329,0.0233,0.0181,0.0029,0.0147,0.0176,0.0074,0.0092,0.0327,0.0214,0.0193,5.9295,Subject02,Cycling,63.49
361,375,3.2449,0.003,0.0717,1.6731,1.4972,28.5714,0.0305,0.0086,0.022,0.0135,0.0103,0.0476,0.0235,0.0344,0.0025,0.0228,0.0201,0.0077,0.0081,0.048,0.0273,0.0373,5.9295,Subject02,Cycling,63.49
362,390,3.0379,0.0029,0.0587,1.5676,1.4087,39.6548,0.0297,0.0086,0.0219,0.0093,0.0089,0.0444,0.0197,0.0322,0.0022,0.0197,0.0191,0.0059,0.0069,0.0454,0.0237,0.0313,5.9295,Subject02,Cycling,63.49
363,405,2.9822,0.0025,0.0557,1.5452,1.3789,40.9881,0.0278,0.0084,0.0222,0.0165,0.0092,0.0387,0.0215,0.0292,0.0025,0.0225,0.0208,0.0068,0.008,0.037,0.0249,0.0269,5.9295,Subject02,Cycling,63.49
364,420,2.9505,0.0026,0.0563,1.5227,1.369,40.9881,0.0287,0.0078,0.0194,0.0102,0.0081,0.0395,0.0192,0.0312,0.0022,0.0212,0.0198,0.0063,0.0074,0.0368,0.0233,0.0301,5.9295,Subject02,Cycling,63.49
365,435,2.8568,0.0024,0.0538,1.4771,1.3235,40.8214,0.0291,0.0076,0.0201,0.0072,0.0077,0.0367,0.0175,0.0274,0.0022,0.0205,0.0186,0.0047,0.0075,0.0346,0.0212,0.0293,5.9295,Subject02,Cycling,63.49
366,450,2.8145,0.0029,0.0566,1.4295,1.3254,39.0714,0.0314,0.0065,0.0183,0.0057,0.0084,0.0382,0.016,0.0264,0.002,0.0173,0.0185,0.0048,0.0077,0.0355,0.0183,0.0289,5.9295,Subject02,Cycling,63.49
367,465,2.8466,0.0035,0.0601,1.436,1.347,39.6548,0.0345,0.0045,0.0177,0.008,0.0095,0.0418,0.016,0.0257,0.0018,0.013,0.0191,0.0063,0.0101,0.0366,0.0166,0.0276,5.9295,Subject02,Cycling,63.49
368,480,2.8024,0.0042,0.0612,1.3803,1.3567,36.9214,0.0353,0.005,0.0172,0.0118,0.0095,0.0374,0.015,0.0216,0.0018,0.0146,0.0192,0.007,0.0098,0.0355,0.0164,0.0244,5.9295,Subject02,Cycling,63.49
369,495,2.7002,0.0039,0.061,1.331,1.3043,35.9881,0.0358,0.0064,0.0182,0.009,0.0097,0.0356,0.0145,0.019,0.0016,0.0127,0.0171,0.0065,0.0098,0.034,0.0149,0.0241,5.9295,Subject02,Cycling,63.49
370,510,2.7632,0.0031,0.0567,1.373,1.3303,34.7214,0.0328,0.0066,0.0192,0.0077,0.0086,0.0365,0.016,0.0193,0.0018,0.0133,0.0165,0.0063,0.0077,0.0323,0.0164,0.0215,5.9295,Subject02,Cycling,63.49
371,525,2.792,0.0032,0.0572,1.3975,1.3341,34.3214,0.0327,0.0065,0.0175,0.0078,0.0088,0.0357,0.016,0.0216,0.0017,0.0118,0.0171,0.0063,0.0078,0.0328,0.0157,0.0223,5.9295,Subject02,Cycling,63.49
372,540,2.7608,0.0036,0.0595,1.3657,1.332,36.1214,0.0353,0.0055,0.0171,0.0116,0.0091,0.033,0.0154,0.0197,0.0017,0.0137,0.0165,0.0069,0.0083,0.0293,0.0163,0.02,5.9295,Subject02,Cycling,63.49
373,555,2.6027,0.0042,0.066,1.2953,1.2371,38.5714,0.0333,0.0057,0.0166,0.0134,0.0099,0.0313,0.0149,0.0176,0.002,0.0123,0.0164,0.0088,0.011,0.0281,0.0157,0.0135,5.9295,Subject02,Cycling,63.49
374,570,2.7139,0.0041,0.0699,1.3662,1.2736,40.0714,0.0358,0.006,0.0151,0.0117,0.0081,0.0326,0.0152,0.0197,0.0018,0.0159,0.0181,0.0078,0.0092,0.0267,0.0185,0.0204,5.9295,Subject02,Cycling,63.49
375,585,2.6873,0.0036,0.0667,1.3487,1.2684,38.8214,0.0349,0.0067,0.016,0.0151,0.0098,0.0336,0.0149,0.0205,0.0018,0.0117,0.0172,0.0119,0.012,0.0284,0.016,0.0194,5.9295,Subject02,Cycling,63.49
376,600,2.6711,0.0035,0.0635,1.3483,1.2558,38.5714,0.0341,0.0056,0.0148,0.0116,0.0103,0.0321,0.0132,0.0188,0.0018,0.0121,0.0159,0.0107,0.0107,0.028,0.0149,0.0185,5.9295,Subject02,Cycling,63.49
377,615,2.8213,0.0037,0.0626,1.3931,1.3619,36.3214,0.0327,0.0071,0.016,0.0098,0.0086,0.0351,0.0152,0.0215,0.0018,0.0123,0.0166,0.0084,0.0089,0.0299,0.017,0.0247,5.9295,Subject02,Cycling,63.49
378,630,2.8959,0.0034,0.0674,1.4456,1.3796,38.5714,0.0324,0.0074,0.0169,0.008,0.0091,0.0356,0.0157,0.0255,0.0018,0.0133,0.0164,0.0083,0.0094,0.0302,0.0179,0.0237,5.9295,Subject02,Cycling,63.49
379,645,2.7767,0.0041,0.0604,1.3821,1.3301,38.3214,0.0326,0.0067,0.016,0.0062,0.0077,0.0315,0.0144,0.0193,0.0018,0.0118,0.0161,0.007,0.0071,0.0286,0.0161,0.0178,5.9295,Subject02,Cycling,63.49
380,720,1.7487,0.0027,0.0438,0.8634,0.8388,40.4881,0.0313,0.0074,0.0163,0.005,0.0085,0.0303,0.013,0.0157,0.003,0.0105,0.0152,0.0067,0.0098,0.026,0.0153,0.0119,6.3243,Subject02,Cycling,63.49
381,735,1.4513,0.0013,0.0289,0.7227,0.6984,39.9214,0.0281,0.0122,0.0247,0.003,0.0106,0.0259,0.0193,0.0134,0.0038,0.0154,0.0195,0.0041,0.0103,0.0223,0.0163,0.0125,6.3243,Subject02,Cycling,63.49
382,750,1.558,0.0015,0.0337,0.7809,0.7419,40.6548,0.0294,0.011,0.0218,0.0026,0.0101,0.0268,0.0148,0.0143,0.0033,0.0153,0.0177,0.004,0.0106,0.0243,0.0149,0.016,6.3243,Subject02,Cycling,63.49
383,765,1.5327,0.0015,0.0321,0.7539,0.7452,42.1214,0.027,0.0135,0.022,0.0022,0.0085,0.0254,0.0148,0.0132,0.0032,0.0163,0.0201,0.0037,0.0105,0.0264,0.0168,0.0153,6.3243,Subject02,Cycling,63.49
384,780,1.5671,0.0016,0.0309,0.7782,0.7564,42.5214,0.027,0.0105,0.0206,0.0028,0.0096,0.0277,0.014,0.0188,0.0035,0.0128,0.0193,0.0037,0.0107,0.0266,0.0172,0.0173,6.3243,Subject02,Cycling,63.49
385,795,1.5847,0.0014,0.0335,0.7773,0.7725,43.6548,0.0303,0.0113,0.0213,0.0032,0.0115,0.0228,0.0135,0.0114,0.0033,0.0146,0.0187,0.0051,0.013,0.0228,0.0155,0.0112,6.3243,Subject02,Cycling,63.49
386,810,1.6537,0.002,0.0398,0.8063,0.8056,46.3214,0.034,0.0096,0.0201,0.0039,0.0103,0.0258,0.0131,0.0157,0.0038,0.0118,0.0173,0.0058,0.014,0.0274,0.0185,0.0174,6.3243,Subject02,Cycling,63.49
387,825,1.8,0.0019,0.0443,0.8837,0.87,48.1214,0.0291,0.0081,0.0181,0.0039,0.0106,0.0321,0.0135,0.0222,0.003,0.0126,0.0171,0.0057,0.0108,0.0284,0.0162,0.0168,6.3243,Subject02,Cycling,63.49
388,840,1.5895,0.0022,0.0436,0.7738,0.7699,48.3214,0.0295,0.0106,0.02,0.0041,0.0099,0.0217,0.0112,0.0114,0.0034,0.0136,0.0176,0.0062,0.012,0.0208,0.0137,0.0108,6.3243,Subject02,Cycling,63.49
389,855,1.7103,0.0025,0.044,0.8259,0.8379,47.3214,0.0313,0.0079,0.0184,0.0045,0.01,0.0289,0.0125,0.018,0.0034,0.0105,0.016,0.0063,0.0105,0.0267,0.0163,0.0175,6.3243,Subject02,Cycling,63.49
390,870,1.6046,0.0023,0.0442,0.769,0.7891,47.3214,0.0307,0.0092,0.0194,0.0046,0.0097,0.0227,0.0117,0.0107,0.0034,0.0109,0.0159,0.0072,0.0112,0.0217,0.0141,0.0095,6.3243,Subject02,Cycling,63.49
391,885,1.6288,0.0019,0.0406,0.7949,0.7914,45.3214,0.0272,0.0082,0.0189,0.0087,0.0111,0.0277,0.0129,0.0213,0.0037,0.0098,0.0173,0.0083,0.0128,0.0263,0.0151,0.0173,6.3243,Subject02,Cycling,63.49
392,900,1.6507,0.0017,0.0352,0.8106,0.8032,46.8214,0.0277,0.0076,0.0196,0.0075,0.0109,0.0246,0.0133,0.0118,0.0032,0.0137,0.0183,0.0052,0.0118,0.0239,0.0165,0.0169,6.3243,Subject02,Cycling,63.49
393,915,1.6174,0.0017,0.0445,0.7748,0.7964,48.5714,0.0312,0.0107,0.0213,0.0042,0.0099,0.0212,0.0121,0.0106,0.003,0.0128,0.018,0.0069,0.0121,0.0217,0.0142,0.0114,6.3243,Subject02,Cycling,63.49
394,930,1.5896,0.0023,0.0506,0.7683,0.7685,46.0714,0.0311,0.0107,0.0204,0.0033,0.0099,0.0209,0.0114,0.0101,0.0033,0.0128,0.0178,0.0069,0.0106,0.0209,0.0134,0.0094,6.3243,Subject02,Cycling,63.49
395,945,1.597,0.0023,0.0468,0.7681,0.7798,45.9214,0.0329,0.0082,0.0208,0.0035,0.0101,0.0247,0.0122,0.0125,0.0033,0.0132,0.0185,0.0063,0.0106,0.0205,0.0125,0.013,6.3243,Subject02,Cycling,63.49
396,960,1.7031,0.0023,0.0488,0.8303,0.8216,46.3214,0.0402,0.0081,0.0206,0.0034,0.0093,0.0282,0.0121,0.0157,0.0032,0.0124,0.018,0.0068,0.0088,0.0266,0.0164,0.017,6.3243,Subject02,Cycling,63.49
397,975,1.7114,0.0022,0.0481,0.8191,0.8419,46.1214,0.0428,0.0104,0.0203,0.0042,0.0108,0.0235,0.0118,0.0143,0.0031,0.0127,0.0186,0.0061,0.0093,0.0242,0.0148,0.0167,6.3243,Subject02,Cycling,63.49
398,990,1.6504,0.0024,0.0489,0.8024,0.7968,46.3214,0.0364,0.0109,0.0204,0.0046,0.0098,0.0253,0.0122,0.0141,0.0033,0.0152,0.0199,0.0048,0.0083,0.0229,0.0143,0.015,6.3243,Subject02,Cycling,63.49
399,1005,1.6444,0.0024,0.0472,0.7981,0.7967,48.5714,0.0424,0.0106,0.0208,0.0051,0.0101,0.0231,0.0123,0.0116,0.0034,0.0155,0.0187,0.0058,0.0081,0.0208,0.0146,0.0149,6.3243,Subject02,Cycling,63.49
400,1080,1.6186,0.0029,0.0485,0.7677,0.7994,47.3214,0.0456,0.0076,0.0143,0.0061,0.0087,0.0241,0.0102,0.0086,0.0027,0.0096,0.0127,0.0085,0.0084,0.0195,0.0107,0.0073,3.5758,Subject02,Cycling,63.49
401,1095,1.5994,0.0018,0.0438,0.7801,0.7738,42.7214,0.0492,0.0058,0.0115,0.0038,0.0065,0.0257,0.0084,0.0095,0.0015,0.0074,0.0092,0.008,0.0067,0.0214,0.0092,0.0053,3.5758,Subject02,Cycling,63.49
402,1110,1.6397,0.0014,0.041,0.8062,0.7912,37.0714,0.0495,0.0066,0.011,0.0028,0.0064,0.0307,0.0086,0.016,0.0012,0.0061,0.0084,0.007,0.0068,0.025,0.0115,0.0155,3.5758,Subject02,Cycling,63.49
403,1125,1.6256,0.0014,0.0398,0.8048,0.7795,32.3214,0.0439,0.0075,0.0133,0.0028,0.0077,0.0251,0.0086,0.0114,0.0013,0.0088,0.0107,0.0052,0.0073,0.0241,0.0108,0.0106,3.5758,Subject02,Cycling,63.49
404,1140,1.6209,0.0014,0.0383,0.8066,0.7746,32.0714,0.0376,0.0073,0.0109,0.0021,0.0061,0.026,0.008,0.0113,0.0012,0.0091,0.0113,0.0042,0.0062,0.0239,0.0098,0.0091,3.5758,Subject02,Cycling,63.49
405,1155,1.6793,0.0017,0.0414,0.8256,0.8106,30.3214,0.0413,0.0066,0.0116,0.0028,0.0062,0.0273,0.0082,0.014,0.0012,0.0093,0.011,0.0043,0.0064,0.0247,0.0105,0.0132,3.5758,Subject02,Cycling,63.49
406,1170,1.6805,0.0019,0.0439,0.8252,0.8095,30.9214,0.0395,0.0072,0.0118,0.0026,0.0063,0.0285,0.0089,0.0129,0.0012,0.0073,0.009,0.0066,0.0059,0.0226,0.0093,0.0086,3.5758,Subject02,Cycling,63.49
407,1185,1.5118,0.0015,0.0405,0.744,0.7258,26.9214,0.0447,0.0081,0.0132,0.0026,0.0071,0.0261,0.009,0.0117,0.0013,0.0082,0.0098,0.0044,0.0059,0.0207,0.0087,0.0067,3.5758,Subject02,Cycling,63.49
408,1200,1.5818,0.0019,0.0419,0.7961,0.7418,27.3214,0.0394,0.0101,0.0121,0.0022,0.0059,0.0272,0.0092,0.0126,0.0012,0.0126,0.0104,0.0037,0.0062,0.0236,0.0099,0.0106,3.5758,Subject02,Cycling,63.49
409,1215,1.6647,0.0016,0.0392,0.8238,0.8001,28.5214,0.0414,0.0073,0.0122,0.002,0.0054,0.0266,0.0086,0.0111,0.001,0.0093,0.0095,0.0028,0.004,0.022,0.0092,0.012,3.5758,Subject02,Cycling,63.49
410,1230,1.566,0.0018,0.0386,0.7747,0.7509,29.3214,0.0397,0.0076,0.0132,0.0023,0.0068,0.0232,0.0082,0.0081,0.0013,0.0079,0.0087,0.0043,0.0049,0.0212,0.0085,0.0064,3.5758,Subject02,Cycling,63.49
411,1245,1.5352,0.0015,0.038,0.7469,0.7489,28.0714,0.0405,0.008,0.0115,0.0024,0.0062,0.0259,0.0082,0.0092,0.0012,0.01,0.0115,0.0041,0.0059,0.0214,0.0088,0.0068,3.5758,Subject02,Cycling,63.49
412,1260,1.5189,0.0017,0.0373,0.7415,0.7383,27.5714,0.0384,0.0075,0.0117,0.0022,0.0058,0.0249,0.0081,0.0101,0.0012,0.0086,0.0104,0.0033,0.0044,0.0219,0.0094,0.007,3.5758,Subject02,Cycling,63.49
413,1275,1.5035,0.0014,0.0367,0.7296,0.7358,27.5714,0.0422,0.0077,0.0123,0.0042,0.0067,0.0245,0.0081,0.0078,0.0011,0.0103,0.0105,0.0041,0.0049,0.0193,0.0081,0.0053,3.5758,Subject02,Cycling,63.49
414,1290,1.5721,0.0016,0.039,0.7741,0.7574,30.3214,0.0417,0.0071,0.0115,0.0034,0.0059,0.0293,0.0081,0.0125,0.0011,0.0081,0.0106,0.0034,0.0058,0.0235,0.0096,0.0113,3.5758,Subject02,Cycling,63.49
415,1305,1.6939,0.0014,0.0406,0.8325,0.8194,29.1214,0.0463,0.0074,0.013,0.003,0.0066,0.0318,0.0107,0.0227,0.001,0.0093,0.0118,0.0038,0.006,0.0272,0.0103,0.0151,3.5758,Subject02,Cycling,63.49
416,1320,1.5278,0.0015,0.0411,0.7394,0.7457,27.3214,0.0424,0.0077,0.0124,0.0028,0.0061,0.0238,0.0091,0.007,0.001,0.0092,0.0108,0.0032,0.0052,0.0218,0.0095,0.0073,3.5758,Subject02,Cycling,63.49
417,1335,1.5118,0.0013,0.0395,0.746,0.725,22.9214,0.0427,0.0087,0.0144,0.0023,0.0062,0.0228,0.0082,0.0078,0.001,0.0115,0.0121,0.0028,0.005,0.0206,0.0089,0.0092,3.5758,Subject02,Cycling,63.49
418,1350,1.5726,0.0016,0.0392,0.7743,0.7576,24.0714,0.0463,0.0097,0.0134,0.0025,0.0058,0.0249,0.0076,0.0081,0.001,0.0115,0.0119,0.0034,0.0045,0.0201,0.0086,0.0096,3.5758,Subject02,Cycling,63.49
419,1365,1.4839,0.0019,0.0397,0.7279,0.7145,26.3214,0.0437,0.0079,0.0139,0.0025,0.0067,0.0249,0.0082,0.0063,0.0012,0.011,0.0111,0.0039,0.0052,0.0189,0.0078,0.0079,3.5758,Subject02,Cycling,63.49
420,1440,1.6096,0.0014,0.037,0.8007,0.7704,28.0714,0.0413,0.0085,0.0192,0.0031,0.009,0.0281,0.0132,0.02,0.0017,0.0113,0.0157,0.004,0.0077,0.028,0.0136,0.0175,4.8132,Subject02,Cycling,63.49
421,1455,1.5876,0.0011,0.0331,0.788,0.7652,32.5714,0.0394,0.0073,0.0167,0.0036,0.0096,0.0295,0.0129,0.0189,0.0017,0.0123,0.0151,0.0055,0.0074,0.0259,0.0126,0.0196,4.8132,Subject02,Cycling,63.49
422,1470,1.508,0.0015,0.0321,0.7392,0.7352,34.3214,0.0375,0.0103,0.017,0.0037,0.0092,0.0235,0.0111,0.0128,0.0019,0.0121,0.0145,0.0052,0.0076,0.023,0.0111,0.0117,4.8132,Subject02,Cycling,63.49
423,1485,1.4702,0.0016,0.0341,0.7244,0.71,33.5714,0.0398,0.0089,0.0168,0.0032,0.0085,0.0234,0.0113,0.0122,0.0017,0.0126,0.0154,0.0043,0.0082,0.0214,0.0112,0.0119,4.8132,Subject02,Cycling,63.49
424,1500,1.5469,0.0012,0.0361,0.7494,0.7603,35.9214,0.043,0.0101,0.018,0.0025,0.0082,0.0253,0.0112,0.0113,0.0016,0.0134,0.0165,0.0034,0.0073,0.0233,0.0111,0.0101,4.8132,Subject02,Cycling,63.49
425,1515,1.5407,0.0016,0.033,0.7566,0.7495,40.5714,0.0416,0.0088,0.0167,0.0025,0.0082,0.0281,0.011,0.0147,0.0017,0.0134,0.0149,0.0038,0.0073,0.0242,0.0126,0.0132,4.8132,Subject02,Cycling,63.49
426,1530,1.5394,0.0017,0.0352,0.7528,0.7497,40.8214,0.0451,0.009,0.0166,0.003,0.0085,0.0246,0.0103,0.0119,0.0016,0.0135,0.0158,0.0042,0.0084,0.0217,0.0107,0.0105,4.8132,Subject02,Cycling,63.49
427,1545,1.5981,0.0016,0.0355,0.7902,0.7708,39.5214,0.0397,0.0079,0.016,0.0028,0.0085,0.0304,0.0121,0.0181,0.0018,0.011,0.014,0.0045,0.0074,0.0254,0.012,0.0155,4.8132,Subject02,Cycling,63.49
428,1560,1.6138,0.0015,0.0338,0.7952,0.7832,41.3214,0.0395,0.0089,0.0172,0.0028,0.0089,0.028,0.0118,0.0157,0.0017,0.0136,0.0161,0.0041,0.0075,0.0229,0.0125,0.0139,4.8132,Subject02,Cycling,63.49
429,1575,1.6029,0.0014,0.0357,0.7993,0.7665,44.9214,0.0424,0.0086,0.0172,0.0025,0.0073,0.0259,0.0109,0.0137,0.0017,0.0121,0.0157,0.0046,0.0071,0.0226,0.0124,0.0149,4.8132,Subject02,Cycling,63.49
430,1590,1.4847,0.002,0.04,0.7329,0.7098,41.3214,0.0423,0.0101,0.0182,0.0037,0.0095,0.0209,0.0097,0.0074,0.0018,0.0127,0.0149,0.0072,0.0085,0.0175,0.0104,0.0087,4.8132,Subject02,Cycling,63.49
431,1605,1.6355,0.0019,0.0422,0.8169,0.7744,40.5714,0.0434,0.0077,0.0187,0.0032,0.0103,0.0319,0.0115,0.016,0.0021,0.0121,0.0161,0.0051,0.0092,0.0244,0.0114,0.0174,4.8132,Subject02,Cycling,63.49
432,1620,1.572,0.0023,0.0416,0.7731,0.7551,41.8214,0.048,0.0085,0.0193,0.0036,0.0103,0.0258,0.0113,0.0103,0.0018,0.0114,0.0153,0.0049,0.0106,0.0224,0.0113,0.0103,4.8132,Subject02,Cycling,63.49
433,1635,1.5218,0.0022,0.0427,0.7493,0.7275,41.6548,0.047,0.0099,0.0175,0.0037,0.0085,0.0224,0.0094,0.0092,0.0019,0.012,0.0164,0.0055,0.0098,0.0196,0.0097,0.0103,4.8132,Subject02,Cycling,63.49
434,1650,1.5719,0.002,0.0426,0.7599,0.7672,42.9214,0.0439,0.0083,0.0177,0.0039,0.0088,0.0257,0.0104,0.0103,0.0019,0.0116,0.0141,0.0064,0.009,0.0243,0.0105,0.0114,4.8132,Subject02,Cycling,63.49
435,1665,1.4809,0.0028,0.0473,0.7198,0.7111,42.6548,0.0505,0.0102,0.0175,0.0042,0.0093,0.0209,0.0087,0.0085,0.002,0.0108,0.0144,0.0072,0.0099,0.0204,0.0099,0.007,4.8132,Subject02,Cycling,63.49
436,1680,1.5474,0.0025,0.0415,0.7651,0.7383,40.3214,0.0451,0.0095,0.0183,0.003,0.0076,0.0292,0.0115,0.0133,0.0019,0.0108,0.0152,0.0065,0.0083,0.023,0.012,0.013,4.8132,Subject02,Cycling,63.49
437,1695,1.5761,0.0019,0.0416,0.7786,0.754,40.8214,0.0554,0.0107,0.0176,0.0025,0.0077,0.0252,0.0092,0.0121,0.0018,0.0116,0.0159,0.0055,0.0081,0.0214,0.0111,0.0128,4.8132,Subject02,Cycling,63.49
438,1710,1.5406,0.0023,0.0444,0.7576,0.7363,42.0714,0.0555,0.0107,0.0186,0.0023,0.0077,0.0232,0.0097,0.0098,0.0018,0.0125,0.0154,0.0063,0.0083,0.0198,0.0104,0.0107,4.8132,Subject02,Cycling,63.49
439,1725,1.6325,0.0019,0.0386,0.8155,0.7764,41.5714,0.0464,0.009,0.0179,0.0022,0.007,0.0294,0.0123,0.0208,0.0018,0.0136,0.0162,0.0049,0.0074,0.025,0.0133,0.018,4.8132,Subject02,Cycling,63.49
440,360,3.5532,0.0023,0.0374,1.7121,1.8015,12.2281,0.0045,0.0026,0.0048,0.0135,0.0079,0.0224,0.0137,0.0216,0.0058,0.0035,0.0065,0.0197,0.0133,0.0243,0.0199,0.0179,5.7172,Subject02,Incline,63.49
441,375,3.8024,0.0021,0.0321,1.8372,1.931,30.8947,0.0051,0.0028,0.0058,0.0141,0.0088,0.0218,0.0143,0.0192,0.006,0.0042,0.0081,0.0195,0.0147,0.0229,0.0203,0.0196,5.7172,Subject02,Incline,63.49
442,390,3.7323,0.0024,0.0314,1.8121,1.8864,35.8947,0.0053,0.003,0.0062,0.0144,0.0083,0.0227,0.0142,0.019,0.0059,0.0042,0.0082,0.0194,0.0137,0.0216,0.0191,0.019,5.7172,Subject02,Incline,63.49
443,405,3.7751,0.0022,0.0323,1.8126,1.928,35.3947,0.005,0.0026,0.0058,0.013,0.0086,0.0226,0.0137,0.0184,0.0056,0.0037,0.0069,0.0173,0.0142,0.02,0.0173,0.0166,5.7172,Subject02,Incline,63.49
444,420,3.6531,0.002,0.0283,1.7922,1.8306,36.8947,0.005,0.0026,0.0052,0.0138,0.0084,0.021,0.0141,0.0185,0.0055,0.0037,0.0078,0.0184,0.013,0.0226,0.0189,0.0189,5.7172,Subject02,Incline,63.49
445,435,3.6521,0.002,0.0282,1.7879,1.8341,36.3947,0.0048,0.0027,0.0056,0.0133,0.0076,0.0219,0.0142,0.0193,0.0056,0.0037,0.0076,0.02,0.0128,0.0221,0.0196,0.0196,5.7172,Subject02,Incline,63.49
446,450,3.61,0.002,0.0283,1.7391,1.8406,32.3947,0.0047,0.0027,0.006,0.0129,0.0086,0.0197,0.0141,0.0179,0.0051,0.0037,0.0079,0.019,0.0135,0.0206,0.0182,0.0165,5.7172,Subject02,Incline,63.49
447,465,3.6899,0.002,0.0282,1.7808,1.8789,33.8947,0.005,0.0026,0.005,0.013,0.0079,0.0198,0.0134,0.0169,0.0054,0.0038,0.007,0.0158,0.0132,0.0215,0.0178,0.018,5.7172,Subject02,Incline,63.49
448,480,3.7439,0.0022,0.031,1.7977,1.913,39.6447,0.0045,0.0025,0.0048,0.0119,0.008,0.0189,0.0132,0.018,0.0051,0.0037,0.0067,0.0158,0.0125,0.0197,0.017,0.0172,5.7172,Subject02,Incline,63.49
449,495,3.8094,0.002,0.0314,1.8727,1.9032,38.8947,0.0042,0.0026,0.0046,0.0112,0.0071,0.0185,0.0135,0.0203,0.0049,0.0036,0.0066,0.0167,0.0127,0.0215,0.0181,0.0164,5.7172,Subject02,Incline,63.49
450,510,3.7977,0.002,0.0298,1.855,1.911,35.8947,0.0043,0.0025,0.0045,0.0111,0.0079,0.0207,0.0142,0.0198,0.0052,0.0035,0.0066,0.0175,0.0113,0.0214,0.0187,0.0189,5.7172,Subject02,Incline,63.49
451,525,3.7505,0.0021,0.0296,1.8154,1.9033,31.6447,0.0042,0.0026,0.0043,0.0112,0.008,0.0196,0.0136,0.0193,0.0047,0.0034,0.0064,0.0155,0.0115,0.0216,0.0178,0.0177,5.7172,Subject02,Incline,63.49
452,540,3.8152,0.002,0.0274,1.8966,1.8891,32.6447,0.0043,0.0025,0.0046,0.0123,0.0072,0.0191,0.0135,0.0173,0.0048,0.0037,0.0069,0.0159,0.012,0.0212,0.0186,0.0179,5.7172,Subject02,Incline,63.49
453,555,3.9326,0.0022,0.0337,1.9241,1.9726,31.1447,0.0043,0.0025,0.0045,0.0113,0.0069,0.0188,0.0129,0.018,0.0047,0.0037,0.0071,0.0151,0.0121,0.0195,0.0175,0.0194,5.7172,Subject02,Incline,63.49
454,570,3.9673,0.002,0.0299,1.9888,1.9466,32.2281,0.0041,0.0026,0.0045,0.0114,0.0071,0.0197,0.0136,0.0197,0.0047,0.0035,0.0069,0.0155,0.0108,0.021,0.0185,0.0185,5.7172,Subject02,Incline,63.49
455,585,4.0012,0.002,0.0297,2.0393,1.9301,33.3947,0.0046,0.0029,0.0045,0.0112,0.0071,0.0191,0.0128,0.021,0.0051,0.0036,0.007,0.016,0.0114,0.0205,0.0181,0.0197,5.7172,Subject02,Incline,63.49
456,600,4.0126,0.0022,0.0334,1.9673,2.0097,36.2947,0.0042,0.0024,0.0041,0.0108,0.0069,0.0183,0.0128,0.0192,0.005,0.0039,0.0066,0.0163,0.0115,0.0205,0.0174,0.0187,5.7172,Subject02,Incline,63.49
457,615,3.992,0.0022,0.0329,1.9452,2.0118,35.6447,0.0042,0.0027,0.0042,0.0102,0.0078,0.0179,0.0131,0.0183,0.0049,0.0036,0.0066,0.0165,0.011,0.0196,0.0166,0.0173,5.7172,Subject02,Incline,63.49
458,630,4.0211,0.0021,0.0332,1.988,1.9978,33.2281,0.0044,0.0028,0.0044,0.0103,0.0074,0.019,0.0135,0.0192,0.0047,0.0034,0.0061,0.0147,0.0117,0.0192,0.0167,0.019,5.7172,Subject02,Incline,63.49
459,645,3.927,0.0021,0.0297,1.9574,1.9378,30.5614,0.0044,0.0026,0.0042,0.0111,0.007,0.02,0.0131,0.0195,0.005,0.0036,0.0068,0.0152,0.0113,0.0209,0.0183,0.0198,5.7172,Subject02,Incline,63.49
460,720,1.7283,0.0014,0.0213,0.8248,0.8809,30.6447,0.0038,0.0013,0.002,0.0047,0.0044,0.0196,0.0102,0.011,0.0032,0.0015,0.0021,0.0111,0.0077,0.0196,0.0122,0.016,2.9349,Subject02,Incline,63.49
461,735,1.5299,0.0013,0.0207,0.6915,0.8163,28.5614,0.0035,0.0012,0.002,0.0046,0.0042,0.0162,0.0087,0.011,0.0029,0.0014,0.0021,0.0095,0.0073,0.0191,0.0121,0.0139,2.9349,Subject02,Incline,63.49
462,750,1.6139,0.001,0.0192,0.8183,0.7753,24.1447,0.0033,0.0013,0.002,0.0049,0.0039,0.0181,0.0088,0.01,0.003,0.0014,0.0021,0.009,0.0074,0.0167,0.0101,0.0137,2.9349,Subject02,Incline,63.49
463,765,1.5993,0.0014,0.0207,0.7538,0.8234,21.1447,0.0037,0.0013,0.002,0.0043,0.0045,0.0174,0.0085,0.0101,0.0029,0.0014,0.0021,0.0099,0.0066,0.0174,0.0105,0.0114,2.9349,Subject02,Incline,63.49
464,780,1.6914,0.0012,0.0208,0.8152,0.8541,17.3947,0.0033,0.0012,0.0019,0.0035,0.0038,0.0154,0.0083,0.0124,0.0029,0.0014,0.0022,0.0084,0.0071,0.0198,0.0117,0.0122,2.9349,Subject02,Incline,63.49
465,795,1.6169,0.0012,0.02,0.816,0.7797,19.8947,0.0032,0.0012,0.002,0.0043,0.0039,0.0188,0.0087,0.0111,0.003,0.0014,0.002,0.0097,0.0067,0.018,0.0117,0.0142,2.9349,Subject02,Incline,63.49
466,810,1.5748,0.0012,0.0187,0.7486,0.8062,21.3947,0.0033,0.0012,0.002,0.004,0.0038,0.0181,0.0089,0.0102,0.0029,0.0014,0.0021,0.0095,0.0069,0.0175,0.0108,0.0115,2.9349,Subject02,Incline,63.49
467,825,1.6446,0.0013,0.0191,0.7961,0.8281,22.1447,0.0034,0.0012,0.002,0.004,0.0043,0.015,0.0081,0.0116,0.0029,0.0014,0.0021,0.0093,0.0068,0.0185,0.0124,0.0124,2.9349,Subject02,Incline,63.49
468,840,1.5936,0.0012,0.0193,0.7957,0.7775,20.6447,0.0033,0.0012,0.002,0.0048,0.0039,0.0183,0.0084,0.0111,0.0029,0.0014,0.0022,0.0091,0.0071,0.0188,0.0114,0.0108,2.9349,Subject02,Incline,63.49
469,855,1.5926,0.0014,0.021,0.7242,0.8461,21.1447,0.0036,0.0012,0.002,0.0054,0.0038,0.0173,0.0087,0.0107,0.0028,0.0014,0.0022,0.008,0.007,0.0191,0.0125,0.0134,2.9349,Subject02,Incline,63.49
470,870,1.6147,0.0015,0.0229,0.8205,0.7699,21.6447,0.0035,0.0012,0.002,0.0041,0.0043,0.0176,0.0096,0.012,0.003,0.0014,0.0021,0.0095,0.0067,0.02,0.0122,0.0143,2.9349,Subject02,Incline,63.49
471,885,1.5526,0.0014,0.0204,0.7415,0.7892,23.6447,0.0034,0.0012,0.002,0.0049,0.0041,0.0194,0.0098,0.0102,0.003,0.0015,0.0022,0.0094,0.0074,0.019,0.0108,0.0125,2.9349,Subject02,Incline,63.49
472,900,1.6162,0.0014,0.0201,0.7731,0.8215,23.6447,0.0033,0.0012,0.002,0.005,0.0043,0.018,0.0089,0.0116,0.0029,0.0014,0.0021,0.009,0.0071,0.0202,0.0126,0.0136,2.9349,Subject02,Incline,63.49
473,915,1.5861,0.0014,0.0193,0.8024,0.763,23.2281,0.0035,0.0013,0.002,0.0043,0.0043,0.0172,0.0092,0.0117,0.003,0.0014,0.0022,0.0104,0.0074,0.0177,0.0111,0.0147,2.9349,Subject02,Incline,63.49
474,930,1.5752,0.0012,0.0174,0.7407,0.816,22.8947,0.0034,0.0013,0.002,0.0042,0.0046,0.0161,0.0085,0.0119,0.003,0.0014,0.0022,0.0101,0.0078,0.0177,0.0118,0.0122,2.9349,Subject02,Incline,63.49
475,945,1.6784,0.0014,0.0203,0.8219,0.8348,24.6447,0.0036,0.0013,0.002,0.0042,0.0047,0.0153,0.0085,0.0111,0.0034,0.0014,0.0021,0.0101,0.0077,0.0153,0.0113,0.0146,2.9349,Subject02,Incline,63.49
476,960,1.6246,0.0012,0.0203,0.8149,0.7882,18.8947,0.0033,0.0012,0.002,0.0049,0.0044,0.0181,0.0086,0.0111,0.0032,0.0014,0.0021,0.0106,0.0073,0.0177,0.0113,0.0124,2.9349,Subject02,Incline,63.49
477,975,1.6054,0.0012,0.0195,0.7623,0.8224,15.8947,0.0034,0.0012,0.002,0.0044,0.0042,0.0158,0.0093,0.0119,0.0029,0.0014,0.0021,0.009,0.0069,0.0193,0.0114,0.013,2.9349,Subject02,Incline,63.49
478,990,1.6448,0.0014,0.0215,0.7988,0.8231,19.3947,0.0036,0.0013,0.002,0.0046,0.0043,0.0144,0.0077,0.0102,0.0034,0.0014,0.0021,0.0105,0.0069,0.0176,0.0117,0.0138,2.9349,Subject02,Incline,63.49
479,1005,1.6277,0.0014,0.0203,0.8115,0.7945,22.1447,0.0032,0.0012,0.002,0.0045,0.0043,0.018,0.0079,0.0106,0.0032,0.0014,0.0022,0.0098,0.0078,0.0165,0.0115,0.0124,2.9349,Subject02,Incline,63.49
480,1080,0.2866,0.0011,0.0151,0.102,0.1684,22.3947,0.0026,0.0014,0.0023,0.0025,0.0018,0.006,0.0065,0.0064,0.003,0.0016,0.0025,0.006,0.0042,0.0051,0.0078,0.0083,0.2499,Subject02,Incline,63.49
481,1095,0.0358,0.0003,0.0037,0.0114,0.0204,10.8947,0.0014,0.0012,0.0018,0.0011,0.001,0.0024,0.0078,0.002,0.0018,0.0015,0.0021,0.0017,0.0033,0.004,0.0061,0.0024,0.2499,Subject02,Incline,63.49
482,1110,0.0158,0.0001,0.0023,0.0031,0.0104,6.2281,0.0013,0.0011,0.0018,0.0011,0.0016,0.0025,0.0087,0.0014,0.0014,0.0012,0.0016,0.0014,0.0016,0.0057,0.0084,0.0016,0.2499,Subject02,Incline,63.49
483,1125,0.0157,0.0001,0.0022,0.0031,0.0103,5.3947,0.0013,0.0011,0.0017,0.0011,0.0013,0.0035,0.0082,0.0014,0.0014,0.0013,0.0016,0.0014,0.0025,0.0061,0.008,0.0016,0.2499,Subject02,Incline,63.49
484,1140,0.0158,0.0001,0.0021,0.0031,0.0104,6.3947,0.0013,0.0011,0.0017,0.0011,0.0012,0.0026,0.0077,0.0014,0.0014,0.0013,0.0016,0.0014,0.0019,0.0053,0.0077,0.0016,0.2499,Subject02,Incline,63.49
485,1155,0.0159,0.0001,0.0021,0.0032,0.0104,1.8947,0.0012,0.0011,0.0017,0.001,0.001,0.0024,0.0078,0.0013,0.0014,0.0014,0.0023,0.0013,0.0017,0.0064,0.0074,0.0015,0.2499,Subject02,Incline,63.49
486,1170,0.0157,0.0001,0.0021,0.0031,0.0104,1.3947,0.0012,0.0011,0.0017,0.001,0.001,0.0026,0.0083,0.0013,0.0013,0.0013,0.0022,0.0013,0.0017,0.012,0.0087,0.0016,0.2499,Subject02,Incline,63.49
487,1185,0.0198,0.0001,0.0022,0.0052,0.0122,0.3947,0.0013,0.0014,0.0019,0.0011,0.001,0.002,0.0062,0.0028,0.0014,0.0013,0.0017,0.0017,0.0015,0.0066,0.0068,0.0017,0.2499,Subject02,Incline,63.49
488,1200,0.016,0.0001,0.0022,0.0033,0.0104,-0.1053,0.0012,0.0019,0.0022,0.0011,0.0011,0.0013,0.0013,0.0071,0.0013,0.0014,0.0024,0.0013,0.0015,0.0051,0.0065,0.0015,0.2499,Subject02,Incline,63.49
489,1215,0.0167,0.0001,0.0022,0.0035,0.0109,-0.1053,0.0012,0.0018,0.0024,0.0011,0.0011,0.0021,0.0052,0.0048,0.0014,0.0012,0.0019,0.0014,0.0034,0.0085,0.0084,0.0015,0.2499,Subject02,Incline,63.49
490,1230,0.0158,0.0001,0.0021,0.0032,0.0104,-0.1053,0.0012,0.0011,0.0018,0.0011,0.001,0.0034,0.0084,0.0013,0.0014,0.0012,0.0016,0.0014,0.0038,0.0112,0.0086,0.0015,0.2499,Subject02,Incline,63.49
491,1245,0.0158,0.0001,0.0021,0.0032,0.0104,14.8947,0.0012,0.0011,0.0017,0.0011,0.001,0.0053,0.0091,0.0014,0.0013,0.0012,0.0016,0.0015,0.0043,0.0108,0.0087,0.0016,0.2499,Subject02,Incline,63.49
492,1260,0.0161,0.0001,0.0022,0.0032,0.0105,30.3947,0.0013,0.0011,0.0018,0.0011,0.001,0.0042,0.0082,0.0014,0.0014,0.0012,0.0016,0.0014,0.0028,0.0053,0.0073,0.0015,0.2499,Subject02,Incline,63.49
493,1275,0.016,0.0001,0.0021,0.0034,0.0105,32.3947,0.0013,0.0011,0.0017,0.0011,0.0014,0.0029,0.0075,0.0013,0.0014,0.0013,0.0016,0.0013,0.0019,0.0102,0.0076,0.0015,0.2499,Subject02,Incline,63.49
494,1290,0.0161,0.0001,0.0022,0.0033,0.0105,34.8947,0.0012,0.0011,0.0017,0.001,0.0011,0.0032,0.0076,0.0013,0.0013,0.0014,0.0026,0.0013,0.0018,0.0059,0.0067,0.0015,0.2499,Subject02,Incline,63.49
495,1305,0.0158,0.0001,0.0022,0.0031,0.0103,35.8947,0.0012,0.0011,0.0017,0.001,0.0009,0.0027,0.0074,0.0013,0.0013,0.0016,0.0033,0.0013,0.0019,0.0056,0.006,0.0014,0.2499,Subject02,Incline,63.49
496,1320,0.016,0.0001,0.0022,0.0033,0.0104,38.8947,0.0013,0.0011,0.0017,0.0011,0.0013,0.0029,0.0073,0.0013,0.0013,0.0015,0.0031,0.0014,0.0018,0.0094,0.0065,0.0015,0.2499,Subject02,Incline,63.49
497,1335,0.016,0.0001,0.0022,0.0034,0.0103,35.3947,0.0013,0.0011,0.0017,0.0012,0.0018,0.0024,0.0071,0.0013,0.0013,0.0016,0.0032,0.0014,0.002,0.0109,0.0065,0.0015,0.2499,Subject02,Incline,63.49
498,1350,0.0177,0.0001,0.0023,0.0034,0.0118,35.8947,0.0015,0.0011,0.0017,0.0011,0.001,0.0026,0.0072,0.0014,0.0013,0.0016,0.0029,0.0019,0.0023,0.004,0.0053,0.0023,0.2499,Subject02,Incline,63.49
499,1365,0.019,0.0001,0.0022,0.006,0.0107,35.2281,0.0017,0.0013,0.0025,0.0019,0.0034,0.0016,0.0044,0.0018,0.0014,0.0012,0.0016,0.0014,0.0016,0.0072,0.0071,0.0016,0.2499,Subject02,Incline,63.49
500,1440,2.9978,0.0026,0.0405,1.4572,1.4975,39.1447,0.0066,0.004,0.0106,0.0177,0.0107,0.0277,0.0164,0.0198,0.0088,0.0051,0.013,0.0212,0.0144,0.0277,0.0227,0.0201,9.6217,Subject02,Incline,63.49
501,1455,3.2256,0.0027,0.0403,1.5519,1.6308,46.8947,0.0078,0.0041,0.0104,0.0182,0.0117,0.0268,0.0153,0.02,0.0083,0.0054,0.013,0.0223,0.0157,0.0268,0.0241,0.0215,9.6217,Subject02,Incline,63.49
502,1470,3.2015,0.0025,0.038,1.5171,1.6438,46.8947,0.0077,0.004,0.0103,0.0179,0.0122,0.0282,0.0177,0.0207,0.0087,0.005,0.0122,0.0235,0.0163,0.0245,0.0215,0.021,9.6217,Subject02,Incline,63.49
503,1485,3.1201,0.0027,0.0379,1.5252,1.5543,72.8947,0.0072,0.0037,0.0094,0.0165,0.0121,0.0268,0.0159,0.0172,0.0086,0.0048,0.0121,0.021,0.0176,0.0255,0.0213,0.0199,9.6217,Subject02,Incline,63.49
504,1500,3.0845,0.0023,0.0336,1.5013,1.5472,89.3947,0.0068,0.0038,0.0096,0.0172,0.0117,0.0243,0.0158,0.0201,0.0087,0.0051,0.0121,0.023,0.0157,0.0262,0.023,0.0222,9.6217,Subject02,Incline,63.49
505,1515,3.1383,0.0025,0.0352,1.5221,1.5785,88.3947,0.0072,0.0038,0.0098,0.017,0.0117,0.0281,0.0167,0.02,0.0087,0.0049,0.0125,0.0219,0.0151,0.0256,0.0211,0.0223,9.6217,Subject02,Incline,63.49
506,1530,3.07,0.0025,0.034,1.4885,1.545,87.2947,0.0067,0.0034,0.009,0.0164,0.0116,0.025,0.0155,0.0183,0.0078,0.0045,0.0116,0.0221,0.0155,0.0262,0.0223,0.0206,9.6217,Subject02,Incline,63.49
507,1545,3.0882,0.0027,0.0364,1.4772,1.5719,85.2281,0.0068,0.0035,0.0093,0.0161,0.0114,0.025,0.0157,0.018,0.0082,0.0046,0.0113,0.0213,0.0146,0.0239,0.0213,0.02,9.6217,Subject02,Incline,63.49
508,1560,3.0268,0.0025,0.034,1.4844,1.5059,83.6447,0.0068,0.0033,0.008,0.0157,0.0115,0.0274,0.0167,0.0177,0.0086,0.0044,0.0112,0.022,0.0157,0.0247,0.0208,0.0184,9.6217,Subject02,Incline,63.49
509,1575,2.9757,0.0025,0.0365,1.4683,1.4683,82.6447,0.0066,0.0033,0.0088,0.0153,0.0115,0.0254,0.0159,0.0177,0.0082,0.0042,0.0112,0.0227,0.0153,0.0242,0.021,0.0206,9.6217,Subject02,Incline,63.49
510,1590,2.9567,0.0029,0.0343,1.4405,1.479,83.1447,0.0064,0.0031,0.0087,0.0162,0.0112,0.0256,0.0152,0.0178,0.0075,0.004,0.0105,0.0208,0.0152,0.0269,0.022,0.0193,9.6217,Subject02,Incline,63.49
511,1605,3.0438,0.0024,0.0365,1.4819,1.523,84.1447,0.0065,0.0034,0.0089,0.0159,0.0118,0.0257,0.0158,0.0183,0.0083,0.0042,0.0104,0.0202,0.0148,0.0246,0.0224,0.0208,9.6217,Subject02,Incline,63.49
512,1620,2.8698,0.0028,0.0347,1.4228,1.4095,85.2947,0.0067,0.0032,0.0084,0.0157,0.0112,0.0282,0.0178,0.0184,0.0073,0.004,0.0111,0.0208,0.0141,0.0261,0.0225,0.0197,9.6217,Subject02,Incline,63.49
513,1635,3.0587,0.0033,0.0379,1.5058,1.5117,84.1447,0.0066,0.0033,0.009,0.0142,0.0117,0.0248,0.0162,0.0171,0.0075,0.0045,0.0114,0.0191,0.0151,0.0228,0.021,0.0188,9.6217,Subject02,Incline,63.49
514,1650,3.084,0.0031,0.0387,1.5079,1.5343,88.0947,0.0068,0.0031,0.0082,0.0154,0.0115,0.0236,0.0154,0.0171,0.0077,0.0043,0.0107,0.0189,0.0153,0.0263,0.0225,0.0195,9.6217,Subject02,Incline,63.49
515,1665,3.0319,0.003,0.0354,1.4567,1.5368,94.6447,0.0068,0.0033,0.0091,0.016,0.0116,0.0248,0.0157,0.0168,0.0079,0.0044,0.0106,0.0195,0.0153,0.0236,0.0213,0.0185,9.6217,Subject02,Incline,63.49
516,1680,2.9897,0.0029,0.0358,1.4269,1.5242,89.0947,0.0062,0.0033,0.0089,0.0147,0.0117,0.0246,0.0167,0.0172,0.0067,0.0044,0.0101,0.0188,0.0147,0.0238,0.0202,0.0182,9.6217,Subject02,Incline,63.49
517,1695,3.0373,0.0026,0.0335,1.5303,1.4708,87.1447,0.0064,0.0033,0.0085,0.0147,0.0112,0.0249,0.0155,0.0174,0.0081,0.0045,0.0107,0.0202,0.0146,0.0248,0.021,0.018,9.6217,Subject02,Incline,63.49
518,1710,3.071,0.0034,0.0417,1.4903,1.5358,85.8947,0.0061,0.0035,0.009,0.0138,0.0113,0.0238,0.0148,0.0182,0.0072,0.0044,0.0106,0.0176,0.0147,0.0236,0.0209,0.0193,9.6217,Subject02,Incline,63.49
519,1725,2.9751,0.0029,0.038,1.456,1.4783,87.6947,0.0068,0.0031,0.0091,0.0144,0.0113,0.0229,0.0154,0.0182,0.0073,0.0045,0.0103,0.018,0.0141,0.0244,0.0217,0.0188,9.6217,Subject02,Incline,63.49
520,1800,0.9852,0.0011,0.0174,0.4666,0.5,87.3947,0.0052,0.0022,0.005,0.009,0.0069,0.0224,0.011,0.0122,0.0061,0.0026,0.0063,0.0126,0.0086,0.0214,0.0143,0.0135,4.8842,Subject02,Incline,63.49
521,1815,1.0372,0.0012,0.0162,0.4888,0.531,76.6447,0.0048,0.0021,0.0052,0.009,0.0067,0.0224,0.0109,0.0115,0.0055,0.0026,0.0065,0.011,0.008,0.0201,0.0146,0.0128,4.8842,Subject02,Incline,63.49
522,1830,1.037,0.0014,0.0174,0.5079,0.5104,70.6447,0.0048,0.0021,0.0051,0.0088,0.0068,0.0212,0.0095,0.0119,0.0052,0.0025,0.0067,0.0113,0.0076,0.0207,0.0152,0.013,4.8842,Subject02,Incline,63.49
523,1845,0.9858,0.0015,0.0186,0.4725,0.4933,63.6947,0.0046,0.0021,0.0049,0.0088,0.0072,0.0224,0.011,0.0123,0.0054,0.0025,0.0067,0.0112,0.0075,0.0216,0.0162,0.0125,4.8842,Subject02,Incline,63.49
524,1860,1.0722,0.0015,0.0179,0.5293,0.5235,60.8947,0.0047,0.0021,0.0051,0.0077,0.0069,0.0185,0.0104,0.0124,0.0056,0.0026,0.0067,0.0106,0.008,0.0201,0.0143,0.0155,4.8842,Subject02,Incline,63.49
525,1875,1.0375,0.0015,0.0179,0.5024,0.5156,63.5614,0.0052,0.002,0.0045,0.0093,0.0064,0.0206,0.0104,0.0114,0.0056,0.0024,0.0065,0.0105,0.0092,0.0199,0.0151,0.0121,4.8842,Subject02,Incline,63.49
526,1890,0.9688,0.0014,0.0177,0.4864,0.4633,64.6447,0.0052,0.002,0.0047,0.0093,0.0064,0.022,0.0103,0.0113,0.0057,0.0027,0.0068,0.0091,0.0087,0.0201,0.0159,0.0124,4.8842,Subject02,Incline,63.49
527,1905,0.9993,0.0012,0.0153,0.5167,0.466,60.8947,0.0046,0.002,0.0048,0.0084,0.0065,0.0205,0.0105,0.0114,0.0056,0.0026,0.007,0.0093,0.0079,0.0196,0.0149,0.0126,4.8842,Subject02,Incline,63.49
528,1920,1.001,0.0015,0.0165,0.4943,0.4887,60.1447,0.0049,0.002,0.0047,0.009,0.006,0.022,0.0107,0.0109,0.0056,0.0024,0.0065,0.0099,0.0078,0.0187,0.0146,0.0123,4.8842,Subject02,Incline,63.49
529,1935,0.967,0.0015,0.0159,0.4616,0.4881,60.1447,0.0056,0.0022,0.0051,0.0091,0.0066,0.0196,0.0111,0.0109,0.0063,0.0025,0.0062,0.0112,0.0078,0.0181,0.0144,0.0152,4.8842,Subject02,Incline,63.49
530,1950,1.0756,0.0016,0.0182,0.5314,0.5244,60.3947,0.0058,0.0021,0.0047,0.0091,0.0071,0.0179,0.0103,0.0122,0.0062,0.0024,0.0062,0.0101,0.0081,0.0198,0.015,0.013,4.8842,Subject02,Incline,63.49
531,1965,1.0446,0.0015,0.0181,0.5126,0.5124,61.3947,0.005,0.0021,0.0048,0.0091,0.0072,0.0183,0.0094,0.0116,0.0063,0.0025,0.0066,0.0083,0.0094,0.0205,0.0159,0.0136,4.8842,Subject02,Incline,63.49
532,1980,1.0118,0.0013,0.0174,0.5257,0.4674,61.8947,0.0049,0.0021,0.0045,0.0093,0.0061,0.0206,0.0105,0.0109,0.0065,0.0026,0.0066,0.0091,0.0085,0.018,0.0155,0.014,4.8842,Subject02,Incline,63.49
533,1995,1.0314,0.0014,0.0163,0.5336,0.4801,59.3947,0.0052,0.002,0.0045,0.0098,0.0064,0.0204,0.0105,0.011,0.0061,0.0027,0.0071,0.0096,0.0084,0.0177,0.015,0.0131,4.8842,Subject02,Incline,63.49
534,2010,1.0195,0.0016,0.0182,0.4926,0.5071,57.3947,0.005,0.0021,0.0049,0.0086,0.0061,0.0197,0.0094,0.0111,0.0054,0.0025,0.0067,0.0079,0.0084,0.0195,0.0161,0.0125,4.8842,Subject02,Incline,63.49
535,2025,1.0318,0.0017,0.0171,0.5184,0.4945,57.8947,0.0053,0.0021,0.0051,0.0084,0.0067,0.0174,0.0099,0.0109,0.0058,0.0026,0.0071,0.0098,0.0079,0.0175,0.0146,0.0122,4.8842,Subject02,Incline,63.49
536,2040,1.0097,0.0016,0.0173,0.5185,0.4723,58.4947,0.0049,0.002,0.0051,0.0074,0.0063,0.0177,0.0105,0.0111,0.0056,0.0027,0.0075,0.0086,0.0076,0.0187,0.0156,0.0124,4.8842,Subject02,Incline,63.49
537,2055,0.9991,0.0015,0.0161,0.5121,0.4694,60.6447,0.0048,0.0021,0.0052,0.0071,0.0064,0.0173,0.0098,0.0112,0.0053,0.0027,0.0075,0.0079,0.0084,0.0186,0.015,0.0133,4.8842,Subject02,Incline,63.49
538,2070,0.9883,0.0016,0.0178,0.4817,0.4872,60.5614,0.0052,0.0022,0.0052,0.0092,0.0058,0.0197,0.011,0.0108,0.0054,0.0026,0.0072,0.0082,0.0079,0.0194,0.0164,0.0127,4.8842,Subject02,Incline,63.49
539,2085,1.0316,0.0013,0.0153,0.5016,0.5134,58.4947,0.0051,0.0021,0.0052,0.0086,0.0065,0.0177,0.0091,0.0107,0.0055,0.0025,0.0064,0.0087,0.0077,0.019,0.0158,0.0114,4.8842,Subject02,Incline,63.49
540,360,3.9182,0.0024,0.0849,1.83,2.0008,10.8026,0.0036,0.0023,0.0031,0.0077,0.0065,0.0215,0.0142,0.0153,0.0029,0.002,0.0026,0.0123,0.0079,0.0221,0.0156,0.0175,3.2756,Subject02,Running,63.49
541,375,4.3609,0.0025,0.0824,2.0869,2.1891,27.386,0.0033,0.0023,0.0036,0.0103,0.0066,0.0203,0.0139,0.017,0.003,0.0025,0.0035,0.011,0.0078,0.0208,0.018,0.0197,3.2756,Subject02,Running,63.49
542,390,4.4698,0.0029,0.0776,2.1943,2.195,35.0526,0.0034,0.0023,0.0037,0.0107,0.0069,0.0175,0.0132,0.0177,0.0026,0.0027,0.0033,0.0091,0.0072,0.0215,0.0187,0.0182,3.2756,Subject02,Running,63.49
543,405,4.4973,0.0026,0.0799,2.0999,2.3149,39.7193,0.0032,0.0023,0.0035,0.01,0.0061,0.0194,0.013,0.0155,0.003,0.003,0.0036,0.0092,0.0082,0.0194,0.0167,0.0195,3.2756,Subject02,Running,63.49
544,420,4.4777,0.0025,0.0773,2.1935,2.2043,37.8526,0.0033,0.0025,0.0037,0.0094,0.0069,0.0182,0.013,0.0188,0.0031,0.003,0.0035,0.0097,0.0079,0.0196,0.0163,0.0193,3.2756,Subject02,Running,63.49
545,435,4.4186,0.0024,0.0755,2.0855,2.2552,34.6526,0.0034,0.0023,0.0037,0.0088,0.0069,0.0197,0.0136,0.0186,0.0028,0.0025,0.0033,0.0092,0.0073,0.0194,0.0159,0.0177,3.2756,Subject02,Running,63.49
546,450,4.4306,0.0024,0.0728,2.1563,2.1991,25.8026,0.0034,0.0025,0.0038,0.0085,0.0064,0.017,0.0119,0.0183,0.0029,0.0028,0.0035,0.0101,0.0069,0.0188,0.016,0.017,3.2756,Subject02,Running,63.49
547,465,4.443,0.0026,0.0745,2.1603,2.2056,20.0526,0.0033,0.0024,0.0039,0.0091,0.0065,0.0178,0.0126,0.0193,0.0027,0.0029,0.0034,0.0087,0.0064,0.0179,0.0148,0.0162,3.2756,Subject02,Running,63.49
548,480,4.5002,0.0023,0.0722,2.1207,2.305,19.8526,0.0032,0.0023,0.0037,0.0076,0.0061,0.0175,0.0124,0.0177,0.0029,0.0027,0.0035,0.0099,0.0078,0.0171,0.0152,0.0169,3.2756,Subject02,Running,63.49
549,495,4.4615,0.0025,0.0737,2.1903,2.195,17.5526,0.0031,0.0022,0.0037,0.0075,0.0062,0.0162,0.0121,0.0168,0.0027,0.0024,0.0032,0.0089,0.0065,0.0201,0.0156,0.0166,3.2756,Subject02,Running,63.49
550,510,4.4675,0.0024,0.0709,2.1216,2.2726,14.0526,0.0033,0.0025,0.0038,0.0094,0.0057,0.0182,0.0122,0.0168,0.0031,0.0028,0.0034,0.0104,0.0063,0.0177,0.0146,0.0176,3.2756,Subject02,Running,63.49
551,525,4.4196,0.0025,0.0727,2.1139,2.2306,17.0526,0.003,0.0021,0.0034,0.0073,0.0058,0.0168,0.0121,0.0173,0.0028,0.0027,0.0032,0.0087,0.0065,0.0192,0.0143,0.0174,3.2756,Subject02,Running,63.49
552,540,4.445,0.0024,0.0717,2.1763,2.1947,18.8526,0.0033,0.0022,0.0035,0.0079,0.0061,0.0152,0.0114,0.0175,0.0026,0.0024,0.0031,0.0076,0.0065,0.0182,0.0138,0.0147,3.2756,Subject02,Running,63.49
553,555,4.4481,0.0024,0.0718,2.1028,2.2712,19.886,0.0032,0.0023,0.0035,0.0081,0.0056,0.017,0.0125,0.017,0.003,0.0025,0.0032,0.0095,0.0065,0.0184,0.0149,0.0174,3.2756,Subject02,Running,63.49
554,570,4.3908,0.0026,0.0693,2.1103,2.2086,19.2526,0.003,0.0024,0.0036,0.0075,0.0061,0.0166,0.012,0.018,0.0029,0.0025,0.0033,0.0083,0.0061,0.0186,0.0141,0.0171,3.2756,Subject02,Running,63.49
555,585,4.466,0.0025,0.0662,2.1995,2.1978,15.2526,0.0032,0.0024,0.0037,0.0087,0.0061,0.0164,0.0116,0.017,0.0028,0.0029,0.0036,0.0076,0.0058,0.0182,0.0152,0.0173,3.2756,Subject02,Running,63.49
556,600,4.417,0.0024,0.0688,2.1007,2.245,19.0526,0.0034,0.0024,0.0036,0.0085,0.0058,0.0167,0.012,0.0171,0.0028,0.0026,0.0033,0.0093,0.0063,0.0187,0.0144,0.0166,3.2756,Subject02,Running,63.49
557,615,4.4512,0.0028,0.0713,2.1383,2.2389,18.8526,0.003,0.0024,0.0037,0.0074,0.0055,0.0161,0.0117,0.018,0.0028,0.0027,0.0035,0.0077,0.0058,0.0163,0.014,0.0173,3.2756,Subject02,Running,63.49
558,630,4.4316,0.0027,0.0655,2.1868,2.1766,26.0526,0.0032,0.0022,0.0036,0.0063,0.006,0.0152,0.0112,0.0173,0.0027,0.003,0.0033,0.0071,0.0056,0.0184,0.0158,0.017,3.2756,Subject02,Running,63.49
559,645,4.3909,0.0024,0.0714,2.1118,2.2052,29.8526,0.0034,0.0023,0.0037,0.007,0.0057,0.0164,0.0121,0.017,0.0029,0.0027,0.0034,0.0083,0.0066,0.0168,0.0145,0.0176,3.2756,Subject02,Running,63.49
560,720,7.058,0.009,0.2353,3.3829,3.4308,18.0526,0.0114,0.006,0.0115,0.0246,0.0179,0.0346,0.0217,0.0199,0.0118,0.0088,0.01,0.018,0.0191,0.0317,0.0231,0.022,9.9736,Subject02,Running,63.49
561,735,8.3507,0.0141,0.3207,3.7496,4.2662,36.0526,0.0117,0.0065,0.0129,0.0241,0.0184,0.0349,0.0212,0.0192,0.0145,0.0103,0.0117,0.0175,0.0185,0.0321,0.0247,0.0184,9.9736,Subject02,Running,63.49
562,750,8.2739,0.0149,0.3211,3.8471,4.0908,36.0526,0.0112,0.0066,0.0131,0.0212,0.0186,0.036,0.022,0.0195,0.013,0.0092,0.0105,0.0166,0.019,0.0321,0.0231,0.0198,9.9736,Subject02,Running,63.49
563,765,8.2653,0.0158,0.3531,3.7852,4.1113,36.0526,0.011,0.0064,0.012,0.0211,0.0178,0.0349,0.0217,0.0192,0.0115,0.0095,0.0112,0.0165,0.0166,0.0342,0.0236,0.0204,9.9736,Subject02,Running,63.49
564,780,8.1975,0.015,0.3534,3.797,4.032,70.0526,0.0106,0.0064,0.0126,0.0221,0.0168,0.0357,0.0225,0.0185,0.0117,0.0093,0.0108,0.0157,0.0168,0.033,0.0231,0.0195,9.9736,Subject02,Running,63.49
565,795,8.3479,0.0145,0.3571,3.7842,4.192,71.6526,0.0104,0.0063,0.0122,0.0197,0.0171,0.036,0.0223,0.0188,0.0125,0.0084,0.0109,0.0167,0.0159,0.0293,0.022,0.0187,9.9736,Subject02,Running,63.49
566,810,8.0666,0.0156,0.3156,3.7231,4.0123,72.8526,0.0096,0.006,0.0127,0.0197,0.0165,0.036,0.0225,0.0191,0.0104,0.0094,0.0112,0.0154,0.0151,0.0319,0.0233,0.0202,9.9736,Subject02,Running,63.49
567,825,8.2905,0.0151,0.3592,3.8632,4.053,77.0526,0.0102,0.0063,0.0127,0.0194,0.0168,0.0362,0.0231,0.0172,0.0107,0.0096,0.0108,0.0153,0.0149,0.0306,0.0228,0.0195,9.9736,Subject02,Running,63.49
568,840,8.2178,0.0167,0.337,3.7304,4.1337,71.2526,0.0092,0.0063,0.0123,0.0202,0.0134,0.0341,0.0201,0.0181,0.0114,0.0089,0.0108,0.0151,0.0144,0.0314,0.024,0.0188,9.9736,Subject02,Running,63.49
569,855,8.3123,0.0161,0.3681,3.8596,4.0685,71.0526,0.0087,0.0063,0.0131,0.0198,0.0152,0.0361,0.0222,0.0188,0.0112,0.0089,0.0102,0.0152,0.0146,0.032,0.0212,0.0192,9.9736,Subject02,Running,63.49
570,870,8.575,0.0176,0.3745,3.9231,4.2599,74.7193,0.0086,0.0057,0.0119,0.0182,0.0146,0.0322,0.0204,0.0185,0.0114,0.009,0.0105,0.0155,0.0137,0.028,0.0221,0.0164,9.9736,Subject02,Running,63.49
571,885,8.3917,0.0171,0.3568,3.7996,4.2181,73.8026,0.009,0.0064,0.0127,0.0178,0.0156,0.0351,0.0206,0.0181,0.0113,0.0097,0.0108,0.0156,0.0155,0.0307,0.0218,0.0177,9.9736,Subject02,Running,63.49
572,900,8.3399,0.0186,0.3473,3.8257,4.1483,72.6526,0.0095,0.0061,0.0126,0.0205,0.015,0.0338,0.0209,0.0191,0.0107,0.0092,0.0107,0.016,0.0147,0.0299,0.0205,0.0174,9.9736,Subject02,Running,63.49
573,915,8.6306,0.0187,0.3796,3.9164,4.3159,77.7193,0.0087,0.0062,0.0118,0.0183,0.0145,0.0312,0.0191,0.0168,0.0109,0.0093,0.0104,0.0154,0.0147,0.0285,0.0203,0.016,9.9736,Subject02,Running,63.49
574,930,8.4861,0.0179,0.3576,3.9049,4.2058,79.0526,0.009,0.0064,0.0126,0.0176,0.0149,0.034,0.0209,0.0169,0.0103,0.0082,0.0096,0.0156,0.0145,0.0292,0.0207,0.0171,9.9736,Subject02,Running,63.49
575,945,8.8862,0.0194,0.3917,4.0406,4.4345,82.5526,0.0095,0.0064,0.0124,0.0199,0.0164,0.0316,0.0189,0.0169,0.0117,0.0092,0.0103,0.0151,0.0144,0.027,0.0218,0.0156,9.9736,Subject02,Running,63.49
576,960,8.9613,0.0185,0.396,4.0678,4.4789,82.0526,0.009,0.0063,0.0121,0.0178,0.0146,0.0323,0.0186,0.0161,0.0099,0.0082,0.0097,0.0151,0.0154,0.0281,0.0208,0.0159,9.9736,Subject02,Running,63.49
577,975,8.3133,0.0163,0.2903,3.8673,4.1394,80.8026,0.0106,0.0077,0.014,0.0216,0.0187,0.0468,0.0215,0.0254,0.0107,0.0118,0.0112,0.0176,0.0189,0.0307,0.0251,0.0306,9.9736,Subject02,Running,63.49
578,990,9.2394,0.017,0.4344,4.2403,4.5477,83.886,0.0092,0.0073,0.0127,0.021,0.0188,0.0324,0.0196,0.0183,0.0097,0.0094,0.0107,0.0164,0.0144,0.0292,0.0211,0.0173,9.9736,Subject02,Running,63.49
579,1005,8.891,0.0184,0.4042,3.988,4.4805,86.886,0.0091,0.0063,0.0127,0.018,0.0152,0.0355,0.0197,0.017,0.0096,0.0091,0.0105,0.0147,0.0142,0.0279,0.0216,0.0168,9.9736,Subject02,Running,63.49
580,1080,12.2115,0.0261,0.5364,5.6476,6.0014,90.6241,0.0105,0.008,0.0133,0.0228,0.017,0.0361,0.0199,0.0172,0.0106,0.0104,0.0102,0.0178,0.0182,0.0279,0.0214,0.0174,13.3416,Subject02,Running,63.49
581,1095,12.636,0.0275,0.6209,5.8898,6.0977,91.2193,0.01,0.0078,0.0123,0.0218,0.0189,0.0352,0.0198,0.0185,0.0097,0.0107,0.0105,0.0185,0.0178,0.029,0.0197,0.0181,13.3416,Subject02,Running,63.49
582,1110,12.6382,0.0302,0.6654,5.7737,6.1689,94.1955,0.0099,0.0083,0.0133,0.021,0.0179,0.0353,0.0204,0.0169,0.0092,0.0102,0.0106,0.0179,0.0167,0.0268,0.0201,0.0165,13.3416,Subject02,Running,63.49
583,1125,12.8691,0.0291,0.6748,5.8202,6.345,93.2193,0.0087,0.0079,0.0121,0.0203,0.0173,0.0349,0.0203,0.0177,0.0094,0.0106,0.0101,0.0189,0.0186,0.0274,0.0189,0.0144,13.3416,Subject02,Running,63.49
584,1140,13.0391,0.0321,0.7172,5.8477,6.4421,97.386,0.009,0.0079,0.0121,0.0212,0.0168,0.0333,0.0189,0.0167,0.01,0.0103,0.0111,0.0165,0.0171,0.0289,0.0207,0.0138,13.3416,Subject02,Running,63.49
585,1155,12.6847,0.033,0.7338,5.8434,6.0744,94.7669,0.0092,0.008,0.0123,0.0201,0.0171,0.0344,0.0203,0.0161,0.0101,0.0102,0.01,0.0172,0.0168,0.0285,0.0192,0.0152,13.3416,Subject02,Running,63.49
586,1170,13.0379,0.0335,0.8064,5.8968,6.3011,94.9098,0.0092,0.0075,0.0122,0.0205,0.0161,0.0345,0.0196,0.0158,0.0092,0.0095,0.0097,0.0172,0.0164,0.0284,0.0183,0.0141,13.3416,Subject02,Running,63.49
587,1185,13.1847,0.0328,0.8346,5.9119,6.4053,96.3026,0.0081,0.008,0.0118,0.0199,0.0154,0.0329,0.0198,0.0154,0.0095,0.0102,0.0101,0.0165,0.0165,0.0301,0.0196,0.0142,13.3416,Subject02,Running,63.49
588,1200,13.2029,0.033,0.7877,6.0447,6.3375,91.2749,0.009,0.0081,0.0122,0.023,0.016,0.0334,0.0195,0.0172,0.0089,0.0099,0.0098,0.0163,0.0174,0.0294,0.0197,0.0164,13.3416,Subject02,Running,63.49
589,1215,13.0287,0.0298,0.8299,5.867,6.302,89.7669,0.0088,0.0083,0.0127,0.0212,0.0174,0.037,0.0193,0.0171,0.0091,0.0112,0.0107,0.0162,0.0175,0.0289,0.0207,0.0165,13.3416,Subject02,Running,63.49
590,1230,13.3498,0.0308,0.9026,5.979,6.4374,96.4276,0.009,0.0084,0.0122,0.0217,0.0184,0.035,0.0193,0.0167,0.0096,0.0102,0.0099,0.0171,0.0186,0.0286,0.0191,0.0143,13.3416,Subject02,Running,63.49
591,1245,13.3728,0.032,0.9069,5.9746,6.4593,96.0526,0.009,0.008,0.0125,0.0207,0.0166,0.0342,0.0201,0.0159,0.0097,0.01,0.0099,0.0168,0.0184,0.0297,0.0204,0.0143,13.3416,Subject02,Running,63.49
592,1260,13.3576,0.0315,0.8793,5.9264,6.5203,98.0526,0.0085,0.008,0.0124,0.0208,0.0168,0.0344,0.0188,0.0162,0.0097,0.0104,0.0103,0.0168,0.0177,0.0305,0.0197,0.0139,13.3416,Subject02,Running,63.49
593,1275,13.0447,0.0326,0.6751,5.9189,6.418,97.6082,0.0097,0.0077,0.0123,0.0205,0.0171,0.0375,0.0197,0.018,0.0097,0.0103,0.0105,0.016,0.0178,0.0293,0.0195,0.0156,13.3416,Subject02,Running,63.49
594,1290,12.8139,0.0311,0.6017,5.8375,6.3435,96.0526,0.0085,0.0082,0.0129,0.0206,0.0173,0.0369,0.0197,0.0166,0.0104,0.0099,0.0097,0.0167,0.0193,0.03,0.0203,0.0148,13.3416,Subject02,Running,63.49
595,1305,13.2026,0.0327,0.8362,5.9982,6.3355,98.2526,0.0083,0.0083,0.013,0.0204,0.0166,0.0355,0.02,0.0158,0.0094,0.0098,0.0105,0.0169,0.0176,0.029,0.0205,0.0141,13.3416,Subject02,Running,63.49
596,1320,13.607,0.0334,0.8889,6.1293,6.5554,99.6776,0.0083,0.0083,0.0121,0.0201,0.0177,0.0343,0.0202,0.0157,0.0096,0.0103,0.0101,0.0164,0.0192,0.029,0.0193,0.0132,13.3416,Subject02,Running,63.49
597,1335,13.7913,0.0344,1.0226,6.1276,6.6067,96.6241,0.0093,0.0082,0.0124,0.021,0.0167,0.0353,0.0206,0.0166,0.0091,0.0102,0.0098,0.0163,0.0188,0.0288,0.0197,0.0147,13.3416,Subject02,Running,63.49
598,1350,13.7275,0.0347,1.0735,6.0538,6.5656,97.386,0.0087,0.0077,0.0123,0.02,0.0162,0.0336,0.0198,0.0154,0.0091,0.0105,0.0099,0.0161,0.0182,0.0291,0.0198,0.0145,13.3416,Subject02,Running,63.49
599,1365,14.2358,0.0349,1.116,6.2144,6.8706,98.0526,0.0087,0.0087,0.0119,0.0205,0.0158,0.0335,0.0201,0.0166,0.0096,0.0111,0.0104,0.0167,0.0185,0.0299,0.0203,0.0149,13.3416,Subject02,Running,63.49
600,1440,8.7277,0.0208,0.586,3.8677,4.2532,94.1955,0.0075,0.0053,0.01,0.0153,0.0148,0.0307,0.0177,0.0154,0.0091,0.0074,0.0085,0.0134,0.0156,0.0265,0.0192,0.0148,9.7279,Subject02,Running,63.49
601,1455,6.8258,0.019,0.4805,3.0301,3.2963,88.2193,0.0069,0.0051,0.0112,0.0146,0.0122,0.0326,0.0183,0.0148,0.0076,0.0067,0.008,0.0121,0.0115,0.025,0.0183,0.0163,9.7279,Subject02,Running,63.49
602,1470,6.9284,0.0171,0.5367,3.0269,3.3477,87.2526,0.0066,0.005,0.0106,0.0137,0.0123,0.0313,0.0178,0.0149,0.0077,0.0066,0.0082,0.0119,0.0117,0.0244,0.0189,0.0146,9.7279,Subject02,Running,63.49
603,1485,6.8196,0.0168,0.4961,3.0573,3.2495,84.7193,0.007,0.0051,0.0113,0.0139,0.0116,0.0326,0.0192,0.0152,0.0071,0.0072,0.0084,0.0121,0.0103,0.0242,0.0191,0.0158,9.7279,Subject02,Running,63.49
604,1500,6.8877,0.0177,0.4977,3.0513,3.3211,80.386,0.007,0.005,0.0107,0.0133,0.0115,0.032,0.0177,0.0156,0.0077,0.0071,0.0084,0.0126,0.0121,0.0261,0.0189,0.0144,9.7279,Subject02,Running,63.49
605,1515,7.0448,0.0175,0.4979,3.163,3.3664,80.3383,0.007,0.0048,0.0105,0.0147,0.0119,0.0329,0.019,0.0138,0.0074,0.0067,0.0081,0.012,0.0113,0.0258,0.0178,0.0153,9.7279,Subject02,Running,63.49
606,1530,6.9755,0.0165,0.4683,3.0689,3.4218,78.0526,0.0073,0.0049,0.0106,0.0141,0.0116,0.0339,0.0181,0.0147,0.0079,0.0071,0.0088,0.0126,0.0124,0.0277,0.0189,0.0151,9.7279,Subject02,Running,63.49
607,1545,6.9863,0.0178,0.5135,3.0838,3.3713,81.2526,0.0066,0.005,0.011,0.0141,0.0116,0.0325,0.0189,0.0139,0.007,0.007,0.0083,0.0122,0.0107,0.0248,0.0171,0.0143,9.7279,Subject02,Running,63.49
608,1560,6.9207,0.0179,0.4614,3.0378,3.4035,79.1776,0.007,0.0051,0.0108,0.014,0.0121,0.0318,0.0176,0.0146,0.0081,0.0073,0.0086,0.0124,0.0108,0.026,0.0187,0.0145,9.7279,Subject02,Running,63.49
609,1575,7.0293,0.0159,0.5069,3.2062,3.3003,81.1955,0.0078,0.0054,0.0113,0.0143,0.0124,0.0342,0.0187,0.0138,0.0085,0.0068,0.0083,0.0123,0.0122,0.0256,0.0186,0.0147,9.7279,Subject02,Running,63.49
610,1590,7.1095,0.0177,0.6012,3.1035,3.3871,79.6241,0.0067,0.0051,0.011,0.014,0.0116,0.0333,0.0181,0.0132,0.0079,0.0071,0.0085,0.0118,0.011,0.0256,0.0192,0.0141,9.7279,Subject02,Running,63.49
611,1605,6.9372,0.016,0.4784,3.1698,3.2731,78.5526,0.0079,0.0056,0.0118,0.0144,0.0129,0.0348,0.0186,0.014,0.0077,0.0075,0.0083,0.0123,0.012,0.0256,0.0185,0.0148,9.7279,Subject02,Running,63.49
612,1620,7.2405,0.016,0.5533,3.1293,3.5419,82.6526,0.0075,0.0054,0.0111,0.0147,0.0128,0.0351,0.018,0.0148,0.0083,0.0072,0.0087,0.0129,0.0129,0.0279,0.0181,0.0134,9.7279,Subject02,Running,63.49
613,1635,7.3096,0.0164,0.6143,3.2151,3.4638,79.0526,0.0071,0.0053,0.0112,0.0147,0.0131,0.0335,0.0184,0.0132,0.0079,0.0071,0.0086,0.0122,0.0123,0.0257,0.0174,0.0131,9.7279,Subject02,Running,63.49
614,1650,7.373,0.0179,0.5523,3.1751,3.6276,79.7193,0.0067,0.0051,0.0108,0.0143,0.0137,0.033,0.018,0.0125,0.0073,0.0067,0.0082,0.0119,0.0132,0.0261,0.0181,0.0119,9.7279,Subject02,Running,63.49
615,1665,7.2382,0.0178,0.4896,3.2228,3.508,78.7193,0.0075,0.005,0.0113,0.0149,0.0139,0.0333,0.0183,0.0134,0.0084,0.007,0.0085,0.0123,0.013,0.027,0.0179,0.0126,9.7279,Subject02,Running,63.49
616,1680,7.3823,0.0158,0.5199,3.3263,3.5203,74.386,0.0076,0.0056,0.0119,0.015,0.0137,0.0358,0.0187,0.0141,0.0085,0.0069,0.0083,0.0125,0.0137,0.0263,0.0168,0.0129,9.7279,Subject02,Running,63.49
617,1695,7.2341,0.0171,0.5354,3.1408,3.5409,79.0526,0.007,0.0052,0.0111,0.0153,0.0122,0.0332,0.0179,0.0135,0.0077,0.0073,0.0086,0.0122,0.0132,0.0259,0.0176,0.0124,9.7279,Subject02,Running,63.49
618,1710,7.1156,0.0176,0.4692,3.2114,3.4174,82.6776,0.0073,0.0057,0.0116,0.0147,0.0129,0.0361,0.0178,0.0134,0.0077,0.0071,0.0086,0.0122,0.0142,0.0273,0.0192,0.0135,9.7279,Subject02,Running,63.49
619,1725,7.0714,0.0177,0.487,3.1996,3.367,80.9098,0.0074,0.0056,0.0117,0.0143,0.012,0.036,0.018,0.0138,0.0075,0.0071,0.0084,0.0117,0.011,0.0261,0.0181,0.0139,9.7279,Subject02,Running,63.49
620,360,0.1921,0.0007,0.0164,0.089,0.086,8.8162,0.0177,0.0081,0.0207,0.0224,0.0126,0.031,0.0307,0.0313,0.0089,0.0065,0.0132,0.0125,0.0138,0.0466,0.0413,0.03,4.4224,Subject02,Stairs,63.49
621,375,0.2246,0.0005,0.0159,0.1147,0.0935,20.0162,0.0187,0.006,0.0175,0.0231,0.0141,0.048,0.0339,0.0322,0.0107,0.0077,0.0192,0.0201,0.0153,0.043,0.0352,0.0332,4.4224,Subject02,Stairs,63.49
622,390,0.1791,0.0005,0.0148,0.0901,0.0737,27.2162,0.017,0.0059,0.0187,0.0213,0.0148,0.043,0.034,0.0371,0.0109,0.0073,0.018,0.0167,0.0135,0.0458,0.0425,0.0271,4.4224,Subject02,Stairs,63.49
623,405,0.2154,0.0006,0.0173,0.102,0.0955,33.2162,0.0216,0.0065,0.0218,0.0207,0.0142,0.0441,0.0389,0.029,0.0084,0.0066,0.0165,0.0132,0.0125,0.0458,0.0366,0.0247,4.4224,Subject02,Stairs,63.49
624,420,0.183,0.0005,0.0149,0.0979,0.0697,31.8162,0.0219,0.0047,0.0155,0.0204,0.0121,0.0454,0.0345,0.0267,0.0085,0.0062,0.0163,0.0135,0.0134,0.0389,0.0327,0.0263,4.4224,Subject02,Stairs,63.49
625,435,0.1947,0.0005,0.0136,0.1112,0.0695,31.2162,0.0239,0.005,0.0157,0.0165,0.0117,0.0433,0.0284,0.0223,0.0091,0.0068,0.0188,0.014,0.0141,0.0386,0.0309,0.0229,4.4224,Subject02,Stairs,63.49
626,450,0.2018,0.0005,0.0158,0.0895,0.096,33.0162,0.0255,0.0052,0.0177,0.0174,0.0127,0.0365,0.0298,0.0288,0.0086,0.0052,0.015,0.0133,0.0131,0.0474,0.0367,0.022,4.4224,Subject02,Stairs,63.49
627,465,0.2606,0.0007,0.019,0.1276,0.1132,28.2162,0.0263,0.0052,0.0174,0.0189,0.011,0.0424,0.0355,0.0233,0.0088,0.0066,0.018,0.0149,0.0139,0.0327,0.0291,0.0286,4.4224,Subject02,Stairs,63.49
628,480,0.2062,0.0005,0.0147,0.1096,0.0813,26.7162,0.0332,0.0043,0.0142,0.0192,0.0121,0.0425,0.0304,0.0272,0.0097,0.0062,0.0183,0.0134,0.0125,0.0367,0.0334,0.0213,4.4224,Subject02,Stairs,63.49
629,495,0.2035,0.0006,0.0158,0.1011,0.086,27.9662,0.0366,0.0054,0.0184,0.0177,0.0118,0.0397,0.0319,0.022,0.0076,0.0052,0.0143,0.0107,0.0115,0.0327,0.0292,0.0224,4.4224,Subject02,Stairs,63.49
630,510,0.2044,0.0008,0.0178,0.1182,0.0677,28.4662,0.0479,0.0045,0.0148,0.0164,0.011,0.0424,0.0286,0.0181,0.0075,0.0049,0.014,0.0121,0.0118,0.0348,0.0283,0.0267,4.4224,Subject02,Stairs,63.49
631,525,0.2023,0.0006,0.0163,0.1099,0.0755,30.4162,0.0478,0.0042,0.0138,0.0149,0.0111,0.0351,0.0291,0.0216,0.009,0.0066,0.0186,0.0124,0.0113,0.0421,0.0336,0.0198,4.4224,Subject02,Stairs,63.49
632,540,0.2454,0.0007,0.0176,0.1171,0.1101,30.8829,0.0512,0.0048,0.0167,0.0166,0.0106,0.0384,0.0308,0.023,0.0081,0.0055,0.0141,0.013,0.0111,0.0405,0.0296,0.0261,4.4224,Subject02,Stairs,63.49
633,555,0.2787,0.0008,0.0205,0.1466,0.1108,30.2162,0.0361,0.0064,0.0173,0.0191,0.0134,0.0495,0.0282,0.0298,0.0093,0.0069,0.0176,0.0132,0.0174,0.0227,0.0259,0.0293,4.4224,Subject02,Stairs,63.49
634,570,0.1822,0.0006,0.0148,0.0917,0.0752,29.4662,0.0393,0.0055,0.0183,0.0169,0.0126,0.0347,0.0299,0.0224,0.0082,0.0056,0.0151,0.011,0.0151,0.0379,0.0351,0.0254,4.4224,Subject02,Stairs,63.49
635,585,0.2275,0.0006,0.0162,0.0909,0.1197,27.6162,0.0321,0.0051,0.0171,0.0147,0.0108,0.0324,0.032,0.0243,0.0089,0.0062,0.0183,0.014,0.0133,0.0459,0.036,0.0249,4.4224,Subject02,Stairs,63.49
636,600,0.1916,0.0006,0.0157,0.1095,0.0658,31.2162,0.0335,0.0044,0.0143,0.0157,0.0092,0.044,0.0297,0.0219,0.0073,0.0054,0.015,0.0115,0.0124,0.0397,0.0309,0.0265,4.4224,Subject02,Stairs,63.49
637,615,0.2033,0.0006,0.0147,0.1116,0.0764,36.4662,0.0388,0.0045,0.0161,0.013,0.012,0.0355,0.0257,0.0247,0.0082,0.0072,0.0185,0.01,0.0115,0.0396,0.0321,0.0229,4.4224,Subject02,Stairs,63.49
638,630,0.2102,0.0006,0.0161,0.1007,0.0928,36.7162,0.0425,0.0047,0.0176,0.0149,0.0111,0.0338,0.0316,0.0198,0.0073,0.0054,0.0138,0.01,0.0108,0.0373,0.0275,0.0224,4.4224,Subject02,Stairs,63.49
639,645,0.2153,0.0006,0.0167,0.0969,0.101,36.4162,0.0309,0.0047,0.0149,0.0147,0.0108,0.0466,0.035,0.0271,0.0076,0.0062,0.0171,0.011,0.0125,0.0321,0.0229,0.0236,4.4224,Subject02,Stairs,63.49
640,720,0.3128,0.0007,0.0203,0.1413,0.1504,30.4162,0.026,0.0059,0.0221,0.0173,0.0132,0.0412,0.0372,0.0238,0.0095,0.0075,0.0206,0.0115,0.0136,0.0435,0.0369,0.0223,5.8041,Subject02,Stairs,63.49
641,735,0.2987,0.0007,0.0205,0.1579,0.1197,34.2162,0.0247,0.0047,0.0167,0.0169,0.011,0.045,0.0357,0.0252,0.0105,0.0079,0.0221,0.0132,0.015,0.0427,0.0401,0.0235,5.8041,Subject02,Stairs,63.49
642,750,0.3277,0.0008,0.0221,0.1479,0.1569,39.6162,0.0277,0.0058,0.0214,0.014,0.0125,0.0379,0.0354,0.0232,0.009,0.0068,0.0185,0.0112,0.0126,0.0448,0.0375,0.0234,5.8041,Subject02,Stairs,63.49
643,765,0.3512,0.001,0.0246,0.1968,0.1288,40.4662,0.0363,0.0049,0.0168,0.0153,0.014,0.0407,0.0356,0.0241,0.0107,0.008,0.0215,0.012,0.0131,0.0358,0.0338,0.0229,5.8041,Subject02,Stairs,63.49
644,780,0.3061,0.0009,0.0233,0.1391,0.1428,39.2162,0.0309,0.0046,0.0174,0.0161,0.0138,0.0383,0.0355,0.023,0.009,0.006,0.0172,0.011,0.0119,0.0425,0.0284,0.0214,5.8041,Subject02,Stairs,63.49
645,795,0.2494,0.0008,0.0211,0.1208,0.1066,39.7162,0.0337,0.0049,0.0164,0.0168,0.0142,0.0508,0.0493,0.0282,0.0107,0.0072,0.0199,0.0146,0.0131,0.0417,0.0365,0.0239,5.8041,Subject02,Stairs,63.49
646,810,0.3081,0.0008,0.0208,0.1575,0.129,39.7162,0.0284,0.0052,0.0187,0.0126,0.015,0.035,0.0335,0.029,0.0103,0.0078,0.0213,0.0106,0.0128,0.0493,0.0423,0.0214,5.8041,Subject02,Stairs,63.49
647,825,0.3612,0.0011,0.0245,0.1806,0.1549,40.8162,0.0359,0.0053,0.0184,0.0153,0.0126,0.0413,0.0433,0.0203,0.0094,0.0077,0.0218,0.0112,0.0152,0.038,0.0337,0.0241,5.8041,Subject02,Stairs,63.49
648,840,0.2949,0.0008,0.0227,0.1603,0.1112,45.8162,0.0335,0.0051,0.0176,0.0177,0.0144,0.0398,0.0329,0.0258,0.0108,0.0066,0.0185,0.0113,0.0143,0.0469,0.0407,0.0231,5.8041,Subject02,Stairs,63.49
649,855,0.2941,0.0008,0.0245,0.1393,0.1294,48.2162,0.0326,0.0052,0.0185,0.0193,0.0132,0.0489,0.0403,0.0227,0.0091,0.0068,0.0184,0.0117,0.015,0.0434,0.0388,0.0264,5.8041,Subject02,Stairs,63.49
650,870,0.2592,0.0006,0.0201,0.1419,0.0965,43.7162,0.025,0.0058,0.0183,0.0199,0.0163,0.0517,0.0467,0.0281,0.0109,0.0088,0.0214,0.0137,0.014,0.0495,0.0477,0.0276,5.8041,Subject02,Stairs,63.49
651,885,0.3078,0.0008,0.0241,0.1383,0.1446,39.9662,0.0335,0.0062,0.0209,0.017,0.0156,0.0478,0.0424,0.0266,0.0094,0.0074,0.0186,0.0105,0.014,0.05,0.0423,0.025,5.8041,Subject02,Stairs,63.49
652,900,0.3203,0.0008,0.0223,0.1674,0.1299,40.2162,0.0256,0.0048,0.0156,0.0148,0.0129,0.0395,0.0355,0.0251,0.0102,0.008,0.022,0.0107,0.0138,0.0442,0.0386,0.0235,5.8041,Subject02,Stairs,63.49
653,915,0.3153,0.0009,0.023,0.1352,0.1561,41.8162,0.0222,0.0051,0.0183,0.0164,0.013,0.0425,0.036,0.0204,0.0093,0.0061,0.0167,0.0122,0.0135,0.0447,0.0343,0.025,5.8041,Subject02,Stairs,63.49
654,930,0.3066,0.001,0.0241,0.1654,0.1161,41.8162,0.0234,0.0045,0.0149,0.0154,0.0141,0.041,0.0355,0.0245,0.0116,0.0077,0.0207,0.0105,0.0129,0.0381,0.0313,0.0225,5.8041,Subject02,Stairs,63.49
655,945,0.2791,0.0008,0.0224,0.1364,0.1196,42.4662,0.0253,0.0055,0.0197,0.0147,0.0143,0.0421,0.0367,0.0221,0.0112,0.0066,0.0184,0.0114,0.0144,0.051,0.038,0.0223,5.8041,Subject02,Stairs,63.49
656,960,0.3109,0.0009,0.0225,0.1447,0.1427,42.6162,0.0288,0.0044,0.0154,0.0153,0.0119,0.0412,0.0399,0.0191,0.0099,0.0074,0.0205,0.0099,0.0132,0.0411,0.0343,0.0233,5.8041,Subject02,Stairs,63.49
657,975,0.3227,0.0008,0.0215,0.1927,0.1077,44.4162,0.0325,0.0047,0.0175,0.0158,0.0142,0.0404,0.0346,0.0211,0.0117,0.0062,0.0179,0.0106,0.0146,0.0539,0.0381,0.0238,5.8041,Subject02,Stairs,63.49
658,990,0.3299,0.001,0.026,0.1501,0.1527,44.4662,0.0284,0.0048,0.0163,0.016,0.0145,0.0447,0.0377,0.0227,0.0114,0.0072,0.0198,0.0123,0.0155,0.0399,0.0324,0.0252,5.8041,Subject02,Stairs,63.49
659,1005,0.3154,0.001,0.0225,0.1662,0.1257,47.0162,0.0248,0.0053,0.0176,0.0161,0.0157,0.0395,0.0313,0.0278,0.0099,0.0057,0.0153,0.0109,0.0139,0.0479,0.0339,0.0226,5.8041,Subject02,Stairs,63.49
660,1080,0.3431,0.0009,0.024,0.1741,0.1442,42.7162,0.0277,0.005,0.0175,0.0175,0.0152,0.0454,0.0375,0.0248,0.0103,0.0071,0.0199,0.0108,0.0144,0.0464,0.0405,0.0285,6.6176,Subject02,Stairs,63.49
661,1095,0.3973,0.001,0.0254,0.2089,0.1619,46.4162,0.0266,0.0053,0.0207,0.0151,0.0155,0.0433,0.0436,0.0213,0.0099,0.0072,0.0196,0.0105,0.0132,0.0426,0.0372,0.0226,6.6176,Subject02,Stairs,63.49
662,1110,0.3241,0.0008,0.0231,0.1532,0.1469,48.7162,0.0234,0.005,0.0177,0.0135,0.0144,0.044,0.0402,0.0246,0.0096,0.0082,0.0219,0.0104,0.014,0.0433,0.0412,0.0247,6.6176,Subject02,Stairs,63.49
663,1125,0.338,0.0011,0.0246,0.1664,0.146,48.4162,0.0264,0.005,0.0187,0.0196,0.014,0.0416,0.0439,0.0231,0.011,0.0064,0.0173,0.0139,0.0173,0.0498,0.0466,0.0239,6.6176,Subject02,Stairs,63.49
664,1140,0.3564,0.001,0.0267,0.1718,0.1569,52.2162,0.0305,0.005,0.0178,0.0159,0.0145,0.0451,0.0451,0.0236,0.011,0.0067,0.0188,0.0134,0.0138,0.0401,0.0325,0.0237,6.6176,Subject02,Stairs,63.49
665,1155,0.354,0.0012,0.0291,0.1706,0.153,50.6162,0.028,0.005,0.0189,0.0152,0.0155,0.0468,0.0434,0.0243,0.0095,0.0076,0.0201,0.0108,0.0124,0.0414,0.036,0.0267,6.6176,Subject02,Stairs,63.49
666,1170,0.3604,0.0011,0.024,0.1696,0.1657,49.4662,0.0308,0.0051,0.0187,0.0141,0.0149,0.0415,0.0441,0.0247,0.0106,0.0071,0.0202,0.0116,0.0156,0.0462,0.0423,0.0227,6.6176,Subject02,Stairs,63.49
667,1185,0.3478,0.001,0.0245,0.1744,0.1479,50.6162,0.0286,0.0051,0.0179,0.0176,0.0138,0.0469,0.04,0.0226,0.0104,0.0062,0.018,0.0125,0.0151,0.0493,0.0424,0.024,6.6176,Subject02,Stairs,63.49
668,1200,0.3903,0.0012,0.0295,0.1753,0.1843,50.9662,0.0245,0.0049,0.0178,0.0172,0.0152,0.046,0.0394,0.0234,0.0105,0.0083,0.0195,0.0113,0.0159,0.0456,0.0409,0.0299,6.6176,Subject02,Stairs,63.49
669,1215,0.3538,0.0013,0.0272,0.1777,0.1477,51.7162,0.0238,0.0044,0.0175,0.0167,0.0132,0.0429,0.0381,0.0226,0.0101,0.0062,0.0182,0.0112,0.015,0.0401,0.0334,0.0233,6.6176,Subject02,Stairs,63.49
670,1230,0.3776,0.001,0.0274,0.1813,0.1678,51.2162,0.0251,0.0048,0.0173,0.0184,0.0122,0.0419,0.0406,0.0213,0.0092,0.0066,0.0181,0.0125,0.0152,0.0421,0.0372,0.0236,6.6176,Subject02,Stairs,63.49
671,1245,0.3668,0.0014,0.0292,0.179,0.1572,53.0162,0.0346,0.0045,0.0164,0.0153,0.0139,0.0472,0.0387,0.0216,0.011,0.0063,0.0182,0.0123,0.0142,0.0389,0.0321,0.0212,6.6176,Subject02,Stairs,63.49
672,1260,0.374,0.0012,0.0288,0.1702,0.1738,53.3829,0.0243,0.0052,0.018,0.0132,0.0132,0.0405,0.0362,0.0238,0.0101,0.0073,0.0195,0.0105,0.0155,0.0442,0.0385,0.0226,6.6176,Subject02,Stairs,63.49
673,1275,0.4186,0.0011,0.0286,0.1977,0.1912,50.4162,0.0326,0.0051,0.0175,0.018,0.0131,0.0435,0.0351,0.0238,0.0117,0.0072,0.0188,0.0136,0.0166,0.0536,0.0428,0.0304,6.6176,Subject02,Stairs,63.49
674,1290,0.4135,0.0013,0.03,0.1967,0.1855,48.4162,0.029,0.0049,0.0173,0.0144,0.0132,0.0399,0.032,0.0275,0.0128,0.0064,0.0185,0.0129,0.0159,0.0496,0.0351,0.025,6.6176,Subject02,Stairs,63.49
675,1305,0.3949,0.0013,0.0296,0.1851,0.1789,48.6162,0.0205,0.005,0.0173,0.0124,0.0141,0.0365,0.0346,0.0228,0.0117,0.006,0.0182,0.0117,0.0137,0.0463,0.0326,0.0206,6.6176,Subject02,Stairs,63.49
676,1320,0.3964,0.0012,0.0288,0.1891,0.1773,49.0162,0.0292,0.0044,0.0166,0.0139,0.0135,0.0428,0.0374,0.0244,0.012,0.0067,0.0197,0.0126,0.0151,0.0517,0.0364,0.0225,6.6176,Subject02,Stairs,63.49
677,1335,0.4241,0.0012,0.0274,0.2218,0.1737,51.0162,0.0316,0.0052,0.0196,0.0149,0.0141,0.0415,0.0391,0.0198,0.0095,0.0066,0.0176,0.0115,0.0131,0.0357,0.0319,0.0272,6.6176,Subject02,Stairs,63.49
678,1350,0.3868,0.0012,0.0277,0.2033,0.1546,50.6162,0.0212,0.0045,0.0168,0.0173,0.0137,0.0435,0.0391,0.0229,0.0104,0.006,0.0176,0.0117,0.0135,0.0437,0.035,0.0232,6.6176,Subject02,Stairs,63.49
679,1365,0.4282,0.0015,0.0318,0.1986,0.1963,50.0495,0.0207,0.0051,0.016,0.0153,0.0141,0.0424,0.0425,0.0274,0.0108,0.0065,0.0171,0.0112,0.0143,0.0439,0.0324,0.0245,6.6176,Subject02,Stairs,63.49
680,360,2.3844,0.0015,0.0291,1.109,1.2447,3.5294,0.0028,0.0021,0.003,0.004,0.0039,0.0124,0.0101,0.0115,0.0031,0.0018,0.0026,0.0092,0.0062,0.0155,0.0117,0.0126,3.9037,Subject02,Walking,63.49
681,375,4.4123,0.0025,0.0482,2.1505,2.2111,17.0294,0.0039,0.0022,0.0033,0.0076,0.006,0.0157,0.0142,0.0197,0.0038,0.002,0.002,0.012,0.0109,0.0221,0.0169,0.0179,3.9037,Subject02,Walking,63.49
682,390,4.5179,0.0022,0.0511,2.2295,2.2351,24.5294,0.0039,0.0023,0.0036,0.0086,0.0064,0.0166,0.014,0.0199,0.004,0.0025,0.0018,0.0116,0.0108,0.0217,0.0173,0.0186,3.9037,Subject02,Walking,63.49
683,405,4.4466,0.002,0.0481,2.1292,2.2673,25.5294,0.0038,0.0024,0.0033,0.0079,0.0059,0.0165,0.0134,0.019,0.0037,0.0023,0.0017,0.0122,0.0114,0.0225,0.0162,0.0162,3.9037,Subject02,Walking,63.49
684,420,4.3632,0.0019,0.048,2.1801,2.1332,26.0294,0.0044,0.0018,0.0019,0.0076,0.0061,0.0151,0.013,0.0163,0.0036,0.0024,0.0016,0.0117,0.0103,0.0241,0.0167,0.0194,3.9037,Subject02,Walking,63.49
685,435,4.4403,0.002,0.0538,2.0888,2.2957,21.0294,0.0038,0.0017,0.0018,0.0066,0.0062,0.0155,0.0127,0.0158,0.0035,0.0024,0.0016,0.0107,0.0102,0.0204,0.0152,0.0165,3.9037,Subject02,Walking,63.49
686,450,4.4581,0.0021,0.0517,2.2241,2.1802,20.5294,0.004,0.0018,0.0018,0.0062,0.0066,0.0146,0.013,0.0157,0.0034,0.0024,0.0016,0.0107,0.0101,0.0211,0.0164,0.0183,3.9037,Subject02,Walking,63.49
687,465,4.3011,0.0018,0.0518,2.0668,2.1807,19.0294,0.0039,0.0017,0.0018,0.0062,0.0058,0.0159,0.0126,0.0152,0.0036,0.0023,0.0015,0.0103,0.0099,0.0211,0.0147,0.0163,3.9037,Subject02,Walking,63.49
688,480,4.4073,0.002,0.0506,2.0968,2.2578,22.8627,0.0041,0.0018,0.0018,0.0066,0.006,0.0151,0.0133,0.0167,0.0039,0.0025,0.0017,0.0105,0.0103,0.0222,0.0158,0.0183,3.9037,Subject02,Walking,63.49
689,495,4.4191,0.002,0.0524,2.1528,2.2119,21.0294,0.0042,0.0021,0.0019,0.0065,0.0064,0.0148,0.0124,0.0195,0.004,0.0027,0.0017,0.0099,0.0091,0.0221,0.0158,0.0219,3.9037,Subject02,Walking,63.49
690,510,4.1776,0.0015,0.0435,1.9049,2.2277,20.1008,0.0056,0.0023,0.0022,0.0062,0.006,0.0201,0.0123,0.0215,0.0064,0.0037,0.0046,0.0138,0.0096,0.0266,0.0173,0.0287,3.9037,Subject02,Walking,63.49
691,525,4.1294,0.0022,0.0419,1.8688,2.2164,23.0294,0.0067,0.0029,0.0031,0.0103,0.0071,0.0222,0.0136,0.0249,0.009,0.0047,0.0066,0.0191,0.012,0.0226,0.0166,0.0242,3.9037,Subject02,Walking,63.49
692,540,4.075,0.0012,0.0352,1.9452,2.0934,19.8627,0.0044,0.0018,0.0019,0.0066,0.0053,0.0175,0.0117,0.0185,0.0043,0.0031,0.0038,0.0138,0.0075,0.023,0.0158,0.02,3.9037,Subject02,Walking,63.49
693,555,4.2103,0.0017,0.043,1.8715,2.2941,17.3627,0.0046,0.0021,0.0022,0.0062,0.0059,0.017,0.011,0.0201,0.0051,0.0033,0.004,0.0127,0.0085,0.0217,0.015,0.0174,3.9037,Subject02,Walking,63.49
694,570,4.0897,0.0018,0.0419,1.9169,2.1291,15.5294,0.0053,0.0021,0.0023,0.0068,0.0063,0.0185,0.0111,0.02,0.0059,0.0036,0.0042,0.0138,0.008,0.023,0.0156,0.0223,3.9037,Subject02,Walking,63.49
695,585,4.2895,0.0017,0.0415,1.9855,2.2608,15.1294,0.0037,0.0018,0.0018,0.0054,0.0051,0.0162,0.0121,0.0176,0.004,0.0031,0.0036,0.0119,0.0083,0.0207,0.0141,0.0174,3.9037,Subject02,Walking,63.49
696,600,4.3096,0.0017,0.0432,2.1111,2.1536,12.0294,0.0042,0.0019,0.0018,0.006,0.0052,0.0153,0.0114,0.018,0.0037,0.0031,0.0036,0.0116,0.0078,0.0211,0.0161,0.0184,3.9037,Subject02,Walking,63.49
697,615,4.356,0.0018,0.0473,2.0298,2.277,14.7794,0.0039,0.0019,0.0018,0.0054,0.0048,0.0153,0.0129,0.0168,0.0037,0.0031,0.0035,0.0112,0.0084,0.0181,0.0145,0.0192,3.9037,Subject02,Walking,63.49
698,630,4.309,0.0017,0.0432,2.0908,2.1733,10.7794,0.004,0.0017,0.0018,0.0061,0.0052,0.0148,0.0132,0.0162,0.0033,0.0033,0.0037,0.0109,0.0069,0.0185,0.0155,0.019,3.9037,Subject02,Walking,63.49
699,645,4.2491,0.0019,0.0454,2.0029,2.1989,8.6961,0.0036,0.0017,0.0018,0.0048,0.0054,0.0138,0.0116,0.0169,0.0036,0.0032,0.0034,0.009,0.0073,0.0188,0.0146,0.0175,3.9037,Subject02,Walking,63.49
700,720,3.1069,0.0018,0.03,1.4593,1.6158,21.1961,0.0043,0.0017,0.0027,0.0091,0.0055,0.0152,0.0114,0.0155,0.0043,0.0032,0.0032,0.01,0.0082,0.0164,0.0123,0.0169,2.5451,Subject02,Walking,63.49
701,735,2.8123,0.0013,0.0277,1.3508,1.4325,20.0294,0.0029,0.0011,0.0017,0.0041,0.0037,0.0153,0.0098,0.0129,0.0027,0.002,0.0014,0.0072,0.0066,0.0205,0.0121,0.0155,2.5451,Subject02,Walking,63.49
702,750,2.8168,0.0013,0.0268,1.3559,1.4328,12.8627,0.0028,0.001,0.0017,0.0042,0.0036,0.0152,0.009,0.0115,0.0024,0.0018,0.0013,0.0061,0.006,0.0205,0.0122,0.0133,2.5451,Subject02,Walking,63.49
703,765,2.8307,0.0013,0.0258,1.354,1.4495,9.7794,0.003,0.001,0.0017,0.0046,0.0036,0.0144,0.0094,0.0117,0.0023,0.0019,0.0013,0.0065,0.0058,0.0191,0.0126,0.0143,2.5451,Subject02,Walking,63.49
704,780,2.9644,0.0014,0.0264,1.3923,1.5443,8.5294,0.0028,0.001,0.0017,0.0043,0.0032,0.0145,0.0095,0.0107,0.0023,0.0021,0.0014,0.0062,0.0063,0.0189,0.0122,0.0136,2.5451,Subject02,Walking,63.49
705,795,2.8838,0.0014,0.0258,1.3907,1.4659,9.8627,0.0026,0.001,0.0017,0.004,0.0034,0.0149,0.0092,0.0108,0.0025,0.0022,0.0013,0.0064,0.0062,0.0181,0.0121,0.017,2.5451,Subject02,Walking,63.49
706,810,2.8424,0.0014,0.0282,1.3692,1.4435,6.7794,0.0025,0.001,0.0017,0.0035,0.0035,0.0128,0.0088,0.0109,0.0023,0.002,0.0013,0.0056,0.0061,0.0167,0.011,0.0142,2.5451,Subject02,Walking,63.49
707,825,2.8859,0.0015,0.0289,1.4238,1.4316,9.0294,0.0027,0.001,0.0017,0.0044,0.0034,0.0134,0.0096,0.011,0.0022,0.0019,0.0014,0.0056,0.0061,0.0197,0.0118,0.0129,2.5451,Subject02,Walking,63.49
708,840,2.8982,0.0016,0.0293,1.4109,1.4564,10.1294,0.0026,0.0009,0.0017,0.0045,0.0037,0.0126,0.0089,0.0114,0.0023,0.0018,0.0013,0.005,0.0058,0.0171,0.0117,0.0141,2.5451,Subject02,Walking,63.49
709,855,2.9301,0.0016,0.0308,1.4329,1.4647,8.5294,0.0028,0.001,0.0017,0.0043,0.0034,0.0127,0.009,0.0116,0.0024,0.0018,0.0013,0.0053,0.0056,0.0183,0.0124,0.0137,2.5451,Subject02,Walking,63.49
710,870,2.9037,0.0017,0.0289,1.4205,1.4527,8.5294,0.0027,0.001,0.0017,0.0035,0.0034,0.0127,0.0094,0.0121,0.0023,0.0019,0.0014,0.006,0.0062,0.0175,0.0118,0.0147,2.5451,Subject02,Walking,63.49
711,885,2.9059,0.0016,0.0299,1.417,1.4572,8.6961,0.0027,0.001,0.0017,0.004,0.0033,0.0137,0.0095,0.011,0.0025,0.002,0.0022,0.0049,0.0059,0.018,0.0108,0.0144,2.5451,Subject02,Walking,63.49
712,900,3.0004,0.0016,0.0331,1.4351,1.5305,8.1961,0.0028,0.001,0.0017,0.0043,0.0033,0.0144,0.0094,0.0116,0.0026,0.0022,0.0014,0.0052,0.0066,0.0177,0.0115,0.0136,2.5451,Subject02,Walking,63.49
713,915,2.9241,0.0017,0.032,1.4137,1.4766,8.3294,0.0028,0.001,0.0017,0.0039,0.0032,0.0137,0.0099,0.0114,0.0026,0.0021,0.0014,0.0061,0.0065,0.0185,0.0119,0.0149,2.5451,Subject02,Walking,63.49
714,930,2.9253,0.0017,0.0305,1.4413,1.4518,10.0294,0.0027,0.001,0.0017,0.0044,0.0035,0.0143,0.0092,0.011,0.0024,0.0019,0.0014,0.0062,0.0062,0.0195,0.0128,0.0162,2.5451,Subject02,Walking,63.49
715,945,3.0027,0.0017,0.0315,1.5111,1.4584,13.0294,0.0029,0.001,0.0017,0.0047,0.0035,0.0141,0.0094,0.0123,0.0025,0.0023,0.0014,0.0063,0.0069,0.0197,0.0118,0.0131,2.5451,Subject02,Walking,63.49
716,960,2.9234,0.0018,0.0309,1.4224,1.4682,17.5294,0.0028,0.001,0.0017,0.0042,0.0038,0.0136,0.0094,0.0122,0.0025,0.0021,0.0014,0.0063,0.0063,0.0187,0.0119,0.0169,2.5451,Subject02,Walking,63.49
717,975,2.977,0.0019,0.0324,1.4416,1.5011,17.3294,0.0027,0.001,0.0017,0.0037,0.0033,0.0123,0.0092,0.0113,0.0024,0.0024,0.0014,0.0054,0.0067,0.0174,0.0105,0.0118,2.5451,Subject02,Walking,63.49
718,990,3.021,0.0019,0.0308,1.4278,1.5605,17.7794,0.0027,0.001,0.0017,0.0041,0.0036,0.0135,0.0093,0.0105,0.0024,0.0024,0.0014,0.0065,0.0069,0.0177,0.0115,0.0137,2.5451,Subject02,Walking,63.49
719,1005,2.9305,0.0017,0.0329,1.4362,1.4596,17.9294,0.0026,0.0009,0.0017,0.0039,0.0034,0.0133,0.0089,0.0107,0.0024,0.0023,0.0014,0.0058,0.007,0.0183,0.0115,0.0128,2.5451,Subject02,Walking,63.49
720,1080,0.4168,0.0003,0.0071,0.1815,0.2278,2.7294,0.0027,0.0008,0.0015,0.0011,0.0014,0.0037,0.0071,0.0041,0.0014,0.0013,0.0011,0.0022,0.0026,0.0033,0.0055,0.0032,0.2939,Subject02,Walking,63.49
721,1095,0.02,0.0001,0.0022,0.0055,0.0121,3.5294,0.0032,0.0008,0.0015,0.0022,0.0041,0.0028,0.0065,0.0014,0.0012,0.0008,0.001,0.0011,0.0012,0.0016,0.0042,0.0011,0.2939,Subject02,Walking,63.49
722,1110,0.0227,0.0002,0.0028,0.0087,0.011,4.3294,0.0021,0.0009,0.0017,0.0019,0.0039,0.0021,0.007,0.0019,0.0015,0.0009,0.0014,0.0016,0.0016,0.0027,0.0045,0.0023,0.2939,Subject02,Walking,63.49
723,1125,0.0157,0.0001,0.0021,0.0028,0.0106,4.5294,0.0016,0.0008,0.0016,0.0021,0.0045,0.002,0.0078,0.0011,0.0012,0.001,0.001,0.0014,0.0014,0.0017,0.0051,0.0012,0.2939,Subject02,Walking,63.49
724,1140,0.0155,0.0001,0.002,0.0028,0.0106,3.0294,0.0013,0.0008,0.0016,0.0009,0.0015,0.0019,0.008,0.0011,0.0011,0.001,0.001,0.0018,0.0013,0.0021,0.0054,0.0011,0.2939,Subject02,Walking,63.49
725,1155,0.0155,0.0001,0.0021,0.0027,0.0106,3.5294,0.0014,0.0008,0.0016,0.0009,0.0011,0.0019,0.0074,0.0011,0.0011,0.0009,0.0011,0.002,0.0014,0.0018,0.0055,0.0012,0.2939,Subject02,Walking,63.49
726,1170,0.0157,0.0001,0.0021,0.0029,0.0106,2.5294,0.0013,0.0008,0.0016,0.0009,0.0012,0.0019,0.0076,0.0011,0.0011,0.0009,0.001,0.0013,0.0014,0.0015,0.0059,0.0012,0.2939,Subject02,Walking,63.49
727,1185,0.0153,0.0001,0.002,0.0029,0.0103,9.5294,0.0013,0.0008,0.0016,0.0009,0.0012,0.0018,0.0073,0.001,0.0011,0.0009,0.001,0.0013,0.0013,0.0016,0.0053,0.0011,0.2939,Subject02,Walking,63.49
728,1200,0.0156,0.0001,0.0022,0.003,0.0104,6.5294,0.0015,0.0008,0.0016,0.0013,0.0027,0.0019,0.0072,0.0011,0.0012,0.0009,0.0012,0.0014,0.0019,0.0015,0.0049,0.0012,0.2939,Subject02,Walking,63.49
729,1215,0.0164,0.0002,0.0024,0.003,0.0108,4.9294,0.0014,0.0008,0.0016,0.0012,0.0023,0.002,0.0075,0.0011,0.0012,0.0009,0.001,0.0013,0.0025,0.0017,0.0048,0.0011,0.2939,Subject02,Walking,63.49
730,1230,0.0369,0.0009,0.0071,0.0144,0.0145,4.0294,0.0014,0.0011,0.002,0.0015,0.0031,0.0029,0.0063,0.0031,0.0023,0.0008,0.0011,0.0034,0.0063,0.0097,0.008,0.0027,0.2939,Subject02,Walking,63.49
731,1245,0.0631,0.0004,0.0057,0.0102,0.0468,11.3294,0.0021,0.0009,0.0017,0.0018,0.0022,0.0019,0.0071,0.0025,0.0013,0.0012,0.0012,0.0034,0.003,0.0083,0.0078,0.0019,0.2939,Subject02,Walking,63.49
732,1260,0.0155,0.0001,0.0021,0.0031,0.0101,13.5294,0.0012,0.0008,0.0015,0.0008,0.0008,0.0038,0.0091,0.0011,0.0009,0.0008,0.001,0.001,0.0013,0.0074,0.0082,0.0012,0.2939,Subject02,Walking,63.49
733,1275,0.0154,0.0001,0.0021,0.0031,0.0101,6.5294,0.0011,0.0008,0.0015,0.0008,0.0011,0.0039,0.0086,0.0011,0.0009,0.0008,0.001,0.001,0.001,0.007,0.0078,0.0012,0.2939,Subject02,Walking,63.49
734,1290,0.0154,0.0001,0.002,0.0031,0.0101,3.5294,0.0012,0.0008,0.0015,0.0011,0.0013,0.0045,0.0086,0.0011,0.0009,0.0008,0.001,0.001,0.0011,0.008,0.0074,0.0012,0.2939,Subject02,Walking,63.49
735,1305,0.0205,0.0001,0.0022,0.004,0.0141,5.8627,0.0012,0.0008,0.0015,0.0009,0.0013,0.0032,0.0086,0.0012,0.0009,0.0009,0.0012,0.0011,0.0017,0.0079,0.0078,0.0016,0.2939,Subject02,Walking,63.49
736,1320,0.0204,0.0002,0.0028,0.0033,0.0141,13.5294,0.0012,0.0008,0.0014,0.0008,0.0008,0.0019,0.0081,0.0011,0.0009,0.0013,0.0016,0.0012,0.0015,0.004,0.0074,0.0021,0.2939,Subject02,Walking,63.49
737,1335,0.0154,0.0001,0.0019,0.003,0.0103,7.0294,0.0011,0.0008,0.0015,0.0009,0.0016,0.002,0.0076,0.0011,0.0009,0.0008,0.001,0.001,0.0012,0.0092,0.0077,0.0012,0.2939,Subject02,Walking,63.49
738,1350,0.0154,0.0001,0.002,0.0031,0.0103,3.5294,0.0011,0.0008,0.0015,0.0009,0.0014,0.0024,0.0075,0.0011,0.0009,0.0008,0.001,0.001,0.0012,0.0089,0.0077,0.0012,0.2939,Subject02,Walking,63.49
739,1365,0.0154,0.0001,0.002,0.0032,0.0101,2.1961,0.0011,0.0008,0.0015,0.0009,0.0014,0.0021,0.0073,0.0011,0.0009,0.0008,0.001,0.001,0.0012,0.0106,0.0076,0.0012,0.2939,Subject02,Walking,63.49
740,1440,1.7547,0.0012,0.024,0.8481,0.8814,10.5294,0.0025,0.001,0.0018,0.003,0.0033,0.0148,0.008,0.009,0.0022,0.001,0.0013,0.0057,0.0053,0.0176,0.009,0.0112,1.5413,Subject02,Walking,63.49
741,1455,1.7456,0.0011,0.0223,0.8431,0.8791,9.2794,0.0026,0.0009,0.0017,0.0029,0.0031,0.0153,0.0079,0.0098,0.0019,0.001,0.0014,0.0065,0.0056,0.0162,0.0093,0.0127,1.5413,Subject02,Walking,63.49
742,1470,1.7934,0.0012,0.0217,0.8302,0.9403,11.0294,0.0025,0.0009,0.0017,0.0031,0.0031,0.0154,0.0082,0.0097,0.0022,0.001,0.0014,0.0066,0.0058,0.0163,0.0094,0.0125,1.5413,Subject02,Walking,63.49
743,1485,1.7777,0.0012,0.0236,0.853,0.8998,14.5294,0.0026,0.0009,0.0016,0.0032,0.0029,0.0144,0.008,0.009,0.0021,0.001,0.0014,0.0072,0.0054,0.0156,0.009,0.0132,1.5413,Subject02,Walking,63.49
744,1500,1.75,0.0012,0.0213,0.8523,0.8752,15.5294,0.0026,0.0009,0.0017,0.003,0.0029,0.0152,0.0084,0.0095,0.0021,0.001,0.0014,0.0065,0.0048,0.0162,0.0092,0.0134,1.5413,Subject02,Walking,63.49
745,1515,1.7758,0.0012,0.0234,0.8721,0.879,11.8627,0.0025,0.0009,0.0016,0.0031,0.0032,0.0134,0.0073,0.0097,0.0007,0.0004,0.0005,0.0026,0.0018,0.0054,0.0027,0.0033,1.5413,Subject02,Walking,63.49
746,1530,1.7898,0.0014,0.0259,0.8521,0.9104,10.5294,0.0026,0.0009,0.0017,0.0038,0.003,0.0132,0.0072,0.0089,0.0018,0.0009,0.0012,0.0061,0.0042,0.0131,0.0075,0.009,1.5413,Subject02,Walking,63.49
747,1545,1.7594,0.0013,0.0245,0.8421,0.8914,7.1961,0.0025,0.0009,0.0017,0.0031,0.003,0.014,0.0076,0.0098,0.0019,0.001,0.0014,0.0059,0.0049,0.0157,0.0091,0.0102,1.5413,Subject02,Walking,63.49
748,1560,1.7592,0.0014,0.0245,0.8523,0.881,7.0294,0.0025,0.0011,0.0018,0.0031,0.0029,0.0139,0.0073,0.0098,0.0022,0.0013,0.0018,0.0065,0.0054,0.0159,0.009,0.0104,1.5413,Subject02,Walking,63.49
749,1575,1.7174,0.0013,0.024,0.8091,0.883,10.0294,0.0026,0.0012,0.0019,0.0028,0.0031,0.0134,0.007,0.0095,0.0023,0.0014,0.0019,0.0074,0.0052,0.0165,0.0092,0.0107,1.5413,Subject02,Walking,63.49
750,1590,1.708,0.0012,0.0215,0.8117,0.8735,9.8627,0.0026,0.0012,0.0019,0.0024,0.0028,0.0133,0.0069,0.0099,0.0024,0.0014,0.0019,0.006,0.0054,0.0161,0.0086,0.0101,1.5413,Subject02,Walking,63.49
751,1605,1.7371,0.0012,0.023,0.8435,0.8693,5.8627,0.0026,0.0012,0.0019,0.0025,0.0028,0.0127,0.0069,0.0096,0.0022,0.0014,0.0019,0.0067,0.0052,0.0135,0.0088,0.0099,1.5413,Subject02,Walking,63.49
752,1620,1.7466,0.0013,0.0225,0.8316,0.8912,1.5294,0.0028,0.0012,0.0019,0.0031,0.003,0.013,0.0068,0.0098,0.0024,0.0014,0.0019,0.0071,0.0054,0.016,0.0088,0.0109,1.5413,Subject02,Walking,63.49
753,1635,1.7529,0.0011,0.021,0.8495,0.8812,5.8627,0.0026,0.0012,0.0019,0.0028,0.003,0.0129,0.0075,0.0098,0.0022,0.0013,0.0019,0.0065,0.0047,0.0153,0.0094,0.0139,1.5413,Subject02,Walking,63.49
754,1650,1.7523,0.0011,0.0223,0.8366,0.8923,1.5294,0.0025,0.0011,0.0019,0.0022,0.0026,0.0126,0.007,0.0096,0.0022,0.0013,0.002,0.0059,0.0055,0.0158,0.009,0.0105,1.5413,Subject02,Walking,63.49
755,1665,1.7116,0.0011,0.0222,0.8424,0.8458,0.0294,0.0025,0.0012,0.0019,0.0028,0.0028,0.013,0.0075,0.0103,0.0022,0.0013,0.0019,0.0072,0.0045,0.0158,0.0102,0.0128,1.5413,Subject02,Walking,63.49
756,1680,1.7227,0.0012,0.0228,0.8348,0.8639,8.0294,0.0024,0.0012,0.0019,0.0026,0.003,0.013,0.007,0.0098,0.0023,0.0013,0.0019,0.0056,0.0046,0.0164,0.0098,0.0108,1.5413,Subject02,Walking,63.49
757,1695,1.7024,0.0011,0.021,0.8421,0.8382,7.8627,0.0024,0.0012,0.0019,0.0029,0.0029,0.0139,0.0074,0.0095,0.0022,0.0013,0.0019,0.0066,0.0051,0.0164,0.0097,0.0129,1.5413,Subject02,Walking,63.49
758,1710,1.6673,0.0011,0.0219,0.7772,0.8671,5.5294,0.0025,0.0012,0.0019,0.0033,0.0027,0.0136,0.0075,0.0095,0.0022,0.0013,0.0019,0.0062,0.0047,0.0162,0.0093,0.011,1.5413,Subject02,Walking,63.49
759,1725,1.7124,0.0014,0.0226,0.8115,0.8769,5.5294,0.0026,0.0012,0.0019,0.0026,0.0027,0.0132,0.0067,0.0097,0.0022,0.0014,0.0019,0.0054,0.0051,0.0163,0.0087,0.0102,1.5413,Subject02,Walking,63.49
760,360,1.7649,0.0031,0.102,0.8374,0.8224,-5.4462,0.0018,0.0044,0.0059,0.0091,0.0045,0.0127,0.0152,0.0289,0.0017,0.0074,0.0067,0.006,0.0061,0.0136,0.0157,0.0346,2.9285,Subject03,Backwards,71.2
761,375,2.2176,0.0051,0.1219,1.0774,1.0133,2.2205,0.002,0.0053,0.0074,0.0089,0.0045,0.0145,0.0155,0.0287,0.002,0.0079,0.0076,0.0069,0.0068,0.014,0.0168,0.0337,2.9285,Subject03,Backwards,71.2
762,390,2.1127,0.0045,0.1126,1.0949,0.9006,6.8872,0.0019,0.005,0.0067,0.009,0.0042,0.0153,0.0165,0.0253,0.0019,0.0096,0.0078,0.0062,0.0072,0.0138,0.0147,0.0333,2.9285,Subject03,Backwards,71.2
763,405,2.0914,0.0036,0.1148,1.0504,0.9227,7.1538,0.002,0.0049,0.0058,0.0098,0.0038,0.0184,0.017,0.0239,0.0019,0.0084,0.0071,0.0067,0.0065,0.015,0.0165,0.0325,2.9285,Subject03,Backwards,71.2
764,420,1.8788,0.0051,0.1061,0.8829,0.8848,7.7205,0.0019,0.0041,0.0054,0.0086,0.0037,0.0171,0.0116,0.0229,0.0018,0.0063,0.0056,0.0061,0.0053,0.0142,0.0157,0.0276,2.9285,Subject03,Backwards,71.2
765,435,2.0174,0.0051,0.1138,0.9948,0.9038,8.2205,0.0018,0.004,0.0049,0.0085,0.0037,0.0159,0.013,0.0236,0.0018,0.0069,0.0061,0.0052,0.0056,0.0119,0.0135,0.0306,2.9285,Subject03,Backwards,71.2
766,450,2.0093,0.0054,0.1235,1.0181,0.8623,9.3872,0.0017,0.0034,0.0048,0.0085,0.0033,0.0147,0.0097,0.023,0.0018,0.0069,0.0057,0.0053,0.0053,0.0126,0.0146,0.0297,2.9285,Subject03,Backwards,71.2
767,465,1.9777,0.0048,0.1148,0.9705,0.8876,9.411,0.0018,0.0036,0.0048,0.0074,0.0034,0.0153,0.011,0.0231,0.0018,0.0069,0.0062,0.0047,0.0056,0.0119,0.0146,0.0301,2.9285,Subject03,Backwards,71.2
768,480,2.0139,0.0036,0.1102,0.9684,0.9318,9.8872,0.0018,0.0032,0.0041,0.0081,0.0036,0.0148,0.0101,0.0254,0.0017,0.0078,0.0058,0.005,0.0053,0.0114,0.0139,0.0335,2.9285,Subject03,Backwards,71.2
769,495,2.0481,0.0052,0.1217,1.0475,0.8736,10.6967,0.0017,0.0027,0.0027,0.0088,0.0031,0.0158,0.0095,0.0216,0.0017,0.0074,0.0057,0.0047,0.0053,0.011,0.013,0.0288,2.9285,Subject03,Backwards,71.2
770,510,1.9588,0.0062,0.1253,1.0077,0.8196,8.9824,0.0017,0.0022,0.0024,0.0088,0.0028,0.017,0.0109,0.0219,0.0017,0.007,0.0055,0.005,0.0054,0.0111,0.013,0.0287,2.9285,Subject03,Backwards,71.2
771,525,1.9733,0.0052,0.1277,1.009,0.8314,8.5538,0.0017,0.0024,0.0023,0.0086,0.0033,0.0163,0.0096,0.0219,0.0016,0.0076,0.0055,0.0045,0.0053,0.0097,0.0121,0.0289,2.9285,Subject03,Backwards,71.2
772,540,1.9408,0.0061,0.1258,0.9819,0.827,10.1253,0.0016,0.0027,0.0021,0.0071,0.0026,0.0142,0.0094,0.0208,0.0016,0.0078,0.0064,0.0043,0.0062,0.0093,0.0098,0.0237,2.9285,Subject03,Backwards,71.2
773,555,1.9463,0.0059,0.117,1.0261,0.7974,7.8872,0.0016,0.0024,0.002,0.0061,0.0026,0.0124,0.0072,0.0246,0.0016,0.008,0.0063,0.0042,0.006,0.0085,0.0095,0.0242,2.9285,Subject03,Backwards,71.2
774,570,1.9366,0.0062,0.1257,0.9838,0.8209,11.9824,0.0017,0.0027,0.002,0.0076,0.003,0.0168,0.0095,0.0219,0.0016,0.0072,0.0052,0.0049,0.0054,0.0094,0.0101,0.024,2.9285,Subject03,Backwards,71.2
775,585,1.8584,0.0063,0.1246,0.9491,0.7785,12.1538,0.0017,0.0024,0.0027,0.0075,0.0027,0.0181,0.0092,0.0166,0.0016,0.0072,0.0054,0.0046,0.0053,0.0097,0.0104,0.0232,2.9285,Subject03,Backwards,71.2
776,600,1.8406,0.0058,0.122,0.9682,0.7446,7.5538,0.0017,0.0023,0.0023,0.0075,0.0027,0.0177,0.0118,0.0202,0.0016,0.0071,0.0052,0.0044,0.0052,0.0099,0.0113,0.0235,2.9285,Subject03,Backwards,71.2
777,615,1.8425,0.0054,0.1297,0.9493,0.7582,10.0538,0.0017,0.0022,0.0022,0.0068,0.0027,0.0174,0.0114,0.0189,0.0015,0.0071,0.0051,0.0038,0.0049,0.0088,0.0101,0.0268,2.9285,Subject03,Backwards,71.2
778,630,1.8717,0.0037,0.1137,0.9502,0.804,11.5538,0.0017,0.0023,0.002,0.0057,0.0024,0.016,0.0112,0.0187,0.0016,0.0069,0.0055,0.0038,0.0054,0.0091,0.0104,0.0265,2.9285,Subject03,Backwards,71.2
779,645,1.872,0.0048,0.1311,0.9136,0.8226,15.7538,0.0018,0.0022,0.0021,0.0062,0.0028,0.0161,0.0113,0.0235,0.0016,0.0073,0.0053,0.0038,0.005,0.0092,0.0104,0.0297,2.9285,Subject03,Backwards,71.2
780,720,1.1799,0.0035,0.1051,0.5748,0.4965,10.0538,0.0015,0.0022,0.0019,0.0037,0.0021,0.013,0.0117,0.0185,0.0015,0.0045,0.003,0.0029,0.0031,0.007,0.0087,0.0256,1.9719,Subject03,Backwards,71.2
781,735,1.0525,0.0041,0.0818,0.5353,0.4313,8.5538,0.0015,0.0027,0.0021,0.0039,0.0019,0.0114,0.0107,0.0208,0.0015,0.0041,0.003,0.0027,0.0033,0.0094,0.0093,0.0237,1.9719,Subject03,Backwards,71.2
782,750,1.2133,0.0047,0.1153,0.6049,0.4884,2.3538,0.0016,0.0023,0.0019,0.0036,0.0017,0.0106,0.0093,0.017,0.0014,0.0039,0.0029,0.0027,0.0031,0.0083,0.0086,0.02,1.9719,Subject03,Backwards,71.2
783,765,0.9836,0.005,0.0962,0.4842,0.3982,0.5538,0.0016,0.002,0.0017,0.0026,0.0015,0.0112,0.0063,0.0214,0.0015,0.0045,0.0037,0.0023,0.0037,0.0058,0.0074,0.0223,1.9719,Subject03,Backwards,71.2
784,780,1.1155,0.0044,0.103,0.5776,0.4305,4.1253,0.0016,0.0024,0.0018,0.0025,0.0016,0.0083,0.0059,0.0203,0.0015,0.0038,0.0032,0.0022,0.0031,0.0059,0.0078,0.0213,1.9719,Subject03,Backwards,71.2
785,795,1.1299,0.0035,0.0875,0.551,0.4879,5.5538,0.0015,0.0029,0.0021,0.0035,0.0017,0.0106,0.0055,0.0173,0.0014,0.0039,0.0029,0.0021,0.0031,0.0058,0.0069,0.022,1.9719,Subject03,Backwards,71.2
786,810,1.1501,0.0029,0.071,0.587,0.4893,7.9538,0.0015,0.0032,0.0023,0.0038,0.0022,0.0099,0.0073,0.017,0.0015,0.0048,0.0035,0.0026,0.0035,0.0067,0.0073,0.0279,1.9719,Subject03,Backwards,71.2
787,825,1.3169,0.0037,0.1058,0.6589,0.5485,15.9538,0.0016,0.0028,0.0021,0.004,0.0017,0.0116,0.0109,0.015,0.0015,0.0037,0.0029,0.0029,0.0029,0.0077,0.0085,0.0269,1.9719,Subject03,Backwards,71.2
788,840,1.1613,0.0047,0.1079,0.5679,0.4808,4.9824,0.0015,0.0026,0.002,0.0042,0.0017,0.0107,0.0062,0.0174,0.0014,0.0026,0.0025,0.0026,0.0026,0.0059,0.0069,0.0205,1.9719,Subject03,Backwards,71.2
789,855,1.118,0.0044,0.0937,0.5525,0.4675,5.5538,0.0016,0.0026,0.0022,0.0032,0.0018,0.0091,0.007,0.0179,0.0015,0.0029,0.0028,0.0031,0.0029,0.0067,0.0075,0.0214,1.9719,Subject03,Backwards,71.2
790,870,1.3089,0.0044,0.1139,0.6489,0.5417,28.0538,0.0015,0.003,0.0022,0.0035,0.0019,0.0101,0.0083,0.0187,0.0015,0.004,0.0034,0.0031,0.0033,0.0067,0.008,0.0211,1.9719,Subject03,Backwards,71.2
791,885,1.2446,0.0039,0.1001,0.6368,0.5038,45.7538,0.0015,0.0028,0.0021,0.0041,0.002,0.012,0.0072,0.0177,0.0015,0.0034,0.0029,0.0031,0.0032,0.0086,0.009,0.0195,1.9719,Subject03,Backwards,71.2
792,900,1.1766,0.0039,0.0954,0.5967,0.4806,44.5538,0.0016,0.0019,0.002,0.0042,0.002,0.0113,0.0071,0.0136,0.0015,0.0024,0.0025,0.0029,0.0027,0.0067,0.0076,0.0204,1.9719,Subject03,Backwards,71.2
793,915,1.1548,0.0037,0.0887,0.5339,0.5284,0.8396,0.0015,0.0022,0.002,0.0041,0.0021,0.015,0.0083,0.0147,0.0015,0.0031,0.0028,0.0031,0.003,0.0072,0.0086,0.0173,1.9719,Subject03,Backwards,71.2
794,930,1.2005,0.004,0.0973,0.6122,0.487,-3.4462,0.0015,0.0028,0.0021,0.0034,0.0019,0.0092,0.0063,0.0182,0.0015,0.0038,0.0031,0.0026,0.0031,0.006,0.007,0.0186,1.9719,Subject03,Backwards,71.2
795,945,1.0941,0.0029,0.0665,0.5747,0.45,-2.2795,0.0015,0.0022,0.002,0.0036,0.0018,0.0115,0.0069,0.0125,0.0014,0.004,0.0033,0.0031,0.0035,0.0067,0.0071,0.0176,1.9719,Subject03,Backwards,71.2
796,960,1.0665,0.0028,0.063,0.5475,0.4533,-4.2795,0.0014,0.0029,0.0022,0.0037,0.0019,0.0102,0.0042,0.0157,0.0014,0.0043,0.0033,0.0026,0.0033,0.0063,0.0072,0.0174,1.9719,Subject03,Backwards,71.2
797,975,1.1398,0.0032,0.0784,0.5973,0.4609,-6.6128,0.0015,0.0023,0.0021,0.0032,0.0019,0.0111,0.0062,0.0142,0.0014,0.0033,0.0031,0.0029,0.003,0.0061,0.0069,0.0194,1.9719,Subject03,Backwards,71.2
798,990,1.2316,0.0034,0.0923,0.6376,0.4983,-1.2795,0.0015,0.0028,0.0022,0.0042,0.002,0.0109,0.007,0.0153,0.0014,0.0042,0.0033,0.0028,0.0033,0.0071,0.0079,0.0194,1.9719,Subject03,Backwards,71.2
799,1005,1.0123,0.003,0.0554,0.522,0.432,-2.2795,0.0015,0.0024,0.0022,0.003,0.0018,0.0099,0.0079,0.0173,0.0014,0.0045,0.0033,0.0027,0.0035,0.007,0.0073,0.0189,1.9719,Subject03,Backwards,71.2
800,360,0.0191,0.0002,0.0029,0.004,0.012,-4.431,0.0018,0.0006,0.0006,0.0006,0.0006,0.0007,0.0008,0.001,0.0019,0.0007,0.0006,0.0007,0.0006,0.0188,0.0025,0.0013,6.6793,Subject03,Cycling,71.2
801,375,2.0354,0.0072,0.0787,0.9565,0.9929,0.969,0.0033,0.0059,0.0148,0.0124,0.0055,0.0195,0.0151,0.0371,0.0028,0.0037,0.0068,0.0073,0.0053,0.0296,0.0155,0.0295,6.6793,Subject03,Cycling,71.2
802,390,2.646,0.0114,0.1062,1.253,1.2753,10.169,0.0039,0.0077,0.0263,0.0109,0.0066,0.0442,0.0526,0.029,0.0039,0.0075,0.0177,0.0066,0.0084,0.0492,0.0308,0.0485,6.6793,Subject03,Cycling,71.2
803,405,2.7056,0.0123,0.1007,1.2946,1.298,21.9023,0.004,0.0083,0.027,0.0107,0.0071,0.0478,0.0696,0.0327,0.0045,0.009,0.0196,0.0062,0.0098,0.0503,0.0344,0.0564,6.6793,Subject03,Cycling,71.2
804,420,2.598,0.0131,0.1059,1.2197,1.2593,25.9023,0.0042,0.0087,0.0264,0.0121,0.0075,0.0477,0.0601,0.036,0.0042,0.0088,0.0188,0.0069,0.0098,0.0487,0.0336,0.0537,6.6793,Subject03,Cycling,71.2
805,435,2.7155,0.0145,0.1195,1.2711,1.3104,29.369,0.0036,0.0089,0.0281,0.0099,0.007,0.0458,0.0554,0.0301,0.0041,0.0089,0.0196,0.006,0.0095,0.0465,0.0327,0.0541,6.6793,Subject03,Cycling,71.2
806,450,2.5117,0.0119,0.1197,1.1585,1.2215,29.369,0.0035,0.0079,0.0264,0.0103,0.0068,0.0427,0.046,0.0267,0.0041,0.0087,0.0203,0.0056,0.0095,0.0438,0.0326,0.0487,6.6793,Subject03,Cycling,71.2
807,465,2.7173,0.0127,0.1299,1.2559,1.3188,30.4023,0.0038,0.0082,0.0277,0.0106,0.0065,0.044,0.0454,0.0256,0.004,0.009,0.0198,0.0052,0.0095,0.0458,0.0322,0.0519,6.6793,Subject03,Cycling,71.2
808,480,2.7337,0.0153,0.1757,1.2253,1.3174,31.769,0.0039,0.0088,0.0277,0.012,0.0071,0.0431,0.0405,0.0265,0.004,0.0082,0.0196,0.0045,0.0093,0.0447,0.0303,0.0508,6.6793,Subject03,Cycling,71.2
809,495,2.7336,0.0131,0.1643,1.2385,1.3177,31.4023,0.0041,0.0081,0.0269,0.0128,0.0067,0.0406,0.032,0.0287,0.004,0.0085,0.0196,0.0038,0.0092,0.0439,0.0303,0.0475,6.6793,Subject03,Cycling,71.2
810,510,2.7225,0.0136,0.1684,1.2237,1.3169,33.2356,0.004,0.0082,0.0281,0.0159,0.0074,0.0421,0.0341,0.0264,0.0038,0.0084,0.0194,0.0037,0.0084,0.041,0.0297,0.0486,6.6793,Subject03,Cycling,71.2
811,525,2.8016,0.0187,0.1858,1.2573,1.3398,34.7356,0.0041,0.0081,0.0274,0.0145,0.0068,0.0396,0.0337,0.0223,0.0038,0.0078,0.0192,0.0042,0.0094,0.0411,0.0295,0.0471,6.6793,Subject03,Cycling,71.2
812,540,2.7521,0.0191,0.1483,1.2437,1.341,37.2356,0.0038,0.0083,0.0274,0.0164,0.0072,0.0397,0.0281,0.0207,0.0038,0.008,0.0189,0.0039,0.0099,0.0411,0.03,0.0479,6.6793,Subject03,Cycling,71.2
813,555,2.7451,0.0178,0.1501,1.2206,1.3566,37.069,0.0036,0.008,0.0266,0.0185,0.0075,0.04,0.0299,0.0239,0.004,0.0084,0.0191,0.004,0.0098,0.0384,0.0312,0.0461,6.6793,Subject03,Cycling,71.2
814,570,2.8411,0.0215,0.177,1.2765,1.366,34.9023,0.0038,0.0084,0.0277,0.0192,0.0076,0.0413,0.0318,0.0264,0.0041,0.0081,0.0187,0.0045,0.0092,0.041,0.0279,0.0481,6.6793,Subject03,Cycling,71.2
815,585,2.9011,0.0219,0.1825,1.3095,1.3871,36.069,0.0037,0.0081,0.0284,0.0171,0.0075,0.0407,0.0353,0.0273,0.0041,0.0084,0.0188,0.005,0.0093,0.0399,0.0285,0.0461,6.6793,Subject03,Cycling,71.2
816,600,2.9664,0.0225,0.1883,1.3587,1.3969,40.4023,0.0039,0.0095,0.0331,0.0155,0.008,0.0422,0.0379,0.0292,0.0043,0.0091,0.0183,0.0061,0.0092,0.0393,0.026,0.0519,6.6793,Subject03,Cycling,71.2
817,615,2.9558,0.024,0.1809,1.3113,1.4396,40.069,0.0035,0.0096,0.0338,0.0124,0.0077,0.042,0.0316,0.0303,0.0039,0.0092,0.0196,0.0042,0.0088,0.0381,0.0267,0.0453,6.6793,Subject03,Cycling,71.2
818,630,2.9104,0.0256,0.1799,1.3054,1.3996,42.7118,0.0033,0.0102,0.0376,0.0115,0.0076,0.0417,0.0344,0.0344,0.0036,0.0114,0.0193,0.0039,0.0092,0.0393,0.0274,0.0432,6.6793,Subject03,Cycling,71.2
819,645,2.8235,0.0129,0.1413,1.288,1.3812,44.969,0.0031,0.01,0.037,0.0119,0.0078,0.0384,0.0348,0.027,0.0037,0.0104,0.0182,0.0052,0.0089,0.0409,0.0242,0.0433,6.6793,Subject03,Cycling,71.2
820,720,2.5104,0.0107,0.1144,1.1771,1.2081,42.9023,0.0033,0.0078,0.0262,0.0201,0.0083,0.0349,0.0248,0.0335,0.0037,0.0096,0.0204,0.0063,0.0106,0.0351,0.0211,0.0372,6.4356,Subject03,Cycling,71.2
821,735,1.7938,0.0062,0.0661,0.8686,0.8529,41.569,0.0032,0.0086,0.0334,0.0167,0.008,0.0286,0.014,0.0256,0.0035,0.0098,0.0206,0.0099,0.0107,0.0244,0.011,0.025,6.4356,Subject03,Cycling,71.2
822,750,1.4853,0.0049,0.0441,0.7359,0.7004,39.7356,0.0031,0.0081,0.0288,0.0136,0.0065,0.0261,0.0177,0.0183,0.0037,0.0081,0.0161,0.0112,0.0081,0.0241,0.0108,0.031,6.4356,Subject03,Cycling,71.2
823,765,1.6602,0.004,0.0446,0.8278,0.7838,39.7356,0.0033,0.0092,0.0345,0.0114,0.0064,0.0283,0.0176,0.0124,0.0034,0.008,0.0175,0.0107,0.0085,0.0224,0.0093,0.0214,6.4356,Subject03,Cycling,71.2
824,780,1.7532,0.0044,0.0648,0.8474,0.8367,39.7356,0.0035,0.0098,0.0353,0.0121,0.0067,0.0267,0.0149,0.0128,0.0035,0.0082,0.0184,0.0122,0.0092,0.0207,0.0085,0.0186,6.4356,Subject03,Cycling,71.2
825,795,1.7363,0.0041,0.061,0.8759,0.7954,44.4023,0.0033,0.0092,0.0326,0.0127,0.0067,0.0284,0.0145,0.0133,0.0034,0.0084,0.0192,0.014,0.0097,0.0242,0.0101,0.0253,6.4356,Subject03,Cycling,71.2
826,810,1.763,0.0057,0.0802,0.8732,0.8039,44.9975,0.0029,0.0098,0.0373,0.0109,0.0064,0.0266,0.0158,0.009,0.0031,0.0086,0.02,0.0115,0.0097,0.0224,0.0091,0.0186,6.4356,Subject03,Cycling,71.2
827,825,1.9138,0.0063,0.1008,0.9185,0.8882,46.9023,0.0033,0.0097,0.0373,0.0125,0.0072,0.0262,0.0105,0.015,0.0034,0.0085,0.0192,0.0116,0.0097,0.0213,0.0088,0.0247,6.4356,Subject03,Cycling,71.2
828,840,1.8412,0.0041,0.0872,0.8849,0.8649,47.569,0.0033,0.0088,0.0335,0.0121,0.0064,0.0268,0.0116,0.0098,0.0034,0.0088,0.02,0.0137,0.0105,0.025,0.0119,0.0206,6.4356,Subject03,Cycling,71.2
829,855,1.8007,0.0054,0.0784,0.8843,0.8326,49.069,0.0033,0.0083,0.0315,0.0152,0.0069,0.0276,0.0164,0.015,0.0034,0.0091,0.0202,0.0127,0.0103,0.0258,0.0129,0.0238,6.4356,Subject03,Cycling,71.2
830,870,1.7344,0.0035,0.0706,0.8121,0.8482,48.569,0.0029,0.0084,0.0318,0.0133,0.0062,0.0276,0.0189,0.0101,0.0033,0.0097,0.0225,0.0115,0.0113,0.0275,0.0172,0.0247,6.4356,Subject03,Cycling,71.2
831,885,1.7638,0.004,0.0739,0.8734,0.8125,48.7356,0.003,0.0091,0.0356,0.0144,0.007,0.0266,0.0167,0.0116,0.0034,0.0095,0.0208,0.013,0.0103,0.0246,0.01,0.0195,6.4356,Subject03,Cycling,71.2
832,900,1.8177,0.0053,0.0796,0.9113,0.8215,47.569,0.0032,0.0088,0.0338,0.0137,0.007,0.0274,0.0173,0.0087,0.0037,0.009,0.0196,0.015,0.0103,0.0255,0.0113,0.0229,6.4356,Subject03,Cycling,71.2
833,915,1.6451,0.0036,0.0523,0.8441,0.7452,46.9023,0.0029,0.0082,0.0306,0.0128,0.0066,0.0277,0.0223,0.009,0.0033,0.0087,0.0195,0.0147,0.01,0.0266,0.0131,0.0247,6.4356,Subject03,Cycling,71.2
834,930,1.7015,0.0037,0.0533,0.8434,0.8011,46.2833,0.0027,0.0084,0.0297,0.0126,0.0063,0.0281,0.0203,0.0099,0.0032,0.0084,0.0192,0.0116,0.0102,0.0275,0.0141,0.0237,6.4356,Subject03,Cycling,71.2
835,945,1.6891,0.0036,0.0531,0.8216,0.8107,46.569,0.0026,0.0089,0.0325,0.0125,0.0069,0.0276,0.0226,0.0108,0.0032,0.0096,0.0212,0.0108,0.0101,0.0271,0.0152,0.0247,6.4356,Subject03,Cycling,71.2
836,960,1.7436,0.0043,0.0613,0.8523,0.8257,47.9975,0.0025,0.0091,0.0323,0.014,0.007,0.0294,0.0253,0.0088,0.0033,0.0098,0.0221,0.0108,0.0109,0.0272,0.0158,0.0258,6.4356,Subject03,Cycling,71.2
837,975,1.8189,0.0044,0.0632,0.9027,0.8485,49.8547,0.0048,0.009,0.0337,0.0143,0.0075,0.0296,0.023,0.0085,0.0033,0.0091,0.0197,0.0122,0.0101,0.027,0.0131,0.024,6.4356,Subject03,Cycling,71.2
838,990,1.8114,0.0054,0.0626,0.8927,0.8507,49.7118,0.0124,0.0081,0.0281,0.014,0.007,0.0283,0.0229,0.0112,0.0033,0.0092,0.0202,0.0111,0.0101,0.0278,0.0136,0.0214,6.4356,Subject03,Cycling,71.2
839,1005,1.8219,0.0051,0.0659,0.8968,0.8541,51.2833,0.0257,0.0094,0.0348,0.0129,0.0068,0.0286,0.017,0.0076,0.0035,0.0087,0.0192,0.0108,0.0096,0.0257,0.0115,0.0196,6.4356,Subject03,Cycling,71.2
840,1080,1.646,0.0024,0.0309,0.8055,0.8071,47.069,0,0.0059,0.0183,0.0124,0.0047,0.0258,0.0194,0.0147,0.0032,0.0072,0.015,0.0104,0.0071,0.0251,0.0127,0.0234,3.9889,Subject03,Cycling,71.2
841,1095,1.6944,0.0029,0.0372,0.8178,0.8365,42.569,0,0.005,0.0151,0.0131,0.0047,0.0254,0.0212,0.0163,0.0031,0.006,0.0132,0.0103,0.0064,0.0261,0.0122,0.0263,3.9889,Subject03,Cycling,71.2
842,1110,1.7136,0.0028,0.0373,0.8369,0.8366,40.069,0,0.0053,0.0158,0.0122,0.0043,0.0254,0.0207,0.0137,0.003,0.0064,0.0128,0.0091,0.0063,0.0268,0.0127,0.026,3.9889,Subject03,Cycling,71.2
843,1125,1.6628,0.0026,0.0415,0.7913,0.8274,38.1404,0,0.0056,0.0172,0.0117,0.0043,0.0244,0.0141,0.0097,0.0026,0.0061,0.0133,0.008,0.0067,0.0264,0.0113,0.0232,3.9889,Subject03,Cycling,71.2
844,1140,1.6932,0.0028,0.0424,0.8462,0.8017,36.7356,0,0.0057,0.0194,0.0104,0.0042,0.0242,0.0201,0.0086,0.0025,0.0055,0.0124,0.0081,0.006,0.0256,0.0094,0.0205,3.9889,Subject03,Cycling,71.2
845,1155,1.6979,0.0031,0.0434,0.8184,0.833,36.8547,0,0.0054,0.0172,0.0112,0.0043,0.0253,0.0179,0.0165,0.0024,0.0056,0.0122,0.0081,0.0056,0.0271,0.0098,0.0215,3.9889,Subject03,Cycling,71.2
846,1170,1.671,0.0032,0.0456,0.8124,0.8098,34.2356,0,0.0051,0.0176,0.0082,0.0038,0.0224,0.0123,0.0127,0.0024,0.0056,0.0129,0.0097,0.0061,0.024,0.0092,0.0171,3.9889,Subject03,Cycling,71.2
847,1185,1.7073,0.0031,0.0474,0.8408,0.816,34.4261,0,0.0051,0.016,0.0101,0.0039,0.0237,0.0135,0.0198,0.0024,0.0055,0.0118,0.0122,0.0063,0.0258,0.0098,0.022,3.9889,Subject03,Cycling,71.2
848,1200,1.6002,0.0026,0.0369,0.7982,0.7625,32.569,0,0.0051,0.0168,0.0071,0.0033,0.0252,0.0174,0.0104,0.0024,0.0055,0.0126,0.0102,0.0064,0.0253,0.0108,0.0199,3.9889,Subject03,Cycling,71.2
849,1215,1.7091,0.0029,0.0391,0.8225,0.8446,32.7118,0,0.005,0.016,0.008,0.0037,0.0264,0.015,0.0196,0.0025,0.0059,0.0129,0.0083,0.0065,0.0266,0.0135,0.0244,3.9889,Subject03,Cycling,71.2
850,1230,1.631,0.0035,0.0444,0.7675,0.8156,31.769,0,0.0051,0.0173,0.0086,0.0037,0.0238,0.0154,0.0153,0.0025,0.0058,0.0125,0.0081,0.0061,0.0268,0.0138,0.024,3.9889,Subject03,Cycling,71.2
851,1245,1.6803,0.004,0.0443,0.8294,0.8026,32.569,0,0.0054,0.018,0.0089,0.0039,0.0267,0.0209,0.0199,0.0028,0.006,0.0126,0.008,0.0061,0.0258,0.0118,0.026,3.9889,Subject03,Cycling,71.2
852,1260,1.5688,0.0029,0.0384,0.7818,0.7457,34.569,0,0.0061,0.0213,0.0071,0.0039,0.0262,0.0157,0.0095,0.0025,0.0057,0.0113,0.009,0.0055,0.0248,0.0078,0.0187,3.9889,Subject03,Cycling,71.2
853,1275,1.5663,0.0027,0.0387,0.7733,0.7517,31.569,0,0.0057,0.0199,0.0069,0.0037,0.0267,0.0166,0.0059,0.0027,0.0058,0.0125,0.0086,0.0056,0.0241,0.0084,0.0135,3.9889,Subject03,Cycling,71.2
854,1290,1.6206,0.0038,0.0531,0.7828,0.7809,30.569,0,0.0059,0.0195,0.008,0.0039,0.0234,0.0145,0.0139,0.0027,0.0059,0.0129,0.0102,0.0062,0.0272,0.0108,0.0172,3.9889,Subject03,Cycling,71.2
855,1305,1.6592,0.0047,0.0709,0.7841,0.7995,29.069,0,0.0059,0.0204,0.0093,0.0045,0.0228,0.0091,0.0236,0.0028,0.0057,0.0124,0.0119,0.0064,0.0256,0.0079,0.0172,3.9889,Subject03,Cycling,71.2
856,1320,1.5755,0.0033,0.0551,0.7544,0.7626,29.9975,0,0.0057,0.0195,0.0084,0.004,0.0229,0.0117,0.017,0.0028,0.006,0.0131,0.0097,0.0062,0.027,0.011,0.0189,3.9889,Subject03,Cycling,71.2
857,1335,1.6808,0.0048,0.067,0.8055,0.8035,32.9023,0,0.006,0.0203,0.0082,0.0042,0.024,0.0158,0.0153,0.0027,0.0061,0.0139,0.0089,0.0062,0.0278,0.0111,0.0212,3.9889,Subject03,Cycling,71.2
858,1350,1.647,0.0048,0.0637,0.7902,0.7883,29.069,0,0.006,0.0202,0.0085,0.0045,0.0239,0.0152,0.0174,0.0027,0.0056,0.0129,0.0088,0.006,0.0279,0.0099,0.017,3.9889,Subject03,Cycling,71.2
859,1365,1.6531,0.0046,0.0515,0.7973,0.7996,29.569,0,0.0055,0.0189,0.0108,0.0045,0.0262,0.0218,0.0151,0.0026,0.0055,0.0129,0.0096,0.0061,0.0277,0.0142,0.0271,3.9889,Subject03,Cycling,71.2
860,1440,1.6152,0.0032,0.0458,0.7958,0.7704,27.9975,0.03,0.0063,0.0233,0.0109,0.0049,0.0248,0.0161,0.0125,0.0026,0.0062,0.0143,0.0103,0.0072,0.0266,0.01,0.0179,4.921,Subject03,Cycling,71.2
861,1455,1.5595,0.0032,0.043,0.795,0.7183,31.7356,0.0317,0.0067,0.0243,0.0082,0.0043,0.0274,0.0194,0.0107,0.0027,0.0077,0.017,0.0104,0.0086,0.0288,0.0147,0.0256,4.921,Subject03,Cycling,71.2
862,1470,1.6982,0.0044,0.061,0.8203,0.8126,34.2356,0.0314,0.0071,0.025,0.0088,0.0049,0.0263,0.0226,0.011,0.0027,0.0081,0.0184,0.0083,0.0086,0.0286,0.0141,0.0215,4.921,Subject03,Cycling,71.2
863,1485,1.6994,0.0041,0.0558,0.8317,0.8079,33.7118,0.029,0.0071,0.0271,0.0112,0.0052,0.0269,0.0168,0.0117,0.0028,0.0089,0.0186,0.01,0.0091,0.0303,0.0147,0.0243,4.921,Subject03,Cycling,71.2
864,1500,1.6635,0.0034,0.0478,0.8345,0.7777,33.4261,0.0336,0.0071,0.0256,0.0126,0.0054,0.0289,0.0178,0.0109,0.003,0.0077,0.0169,0.0103,0.0088,0.0296,0.0149,0.0315,4.921,Subject03,Cycling,71.2
865,1515,1.6519,0.005,0.0493,0.7994,0.7983,35.1404,0.0336,0.0064,0.0231,0.0111,0.0048,0.0271,0.0169,0.0064,0.0032,0.0082,0.0186,0.008,0.0093,0.0314,0.0178,0.027,4.921,Subject03,Cycling,71.2
866,1530,1.7009,0.0045,0.0514,0.8445,0.8005,34.9023,0.0346,0.0067,0.0253,0.0119,0.0053,0.0265,0.0175,0.0106,0.0032,0.0079,0.0175,0.0115,0.0086,0.0294,0.0155,0.0252,4.921,Subject03,Cycling,71.2
867,1545,1.6344,0.004,0.0434,0.8108,0.7761,33.7118,0.0348,0.0064,0.0229,0.0123,0.0052,0.0281,0.0223,0.011,0.0032,0.0072,0.0167,0.0112,0.0086,0.0304,0.0169,0.0302,4.921,Subject03,Cycling,71.2
868,1560,1.6593,0.0047,0.0495,0.7809,0.8243,36.569,0.0295,0.0068,0.0247,0.0096,0.005,0.0276,0.0197,0.0135,0.0025,0.0072,0.0158,0.0088,0.0082,0.0308,0.019,0.0295,4.921,Subject03,Cycling,71.2
869,1575,1.6119,0.004,0.0406,0.7824,0.785,35.8547,0.0376,0.007,0.0243,0.011,0.0051,0.0248,0.0122,0.0115,0.0024,0.0072,0.0176,0.0101,0.0083,0.0271,0.0124,0.019,4.921,Subject03,Cycling,71.2
870,1590,1.5983,0.0038,0.0435,0.7831,0.7679,36.8547,0.0333,0.0066,0.0238,0.0102,0.0048,0.026,0.0148,0.01,0.0024,0.0082,0.0182,0.0103,0.009,0.0292,0.0143,0.0248,4.921,Subject03,Cycling,71.2
871,1605,1.5195,0.0031,0.0353,0.7687,0.7124,33.2833,0.0312,0.0069,0.0262,0.0098,0.0049,0.0279,0.0184,0.0068,0.0024,0.0068,0.0164,0.0113,0.008,0.0268,0.0129,0.0196,4.921,Subject03,Cycling,71.2
872,1620,1.6518,0.0036,0.0447,0.8106,0.793,33.4023,0.0284,0.0072,0.0262,0.0096,0.005,0.0269,0.0192,0.0103,0.0025,0.0076,0.0177,0.0121,0.0086,0.0287,0.0144,0.0213,4.921,Subject03,Cycling,71.2
873,1635,1.6817,0.0044,0.0514,0.8108,0.8151,34.4261,0.0283,0.0072,0.0257,0.0121,0.0056,0.0313,0.0268,0.0108,0.0028,0.0076,0.0182,0.0091,0.0082,0.0331,0.0207,0.0323,4.921,Subject03,Cycling,71.2
874,1650,1.5513,0.0036,0.0457,0.7629,0.739,33.4023,0.0294,0.006,0.0239,0.011,0.0048,0.0273,0.0174,0.0074,0.0027,0.0072,0.017,0.0109,0.0081,0.0275,0.0122,0.0181,4.921,Subject03,Cycling,71.2
875,1665,1.4924,0.0023,0.0341,0.7424,0.7135,33.569,0.0289,0.0057,0.0225,0.0119,0.0046,0.0292,0.0223,0.0078,0.0027,0.0073,0.0171,0.009,0.0086,0.029,0.0169,0.0278,4.921,Subject03,Cycling,71.2
876,1680,1.5449,0.0029,0.0417,0.7681,0.7322,31.8547,0.0293,0.0067,0.0248,0.0104,0.005,0.0274,0.0173,0.0067,0.0027,0.0073,0.0168,0.0106,0.008,0.0289,0.0124,0.0193,4.921,Subject03,Cycling,71.2
877,1695,1.5564,0.0028,0.0433,0.7633,0.747,31.8547,0.0307,0.006,0.0223,0.0105,0.0048,0.0261,0.0186,0.009,0.0029,0.0078,0.0174,0.0104,0.0086,0.0265,0.0115,0.0165,4.921,Subject03,Cycling,71.2
878,1710,1.5846,0.0026,0.0522,0.7701,0.7597,31.1404,0.0371,0.0061,0.022,0.0121,0.0049,0.0279,0.0183,0.008,0.0027,0.0076,0.018,0.0096,0.0092,0.03,0.0169,0.025,4.921,Subject03,Cycling,71.2
879,1725,1.4771,0.002,0.0395,0.7118,0.7238,34.569,0.0416,0.0059,0.0235,0.0103,0.0046,0.0255,0.0158,0.006,0.0027,0.0071,0.0176,0.0104,0.0085,0.0275,0.0146,0.0199,4.921,Subject03,Cycling,71.2
880,360,1.7887,0.0027,0.0609,0.8372,0.8879,-2.4435,0.0016,0.0029,0.0046,0.0038,0.0032,0.0132,0.0145,0.0206,0.0018,0.0057,0.0074,0.0038,0.0057,0.0114,0.0123,0.021,3.4757,Subject03,Incline,71.2
881,375,1.838,0.0038,0.0722,0.8056,0.9564,7.8898,0.0016,0.0029,0.0046,0.0041,0.0032,0.0149,0.016,0.0204,0.0018,0.0053,0.0072,0.0039,0.0054,0.0115,0.0128,0.0174,3.4757,Subject03,Incline,71.2
882,390,1.744,0.0037,0.0665,0.8005,0.8733,13.7232,0.0016,0.0027,0.0041,0.0037,0.0035,0.0132,0.0149,0.0263,0.0019,0.0055,0.0073,0.0037,0.0056,0.0124,0.0127,0.0186,3.4757,Subject03,Incline,71.2
883,405,1.7305,0.0041,0.0683,0.7642,0.894,7.3898,0.0015,0.0027,0.0044,0.0036,0.0033,0.0135,0.013,0.0253,0.0019,0.0046,0.0065,0.0033,0.005,0.0119,0.014,0.0171,3.4757,Subject03,Incline,71.2
884,420,1.8273,0.0034,0.071,0.8699,0.883,7.3898,0.0016,0.0028,0.0041,0.0037,0.0031,0.0133,0.0108,0.0187,0.0019,0.0053,0.0068,0.0038,0.0052,0.0113,0.0109,0.0178,3.4757,Subject03,Incline,71.2
885,435,1.8874,0.0045,0.0761,0.8571,0.9497,7.0565,0.0016,0.0027,0.0037,0.0046,0.0035,0.0135,0.0125,0.0219,0.0019,0.0057,0.007,0.0038,0.0056,0.0122,0.0109,0.0212,3.4757,Subject03,Incline,71.2
886,450,1.8051,0.0037,0.0692,0.8352,0.897,9.3898,0.0016,0.0027,0.0041,0.004,0.0034,0.0139,0.0124,0.0225,0.0019,0.0051,0.0065,0.0035,0.0051,0.0122,0.0124,0.0192,3.4757,Subject03,Incline,71.2
887,465,1.84,0.0038,0.0722,0.8212,0.9428,6.9613,0.0016,0.0031,0.0046,0.0041,0.0035,0.0145,0.0124,0.0269,0.0019,0.0056,0.0071,0.0036,0.0053,0.0105,0.0103,0.0182,3.4757,Subject03,Incline,71.2
888,480,1.8671,0.0054,0.0865,0.8923,0.8829,4.8898,0.0015,0.0025,0.0035,0.0037,0.003,0.0137,0.0126,0.0184,0.0019,0.0051,0.0068,0.0039,0.0052,0.0116,0.0114,0.0159,3.4757,Subject03,Incline,71.2
889,495,1.9058,0.0049,0.0795,0.8139,1.0075,4.0565,0.0016,0.0025,0.0037,0.0042,0.0037,0.0129,0.0126,0.0242,0.0019,0.0047,0.0062,0.0034,0.0047,0.0112,0.011,0.0169,3.4757,Subject03,Incline,71.2
890,510,1.9085,0.0041,0.0764,0.8967,0.9313,5.5565,0.0015,0.0026,0.0037,0.0038,0.0034,0.0135,0.012,0.0253,0.0018,0.0049,0.0061,0.0034,0.0047,0.011,0.0108,0.0184,3.4757,Subject03,Incline,71.2
891,525,1.8922,0.0062,0.0858,0.8846,0.9156,7.3898,0.0015,0.0024,0.0034,0.0039,0.0027,0.0128,0.0129,0.0184,0.0019,0.005,0.007,0.0037,0.005,0.0101,0.0097,0.0177,3.4757,Subject03,Incline,71.2
892,540,1.8547,0.0048,0.0823,0.8432,0.9244,8.1898,0.0016,0.0025,0.0034,0.0038,0.0031,0.0142,0.0121,0.0166,0.002,0.0048,0.0063,0.0039,0.0049,0.0119,0.0109,0.0173,3.4757,Subject03,Incline,71.2
893,555,1.8706,0.0053,0.0788,0.9024,0.884,8.8898,0.0015,0.0028,0.0038,0.0038,0.0031,0.0142,0.0128,0.0209,0.0018,0.005,0.0062,0.0037,0.0051,0.0111,0.0104,0.0174,3.4757,Subject03,Incline,71.2
894,570,1.7821,0.0042,0.0703,0.7821,0.9254,6.7232,0.0015,0.0031,0.0043,0.0036,0.0032,0.0117,0.0097,0.0196,0.0018,0.0054,0.007,0.0037,0.0052,0.0107,0.0101,0.0168,3.4757,Subject03,Incline,71.2
895,585,1.8011,0.0047,0.0738,0.8192,0.9033,8.2232,0.0015,0.0029,0.0041,0.0035,0.0031,0.0136,0.0119,0.0217,0.0018,0.0059,0.0073,0.0038,0.0054,0.011,0.0099,0.0183,3.4757,Subject03,Incline,71.2
896,600,1.8345,0.0045,0.0745,0.8457,0.9097,6.3898,0.0016,0.0029,0.0041,0.0037,0.003,0.0121,0.0106,0.0167,0.0019,0.005,0.0065,0.0037,0.0051,0.0108,0.0098,0.0164,3.4757,Subject03,Incline,71.2
897,615,1.7231,0.0038,0.0717,0.7557,0.8919,1.9613,0.0015,0.0028,0.0043,0.0036,0.0028,0.0125,0.0107,0.0168,0.002,0.0052,0.0069,0.0035,0.0052,0.0105,0.0097,0.0118,3.4757,Subject03,Incline,71.2
898,630,1.8696,0.0041,0.074,0.8852,0.9063,5.8898,0.0016,0.0025,0.0033,0.0035,0.0028,0.0139,0.0125,0.0185,0.0019,0.005,0.0064,0.0038,0.005,0.0115,0.0109,0.0135,3.4757,Subject03,Incline,71.2
899,645,1.8968,0.0044,0.0763,0.884,0.9321,8.2232,0.0016,0.0032,0.0043,0.0039,0.003,0.0114,0.0106,0.0203,0.0018,0.0057,0.0067,0.0038,0.0054,0.0105,0.0097,0.018,3.4757,Subject03,Incline,71.2
900,720,3.8414,0.0071,0.1599,1.7462,1.9283,3.0565,0.0017,0.0025,0.0042,0.0073,0.0043,0.0178,0.0199,0.0277,0.0022,0.0043,0.006,0.008,0.0055,0.0196,0.0175,0.0284,6.2116,Subject03,Incline,71.2
901,735,4.0318,0.0058,0.1599,1.8167,2.0494,14.5327,0.0018,0.0028,0.0053,0.0074,0.0049,0.0159,0.02,0.0279,0.0024,0.0051,0.0069,0.0087,0.0063,0.0183,0.0173,0.0276,6.2116,Subject03,Incline,71.2
902,750,4.0972,0.0062,0.1504,1.8717,2.0689,17.2232,0.0018,0.0031,0.0054,0.0077,0.0046,0.0158,0.0204,0.0313,0.0025,0.0057,0.0077,0.0088,0.0067,0.0178,0.0182,0.0311,6.2116,Subject03,Incline,71.2
903,765,4.0461,0.0069,0.1679,1.831,2.0403,20.7898,0.0018,0.0029,0.0057,0.0073,0.0046,0.0158,0.0188,0.0273,0.0023,0.0056,0.0079,0.0088,0.0067,0.0178,0.0174,0.0294,6.2116,Subject03,Incline,71.2
904,780,4.0549,0.0072,0.1562,1.8304,2.0611,25.5327,0.0018,0.003,0.0055,0.0079,0.0045,0.0147,0.0198,0.0295,0.0023,0.0057,0.0074,0.0085,0.0066,0.0178,0.017,0.0284,6.2116,Subject03,Incline,71.2
905,795,4.02,0.0067,0.1526,1.7764,2.0843,26.3898,0.0017,0.003,0.0051,0.0075,0.0045,0.0142,0.0179,0.0297,0.0022,0.006,0.0082,0.0095,0.0067,0.0191,0.018,0.0276,6.2116,Subject03,Incline,71.2
906,810,3.9929,0.0066,0.1688,1.7981,2.0194,25.9613,0.0018,0.0032,0.006,0.0076,0.0049,0.0156,0.0195,0.03,0.0022,0.0055,0.0077,0.0096,0.007,0.0175,0.0169,0.0284,6.2116,Subject03,Incline,71.2
907,825,4.0997,0.0074,0.1719,1.865,2.0554,27.5565,0.0018,0.0032,0.0059,0.0074,0.0045,0.0147,0.0201,0.0299,0.0023,0.0054,0.0073,0.0084,0.0064,0.0171,0.017,0.0276,6.2116,Subject03,Incline,71.2
908,840,4.1797,0.0071,0.1612,1.9368,2.0746,28.6755,0.0019,0.0035,0.0058,0.0075,0.0046,0.0154,0.0221,0.0357,0.0023,0.0058,0.0077,0.0096,0.0072,0.0182,0.0185,0.0301,6.2116,Subject03,Incline,71.2
909,855,4.1273,0.0077,0.1609,1.9317,2.027,29.6755,0.0018,0.0029,0.0053,0.0075,0.0044,0.0151,0.0216,0.0288,0.0022,0.0059,0.0077,0.0093,0.0071,0.0167,0.0166,0.0313,6.2116,Subject03,Incline,71.2
910,870,4.0392,0.0082,0.1607,1.8546,2.0158,26.7898,0.0018,0.0029,0.0057,0.0073,0.0042,0.0145,0.0199,0.0269,0.0023,0.006,0.0083,0.0095,0.0073,0.0167,0.0158,0.0265,6.2116,Subject03,Incline,71.2
911,885,4.0936,0.0076,0.1766,1.8408,2.0686,27.6755,0.0017,0.0034,0.0065,0.0078,0.0046,0.0144,0.0192,0.0269,0.0021,0.0057,0.0082,0.0085,0.0068,0.0163,0.0153,0.0233,6.2116,Subject03,Incline,71.2
912,900,4.1195,0.0087,0.1728,1.8552,2.083,29.9613,0.0018,0.0031,0.0064,0.0075,0.0049,0.0151,0.0194,0.027,0.0022,0.0056,0.0078,0.0082,0.0065,0.016,0.0157,0.0256,6.2116,Subject03,Incline,71.2
913,915,4.0537,0.0073,0.1597,1.8664,2.0203,30.8898,0.0017,0.0027,0.0055,0.007,0.0045,0.0152,0.0177,0.0253,0.0021,0.0057,0.0075,0.0086,0.0067,0.0156,0.0158,0.0267,6.2116,Subject03,Incline,71.2
914,930,4.1029,0.0066,0.164,1.8703,2.0619,33.3898,0.0018,0.003,0.006,0.0076,0.0043,0.0135,0.0183,0.0252,0.0021,0.0059,0.0079,0.0084,0.0073,0.0167,0.015,0.0259,6.2116,Subject03,Incline,71.2
915,945,4.1138,0.0064,0.1784,1.8809,2.048,31.7232,0.0018,0.0032,0.006,0.0071,0.0044,0.0159,0.0194,0.0266,0.0021,0.0055,0.0073,0.0079,0.0065,0.0165,0.016,0.0264,6.2116,Subject03,Incline,71.2
916,960,4.0574,0.0066,0.1513,1.8676,2.0319,32.7232,0.0018,0.0031,0.0053,0.0074,0.0045,0.0146,0.0192,0.0284,0.0023,0.0058,0.0078,0.0087,0.0071,0.0171,0.0165,0.0286,6.2116,Subject03,Incline,71.2
917,975,4.1388,0.0075,0.1815,1.8839,2.0659,33.0565,0.0019,0.0031,0.0056,0.0079,0.0047,0.0157,0.0184,0.0296,0.0022,0.0055,0.0075,0.0082,0.0067,0.0163,0.0155,0.0282,6.2116,Subject03,Incline,71.2
918,990,4.0915,0.0068,0.1685,1.8479,2.0684,32.0565,0.0019,0.0031,0.0058,0.0073,0.0046,0.0155,0.0179,0.0286,0.0021,0.0058,0.0078,0.0081,0.0069,0.0168,0.0152,0.0264,6.2116,Subject03,Incline,71.2
919,1005,4.0297,0.0077,0.1682,1.8229,2.0309,28.8898,0.0019,0.0031,0.006,0.0078,0.0045,0.0163,0.0202,0.0305,0.0022,0.0054,0.0076,0.0074,0.0065,0.0163,0.0158,0.0256,6.2116,Subject03,Incline,71.2
920,1080,3.0246,0.0061,0.1273,1.3735,1.5176,32.5565,0.0019,0.0029,0.0042,0.0056,0.0034,0.0134,0.0161,0.0237,0.0022,0.0056,0.0068,0.0068,0.0066,0.0154,0.0151,0.0262,0.222,Subject03,Incline,71.2
921,1095,0.2838,0.0013,0.0271,0.1204,0.135,25.1898,0.0016,0.0015,0.0017,0.0017,0.0015,0.0083,0.006,0.0029,0.0015,0.0023,0.0023,0.002,0.0022,0.0071,0.0061,0.0069,0.222,Subject03,Incline,71.2
922,1110,0.0166,0.0003,0.0042,0.0046,0.0075,33.7898,0.0014,0.0012,0.0015,0.0014,0.0011,0.0059,0.0026,0.0015,0.0014,0.0014,0.0017,0.0018,0.0016,0.0043,0.0026,0.0021,0.222,Subject03,Incline,71.2
923,1125,0.0116,0.0002,0.0034,0.0043,0.0036,27.7898,0.0014,0.0013,0.0015,0.0015,0.0011,0.0069,0.0023,0.0013,0.0015,0.0015,0.0017,0.0018,0.0017,0.0041,0.0021,0.0016,0.222,Subject03,Incline,71.2
924,1140,0.0298,0.0003,0.0047,0.0185,0.0063,13.1398,0.0015,0.0019,0.0018,0.0016,0.0012,0.0032,0.0025,0.0026,0.0015,0.0018,0.0019,0.0019,0.0017,0.004,0.0034,0.0032,0.222,Subject03,Incline,71.2
925,1155,0.0241,0.0008,0.0102,0.0074,0.0057,12.3898,0.0015,0.0015,0.0017,0.0015,0.0011,0.005,0.0021,0.0022,0.0014,0.0015,0.0018,0.0018,0.0016,0.0035,0.0032,0.0025,0.222,Subject03,Incline,71.2
926,1170,0.015,0.0004,0.005,0.0055,0.0041,8.8898,0.0015,0.0018,0.0017,0.0014,0.0011,0.0045,0.0017,0.002,0.0015,0.0015,0.0018,0.0018,0.0016,0.0037,0.0032,0.0037,0.222,Subject03,Incline,71.2
927,1185,0.0112,0.0002,0.0028,0.0042,0.0041,8.3898,0.0014,0.0017,0.0017,0.0013,0.0011,0.0052,0.0018,0.0017,0.0014,0.0014,0.0017,0.0016,0.0016,0.0035,0.0028,0.0027,0.222,Subject03,Incline,71.2
928,1200,0.0101,0.0002,0.0029,0.0042,0.0028,8.3898,0.0013,0.0011,0.0014,0.0012,0.001,0.0046,0.0016,0.0011,0.0013,0.0013,0.0016,0.0016,0.0016,0.0043,0.0033,0.0034,0.222,Subject03,Incline,71.2
929,1215,0.4628,0.0029,0.0496,0.2222,0.1881,9.7898,0.0014,0.0019,0.0024,0.0015,0.0017,0.0055,0.0035,0.0112,0.0014,0.0027,0.0023,0.002,0.0022,0.0073,0.0058,0.0085,0.222,Subject03,Incline,71.2
930,1230,0.0325,0.0004,0.0101,0.0116,0.0105,7.6398,0.0013,0.0011,0.0014,0.0013,0.0012,0.0051,0.0034,0.0055,0.0014,0.0014,0.0018,0.0015,0.0016,0.0058,0.0046,0.0056,0.222,Subject03,Incline,71.2
931,1245,0.0111,0.0002,0.003,0.0047,0.0032,15.5565,0.0013,0.001,0.0014,0.0011,0.0012,0.0084,0.0019,0.0015,0.0013,0.0013,0.0016,0.0014,0.0016,0.0045,0.0017,0.003,0.222,Subject03,Incline,71.2
932,1260,0.0106,0.0002,0.0029,0.0047,0.0029,20.9898,0.0013,0.001,0.0013,0.0011,0.001,0.006,0.0011,0.0012,0.0014,0.0013,0.0016,0.0014,0.0015,0.0067,0.0019,0.0036,0.222,Subject03,Incline,71.2
933,1275,0.0115,0.0002,0.0029,0.0049,0.0036,22.5898,0.0013,0.001,0.0013,0.001,0.001,0.0046,0.0013,0.003,0.0013,0.0014,0.0016,0.0015,0.0016,0.0063,0.0018,0.0041,0.222,Subject03,Incline,71.2
934,1290,0.0105,0.0002,0.0028,0.0044,0.0031,20.3898,0.0013,0.001,0.0014,0.001,0.001,0.0084,0.0014,0.0012,0.0013,0.0013,0.0016,0.0014,0.0015,0.0064,0.0024,0.0016,0.222,Subject03,Incline,71.2
935,1305,0.0234,0.0003,0.006,0.0081,0.0089,15.7898,0.0013,0.0016,0.0016,0.0011,0.0013,0.0037,0.0021,0.0073,0.0013,0.002,0.0019,0.0015,0.0018,0.0058,0.0047,0.0063,0.222,Subject03,Incline,71.2
936,1320,0.0118,0.0002,0.0032,0.0049,0.0035,10.3898,0.0013,0.0013,0.0016,0.0011,0.001,0.0028,0.0018,0.0012,0.0013,0.0013,0.0016,0.0013,0.0015,0.0042,0.0034,0.003,0.222,Subject03,Incline,71.2
937,1335,0.0105,0.0002,0.0029,0.0044,0.003,13.3898,0.0013,0.0014,0.0015,0.001,0.001,0.0041,0.0014,0.0013,0.0014,0.0013,0.0016,0.0014,0.0015,0.0063,0.0037,0.0047,0.222,Subject03,Incline,71.2
938,1350,0.0118,0.0002,0.0031,0.0042,0.0044,8.9898,0.0013,0.0011,0.0014,0.001,0.001,0.0025,0.0013,0.0011,0.0013,0.0013,0.0016,0.0015,0.0015,0.0066,0.0038,0.0024,0.222,Subject03,Incline,71.2
939,1365,0.0218,0.0003,0.0047,0.0096,0.0072,5.8898,0.0013,0.0011,0.0014,0.001,0.0009,0.0047,0.0023,0.0032,0.0013,0.0016,0.0017,0.0014,0.0015,0.0034,0.0028,0.0033,0.222,Subject03,Incline,71.2
940,1440,2.403,0.0054,0.1638,1.045,1.1888,17.5327,0.002,0.0035,0.0071,0.0084,0.0051,0.0157,0.0199,0.0377,0.0023,0.0055,0.0081,0.0088,0.0066,0.0158,0.0162,0.0254,10.2795,Subject03,Incline,71.2
941,1455,3.6092,0.0082,0.2693,1.4984,1.8333,11.7232,0.0025,0.0048,0.0121,0.0138,0.0089,0.0165,0.0225,0.045,0.003,0.0072,0.0117,0.0141,0.0094,0.0173,0.0207,0.0315,10.2795,Subject03,Incline,71.2
942,1470,3.6784,0.0083,0.2742,1.5588,1.837,35.2232,0.0028,0.0053,0.0138,0.0139,0.0107,0.018,0.0261,0.0454,0.0031,0.0076,0.0119,0.0135,0.0094,0.0182,0.0227,0.0315,10.2795,Subject03,Incline,71.2
943,1485,3.6323,0.0095,0.2766,1.5834,1.7629,43.1041,0.0026,0.0045,0.011,0.0124,0.0095,0.0164,0.0254,0.0383,0.0033,0.0077,0.0126,0.0134,0.0105,0.0182,0.0208,0.0309,10.2795,Subject03,Incline,71.2
944,1500,3.6862,0.0105,0.2868,1.6049,1.784,50.8898,0.0027,0.0046,0.0111,0.0129,0.0086,0.0168,0.025,0.0368,0.0033,0.0071,0.0119,0.0128,0.01,0.0185,0.0227,0.0297,10.2795,Subject03,Incline,71.2
945,1515,3.6238,0.0098,0.2939,1.5788,1.7413,56.2232,0.0026,0.0043,0.0106,0.0131,0.0086,0.019,0.0243,0.0342,0.0031,0.0075,0.0127,0.0146,0.0106,0.0185,0.0222,0.0281,10.2795,Subject03,Incline,71.2
946,1530,3.5565,0.0102,0.3092,1.5045,1.7326,58.7232,0.0028,0.0044,0.0111,0.0121,0.0083,0.0168,0.022,0.0319,0.0031,0.0076,0.012,0.0123,0.0105,0.0182,0.02,0.0275,10.2795,Subject03,Incline,71.2
947,1545,3.5633,0.0111,0.3046,1.5391,1.7084,62.8184,0.0027,0.0044,0.0109,0.0118,0.0084,0.0171,0.0243,0.0315,0.0031,0.0075,0.0125,0.0124,0.0106,0.0181,0.022,0.03,10.2795,Subject03,Incline,71.2
948,1560,3.6397,0.0116,0.312,1.5518,1.7642,65.7232,0.0026,0.0043,0.0108,0.0121,0.0086,0.0166,0.0239,0.0329,0.0031,0.007,0.0118,0.013,0.0103,0.0184,0.0213,0.0283,10.2795,Subject03,Incline,71.2
949,1575,3.6247,0.0104,0.3012,1.5095,1.8036,66.3898,0.0027,0.0045,0.0108,0.0128,0.0095,0.0178,0.024,0.0348,0.0032,0.0063,0.0106,0.0129,0.009,0.0192,0.0216,0.03,10.2795,Subject03,Incline,71.2
950,1590,3.5902,0.0101,0.3099,1.5047,1.7654,68.6755,0.0028,0.004,0.0102,0.0124,0.0089,0.0186,0.0246,0.033,0.0031,0.0069,0.0113,0.0129,0.0094,0.019,0.0209,0.0284,10.2795,Subject03,Incline,71.2
951,1605,3.5832,0.0118,0.3326,1.484,1.7548,70.5327,0.0027,0.004,0.0102,0.0113,0.0083,0.0171,0.0225,0.036,0.0031,0.0065,0.011,0.0126,0.0095,0.018,0.0206,0.0292,10.2795,Subject03,Incline,71.2
952,1620,3.5986,0.0102,0.3263,1.4832,1.779,72.2232,0.0029,0.0042,0.0099,0.0116,0.0081,0.0185,0.0241,0.0359,0.0033,0.007,0.0115,0.0129,0.0099,0.0198,0.0219,0.0294,10.2795,Subject03,Incline,71.2
953,1635,3.6635,0.0111,0.3348,1.529,1.7886,73.3898,0.003,0.0043,0.0104,0.0127,0.0087,0.0178,0.0238,0.0362,0.0032,0.0068,0.0112,0.0134,0.0095,0.0173,0.0198,0.0303,10.2795,Subject03,Incline,71.2
954,1650,3.6818,0.0113,0.3416,1.5335,1.7954,73.8184,0.0029,0.0041,0.0096,0.0133,0.009,0.0179,0.0226,0.0328,0.0032,0.0068,0.0114,0.0126,0.0095,0.0173,0.0191,0.029,10.2795,Subject03,Incline,71.2
955,1665,3.6832,0.0103,0.3745,1.5351,1.7634,74.8184,0.0029,0.0043,0.0104,0.0115,0.0083,0.0184,0.0219,0.0332,0.0032,0.0062,0.0112,0.013,0.0093,0.0163,0.0197,0.0311,10.2795,Subject03,Incline,71.2
956,1680,3.5999,0.0111,0.3174,1.5526,1.7188,75.0148,0.0028,0.0041,0.0095,0.0116,0.0086,0.0182,0.0229,0.034,0.0032,0.0067,0.0111,0.0124,0.0093,0.0182,0.0205,0.0317,10.2795,Subject03,Incline,71.2
957,1695,3.6244,0.0128,0.3676,1.5052,1.7388,76.3898,0.0029,0.0041,0.0097,0.0108,0.0081,0.0174,0.0211,0.0313,0.0031,0.0066,0.011,0.0122,0.0089,0.0173,0.0192,0.0302,10.2795,Subject03,Incline,71.2
958,1710,3.6048,0.0117,0.3541,1.5035,1.7356,76.1676,0.0028,0.0043,0.0106,0.011,0.0092,0.0167,0.022,0.0326,0.0031,0.0068,0.0113,0.012,0.0096,0.0165,0.0192,0.0317,10.2795,Subject03,Incline,71.2
959,1725,3.63,0.0124,0.3325,1.5471,1.7381,77.8184,0.003,0.0042,0.01,0.0115,0.0082,0.0181,0.0246,0.0362,0.0034,0.0067,0.0112,0.0129,0.0095,0.0178,0.0201,0.0322,10.2795,Subject03,Incline,71.2
960,1800,1.5048,0.0063,0.0925,0.6697,0.7363,76.7232,0.0026,0.0039,0.0073,0.0046,0.0045,0.016,0.0157,0.0232,0.0029,0.0056,0.0081,0.0045,0.0064,0.0165,0.0148,0.021,5.9422,Subject03,Incline,71.2
961,1815,1.4635,0.007,0.0833,0.6844,0.6888,73.0565,0.0024,0.0037,0.0069,0.0043,0.0039,0.0186,0.0166,0.022,0.0026,0.0057,0.0088,0.0042,0.0068,0.0131,0.0129,0.0194,5.9422,Subject03,Incline,71.2
962,1830,1.4783,0.0065,0.0872,0.6424,0.7421,65.9898,0.0023,0.0036,0.0062,0.0046,0.0037,0.017,0.0156,0.0225,0.0026,0.0057,0.009,0.0039,0.0067,0.0149,0.0148,0.0176,5.9422,Subject03,Incline,71.2
963,1845,1.4746,0.0062,0.0853,0.6521,0.7309,60.8898,0.0023,0.0035,0.0065,0.0048,0.0039,0.0183,0.0153,0.0196,0.0026,0.0055,0.0089,0.0037,0.0062,0.0147,0.0137,0.0184,5.9422,Subject03,Incline,71.2
964,1860,1.4573,0.0054,0.0843,0.6881,0.6796,58.8184,0.0023,0.0034,0.0063,0.0044,0.0034,0.0178,0.0152,0.0175,0.0026,0.0059,0.0088,0.004,0.006,0.0145,0.0135,0.0202,5.9422,Subject03,Incline,71.2
965,1875,1.4998,0.0059,0.0791,0.6299,0.7849,56.5565,0.0022,0.0033,0.0064,0.0053,0.0039,0.018,0.0137,0.0281,0.0026,0.0051,0.0081,0.0038,0.0061,0.0164,0.015,0.0201,5.9422,Subject03,Incline,71.2
966,1890,1.4886,0.0054,0.0813,0.664,0.7379,55.1898,0.0022,0.0035,0.0063,0.0045,0.0039,0.016,0.0145,0.0241,0.0025,0.0054,0.0087,0.0037,0.0064,0.0135,0.0131,0.0222,5.9422,Subject03,Incline,71.2
967,1905,1.4431,0.0064,0.0807,0.6372,0.7187,54.247,0.0023,0.0034,0.0067,0.0055,0.0038,0.0156,0.0152,0.0209,0.0025,0.0052,0.0081,0.0036,0.0057,0.0149,0.0146,0.0186,5.9422,Subject03,Incline,71.2
968,1920,1.4921,0.005,0.0796,0.7013,0.7062,52.7232,0.0022,0.0034,0.0062,0.0049,0.004,0.0164,0.0151,0.0231,0.0025,0.0053,0.0082,0.0041,0.0057,0.0145,0.0128,0.0203,5.9422,Subject03,Incline,71.2
969,1935,1.4101,0.0055,0.0744,0.6231,0.7071,50.1898,0.0021,0.0036,0.0072,0.0043,0.0038,0.0167,0.0141,0.0191,0.0024,0.0055,0.0085,0.0034,0.0061,0.0138,0.0128,0.0185,5.9422,Subject03,Incline,71.2
970,1950,1.459,0.005,0.0814,0.6439,0.7288,49.2232,0.0022,0.0037,0.0069,0.0049,0.004,0.0183,0.0149,0.0258,0.0024,0.0056,0.0086,0.0037,0.0061,0.0133,0.0132,0.0215,5.9422,Subject03,Incline,71.2
971,1965,1.4422,0.0048,0.0704,0.6694,0.6976,48.5565,0.0021,0.0035,0.0068,0.004,0.0036,0.0181,0.0146,0.0207,0.0024,0.0061,0.0094,0.0038,0.0067,0.0121,0.0106,0.0185,5.9422,Subject03,Incline,71.2
972,1980,1.5038,0.0054,0.0831,0.6748,0.7405,45.7232,0.0021,0.0037,0.0066,0.0046,0.0038,0.0152,0.0158,0.0267,0.0026,0.0057,0.0093,0.0038,0.0063,0.0134,0.0135,0.0237,5.9422,Subject03,Incline,71.2
973,1995,1.4838,0.0054,0.0962,0.6531,0.7291,45.2232,0.0022,0.0034,0.0066,0.0041,0.0034,0.0177,0.0161,0.0202,0.0025,0.0057,0.0088,0.0034,0.006,0.0127,0.0124,0.0191,5.9422,Subject03,Incline,71.2
974,2010,1.3637,0.0054,0.0843,0.6133,0.6607,49.8898,0.0022,0.0036,0.0067,0.0043,0.0036,0.0173,0.014,0.0225,0.0025,0.0051,0.0078,0.0031,0.0057,0.0156,0.0142,0.0195,5.9422,Subject03,Incline,71.2
975,2025,1.5014,0.0056,0.0794,0.6763,0.7401,48.7232,0.0021,0.0038,0.0067,0.0049,0.0038,0.0166,0.0138,0.0231,0.0024,0.0057,0.0089,0.0038,0.0066,0.0148,0.0143,0.0218,5.9422,Subject03,Incline,71.2
976,2040,1.3858,0.0058,0.0817,0.6411,0.6572,49.5327,0.0022,0.0033,0.0061,0.0045,0.0034,0.0196,0.0157,0.0245,0.0026,0.0053,0.008,0.0037,0.0059,0.0156,0.015,0.0217,5.9422,Subject03,Incline,71.2
977,2055,1.4027,0.0054,0.0784,0.5981,0.7208,51.0565,0.0021,0.0033,0.0061,0.0039,0.0035,0.0155,0.0136,0.0265,0.0024,0.006,0.0092,0.0033,0.0067,0.0155,0.0151,0.022,5.9422,Subject03,Incline,71.2
978,2070,1.453,0.0047,0.078,0.6623,0.708,49.8898,0.0021,0.0038,0.0069,0.0041,0.0039,0.0185,0.0146,0.0269,0.0024,0.0055,0.0088,0.0032,0.0062,0.0145,0.0134,0.0241,5.9422,Subject03,Incline,71.2
979,2085,1.4137,0.0057,0.0847,0.6094,0.7138,51.5898,0.0021,0.0034,0.0063,0.0038,0.0036,0.0186,0.0153,0.022,0.0024,0.0057,0.0088,0.0032,0.0064,0.0136,0.0125,0.0201,5.9422,Subject03,Incline,71.2
980,360,3.4435,0.003,0.1365,1.6507,1.6534,-3.2222,0.0023,0.0043,0.005,0.0061,0.0051,0.0207,0.0169,0.0266,0.0015,0.0023,0.0043,0.005,0.0039,0.0205,0.0235,0.0222,3.1877,Subject03,Running,71.2
981,375,4.5438,0.004,0.1622,2.0649,2.3127,-1.4722,0.0031,0.0048,0.006,0.0076,0.0062,0.0223,0.019,0.0301,0.0016,0.0029,0.006,0.0066,0.0051,0.0204,0.0253,0.0297,3.1877,Subject03,Running,71.2
982,390,4.4427,0.0043,0.1556,2.0887,2.1941,7.5778,0.0033,0.0052,0.0064,0.0067,0.0066,0.0219,0.0179,0.0275,0.0016,0.0027,0.0058,0.006,0.005,0.0209,0.0231,0.0269,3.1877,Subject03,Running,71.2
983,405,4.6107,0.0037,0.1527,2.146,2.3083,5.1111,0.0048,0.0053,0.0066,0.0069,0.0072,0.0215,0.0187,0.0268,0.0016,0.0028,0.0061,0.0061,0.0045,0.0204,0.0245,0.0265,3.1877,Subject03,Running,71.2
984,420,4.4739,0.0047,0.1451,2.0419,2.2823,5.1778,0.0041,0.0051,0.0063,0.008,0.0062,0.0204,0.0179,0.0252,0.0016,0.0031,0.0064,0.0068,0.0051,0.0205,0.0222,0.0289,3.1877,Subject03,Running,71.2
985,435,4.4152,0.004,0.1444,2.1378,2.129,4.5778,0.0043,0.0051,0.0061,0.0084,0.0064,0.0196,0.0178,0.0266,0.0016,0.0026,0.0053,0.006,0.0046,0.0205,0.0261,0.0282,3.1877,Subject03,Running,71.2
986,450,4.5451,0.0046,0.1618,2.0842,2.2945,2.5778,0.0046,0.0049,0.006,0.0071,0.006,0.0196,0.0175,0.0248,0.0016,0.0027,0.0057,0.0061,0.0048,0.0183,0.0223,0.0266,3.1877,Subject03,Running,71.2
987,465,4.4952,0.0049,0.158,2.137,2.1953,-0.4222,0.006,0.0052,0.0064,0.0073,0.0065,0.0181,0.0155,0.0219,0.0015,0.0026,0.0055,0.0057,0.0046,0.019,0.0221,0.0266,3.1877,Subject03,Running,71.2
988,480,4.4911,0.0051,0.1434,2.0532,2.2893,1.7778,0.0055,0.0048,0.0058,0.0067,0.0062,0.0193,0.0151,0.0234,0.0016,0.0026,0.0058,0.0061,0.0046,0.018,0.0201,0.0266,3.1877,Subject03,Running,71.2
989,495,4.5862,0.0046,0.1506,2.2088,2.2221,-1.5556,0.006,0.0051,0.0062,0.0074,0.0069,0.019,0.0157,0.0257,0.0015,0.0026,0.0053,0.0055,0.0044,0.0178,0.0241,0.0239,3.1877,Subject03,Running,71.2
990,510,4.5584,0.0047,0.1502,2.1117,2.2918,-2.3889,0.0056,0.0047,0.0056,0.0066,0.006,0.0188,0.0152,0.0238,0.0015,0.0025,0.0056,0.0062,0.0045,0.0184,0.0214,0.0247,3.1877,Subject03,Running,71.2
991,525,4.5875,0.0055,0.1677,2.1419,2.2724,-0.8222,0.0063,0.0044,0.0052,0.0066,0.0057,0.0183,0.0148,0.0217,0.0015,0.0028,0.0056,0.0056,0.0045,0.019,0.0232,0.025,3.1877,Subject03,Running,71.2
992,540,4.572,0.0052,0.1457,2.1845,2.2365,-4.0556,0.0066,0.0052,0.0061,0.0063,0.0064,0.0176,0.0144,0.0207,0.0015,0.0024,0.0054,0.0052,0.0043,0.0169,0.0209,0.024,3.1877,Subject03,Running,71.2
993,555,4.5536,0.0048,0.1536,2.0734,2.3218,-5.3889,0.0069,0.0042,0.0055,0.0061,0.0054,0.018,0.0152,0.0221,0.0015,0.0025,0.0056,0.0061,0.0046,0.0176,0.0217,0.0265,3.1877,Subject03,Running,71.2
994,570,4.4656,0.0046,0.1463,2.1082,2.2065,-0.8222,0.0057,0.0043,0.0055,0.0063,0.0058,0.0187,0.0156,0.0229,0.0015,0.0024,0.0054,0.0055,0.0039,0.0186,0.0226,0.0235,3.1877,Subject03,Running,71.2
995,585,4.55,0.0046,0.137,2.1723,2.2361,-0.6222,0.0054,0.0053,0.0059,0.0069,0.0067,0.0183,0.0155,0.0236,0.0015,0.0024,0.0052,0.0054,0.004,0.0165,0.022,0.0238,3.1877,Subject03,Running,71.2
996,600,4.5741,0.0051,0.1424,2.096,2.3305,-1.8222,0.006,0.0047,0.0054,0.0063,0.0059,0.0173,0.0142,0.0212,0.0015,0.0026,0.0059,0.0058,0.0044,0.0172,0.0202,0.0248,3.1877,Subject03,Running,71.2
997,615,4.5599,0.0048,0.1471,2.1894,2.2185,-1.4222,0.0055,0.0047,0.0055,0.0068,0.0064,0.0177,0.0146,0.0214,0.0015,0.0023,0.0054,0.0053,0.0041,0.019,0.0244,0.0233,3.1877,Subject03,Running,71.2
998,630,4.6037,0.0051,0.1511,2.1246,2.3229,-4.0556,0.0064,0.0046,0.0055,0.0062,0.0061,0.0184,0.0153,0.0221,0.0015,0.0024,0.0059,0.0059,0.0043,0.0168,0.0228,0.0239,3.1877,Subject03,Running,71.2
999,645,4.5195,0.0058,0.1547,2.1162,2.2428,-2.8222,0.0069,0.0045,0.0055,0.0069,0.0055,0.0173,0.0142,0.0207,0.0015,0.0026,0.0061,0.0057,0.0043,0.0185,0.0205,0.0227,3.1877,Subject03,Running,71.2
100,720,9.4888,0.0581,0.7561,4.3262,4.3485,6.7778,0.0253,0.0131,0.0161,0.0185,0.0262,0.0376,0.0252,0.0336,0.0246,0.011,0.0236,0.0211,0.0122,0.031,0.0336,0.0311,11.0262,Subject03,Running,71.2
100,735,10.9194,0.0786,0.8799,5.1714,4.7896,16.0278,0.034,0.0147,0.0196,0.0185,0.0262,0.0339,0.0207,0.0276,0.0217,0.0123,0.0322,0.0198,0.0118,0.0309,0.0321,0.0236,11.0262,Subject03,Running,71.2
100,750,10.1784,0.0812,0.8641,4.8201,4.4129,21.3778,0.0441,0.0148,0.0196,0.0183,0.0236,0.0344,0.0219,0.0301,0.0293,0.012,0.0301,0.0187,0.0108,0.0287,0.0351,0.0244,11.0262,Subject03,Running,71.2
100,765,10.4378,0.0829,0.9215,4.7315,4.7019,33.6111,0.0546,0.0138,0.0184,0.017,0.021,0.0306,0.0199,0.0284,0.0291,0.0117,0.0326,0.0171,0.0111,0.0279,0.0347,0.0216,11.0262,Subject03,Running,71.2
100,780,10.8971,0.0817,0.8102,5.1048,4.9004,38.3778,0.0496,0.0138,0.0184,0.0177,0.0211,0.0315,0.02,0.0285,0.0272,0.0103,0.0294,0.0176,0.0107,0.0274,0.0324,0.0211,11.0262,Subject03,Running,71.2
100,795,10.7707,0.0822,0.7738,4.9087,5.006,39.4444,0.0518,0.0142,0.019,0.0168,0.0201,0.0323,0.0204,0.0288,0.0303,0.0117,0.0316,0.0175,0.0112,0.028,0.0306,0.0201,11.0262,Subject03,Running,71.2
100,810,9.9638,0.0839,0.7053,4.5976,4.577,44.7778,0.0575,0.0135,0.0175,0.0149,0.0187,0.0308,0.0202,0.0275,0.0494,0.0095,0.0256,0.015,0.0105,0.0261,0.0315,0.0202,11.0262,Subject03,Running,71.2
100,825,10.7229,0.0907,0.7514,4.9338,4.947,50.1111,0.0485,0.0123,0.0176,0.0145,0.0173,0.0284,0.0189,0.0252,0.0441,0.01,0.0287,0.0151,0.0106,0.0261,0.0318,0.0199,11.0262,Subject03,Running,71.2
100,840,10.3769,0.0931,0.7356,4.8036,4.7445,50.2778,0.0477,0.0125,0.0179,0.015,0.0171,0.0289,0.0194,0.0262,0.0527,0.0094,0.0254,0.0145,0.0109,0.026,0.0334,0.0193,11.0262,Subject03,Running,71.2
100,855,11.0945,0.0953,0.8983,5.1186,4.9822,52.0278,0.0481,0.0125,0.0177,0.0151,0.0168,0.0295,0.019,0.0264,0.0592,0.0095,0.0276,0.0151,0.0107,0.025,0.0304,0.0206,11.0262,Subject03,Running,71.2
101,870,10.7829,0.0894,1.1727,4.8476,4.6732,48.2778,0.0531,0.0116,0.0158,0.0144,0.0169,0.0286,0.0191,0.0257,0.0742,0.0097,0.0265,0.0144,0.0102,0.0249,0.0296,0.0215,11.0262,Subject03,Running,71.2
101,885,10.4963,0.092,1.0343,4.6527,4.7173,50.2063,0.0599,0.0123,0.0171,0.0139,0.0165,0.0277,0.0193,0.0256,0.0737,0.0095,0.0268,0.0144,0.0111,0.0267,0.0296,0.0215,11.0262,Subject03,Running,71.2
101,900,10.5254,0.0898,1.1289,4.7167,4.5901,52.7778,0.05,0.0109,0.0149,0.0141,0.0164,0.0284,0.0186,0.0251,0.0699,0.0091,0.0241,0.0132,0.01,0.0271,0.0318,0.0219,11.0262,Subject03,Running,71.2
101,915,10.8774,0.0926,1.2266,4.8483,4.7099,54.4921,0.0499,0.0126,0.0174,0.0137,0.0161,0.0273,0.0191,0.0254,0.0743,0.0091,0.0269,0.0139,0.0107,0.0266,0.0311,0.0206,11.0262,Subject03,Running,71.2
101,930,10.6076,0.0993,1.1911,4.6685,4.6488,54.1111,0.0422,0.0122,0.016,0.0134,0.0166,0.027,0.0189,0.024,0.0724,0.0098,0.0263,0.0132,0.011,0.0263,0.0307,0.0213,11.0262,Subject03,Running,71.2
101,945,11.1107,0.0967,1.1698,4.9794,4.8648,54.4028,0.0493,0.0105,0.015,0.0132,0.0161,0.0259,0.0186,0.0234,0.0734,0.0099,0.0258,0.0128,0.011,0.026,0.0294,0.0205,11.0262,Subject03,Running,71.2
101,960,11.171,0.1007,1.1448,4.9977,4.9277,53.9444,0.0494,0.0111,0.0151,0.0135,0.0168,0.025,0.0176,0.0232,0.0709,0.0094,0.0256,0.0129,0.0112,0.0235,0.0304,0.0194,11.0262,Subject03,Running,71.2
101,975,11.4498,0.1057,1.1929,5.0807,5.0705,53.7778,0.0535,0.0124,0.0164,0.0138,0.0171,0.0265,0.0178,0.024,0.076,0.01,0.0242,0.0139,0.011,0.024,0.0299,0.0194,11.0262,Subject03,Running,71.2
101,990,10.7701,0.0981,1.0935,4.75,4.8285,56.4028,0.0458,0.0116,0.016,0.0133,0.0167,0.0253,0.018,0.0234,0.0654,0.0092,0.0267,0.0138,0.0109,0.0257,0.0286,0.0206,11.0262,Subject03,Running,71.2
101,1005,10.4924,0.0977,1.0856,4.6158,4.6933,59.5278,0.0406,0.011,0.0155,0.0124,0.0163,0.0254,0.0178,0.0233,0.0665,0.0102,0.0266,0.0129,0.0115,0.0261,0.0303,0.0204,11.0262,Subject03,Running,71.2
102,1080,16.4388,0.1349,1.743,7.4201,7.1407,60,0.0277,0.0121,0.0165,0.0162,0.0189,0.0289,0.0193,0.0265,0.0554,0.0111,0.0291,0.0164,0.0119,0.0273,0.0306,0.0208,12.5893,Subject03,Running,71.2
102,1095,16.7299,0.1279,1.9321,7.3403,7.3296,63.6349,0.0321,0.0122,0.0176,0.0169,0.019,0.0298,0.0195,0.0269,0.0559,0.0111,0.0313,0.0166,0.0121,0.0277,0.0304,0.0207,12.5893,Subject03,Running,71.2
102,1110,17.3888,0.1267,2.2854,7.5716,7.4051,65.3492,0.0268,0.0126,0.0174,0.018,0.018,0.03,0.0202,0.0289,0.0534,0.0104,0.0298,0.0167,0.0111,0.0277,0.0311,0.0233,12.5893,Subject03,Running,71.2
102,1125,17.5782,0.1268,2.4155,7.6202,7.4157,69.8889,0.0266,0.0126,0.0174,0.0174,0.0178,0.0308,0.0209,0.0272,0.0519,0.0107,0.0307,0.0189,0.0106,0.0298,0.0311,0.0232,12.5893,Subject03,Running,71.2
102,1140,16.4139,0.1334,2.3216,7.0026,6.9564,70.4444,0.023,0.012,0.0175,0.0168,0.0175,0.028,0.0204,0.0272,0.0493,0.0104,0.0287,0.0158,0.0116,0.0273,0.0317,0.0219,12.5893,Subject03,Running,71.2
102,1155,16.6409,0.139,2.5358,6.9767,6.9894,72.7778,0.0225,0.0125,0.0169,0.0159,0.0162,0.0268,0.0191,0.0256,0.042,0.01,0.0269,0.0159,0.0119,0.0267,0.0301,0.0204,12.5893,Subject03,Running,71.2
102,1170,15.9436,0.131,2.3838,6.7539,6.6748,73.6349,0.0197,0.0126,0.0172,0.016,0.0167,0.0263,0.02,0.0264,0.0378,0.0102,0.0256,0.0153,0.0113,0.0278,0.0326,0.0223,12.5893,Subject03,Running,71.2
102,1185,15.8754,0.1299,1.9406,6.9971,6.8078,75.6667,0.0193,0.011,0.0158,0.0156,0.0153,0.0268,0.0193,0.0264,0.0376,0.0107,0.0268,0.0161,0.011,0.0283,0.0325,0.0215,12.5893,Subject03,Running,71.2
102,1200,15.8328,0.1292,2.1459,6.8712,6.6864,76.7778,0.0198,0.0111,0.0153,0.0151,0.0146,0.027,0.0196,0.0271,0.0334,0.0106,0.0263,0.0151,0.0111,0.0285,0.0306,0.022,12.5893,Subject03,Running,71.2
102,1215,15.9778,0.1471,2.1302,6.9906,6.7098,77.3333,0.0163,0.0108,0.0152,0.0153,0.015,0.0269,0.0189,0.0249,0.0301,0.0102,0.025,0.0151,0.011,0.0285,0.0321,0.0212,12.5893,Subject03,Running,71.2
103,1230,15.6939,0.131,2.0985,6.9003,6.5641,77.7778,0.0179,0.012,0.0156,0.0157,0.0158,0.027,0.0198,0.0259,0.0297,0.0104,0.0248,0.0152,0.0116,0.0275,0.0308,0.0226,12.5893,Subject03,Running,71.2
103,1245,16.284,0.1414,2.1682,7.0858,6.8886,76.5778,0.0173,0.0118,0.0164,0.0152,0.0148,0.0263,0.019,0.0261,0.0274,0.0105,0.0247,0.0152,0.0107,0.0268,0.0304,0.0214,12.5893,Subject03,Running,71.2
103,1260,16.6993,0.1335,1.9446,7.4378,7.1834,77.3778,0.0162,0.0123,0.0165,0.0151,0.0149,0.0274,0.0192,0.0259,0.0246,0.0108,0.0268,0.0165,0.01,0.0274,0.0319,0.0213,12.5893,Subject03,Running,71.2
103,1275,15.9684,0.1385,2.0729,6.9121,6.8448,79.2222,0.0147,0.0111,0.016,0.0143,0.0148,0.0272,0.0198,0.0243,0.0223,0.0099,0.0246,0.0148,0.0102,0.0265,0.0307,0.0201,12.5893,Subject03,Running,71.2
103,1290,15.5336,0.1334,2.2033,6.816,6.3809,78.6667,0.014,0.0099,0.0154,0.0148,0.0145,0.0252,0.0209,0.0305,0.0191,0.0095,0.0242,0.0143,0.01,0.0274,0.0322,0.0228,12.5893,Subject03,Running,71.2
103,1305,15.7527,0.1421,2.1414,6.8658,6.6035,78.1528,0.0133,0.0104,0.0159,0.0145,0.0153,0.0235,0.0216,0.0321,0.018,0.01,0.0229,0.0144,0.0108,0.0272,0.0313,0.0214,12.5893,Subject03,Running,71.2
103,1320,15.8591,0.1537,2.0871,6.8922,6.7262,79.4444,0.0126,0.0101,0.0153,0.0144,0.0154,0.0238,0.0214,0.032,0.0181,0.01,0.0243,0.0145,0.0106,0.0265,0.0308,0.022,12.5893,Subject03,Running,71.2
103,1335,15.5299,0.142,2.1803,6.7196,6.488,80.4444,0.0155,0.0105,0.0153,0.0144,0.0158,0.0237,0.0218,0.0312,0.0174,0.0102,0.0249,0.0142,0.0111,0.0255,0.0309,0.0226,12.5893,Subject03,Running,71.2
103,1350,16.1977,0.1492,1.9697,7.1801,6.8987,80.2323,0.0116,0.0107,0.0156,0.0141,0.0145,0.0236,0.0209,0.0304,0.0151,0.0101,0.0249,0.0149,0.0104,0.0262,0.0318,0.0199,12.5893,Subject03,Running,71.2
103,1365,16.0779,0.1596,1.9431,7.1538,6.8213,80.1778,0.012,0.0098,0.015,0.0138,0.0149,0.0236,0.0203,0.0296,0.0141,0.0097,0.0231,0.0147,0.0115,0.0249,0.0299,0.0201,12.5893,Subject03,Running,71.2
104,1440,7.9281,0.0873,0.9617,3.6617,3.2174,77.7778,0.009,0.0105,0.0156,0.0119,0.0122,0.0261,0.0221,0.0296,0.007,0.008,0.0181,0.0121,0.008,0.0289,0.0333,0.0269,9.3661,Subject03,Running,71.2
104,1455,7.582,0.0763,0.8883,3.6168,3.0007,74.1111,0.0092,0.01,0.0146,0.0113,0.0124,0.0245,0.0205,0.027,0.0067,0.0078,0.0187,0.0118,0.0071,0.0276,0.0311,0.0272,9.3661,Subject03,Running,71.2
104,1470,7.6658,0.0789,0.8621,3.6226,3.1022,71.3492,0.0083,0.0088,0.0138,0.0112,0.0128,0.0223,0.0194,0.0298,0.0064,0.0076,0.0171,0.0112,0.0071,0.026,0.0308,0.0261,9.3661,Subject03,Running,71.2
104,1485,7.516,0.0755,0.8907,3.5694,2.9804,68.6667,0.0081,0.0097,0.0146,0.0113,0.0129,0.0232,0.0209,0.0315,0.0079,0.0081,0.0192,0.0116,0.0073,0.0259,0.0324,0.0279,9.3661,Subject03,Running,71.2
104,1500,7.768,0.0808,0.8987,3.702,3.0865,66.4444,0.0082,0.0095,0.0145,0.0108,0.0126,0.0228,0.0206,0.0306,0.0061,0.0081,0.0195,0.0118,0.0071,0.0259,0.0313,0.0267,9.3661,Subject03,Running,71.2
104,1515,7.5039,0.0761,0.7991,3.5035,3.1253,66.0635,0.0083,0.0098,0.0152,0.0113,0.0128,0.0246,0.021,0.0293,0.0055,0.0081,0.0194,0.0121,0.0078,0.0263,0.0308,0.0269,9.3661,Subject03,Running,71.2
104,1530,8.013,0.0808,0.9357,3.6734,3.3231,65.8889,0.0077,0.0095,0.0149,0.0111,0.0125,0.0248,0.02,0.0277,0.0065,0.0084,0.0196,0.011,0.0083,0.0248,0.0296,0.0234,9.3661,Subject03,Running,71.2
104,1545,7.6039,0.0848,0.793,3.4849,3.2413,65.6349,0.0073,0.0098,0.0143,0.0112,0.012,0.0247,0.0208,0.0265,0.0064,0.0078,0.0195,0.0107,0.0084,0.0257,0.031,0.0222,9.3661,Subject03,Running,71.2
104,1560,7.8522,0.0864,0.919,3.5917,3.2552,63.2778,0.0071,0.0101,0.0149,0.0114,0.0126,0.0245,0.0193,0.0249,0.0068,0.0081,0.0202,0.0109,0.0083,0.0274,0.0317,0.0212,9.3661,Subject03,Running,71.2
104,1575,7.4846,0.0791,0.849,3.4398,3.1168,61.7778,0.0075,0.0105,0.0149,0.0117,0.0122,0.0254,0.0205,0.0275,0.0063,0.0083,0.0205,0.0112,0.0088,0.0285,0.032,0.024,9.3661,Subject03,Running,71.2
105,1590,7.5661,0.082,0.8105,3.4879,3.1857,56.9206,0.0081,0.0097,0.0144,0.0112,0.0133,0.0218,0.0195,0.028,0.0061,0.0078,0.0184,0.0112,0.0087,0.0266,0.0306,0.0225,9.3661,Subject03,Running,71.2
105,1605,7.5137,0.0818,0.7651,3.4811,3.1858,56.3492,0.0073,0.0095,0.0139,0.0116,0.0131,0.0226,0.0202,0.0292,0.0057,0.0079,0.0199,0.0121,0.0081,0.0257,0.0298,0.0249,9.3661,Subject03,Running,71.2
105,1620,7.47,0.0827,0.7383,3.4838,3.1652,58.6349,0.008,0.0101,0.0151,0.012,0.0138,0.024,0.0212,0.0284,0.0054,0.0073,0.0188,0.0113,0.0081,0.0265,0.0316,0.026,9.3661,Subject03,Running,71.2
105,1635,8.1107,0.0628,0.9075,3.8346,3.3057,59.4444,0.0087,0.0105,0.0155,0.0139,0.0145,0.0277,0.0236,0.032,0.0051,0.0088,0.0192,0.0134,0.0104,0.0327,0.0379,0.029,9.3661,Subject03,Running,71.2
105,1650,7.745,0.0692,0.8314,3.7302,3.1142,56.4444,0.0072,0.0107,0.016,0.0118,0.0128,0.0249,0.0197,0.0251,0.0055,0.0076,0.0185,0.0121,0.0084,0.0263,0.0303,0.0241,9.3661,Subject03,Running,71.2
105,1665,8.0528,0.077,0.9352,3.7189,3.3216,55.9028,0.0071,0.0107,0.0155,0.012,0.0125,0.0241,0.0195,0.0252,0.005,0.0076,0.0195,0.0118,0.0097,0.0262,0.0323,0.021,9.3661,Subject03,Running,71.2
105,1680,7.6781,0.0738,0.8278,3.536,3.2405,56.1111,0.0069,0.0111,0.0162,0.0115,0.0135,0.0251,0.0203,0.0269,0.0043,0.0082,0.0209,0.0119,0.0095,0.0285,0.0334,0.0236,9.3661,Subject03,Running,71.2
105,1695,7.4347,0.0828,0.9195,3.4169,3.0155,57.3492,0.0071,0.0115,0.0155,0.0112,0.0126,0.0253,0.02,0.0251,0.0042,0.0078,0.0198,0.0112,0.0092,0.0274,0.0309,0.0248,9.3661,Subject03,Running,71.2
105,1710,7.8203,0.0913,0.909,3.5987,3.2214,59.0278,0.0073,0.0103,0.015,0.012,0.0136,0.0243,0.0188,0.0255,0.0044,0.0081,0.0198,0.0109,0.0092,0.0261,0.0308,0.0238,9.3661,Subject03,Running,71.2
105,1725,7.6276,0.0897,0.8595,3.5122,3.1662,59.2222,0.0068,0.0107,0.0154,0.0116,0.0124,0.0242,0.0189,0.0242,0.0042,0.0079,0.0193,0.0106,0.0089,0.0269,0.0306,0.0229,9.3661,Subject03,Running,71.2
106,360,0.2813,0.0008,0.0258,0.1374,0.1173,-2.4308,0.003,0.0146,0.0288,0.0098,0.0109,0.0175,0.0173,0.0803,0.0034,0.013,0.0165,0.0106,0.008,0.0313,0.0392,0.0594,4.4575,Subject03,Stairs,71.2
106,375,0.508,0.0009,0.0372,0.2517,0.2181,1.3692,0.0043,0.0197,0.0314,0.0159,0.0139,0.0336,0.0342,0.0828,0.0051,0.0226,0.0309,0.0145,0.014,0.0463,0.0655,0.1103,4.4575,Subject03,Stairs,71.2
106,390,0.4712,0.0007,0.0265,0.2572,0.1868,-2.6308,0.004,0.018,0.031,0.015,0.0112,0.0314,0.0347,0.0649,0.0049,0.0217,0.0305,0.0133,0.0146,0.0485,0.0611,0.0907,4.4575,Subject03,Stairs,71.2
106,405,0.3982,0.0006,0.0189,0.185,0.1938,-0.6308,0.0038,0.0155,0.0265,0.0121,0.0104,0.0275,0.0301,0.0663,0.0045,0.0168,0.0265,0.0115,0.0112,0.0455,0.0521,0.0834,4.4575,Subject03,Stairs,71.2
106,420,0.4003,0.0007,0.0248,0.2324,0.1424,-2.1308,0.004,0.0141,0.0229,0.0122,0.0089,0.0317,0.0303,0.0617,0.0054,0.0174,0.0294,0.0115,0.0126,0.0491,0.057,0.0918,4.4575,Subject03,Stairs,71.2
106,435,0.4258,0.0008,0.0264,0.1925,0.2062,-1.6308,0.0039,0.0157,0.0285,0.0135,0.012,0.0373,0.0328,0.0611,0.0044,0.0175,0.0264,0.0117,0.0119,0.0448,0.0559,0.0718,4.4575,Subject03,Stairs,71.2
106,450,0.4224,0.0006,0.0233,0.2428,0.1556,-3.6308,0.0041,0.0147,0.0221,0.0133,0.0094,0.0385,0.035,0.0569,0.0055,0.0179,0.0267,0.0117,0.0122,0.0438,0.0544,0.0807,4.4575,Subject03,Stairs,71.2
106,465,0.4342,0.0007,0.026,0.2118,0.1957,0.3692,0.005,0.0147,0.0267,0.0136,0.0094,0.0373,0.0362,0.0773,0.006,0.0172,0.0224,0.014,0.011,0.0492,0.0542,0.0775,4.4575,Subject03,Stairs,71.2
106,480,0.4315,0.0008,0.0241,0.2247,0.182,2.1692,0.0054,0.0133,0.0215,0.0126,0.0108,0.0353,0.0324,0.0694,0.0061,0.017,0.0278,0.0141,0.0124,0.0379,0.0447,0.0887,4.4575,Subject03,Stairs,71.2
106,495,0.3816,0.0008,0.0242,0.1965,0.1602,6.1692,0.0037,0.0119,0.0226,0.0119,0.0084,0.0297,0.0308,0.0538,0.0045,0.0144,0.0192,0.01,0.0092,0.048,0.0478,0.0592,4.4575,Subject03,Stairs,71.2
107,510,0.3671,0.0009,0.0215,0.1643,0.1805,4.0359,0.0045,0.0133,0.0215,0.0127,0.0085,0.0328,0.0354,0.0623,0.005,0.0166,0.0263,0.0132,0.0125,0.042,0.0522,0.084,4.4575,Subject03,Stairs,71.2
107,525,0.4053,0.0007,0.0225,0.223,0.1591,-1.4641,0.0035,0.0105,0.0172,0.0111,0.0079,0.0327,0.033,0.0498,0.0043,0.0153,0.0222,0.01,0.0099,0.0464,0.0521,0.0534,4.4575,Subject03,Stairs,71.2
107,540,0.3439,0.0008,0.0198,0.153,0.1703,1.7692,0.004,0.0102,0.0238,0.0115,0.0092,0.0298,0.032,0.0626,0.0043,0.0138,0.0174,0.0108,0.0082,0.0401,0.0484,0.0602,4.4575,Subject03,Stairs,71.2
107,555,0.461,0.0009,0.0313,0.2646,0.1642,1.9692,0.0043,0.012,0.0203,0.0122,0.0073,0.0395,0.0355,0.0633,0.0052,0.0139,0.022,0.014,0.0117,0.0363,0.0446,0.0702,4.4575,Subject03,Stairs,71.2
107,570,0.4049,0.001,0.0266,0.164,0.2132,3.7692,0.0034,0.0106,0.0215,0.01,0.008,0.0304,0.0294,0.0485,0.0037,0.0119,0.0163,0.0089,0.008,0.0391,0.0433,0.0496,4.4575,Subject03,Stairs,71.2
107,585,0.3929,0.0008,0.0239,0.2057,0.1625,-5.7974,0.0036,0.0102,0.0181,0.0136,0.0079,0.0339,0.0322,0.0552,0.0044,0.0161,0.0251,0.0102,0.0109,0.04,0.0442,0.0584,4.4575,Subject03,Stairs,71.2
107,600,0.3584,0.0009,0.0208,0.1863,0.1503,-8.4308,0.0036,0.0102,0.0216,0.0097,0.0073,0.036,0.0367,0.0669,0.0039,0.0126,0.0151,0.0082,0.0073,0.0399,0.0467,0.0516,4.4575,Subject03,Stairs,71.2
107,615,0.369,0.0009,0.0255,0.1749,0.1677,2.8692,0.0035,0.0095,0.0169,0.0107,0.008,0.0318,0.0285,0.0523,0.0046,0.0134,0.0243,0.0105,0.01,0.0346,0.0372,0.0583,4.4575,Subject03,Stairs,71.2
107,630,0.4046,0.0009,0.029,0.228,0.1466,7.2026,0.0038,0.0084,0.0184,0.0128,0.0079,0.0252,0.0239,0.0557,0.0045,0.0135,0.0184,0.0087,0.0081,0.0384,0.0399,0.0491,4.4575,Subject03,Stairs,71.2
107,645,0.3814,0.0008,0.024,0.18,0.1767,9.9407,0.004,0.0096,0.0176,0.0104,0.007,0.0361,0.0332,0.052,0.0039,0.0111,0.0179,0.0093,0.008,0.0292,0.0372,0.0544,4.4575,Subject03,Stairs,71.2
108,720,0.4862,0.001,0.0315,0.2171,0.2366,14.8692,0.0048,0.0107,0.023,0.014,0.0082,0.0393,0.0373,0.0492,0.0051,0.0145,0.0235,0.0129,0.0119,0.0265,0.0377,0.0708,5.4713,Subject03,Stairs,71.2
108,735,0.492,0.0012,0.0369,0.2408,0.2131,13.5359,0.004,0.0103,0.0206,0.0149,0.0082,0.0356,0.031,0.0548,0.0054,0.0144,0.0234,0.0109,0.0107,0.0394,0.0473,0.0582,5.4713,Subject03,Stairs,71.2
108,750,0.4669,0.0012,0.0354,0.2455,0.1847,16.6549,0.0041,0.0101,0.0229,0.0106,0.0084,0.0387,0.0368,0.0451,0.0045,0.0108,0.0192,0.0103,0.0091,0.03,0.032,0.0474,5.4713,Subject03,Stairs,71.2
108,765,0.4725,0.0014,0.0367,0.2052,0.2292,18.0359,0.004,0.0088,0.0191,0.0098,0.0068,0.0377,0.031,0.0517,0.0045,0.0109,0.0196,0.0079,0.009,0.026,0.0296,0.037,5.4713,Subject03,Stairs,71.2
108,780,0.4361,0.0014,0.0321,0.2206,0.182,17.5121,0.0038,0.0083,0.0185,0.0101,0.007,0.0296,0.0287,0.0514,0.0048,0.0115,0.0183,0.0084,0.0086,0.0336,0.0373,0.0378,5.4713,Subject03,Stairs,71.2
108,795,0.5207,0.0013,0.035,0.2419,0.2425,17.5359,0.005,0.0101,0.0241,0.0142,0.0082,0.0354,0.0339,0.054,0.0046,0.0123,0.0155,0.0092,0.0081,0.033,0.0393,0.0593,5.4713,Subject03,Stairs,71.2
108,810,0.5098,0.0015,0.0357,0.2286,0.244,17.5359,0.0036,0.008,0.0179,0.0107,0.0066,0.0395,0.0339,0.0471,0.0043,0.0121,0.0194,0.0087,0.0091,0.0313,0.0376,0.0478,5.4713,Subject03,Stairs,71.2
108,825,0.5302,0.0013,0.0344,0.2865,0.208,16.3692,0.0041,0.0081,0.0184,0.0129,0.0077,0.0299,0.0268,0.0515,0.0046,0.0113,0.0169,0.0087,0.0087,0.0333,0.04,0.0529,5.4713,Subject03,Stairs,71.2
108,840,0.4773,0.0015,0.0408,0.2083,0.2267,16.7026,0.0038,0.0076,0.0178,0.0116,0.0064,0.0374,0.0251,0.0355,0.0043,0.0111,0.0181,0.0086,0.0087,0.0304,0.0339,0.0569,5.4713,Subject03,Stairs,71.2
108,855,0.4757,0.0014,0.0355,0.2121,0.2267,20.2264,0.0034,0.008,0.0179,0.0115,0.0071,0.0303,0.025,0.0449,0.0044,0.0121,0.0189,0.0081,0.0086,0.0331,0.0377,0.043,5.4713,Subject03,Stairs,71.2
109,870,0.5056,0.0016,0.036,0.2571,0.2109,18.0359,0.0038,0.0086,0.0213,0.0089,0.007,0.0365,0.0278,0.03,0.0039,0.011,0.0176,0.0087,0.0084,0.0265,0.0283,0.0471,5.4713,Subject03,Stairs,71.2
109,885,0.5156,0.0014,0.0349,0.226,0.2532,19.3692,0.0037,0.0092,0.0196,0.0122,0.0075,0.0357,0.0318,0.0451,0.0044,0.0136,0.0218,0.0095,0.0113,0.0254,0.036,0.0439,5.4713,Subject03,Stairs,71.2
109,900,0.5237,0.001,0.0329,0.2717,0.218,17.9407,0.0042,0.0106,0.0237,0.012,0.0096,0.0268,0.0233,0.052,0.0053,0.0136,0.0204,0.0142,0.0105,0.0402,0.0455,0.0653,5.4713,Subject03,Stairs,71.2
109,915,0.5312,0.0013,0.0347,0.2278,0.2675,17.5359,0.0043,0.0096,0.0206,0.0117,0.0081,0.0358,0.0339,0.0405,0.0052,0.0139,0.0218,0.0094,0.0107,0.0319,0.0409,0.057,5.4713,Subject03,Stairs,71.2
109,930,0.5272,0.0016,0.0337,0.2272,0.2646,19.0359,0.0045,0.0079,0.0179,0.0111,0.0061,0.0344,0.0284,0.0378,0.0051,0.0119,0.0205,0.0101,0.0099,0.0307,0.0368,0.0489,5.4713,Subject03,Stairs,71.2
109,945,0.5246,0.0016,0.0367,0.2686,0.2177,17.5121,0.0049,0.0106,0.0237,0.0109,0.0077,0.0343,0.0294,0.0378,0.005,0.0133,0.0185,0.0113,0.0092,0.0332,0.0354,0.0565,5.4713,Subject03,Stairs,71.2
109,960,0.5246,0.0018,0.0383,0.2264,0.2582,17.7026,0.0058,0.0091,0.0191,0.0111,0.0074,0.0396,0.0329,0.0409,0.0058,0.0125,0.0214,0.0116,0.0106,0.0367,0.0447,0.055,5.4713,Subject03,Stairs,71.2
109,975,0.5188,0.0016,0.0367,0.2499,0.2305,18.6549,0.005,0.0102,0.0216,0.0112,0.0072,0.0334,0.0297,0.0415,0.0046,0.0123,0.0187,0.011,0.0095,0.0298,0.031,0.052,5.4713,Subject03,Stairs,71.2
109,990,0.5177,0.0012,0.0339,0.2638,0.2187,21.7026,0.0044,0.0104,0.022,0.012,0.0083,0.034,0.0284,0.0417,0.0047,0.0141,0.0206,0.0097,0.0104,0.0324,0.0379,0.0607,5.4713,Subject03,Stairs,71.2
109,1005,0.5181,0.0016,0.0347,0.2203,0.2616,26.6549,0.004,0.0077,0.0167,0.0118,0.0067,0.0327,0.0267,0.0353,0.0052,0.0116,0.0201,0.0081,0.0093,0.0342,0.0408,0.0347,5.4713,Subject03,Stairs,71.2
110,1080,0.5695,0.0018,0.0444,0.2602,0.2631,29.9407,0.0048,0.0112,0.0247,0.0135,0.0088,0.0323,0.0292,0.0433,0.0059,0.0145,0.0225,0.012,0.0118,0.0366,0.0418,0.0575,5.5952,Subject03,Stairs,71.2
110,1095,0.532,0.0012,0.0343,0.2807,0.2158,32.0835,0.0049,0.0123,0.0274,0.0131,0.0092,0.037,0.0327,0.0442,0.0052,0.0119,0.0175,0.0126,0.0094,0.038,0.0412,0.0479,5.5952,Subject03,Stairs,71.2
110,1110,0.5341,0.0015,0.0413,0.2265,0.2647,33.7442,0.0041,0.0086,0.0184,0.0107,0.0074,0.0318,0.0233,0.0415,0.0055,0.0126,0.0218,0.0104,0.0103,0.0347,0.041,0.044,5.5952,Subject03,Stairs,71.2
110,1125,0.5641,0.0013,0.0349,0.3008,0.2271,33.5121,0.005,0.0126,0.0234,0.0104,0.0076,0.0363,0.0346,0.0574,0.0056,0.0123,0.0189,0.0116,0.0092,0.04,0.0454,0.0623,5.5952,Subject03,Stairs,71.2
110,1140,0.5301,0.0012,0.0313,0.2213,0.2763,33.3692,0.0048,0.0092,0.019,0.0134,0.0071,0.0361,0.0298,0.0492,0.0059,0.0129,0.0201,0.0104,0.0097,0.0389,0.0431,0.0504,5.5952,Subject03,Stairs,71.2
110,1155,0.502,0.0017,0.0392,0.2731,0.1881,32.5121,0.005,0.0104,0.0238,0.0116,0.008,0.0374,0.0381,0.0539,0.0057,0.0126,0.022,0.0115,0.0104,0.0396,0.0435,0.0525,5.5952,Subject03,Stairs,71.2
110,1170,0.5347,0.0017,0.0399,0.2306,0.2625,32.3692,0.0045,0.0087,0.0195,0.0123,0.0073,0.034,0.0284,0.0391,0.0054,0.012,0.0202,0.01,0.0094,0.0341,0.0419,0.0461,5.5952,Subject03,Stairs,71.2
110,1185,0.5293,0.0014,0.0337,0.278,0.2162,32.6192,0.0044,0.0087,0.0204,0.0105,0.0068,0.0342,0.0234,0.0373,0.0052,0.013,0.0206,0.0099,0.0102,0.033,0.0333,0.0511,5.5952,Subject03,Stairs,71.2
110,1200,0.4995,0.0014,0.0368,0.2188,0.2425,33.5121,0.0046,0.0088,0.023,0.0131,0.008,0.0321,0.0226,0.0376,0.0055,0.0118,0.0182,0.0096,0.0087,0.0313,0.0366,0.0486,5.5952,Subject03,Stairs,71.2
110,1215,0.5118,0.0013,0.0364,0.2689,0.2052,34.7442,0.0048,0.0089,0.0194,0.0133,0.0071,0.0359,0.0291,0.0384,0.0058,0.0119,0.0199,0.0109,0.0094,0.029,0.0348,0.0508,5.5952,Subject03,Stairs,71.2
111,1230,0.4786,0.0013,0.0347,0.2291,0.2136,33.9407,0.0047,0.0094,0.0226,0.0118,0.0074,0.0304,0.0283,0.0455,0.0054,0.0118,0.0182,0.0099,0.0092,0.0385,0.0413,0.047,5.5952,Subject03,Stairs,71.2
111,1245,0.5255,0.0018,0.0428,0.2779,0.203,33.1192,0.005,0.0102,0.0212,0.0129,0.0076,0.0395,0.0359,0.0454,0.0057,0.0131,0.0216,0.0122,0.0105,0.0369,0.0472,0.0575,5.5952,Subject03,Stairs,71.2
111,1260,0.5628,0.0013,0.0369,0.2298,0.2947,35.3692,0.0047,0.0104,0.0249,0.0112,0.0091,0.0331,0.0293,0.0421,0.0056,0.0122,0.0173,0.0108,0.0089,0.0333,0.0415,0.0456,5.5952,Subject03,Stairs,71.2
111,1275,0.5104,0.0013,0.0358,0.2567,0.2166,32.9407,0.0052,0.0102,0.0219,0.0141,0.0078,0.0423,0.0341,0.0381,0.0053,0.013,0.0205,0.0129,0.0112,0.0254,0.0315,0.0519,5.5952,Subject03,Stairs,71.2
111,1290,0.4904,0.0014,0.0402,0.219,0.2298,31.2264,0.0044,0.0102,0.022,0.0101,0.0071,0.0313,0.0301,0.0358,0.0052,0.012,0.0195,0.0102,0.0102,0.0382,0.0406,0.0502,5.5952,Subject03,Stairs,71.2
111,1305,0.5214,0.0015,0.0373,0.2642,0.2183,31.0835,0.0052,0.0089,0.0216,0.0114,0.0093,0.0343,0.0288,0.0388,0.0056,0.0135,0.0216,0.0106,0.0116,0.0336,0.0437,0.0569,5.5952,Subject03,Stairs,71.2
111,1320,0.5732,0.0015,0.0364,0.2503,0.285,32.9942,0.0049,0.0089,0.0214,0.0104,0.007,0.0354,0.0275,0.0363,0.005,0.0102,0.0173,0.0104,0.0086,0.0354,0.04,0.0417,5.5952,Subject03,Stairs,71.2
111,1335,0.5443,0.0014,0.0359,0.2523,0.2547,34.7442,0.0046,0.0085,0.0186,0.0133,0.0072,0.0328,0.0201,0.0404,0.0056,0.013,0.0232,0.0113,0.0115,0.0303,0.0383,0.0563,5.5952,Subject03,Stairs,71.2
111,1350,0.6538,0.0017,0.0413,0.2974,0.3134,36.7442,0.0046,0.0097,0.0236,0.0103,0.0072,0.0329,0.0233,0.0349,0.005,0.0117,0.0189,0.0098,0.0095,0.0342,0.035,0.0452,5.5952,Subject03,Stairs,71.2
111,1365,0.5551,0.0016,0.0397,0.2373,0.2765,36.6549,0.0045,0.0083,0.019,0.0124,0.007,0.0319,0.0227,0.0389,0.0056,0.0109,0.0181,0.01,0.0095,0.0346,0.0389,0.0519,5.5952,Subject03,Stairs,71.2
112,360,1.881,0.0018,0.0455,0.9169,0.9169,-9.0203,0.0016,0.0025,0.003,0.0045,0.0025,0.0134,0.0219,0.0201,0.0018,0.0039,0.0044,0,0.004,0.012,0.0137,0.0225,1.9761,Subject03,Walking,71.2
112,375,1.9482,0.0018,0.0491,0.8782,1.0191,10.387,0.0015,0.0028,0.0032,0.0042,0.0028,0.0123,0.02,0.0236,0.0018,0.0035,0.0043,0,0.0038,0.0132,0.0142,0.018,1.9761,Subject03,Walking,71.2
112,390,1.9426,0.0028,0.0548,0.9073,0.9777,-9.7203,0.0015,0.0025,0.0028,0.0043,0.0028,0.0143,0.0201,0.0185,0.0017,0.0035,0.0045,0,0.0043,0.0123,0.0123,0.0155,1.9761,Subject03,Walking,71.2
112,405,2.0651,0.0031,0.0651,1.0017,0.9951,12.2203,0.0015,0.0028,0.003,0.0042,0.003,0.0127,0.0184,0.0181,0.0017,0.0039,0.0047,0,0.0044,0.011,0.0106,0.0139,1.9761,Subject03,Walking,71.2
112,420,1.9924,0.0043,0.0749,0.8962,1.0171,12.2203,0.0015,0.0025,0.0025,0.0041,0.0029,0.0128,0.0167,0.0173,0.0016,0.0035,0.0043,0,0.0044,0.0122,0.0102,0.0137,1.9761,Subject03,Walking,71.2
112,435,1.9903,0.0031,0.0652,0.9363,0.9856,13.6203,0.0015,0.0026,0.0027,0.004,0.0029,0.0134,0.0138,0.0173,0.0018,0.0036,0.0042,0,0.0041,0.0123,0.0102,0.0155,1.9761,Subject03,Walking,71.2
112,450,2.0722,0.0032,0.066,1.0203,0.9828,-9.2203,0.0014,0.0029,0.0028,0.0043,0.0029,0.013,0.0139,0.0168,0.0017,0.0038,0.0043,0,0.0045,0.0118,0.0105,0.0165,1.9761,Subject03,Walking,71.2
112,465,2.0663,0.003,0.0682,0.9284,1.0668,10.387,0.0015,0.0028,0.0029,0.0041,0.0031,0.0125,0.0136,0.0163,0.0017,0.0035,0.0045,0,0.004,0.0119,0.0118,0.0134,1.9761,Subject03,Walking,71.2
112,480,2.0162,0.0027,0.0631,0.9012,1.0492,14.0537,0.0015,0.0027,0.003,0.0039,0.0031,0.014,0.0144,0.0171,0.0017,0.0033,0.004,0,0.0037,0.0125,0.0123,0.0149,1.9761,Subject03,Walking,71.2
112,495,2.0695,0.0034,0.0695,0.9765,1.0201,14.4203,0.0014,0.0027,0.0028,0.0039,0.0029,0.0139,0.0123,0.0139,0.0017,0.0033,0.0042,0,0.004,0.0122,0.0114,0.0128,1.9761,Subject03,Walking,71.2
113,510,2.075,0.0033,0.0666,0.9261,1.079,13.2203,0.0014,0.0025,0.0028,0.0041,0.0031,0.0135,0.0112,0.0146,0.0017,0.0035,0.0042,0,0.004,0.0109,0.0114,0.0139,1.9761,Subject03,Walking,71.2
113,525,2.1409,0.0035,0.0675,0.924,1.1458,13.5537,0.0014,0.0026,0.0029,0.0045,0.0031,0.014,0.0144,0.0164,0.0017,0.0032,0.0041,0,0.004,0.0115,0.0119,0.0142,1.9761,Subject03,Walking,71.2
113,540,2.0728,0.0033,0.0673,0.9366,1.0656,12.387,0.0014,0.0029,0.003,0.004,0.0031,0.0138,0.0124,0.0158,0.0017,0.0034,0.0041,0,0.004,0.0108,0.0106,0.0138,1.9761,Subject03,Walking,71.2
113,555,2.0797,0.0035,0.0721,0.9873,1.0169,13.387,0.0014,0.0029,0.003,0.0042,0.0031,0.0125,0.0141,0.0176,0.0017,0.0034,0.004,0,0.004,0.0106,0.0099,0.013,1.9761,Subject03,Walking,71.2
113,570,2.1141,0.004,0.0698,1.0121,1.0282,11.4203,0.0014,0.0026,0.0028,0.0039,0.0028,0.0125,0.012,0.0177,0.0017,0.0037,0.0045,0,0.0043,0.0111,0.0085,0.0137,1.9761,Subject03,Walking,71.2
113,585,2.0341,0.0054,0.0794,0.9554,0.9939,10.0537,0.0014,0.0027,0.0029,0.0041,0.0029,0.0123,0.0137,0.0169,0.0017,0.0033,0.0043,0,0.0042,0.0104,0.0088,0.011,1.9761,Subject03,Walking,71.2
113,600,2.1143,0.0057,0.0852,0.9615,1.0619,13.5537,0.0014,0.0027,0.0029,0.004,0.003,0.0113,0.0127,0.0152,0.0017,0.0036,0.0043,0,0.0042,0.0102,0.0089,0.0114,1.9761,Subject03,Walking,71.2
113,615,2.0941,0.0046,0.0765,1.0469,0.9661,15.2203,0.0014,0.0025,0.0026,0.0041,0.003,0.012,0.0137,0.0151,0.0017,0.004,0.0046,0,0.0045,0.0101,0.0086,0.0138,1.9761,Subject03,Walking,71.2
113,630,2.0752,0.0047,0.0827,0.955,1.0328,15.387,0.0014,0.0024,0.0026,0.0042,0.0029,0.0116,0.0135,0.015,0.0018,0.004,0.0043,0,0.0041,0.0109,0.009,0.0129,1.9761,Subject03,Walking,71.2
113,645,2.1497,0.0045,0.0827,1.004,1.0585,15.2203,0.0014,0.0026,0.0029,0.0045,0.0034,0.0129,0.0112,0.0153,0.0017,0.0035,0.004,0,0.0039,0.0092,0.0093,0.0132,1.9761,Subject03,Walking,71.2
114,720,4.0002,0.0043,0.1267,1.9336,1.9356,13.9346,0.0015,0.0027,0.0044,0.0068,0.0041,0.0158,0.0235,0.0245,0.0021,0.0042,0.0049,0,0.0054,0.0174,0.0165,0.0222,3.4229,Subject03,Walking,71.2
114,735,4.5521,0.0052,0.1251,2.1596,2.2622,10.0537,0.0015,0.0029,0.006,0.0072,0.0046,0.0133,0.0206,0.0261,0.0019,0.0042,0.0052,0,0.0061,0.0167,0.0153,0.0236,3.4229,Subject03,Walking,71.2
114,750,4.6765,0.0054,0.1366,2.2422,2.2924,-7.2203,0.0016,0.0034,0.0058,0.0078,0.0047,0.0131,0.0206,0.027,0.0019,0.0044,0.0055,0,0.0063,0.0158,0.0148,0.0225,3.4229,Subject03,Walking,71.2
114,765,4.6824,0.0046,0.1297,2.2508,2.2973,10.387,0.0016,0.0035,0.0051,0.0074,0.0044,0.0128,0.0218,0.0272,0.0019,0.0047,0.0055,0,0.0061,0.0164,0.0161,0.025,3.4229,Subject03,Walking,71.2
114,780,4.5811,0.0052,0.1283,2.2025,2.2451,11.0537,0.0015,0.0033,0.0044,0.0071,0.0041,0.0137,0.0204,0.0274,0.0019,0.0044,0.0052,0,0.0057,0.017,0.0148,0.0223,3.4229,Subject03,Walking,71.2
114,795,4.6214,0.0053,0.1294,2.2372,2.2495,11.7203,0.0015,0.0035,0.0048,0.007,0.0045,0.0139,0.0201,0.0272,0.0021,0.0046,0.0052,0,0.006,0.0162,0.0148,0.0239,3.4229,Subject03,Walking,71.2
114,810,4.6531,0.0042,0.1317,2.2228,2.2944,11.887,0.0016,0.0034,0.005,0.0067,0.0044,0.0142,0.0215,0.0283,0.0021,0.0044,0.0049,0,0.0062,0.0163,0.0161,0.0254,3.4229,Subject03,Walking,71.2
114,825,4.5895,0.0045,0.1333,2.1249,2.3268,11.0537,0.0015,0.0037,0.0051,0.0074,0.0042,0.0127,0.0188,0.0276,0.0019,0.0044,0.0049,0,0.0053,0.0158,0.015,0.0218,3.4229,Subject03,Walking,71.2
114,840,4.53,0.0049,0.1326,2.1993,2.1933,11.2203,0.0015,0.0032,0.0045,0.0061,0.0039,0.013,0.0203,0.0255,0.0018,0.0045,0.0053,0,0.0058,0.0158,0.0148,0.0236,3.4229,Subject03,Walking,71.2
114,855,4.5868,0.0045,0.1311,2.1939,2.2573,13.7203,0.0016,0.0037,0.0046,0.0063,0.0037,0.0145,0.0221,0.027,0.002,0.0042,0.005,0,0.0052,0.0171,0.0161,0.0233,3.4229,Subject03,Walking,71.2
115,870,4.6234,0.0056,0.1312,2.1487,2.338,-9.887,0.0016,0.0034,0.0049,0.0069,0.004,0.0127,0.0167,0.026,0.0018,0.0045,0.005,0,0.006,0.0159,0.0142,0.0231,3.4229,Subject03,Walking,71.2
115,885,4.6781,0.0053,0.1396,2.2059,2.3273,-9.0775,0.0015,0.004,0.0051,0.0069,0.004,0.0128,0.0197,0.0263,0.002,0.0046,0.0054,0,0.0057,0.0166,0.0147,0.0235,3.4229,Subject03,Walking,71.2
115,900,4.675,0.0048,0.1363,2.2018,2.3321,-5.0537,0.0015,0.0041,0.0051,0.0068,0.004,0.0134,0.0191,0.0259,0.002,0.0044,0.0051,0,0.0052,0.0157,0.0152,0.0221,3.4229,Subject03,Walking,71.2
115,915,4.6928,0.0057,0.1327,2.2392,2.3152,-8.7203,0.0015,0.0039,0.0049,0.007,0.004,0.0127,0.018,0.0242,0.002,0.0046,0.0052,0,0.0053,0.0151,0.0145,0.0222,3.4229,Subject03,Walking,71.2
115,930,4.6357,0.0054,0.132,2.2194,2.2789,11.387,0.0015,0.0037,0.0049,0.0061,0.0036,0.0128,0.0176,0.0229,0.0019,0.0046,0.0052,0,0.0053,0.0146,0.013,0.0229,3.4229,Subject03,Walking,71.2
115,945,4.6576,0.005,0.1416,2.1702,2.3408,11.5537,0.0015,0.0044,0.0056,0.0067,0.004,0.0122,0.0171,0.0241,0.0019,0.0044,0.005,0,0.0058,0.0147,0.0134,0.022,3.4229,Subject03,Walking,71.2
115,960,4.5851,0.0051,0.1363,2.1859,2.2578,-8.5061,0.0015,0.0041,0.0048,0.0067,0.0039,0.0117,0.0174,0.0243,0.0019,0.0047,0.0052,0,0.0057,0.0152,0.0133,0.0214,3.4229,Subject03,Walking,71.2
115,975,4.6945,0.0053,0.1431,2.1987,2.3474,-7.9346,0.0015,0.0049,0.0053,0.0061,0.0039,0.0131,0.0169,0.0233,0.0018,0.0042,0.0051,0,0.0053,0.0151,0.0128,0.0212,3.4229,Subject03,Walking,71.2
115,990,4.6283,0.0057,0.1379,2.1806,2.3041,-6.887,0.0015,0.0043,0.005,0.0071,0.0039,0.0124,0.0183,0.0244,0.0019,0.0046,0.0053,0,0.0055,0.0153,0.0139,0.0215,3.4229,Subject03,Walking,71.2
115,1005,4.6354,0.0054,0.1371,2.2348,2.2581,-7.5537,0.0015,0.0045,0.0049,0.0065,0.004,0.0127,0.017,0.0228,0.0018,0.0048,0.0051,0,0.0058,0.0144,0.0131,0.0212,3.4229,Subject03,Walking,71.2
116,1080,2.9765,0.0039,0.0964,1.4188,1.4574,12.7203,0.0018,0.0025,0.0033,0.0049,0.0034,0.0139,0.0187,0.0231,0.002,0.0033,0.004,0,0.0037,0.0131,0.0122,0.0165,2.6824,Subject03,Walking,71.2
116,1095,3.0719,0.005,0.0983,1.499,1.4695,-6.387,0.0016,0.0026,0.0032,0.0047,0.0036,0.014,0.0164,0.0207,0.002,0.0032,0.0038,0,0.0035,0.0119,0.0109,0.0152,2.6824,Subject03,Walking,71.2
116,1110,3.3389,0.0044,0.0948,1.6797,1.5599,-8.2203,0.0015,0.0027,0.0037,0.0046,0.003,0.0129,0.0156,0.0195,0.0019,0.004,0.0044,0,0.0044,0.0118,0.0109,0.0167,2.6824,Subject03,Walking,71.2
116,1125,3.3356,0.0051,0.0823,1.6138,1.6345,-8.4203,0.0015,0.0026,0.0037,0.0046,0.0033,0.0126,0.0141,0.0192,0.0018,0.0042,0.0047,0,0.0044,0.0119,0.0105,0.0158,2.6824,Subject03,Walking,71.2
116,1140,3.3987,0.0055,0.0938,1.6077,1.6916,10.8203,0.0014,0.0026,0.0037,0.0044,0.0034,0.0129,0.0135,0.0192,0.0018,0.004,0.0045,0,0.0043,0.0115,0.01,0.0146,2.6824,Subject03,Walking,71.2
116,1155,3.3411,0.0055,0.0861,1.6106,1.6389,14.887,0.0015,0.0025,0.0037,0.0047,0.0035,0.0125,0.0133,0.0189,0.0019,0.0039,0.0043,0,0.0042,0.0114,0.0096,0.0151,2.6824,Subject03,Walking,71.2
116,1170,3.3553,0.0056,0.1034,1.6354,1.6109,16.2203,0.0015,0.0028,0.0037,0.0044,0.0031,0.0127,0.0156,0.0191,0.0018,0.004,0.0042,0,0.0042,0.0121,0.01,0.017,2.6824,Subject03,Walking,71.2
116,1185,3.2698,0.0053,0.0892,1.5701,1.6052,13.7918,0.0015,0.0027,0.0036,0.0045,0.0035,0.0122,0.0136,0.0188,0.0018,0.0039,0.0042,0,0.0044,0.0119,0.0096,0.0159,2.6824,Subject03,Walking,71.2
116,1200,3.3973,0.0037,0.0932,1.6509,1.6496,-9.4203,0.0015,0.0028,0.0039,0.0047,0.0034,0.0142,0.0172,0.0206,0.0019,0.0042,0.0044,0,0.0042,0.0117,0.0108,0.0174,2.6824,Subject03,Walking,71.2
116,1215,3.3763,0.0046,0.0955,1.6283,1.6479,12.2203,0.0015,0.0028,0.0037,0.0049,0.0034,0.0132,0.0136,0.0181,0.0019,0.0041,0.0044,0,0.0044,0.0115,0.0104,0.017,2.6824,Subject03,Walking,71.2
117,1230,3.4391,0.0043,0.0915,1.6346,1.7086,11.0537,0.0015,0.0029,0.0041,0.0052,0.0037,0.0126,0.013,0.0196,0.0019,0.0041,0.0045,0,0.0046,0.0113,0.0101,0.0168,2.6824,Subject03,Walking,71.2
117,1245,3.3928,0.0048,0.0926,1.618,1.6774,10.5537,0.0015,0.0027,0.004,0.0045,0.0036,0.012,0.0136,0.0181,0.0019,0.0044,0.0047,0,0.0047,0.0111,0.0095,0.0149,2.6824,Subject03,Walking,71.2
117,1260,3.4603,0.0049,0.0921,1.6708,1.6925,-8.9346,0.0014,0.0026,0.0042,0.0048,0.0035,0.0112,0.0125,0.0178,0.0018,0.0042,0.0043,0,0.0045,0.0107,0.0094,0.0146,2.6824,Subject03,Walking,71.2
117,1275,3.4766,0.0035,0.1032,1.7138,1.6561,-9.4203,0.0015,0.0032,0.0043,0.0053,0.0039,0.013,0.0153,0.0192,0.0019,0.0048,0.005,0,0.0049,0.0111,0.0104,0.0182,2.6824,Subject03,Walking,71.2
117,1290,3.4204,0.0037,0.0809,1.624,1.7119,14.7203,0.0015,0.0031,0.0041,0.0051,0.0037,0.012,0.014,0.0198,0.0019,0.0044,0.0045,0,0.0044,0.013,0.0112,0.018,2.6824,Subject03,Walking,71.2
117,1305,3.2603,0.0038,0.07,1.5938,1.5926,10.387,0.0015,0.0027,0.0041,0.0043,0.0035,0.0132,0.0138,0.0209,0.0019,0.0035,0.0042,0,0.0042,0.0105,0.0105,0.018,2.6824,Subject03,Walking,71.2
117,1320,3.4098,0.0042,0.0829,1.6353,1.6875,10.5537,0.0014,0.0029,0.0043,0.005,0.0037,0.0123,0.0139,0.0191,0.0018,0.0036,0.0043,0,0.0043,0.0105,0.0106,0.0166,2.6824,Subject03,Walking,71.2
117,1335,3.4059,0.0048,0.0934,1.6195,1.6882,-6.387,0.0015,0.0027,0.0047,0.0044,0.0036,0.0122,0.0136,0.0183,0.0018,0.0036,0.004,0,0.0045,0.0118,0.0099,0.0152,2.6824,Subject03,Walking,71.2
117,1350,3.3811,0.005,0.0938,1.627,1.6552,-7.0203,0.0015,0.0027,0.0042,0.0044,0.0038,0.0127,0.0137,0.0184,0.002,0.0037,0.0043,0,0.0043,0.0104,0.0096,0.0159,2.6824,Subject03,Walking,71.2
117,1365,3.4083,0.0056,0.0996,1.6433,1.6598,12.0537,0.0015,0.0026,0.0042,0.0045,0.0033,0.0126,0.0139,0.0183,0.0019,0.0036,0.0042,0,0.0041,0.0111,0.0103,0.0168,2.6824,Subject03,Walking,71.2
118,360,1.1991,0.0035,0.032,0.5301,0.6335,0.907,0.0028,0.0042,0.0074,0.0036,0.0033,0.0189,0.0123,0.0318,0.0036,0.0021,0.0031,0.0064,0.0039,0.0084,0.0125,0.0215,1.2357,Subject04,Backwards,68.03
118,375,0.9167,0.0044,0.0344,0.4359,0.442,2.107,0.0027,0.0032,0.0051,0.0025,0.0026,0.0171,0.0132,0.0243,0.0036,0.0016,0.0023,0.0035,0.0029,0.0084,0.0102,0.0263,1.2357,Subject04,Backwards,68.03
118,390,1.0105,0.0024,0.0209,0.4863,0.5008,8.707,0.0024,0.0023,0.0038,0.0018,0.0022,0.0169,0.0115,0.0271,0.0033,0.0019,0.003,0.0039,0.003,0.0097,0.0117,0.0209,1.2357,Subject04,Backwards,68.03
118,405,1.063,0.0022,0.0215,0.4799,0.5594,7.507,0.0024,0.0025,0.0039,0.0014,0.0023,0.0165,0.0113,0.024,0.0032,0.0017,0.0025,0.0033,0.0031,0.0087,0.0101,0.0203,1.2357,Subject04,Backwards,68.03
118,420,1.0766,0.0031,0.0247,0.5443,0.5045,12.907,0.0024,0.003,0.0046,0.0015,0.0024,0.0139,0.0102,0.0225,0.0034,0.0016,0.0024,0.0038,0.0029,0.011,0.012,0.0218,1.2357,Subject04,Backwards,68.03
118,435,1.0055,0.0023,0.0205,0.4823,0.5004,12.157,0.0022,0.0024,0.0037,0.0013,0.0021,0.014,0.0103,0.0202,0.0033,0.0016,0.0023,0.0028,0.0026,0.0084,0.0091,0.0243,1.2357,Subject04,Backwards,68.03
118,450,0.9619,0.0024,0.0202,0.4723,0.4671,12.707,0.0023,0.0027,0.0039,0.0012,0.0021,0.014,0.0104,0.0261,0.0032,0.0014,0.0017,0.0025,0.0028,0.0077,0.0098,0.0181,1.2357,Subject04,Backwards,68.03
118,465,0.9525,0.0022,0.0194,0.494,0.4369,8.107,0.0022,0.0031,0.0049,0.0013,0.0024,0.0142,0.0093,0.0244,0.0032,0.0016,0.0022,0.0023,0.0025,0.0071,0.0082,0.0205,1.2357,Subject04,Backwards,68.03
118,480,0.9906,0.0024,0.0214,0.4627,0.5042,10.707,0.0024,0.0028,0.0047,0.0014,0.0026,0.0144,0.0097,0.0229,0.0035,0.0015,0.002,0.0031,0.0028,0.0082,0.0099,0.0187,1.2357,Subject04,Backwards,68.03
118,495,1.0987,0.0032,0.024,0.522,0.5495,8.107,0.0022,0.0033,0.0056,0.0017,0.0027,0.0134,0.0093,0.0245,0.0032,0.0015,0.0019,0.004,0.0027,0.0085,0.0116,0.0163,1.2357,Subject04,Backwards,68.03
119,510,0.8515,0.0024,0.0207,0.4225,0.4059,6.907,0.0021,0.0032,0.0056,0.0014,0.0027,0.0118,0.0093,0.0255,0.003,0.0017,0.0023,0.0029,0.0025,0.0081,0.0089,0.0246,1.2357,Subject04,Backwards,68.03
119,525,0.9182,0.0025,0.0216,0.4484,0.4457,4.307,0.0021,0.0032,0.0041,0.0015,0.0023,0.0146,0.0113,0.0217,0.0032,0.0015,0.0019,0.0027,0.0025,0.0081,0.0103,0.0264,1.2357,Subject04,Backwards,68.03
119,540,0.9366,0.0018,0.019,0.4445,0.4713,4.157,0.0025,0.0027,0.0037,0.0011,0.0022,0.0132,0.0098,0.0255,0.0028,0.0018,0.0029,0.0023,0.0029,0.0088,0.009,0.0215,1.2357,Subject04,Backwards,68.03
119,555,0.8957,0.002,0.0186,0.4399,0.4352,3.907,0.0022,0.0031,0.005,0.0012,0.0027,0.0132,0.0087,0.028,0.0028,0.0017,0.0028,0.0026,0.0027,0.009,0.01,0.0207,1.2357,Subject04,Backwards,68.03
119,570,0.9694,0.0025,0.0229,0.4796,0.4643,8.907,0.0023,0.0037,0.0064,0.0018,0.0036,0.0143,0.0104,0.0264,0.003,0.0019,0.0029,0.003,0.0028,0.0096,0.0094,0.0263,1.2357,Subject04,Backwards,68.03
119,585,0.8332,0.0028,0.023,0.4392,0.3682,11.107,0.0023,0.0026,0.0031,0.0015,0.0023,0.0139,0.0122,0.0182,0.0031,0.0015,0.0019,0.0027,0.0026,0.0065,0.0108,0.0227,1.2357,Subject04,Backwards,68.03
119,600,0.9264,0.0027,0.0227,0.4995,0.4015,6.157,0.0022,0.0027,0.0039,0.0015,0.0025,0.0147,0.0117,0.0203,0.0033,0.0018,0.0024,0.0025,0.0027,0.0074,0.0089,0.0228,1.2357,Subject04,Backwards,68.03
119,615,0.8108,0.0021,0.0175,0.3738,0.4174,9.657,0.0023,0.0019,0.0032,0.0014,0.0022,0.0128,0.0109,0.0208,0.0033,0.0015,0.0019,0.0025,0.0027,0.0086,0.0112,0.0215,1.2357,Subject04,Backwards,68.03
119,630,0.877,0.002,0.0177,0.4188,0.4385,13.5736,0.0022,0.003,0.0054,0.0015,0.0028,0.012,0.0096,0.0245,0.0037,0.0015,0.0019,0.0023,0.0026,0.0087,0.0094,0.0225,1.2357,Subject04,Backwards,68.03
119,645,0.9043,0.0021,0.018,0.4629,0.4213,19.657,0.0022,0.0022,0.0035,0.0014,0.0023,0.0143,0.0111,0.0206,0.0029,0.0015,0.0018,0.0025,0.0025,0.0087,0.0112,0.0203,1.2357,Subject04,Backwards,68.03
120,720,1.9834,0.0055,0.0486,0.9464,0.9829,11.657,0.0027,0.0064,0.0105,0.0053,0.0047,0.0238,0.0149,0.0325,0.0033,0.0031,0.0069,0.0078,0.0045,0.0125,0.0145,0.0238,2.1072,Subject04,Backwards,68.03
120,735,1.9356,0.0043,0.0397,0.9668,0.9248,11.107,0.0029,0.0065,0.0089,0.0067,0.0049,0.026,0.0159,0.0272,0.0037,0.0029,0.0045,0.01,0.0045,0.0136,0.0158,0.0216,2.1072,Subject04,Backwards,68.03
120,750,1.9029,0.0037,0.038,0.9591,0.9021,10.507,0.0025,0.0043,0.0069,0.0027,0.0033,0.0218,0.0131,0.0291,0.0032,0.0017,0.0029,0.0057,0.0033,0.0136,0.0157,0.0249,2.1072,Subject04,Backwards,68.03
120,765,1.8537,0.0039,0.0407,0.9178,0.8913,13.507,0.0025,0.0063,0.0103,0.0028,0.0037,0.0211,0.0129,0.0317,0.0029,0.0017,0.0032,0.0045,0.0034,0.0116,0.0144,0.0254,2.1072,Subject04,Backwards,68.03
120,780,1.8798,0.004,0.0386,0.9237,0.9135,15.5736,0.0023,0.006,0.0102,0.0033,0.0041,0.0196,0.0134,0.0263,0.0031,0.0016,0.0027,0.0042,0.0035,0.0128,0.0145,0.0246,2.1072,Subject04,Backwards,68.03
120,795,1.9529,0.0036,0.0424,0.9381,0.9688,16.657,0.0023,0.0049,0.0095,0.0029,0.0037,0.0205,0.0126,0.0277,0.0029,0.0017,0.0033,0.0049,0.0033,0.0153,0.0156,0.0236,2.1072,Subject04,Backwards,68.03
120,810,2.0375,0.0037,0.0411,0.9566,1.0361,16.657,0.0024,0.0041,0.0078,0.0031,0.0038,0.0174,0.0134,0.0231,0.003,0.0019,0.0035,0.0057,0.0032,0.0131,0.0149,0.0243,2.1072,Subject04,Backwards,68.03
120,825,2.0521,0.0038,0.0399,1.0242,0.9842,15.307,0.0024,0.0049,0.0079,0.0031,0.0036,0.0198,0.0133,0.0249,0.0028,0.0018,0.0033,0.0048,0.0035,0.0137,0.0139,0.0229,2.1072,Subject04,Backwards,68.03
120,840,2.0386,0.0042,0.0461,1.0526,0.9356,16.407,0.0024,0.0043,0.0076,0.0035,0.0036,0.0209,0.0137,0.0266,0.003,0.0016,0.0026,0.0047,0.0032,0.014,0.0162,0.0243,2.1072,Subject04,Backwards,68.03
120,855,2.0039,0.0048,0.0494,0.9545,0.9952,18.307,0.0024,0.0053,0.0116,0.004,0.0045,0.0171,0.0127,0.0311,0.0031,0.0028,0.0059,0.0052,0.004,0.0139,0.0122,0.0313,2.1072,Subject04,Backwards,68.03
121,870,1.9482,0.0043,0.0415,0.9693,0.9332,15.657,0.0021,0.0054,0.0101,0.0034,0.0038,0.0195,0.013,0.0243,0.0029,0.0023,0.0054,0.0061,0.0038,0.0121,0.0121,0.027,2.1072,Subject04,Backwards,68.03
121,885,2.0052,0.0033,0.0387,1.0021,0.9611,18.657,0.0023,0.0056,0.0097,0.0036,0.0037,0.018,0.012,0.0282,0.0028,0.0016,0.0028,0.005,0.0032,0.0131,0.0135,0.0245,2.1072,Subject04,Backwards,68.03
121,900,1.8788,0.004,0.0394,0.9439,0.8915,18.907,0.0023,0.0038,0.0079,0.0032,0.0036,0.0182,0.0121,0.0259,0.0026,0.0016,0.0027,0.0041,0.003,0.0131,0.0134,0.0273,2.1072,Subject04,Backwards,68.03
121,915,1.8884,0.0041,0.0383,0.9598,0.8862,20.907,0.0021,0.0045,0.0071,0.0031,0.0031,0.0186,0.0133,0.0259,0.0029,0.0015,0.0022,0.0055,0.0029,0.0125,0.0141,0.0272,2.1072,Subject04,Backwards,68.03
121,930,1.9483,0.0039,0.0384,0.9471,0.959,17.907,0.0022,0.0056,0.0088,0.0039,0.0034,0.0182,0.0136,0.0283,0.003,0.0015,0.0029,0.0047,0.0033,0.0127,0.015,0.0227,2.1072,Subject04,Backwards,68.03
121,945,1.8711,0.0047,0.0473,0.9131,0.906,18.157,0.0024,0.0048,0.0083,0.0036,0.0033,0.0169,0.0145,0.0273,0.0033,0.0021,0.0036,0.0053,0.0035,0.0111,0.014,0.03,2.1072,Subject04,Backwards,68.03
121,960,1.7643,0.004,0.0429,0.853,0.8645,15.707,0.0022,0.0047,0.0083,0.0032,0.0033,0.0168,0.0121,0.0285,0.0029,0.0015,0.0025,0.0042,0.0029,0.0121,0.0148,0.0232,2.1072,Subject04,Backwards,68.03
121,975,1.9502,0.0036,0.0451,0.964,0.9374,14.907,0.0023,0.0055,0.0109,0.0034,0.004,0.0159,0.0112,0.0304,0.003,0.0018,0.0036,0.0045,0.0035,0.0115,0.0143,0.0299,2.1072,Subject04,Backwards,68.03
121,990,1.8905,0.0037,0.0444,0.9425,0.8999,18.907,0.0023,0.005,0.0087,0.0035,0.0043,0.0168,0.0126,0.0266,0.0034,0.0016,0.0026,0.0054,0.0031,0.0124,0.0148,0.0251,2.1072,Subject04,Backwards,68.03
121,1005,1.8365,0.0042,0.0493,0.8903,0.8927,17.2403,0.0024,0.0049,0.0084,0.0031,0.0041,0.0157,0.0124,0.0316,0.0031,0.0016,0.0029,0.0038,0.0029,0.0121,0.0136,0.028,2.1072,Subject04,Backwards,68.03
122,360,1.4879,0.0033,0.0275,0.7446,0.7125,-7.6224,0.0024,0.0065,0.0308,0.0026,0.0061,0.0286,0.0198,0.007,0.0017,0.0089,0.0365,0.0065,0.011,0.0336,0.0113,0.0157,3.9562,Subject04,Cycling,68.03
122,375,1.6123,0.0037,0.0376,0.7955,0.7755,8.3776,0.0026,0.0084,0.0393,0.0027,0.0049,0.0278,0.0186,0.0089,0.0022,0.0091,0.0424,0.0068,0.0111,0.0336,0.0098,0.0148,3.9562,Subject04,Cycling,68.03
122,390,1.6425,0.0024,0.0331,0.8303,0.7767,14.6276,0.0026,0.0081,0.0334,0.0038,0.0056,0.0245,0.0155,0.008,0.0019,0.0093,0.0365,0.0056,0.0095,0.037,0.0091,0.0217,3.9562,Subject04,Cycling,68.03
122,405,1.7542,0.0039,0.061,0.8502,0.8392,18.4776,0.0028,0.0159,0.0405,0.0032,0.0059,0.0257,0.0172,0.0205,0.0027,0.0143,0.0436,0.0054,0.0119,0.0378,0.0128,0.0324,3.9562,Subject04,Cycling,68.03
122,420,1.5478,0.0031,0.0321,0.7644,0.7481,20.1276,0.0026,0.0101,0.036,0.003,0.005,0.0214,0.0153,0.0125,0.0017,0.0094,0.036,0.0049,0.009,0.0328,0.0091,0.0288,3.9562,Subject04,Cycling,68.03
122,435,1.6334,0.0031,0.0597,0.7799,0.7907,24.0776,0.0028,0.0078,0.0337,0.0032,0.0056,0.026,0.0169,0.0095,0.0029,0.0088,0.0378,0.0052,0.009,0.0319,0.0109,0.0228,3.9562,Subject04,Cycling,68.03
122,450,1.4026,0.0028,0.041,0.7081,0.6507,23.3776,0.0031,0.0064,0.0283,0.0049,0.0065,0.0195,0.0134,0.0035,0.0028,0.0085,0.0305,0.0075,0.009,0.0356,0.0077,0.0196,3.9562,Subject04,Cycling,68.03
122,465,1.4029,0.0028,0.0456,0.7122,0.6423,26.1276,0.0029,0.0064,0.0299,0.0034,0.0061,0.0191,0.0159,0.0036,0.003,0.0093,0.0311,0.0061,0.0088,0.0322,0.0084,0.0174,3.9562,Subject04,Cycling,68.03
122,480,1.3638,0.0029,0.0442,0.6835,0.6332,28.2776,0.0031,0.006,0.0329,0.0049,0.0066,0.0225,0.0162,0.003,0.0027,0.0099,0.0302,0.0067,0.0083,0.0294,0.0067,0.0158,3.9562,Subject04,Cycling,68.03
122,495,1.4147,0.0031,0.0551,0.7015,0.6551,29.2776,0.0032,0.0071,0.0359,0.0042,0.0064,0.0184,0.0157,0.0029,0.0028,0.0094,0.0322,0.0054,0.0092,0.032,0.0076,0.0154,3.9562,Subject04,Cycling,68.03
123,510,1.3587,0.0023,0.0504,0.6537,0.6523,29.8776,0.0031,0.0087,0.0346,0.0046,0.0059,0.0192,0.0143,0.0032,0.0025,0.0098,0.0311,0.0063,0.0084,0.0331,0.0064,0.0162,3.9562,Subject04,Cycling,68.03
123,525,1.5366,0.0025,0.0645,0.7646,0.7049,32.1276,0.0032,0.0078,0.0349,0.0042,0.0057,0.0223,0.0141,0.0032,0.0027,0.0108,0.0373,0.0053,0.0093,0.034,0.0072,0.0193,3.9562,Subject04,Cycling,68.03
123,540,1.6284,0.0022,0.0827,0.8237,0.7197,30.6276,0.0031,0.0081,0.0338,0.0045,0.0053,0.0228,0.0134,0.004,0.0028,0.0097,0.0378,0.0062,0.0116,0.0305,0.009,0.017,3.9562,Subject04,Cycling,68.03
123,555,1.7918,0.0049,0.0673,0.8859,0.8337,32.0776,0.0042,0.0103,0.0416,0.0034,0.0066,0.0268,0.0178,0.0112,0.0036,0.0092,0.0359,0.0117,0.0127,0.0353,0.0105,0.023,3.9562,Subject04,Cycling,68.03
123,570,1.38,0.0028,0.0475,0.6904,0.6394,27.8776,0.0029,0.0067,0.0379,0.0021,0.0049,0.0204,0.0166,0.0032,0.0025,0.0099,0.0337,0.0062,0.0111,0.0276,0.0068,0.0169,3.9562,Subject04,Cycling,68.03
123,585,1.4133,0.0021,0.0638,0.7126,0.6348,28.6276,0.003,0.008,0.0336,0.0022,0.0048,0.0134,0.0174,0.0026,0.0026,0.01,0.0388,0.0043,0.0111,0.0225,0.007,0.0134,3.9562,Subject04,Cycling,68.03
123,600,1.3887,0.0026,0.0646,0.7027,0.6187,32.0776,0.0033,0.0064,0.0337,0.0025,0.0053,0.0145,0.0203,0.0026,0.0028,0.0096,0.0348,0.0046,0.0102,0.024,0.0064,0.0122,3.9562,Subject04,Cycling,68.03
123,615,1.4228,0.0036,0.0563,0.723,0.6399,31.3776,0.0035,0.0054,0.0334,0.0028,0.0061,0.0155,0.0181,0.0027,0.0033,0.0091,0.035,0.0038,0.0102,0.0273,0.0076,0.0162,3.9562,Subject04,Cycling,68.03
123,630,1.4256,0.0037,0.059,0.7298,0.6331,32.3776,0.0032,0.0056,0.034,0.0032,0.0071,0.0134,0.0192,0.0031,0.0035,0.0108,0.0404,0.003,0.0099,0.021,0.0074,0.0104,3.9562,Subject04,Cycling,68.03
123,645,1.348,0.0033,0.0549,0.6808,0.6091,34.3776,0.0032,0.0044,0.0306,0.0034,0.0058,0.0144,0.0195,0.0027,0.0031,0.0102,0.0371,0.0031,0.0101,0.0188,0.0068,0.008,3.9562,Subject04,Cycling,68.03
124,720,1.4101,0.0027,0.0515,0.7047,0.6512,32.8776,0.0037,0.0064,0.0378,0.0048,0.0076,0.0179,0.0181,0.0045,0.0033,0.0091,0.0433,0.007,0.0127,0.0262,0.0093,0.0156,5.3276,Subject04,Cycling,68.03
124,735,1.4535,0.0037,0.0487,0.7437,0.6574,36.3776,0.0039,0.0069,0.0379,0.0055,0.0087,0.0167,0.0194,0.0051,0.0039,0.0093,0.0435,0.0068,0.0155,0.0265,0.0084,0.0136,5.3276,Subject04,Cycling,68.03
124,750,1.3853,0.0043,0.0525,0.698,0.6306,39.4776,0.0038,0.0067,0.038,0.0041,0.0096,0.0124,0.0209,0.003,0.004,0.0084,0.0399,0.0076,0.0159,0.0267,0.0085,0.0147,5.3276,Subject04,Cycling,68.03
124,765,1.3463,0.0032,0.0438,0.6833,0.6159,40.6276,0.0037,0.0082,0.0371,0.0036,0.0084,0.0127,0.0168,0.0035,0.0039,0.0091,0.0396,0.005,0.0137,0.027,0.0079,0.0177,5.3276,Subject04,Cycling,68.03
124,780,1.4582,0.0029,0.0541,0.7722,0.629,40.8776,0.0035,0.0072,0.0376,0.0035,0.0081,0.0117,0.0182,0.0037,0.0036,0.0087,0.0412,0.0059,0.0151,0.0243,0.0071,0.0141,5.3276,Subject04,Cycling,68.03
124,795,1.3623,0.0031,0.0463,0.7385,0.5745,44.5442,0.0036,0.0083,0.0347,0.0033,0.0074,0.0136,0.0165,0.0046,0.0034,0.0099,0.0418,0.0051,0.014,0.0265,0.0075,0.0184,5.3276,Subject04,Cycling,68.03
124,810,1.304,0.0037,0.04,0.678,0.5824,43.6776,0.0036,0.009,0.0366,0.0032,0.0055,0.0098,0.0171,0.0049,0.004,0.0098,0.0419,0.006,0.0139,0.0199,0.0069,0.0152,5.3276,Subject04,Cycling,68.03
124,825,1.3342,0.0034,0.045,0.6881,0.5978,44.8776,0.0036,0.0075,0.0361,0.0035,0.0074,0.0135,0.0173,0.0052,0.0035,0.0091,0.0424,0.0066,0.0133,0.0205,0.0068,0.0148,5.3276,Subject04,Cycling,68.03
124,840,1.3514,0.0029,0.0453,0.6976,0.6056,46.3776,0.0036,0.0059,0.0346,0.0032,0.0074,0.017,0.0177,0.005,0.0035,0.0084,0.0398,0.009,0.0128,0.0229,0.0072,0.0146,5.3276,Subject04,Cycling,68.03
124,855,1.5166,0.0039,0.0677,0.761,0.684,45.8776,0.0042,0.0084,0.0406,0.0039,0.0066,0.0198,0.0196,0.0067,0.0039,0.0096,0.0452,0.0072,0.013,0.0284,0.0095,0.0182,5.3276,Subject04,Cycling,68.03
125,870,1.4714,0.0035,0.063,0.7367,0.6682,44.6276,0.0038,0.0079,0.0365,0.0028,0.0069,0.0188,0.0186,0.0059,0.0045,0.0094,0.043,0.0094,0.0133,0.0293,0.0093,0.0154,5.3276,Subject04,Cycling,68.03
125,885,1.5288,0.0038,0.0673,0.7428,0.715,46.3776,0.0037,0.0107,0.0397,0.004,0.0071,0.0243,0.0215,0.0151,0.0053,0.01,0.0466,0.0079,0.015,0.0294,0.0105,0.0175,5.3276,Subject04,Cycling,68.03
125,900,1.5108,0.0037,0.0565,0.7685,0.682,45.2776,0.0037,0.0078,0.0334,0.0055,0.0085,0.0159,0.0175,0.0072,0.0038,0.01,0.0437,0.0097,0.0162,0.0328,0.01,0.0245,5.3276,Subject04,Cycling,68.03
125,915,1.5219,0.0057,0.0855,0.7772,0.6535,45.2776,0.0038,0.0086,0.0383,0.0032,0.0062,0.0192,0.0192,0.0085,0.0042,0.0117,0.0441,0.0059,0.0132,0.0322,0.0086,0.0219,5.3276,Subject04,Cycling,68.03
125,930,1.4173,0.0045,0.0719,0.6921,0.6488,46.4776,0.0037,0.0093,0.0384,0.0027,0.0057,0.0189,0.0192,0.0095,0.0037,0.01,0.0391,0.0091,0.0106,0.0284,0.0088,0.0176,5.3276,Subject04,Cycling,68.03
125,945,1.5129,0.0047,0.073,0.7725,0.6627,48.8776,0.0036,0.0114,0.0396,0.0043,0.006,0.0159,0.0178,0.0114,0.0038,0.0127,0.0443,0.0086,0.011,0.0271,0.0075,0.0205,5.3276,Subject04,Cycling,68.03
125,960,1.425,0.0032,0.0812,0.7042,0.6365,48.1276,0.0037,0.0098,0.0376,0.0056,0.0062,0.0177,0.0176,0.0086,0.0037,0.0109,0.037,0.0104,0.0106,0.0322,0.0087,0.0252,5.3276,Subject04,Cycling,68.03
125,975,1.4821,0.0047,0.081,0.7124,0.6841,47.2109,0.0044,0.009,0.0427,0.0037,0.0066,0.0252,0.0209,0.0129,0.0037,0.011,0.0399,0.005,0.0097,0.0263,0.0103,0.0219,5.3276,Subject04,Cycling,68.03
125,990,1.3836,0.0028,0.0848,0.6666,0.6294,48.5442,0.0037,0.0078,0.0391,0.0031,0.0059,0.0245,0.0191,0.0112,0.0038,0.0125,0.0396,0.006,0.0101,0.0287,0.0096,0.0233,5.3276,Subject04,Cycling,68.03
125,1005,1.5816,0.0031,0.0868,0.7534,0.7383,43.2109,0.0039,0.0111,0.0395,0.0047,0.0063,0.0173,0.0174,0.013,0.0043,0.0131,0.0479,0.0044,0.0124,0.0272,0.0091,0.0217,5.3276,Subject04,Cycling,68.03
126,1080,1.564,0.003,0.049,0.7899,0.7221,48.4776,0.0028,0.0062,0.0318,0.0024,0.0049,0.0137,0.0159,0.0069,0.0024,0.0072,0.0317,0.0045,0.0119,0.0228,0.0071,0.0192,3.0171,Subject04,Cycling,68.03
126,1095,1.8125,0.0042,0.0909,0.901,0.8164,45.0204,0.0031,0.0135,0.0361,0.0032,0.0055,0.02,0.0188,0.0277,0.0032,0.0162,0.0408,0.0041,0.0103,0.0308,0.012,0.0314,3.0171,Subject04,Cycling,68.03
126,1110,1.6522,0.0031,0.0908,0.818,0.7403,38.6776,0.003,0.005,0.0249,0.0046,0.004,0.0166,0.0152,0.0066,0.0021,0.0088,0.0277,0.004,0.0083,0.0253,0.006,0.0161,3.0171,Subject04,Cycling,68.03
126,1125,1.7893,0.0041,0.069,0.8611,0.855,36.8776,0.0026,0.0079,0.0307,0.0017,0.0045,0.0185,0.0169,0.0173,0.0022,0.0068,0.0273,0.0046,0.0089,0.0281,0.0059,0.019,3.0171,Subject04,Cycling,68.03
126,1140,1.7153,0.0033,0.0302,0.8411,0.8406,38.8776,0.0021,0.009,0.0294,0.0024,0.004,0.0191,0.0152,0.0179,0.0018,0.0069,0.0249,0.0044,0.0079,0.031,0.0058,0.0243,3.0171,Subject04,Cycling,68.03
126,1155,1.514,0.0033,0.0337,0.7617,0.7154,34.8776,0.002,0.0071,0.0315,0.002,0.0041,0.015,0.0165,0.0099,0.0014,0.0065,0.0258,0.0032,0.0059,0.0275,0.0054,0.0205,3.0171,Subject04,Cycling,68.03
126,1170,1.6026,0.0031,0.0325,0.7955,0.7716,37.8776,0.002,0.0063,0.0296,0.0017,0.0038,0.021,0.0148,0.0145,0.0017,0.0077,0.0295,0.0042,0.0082,0.0302,0.0061,0.0256,3.0171,Subject04,Cycling,68.03
126,1185,1.6281,0.0029,0.0287,0.8111,0.7854,36.8776,0.002,0.0093,0.032,0.0036,0.0046,0.0191,0.0142,0.0192,0.0012,0.0087,0.0278,0.0062,0.0115,0.0291,0.0061,0.0271,3.0171,Subject04,Cycling,68.03
126,1200,1.6247,0.0033,0.0372,0.8231,0.7612,34.8776,0.0022,0.0084,0.0303,0.0039,0.0041,0.0228,0.0138,0.031,0.002,0.01,0.032,0.0047,0.0082,0.0346,0.0079,0.0245,3.0171,Subject04,Cycling,68.03
126,1215,1.6253,0.0038,0.0276,0.777,0.8169,33.8776,0.002,0.009,0.0325,0.0023,0.0042,0.021,0.0159,0.0186,0.0014,0.0086,0.027,0.0048,0.0093,0.0323,0.0071,0.0224,3.0171,Subject04,Cycling,68.03
127,1230,1.6702,0.0032,0.0652,0.8342,0.7677,32.2109,0.0029,0.0048,0.0279,0.0049,0.0042,0.0165,0.0152,0.0036,0.0016,0.0087,0.0287,0.0035,0.0084,0.0282,0.0066,0.0192,3.0171,Subject04,Cycling,68.03
127,1245,1.5798,0.0031,0.0642,0.8017,0.7108,31.2109,0.0028,0.0054,0.0324,0.0023,0.0043,0.0139,0.0193,0.0049,0.0018,0.0089,0.0271,0.004,0.0084,0.0233,0.0075,0.0136,3.0171,Subject04,Cycling,68.03
127,1260,1.49,0.0025,0.0639,0.7408,0.6829,31.6276,0.0027,0.0058,0.0278,0.002,0.004,0.0167,0.0204,0.004,0.0017,0.0078,0.027,0.0026,0.0064,0.0223,0.0064,0.0125,3.0171,Subject04,Cycling,68.03
127,1275,1.5111,0.0027,0.0534,0.7485,0.7065,31.2109,0.0025,0.0065,0.0291,0.0038,0.0046,0.0163,0.0155,0.0071,0.0019,0.0095,0.0304,0.0027,0.0069,0.0217,0.0073,0.0167,3.0171,Subject04,Cycling,68.03
127,1290,1.715,0.0042,0.11,0.8439,0.7569,29.3776,0.003,0.011,0.0346,0.0024,0.0047,0.0164,0.0216,0.0154,0.002,0.0104,0.0295,0.003,0.0065,0.0255,0.008,0.0206,3.0171,Subject04,Cycling,68.03
127,1305,1.5459,0.0031,0.0648,0.7694,0.7086,30.5442,0.0029,0.0063,0.0281,0.0017,0.0038,0.0141,0.0172,0.0048,0.0015,0.0107,0.025,0.0024,0.0059,0.0239,0.0058,0.0187,3.0171,Subject04,Cycling,68.03
127,1320,1.4579,0.0024,0.0577,0.7239,0.674,31.5442,0.0027,0.0049,0.0275,0.0022,0.0037,0.0153,0.0195,0.0041,0.0016,0.0119,0.0276,0.0021,0.0057,0.0196,0.0054,0.0177,3.0171,Subject04,Cycling,68.03
127,1335,1.3612,0.0019,0.0532,0.684,0.6221,31.4776,0.0025,0.0053,0.0265,0.0024,0.0036,0.0115,0.019,0.0027,0.0015,0.0113,0.0258,0.0018,0.0055,0.0198,0.0062,0.0184,3.0171,Subject04,Cycling,68.03
127,1350,1.4324,0.0024,0.0646,0.7182,0.6472,29.8776,0.0031,0.0065,0.0313,0.0014,0.0039,0.011,0.0209,0.0047,0.0016,0.0093,0.0268,0.002,0.0056,0.0237,0.0069,0.0212,3.0171,Subject04,Cycling,68.03
127,1365,1.3326,0.002,0.0633,0.6575,0.6098,32.2109,0.0029,0.0055,0.03,0.0014,0.0038,0.0165,0.0188,0.0051,0.0016,0.0102,0.0214,0.0018,0.0045,0.0245,0.0058,0.0215,3.0171,Subject04,Cycling,68.03
128,1440,2.5853,0.0062,0.1135,1.2506,1.215,27.7347,0.0042,0.0092,0.0419,0.003,0.0059,0.0248,0.0208,0.039,0.0034,0.0086,0.0377,0.007,0.0105,0.0472,0.0113,0.0384,5.7793,Subject04,Cycling,68.03
128,1455,3.276,0.009,0.1692,1.5701,1.5277,34.6776,0.0049,0.009,0.0406,0.003,0.0055,0.0229,0.0204,0.0409,0.0037,0.0076,0.0363,0.0096,0.0103,0.0494,0.0145,0.0425,5.7793,Subject04,Cycling,68.03
128,1470,3.2421,0.0118,0.2011,1.5276,1.5016,40.0442,0.0047,0.0072,0.0345,0.0031,0.0051,0.0275,0.0202,0.0408,0.0042,0.0079,0.0368,0.0065,0.0097,0.0433,0.0134,0.04,5.7793,Subject04,Cycling,68.03
128,1485,3.1633,0.0081,0.1857,1.5043,1.4652,42.2776,0.0043,0.0078,0.035,0.003,0.0052,0.0306,0.0183,0.0398,0.0036,0.0091,0.0382,0.0044,0.009,0.0415,0.0118,0.0362,5.7793,Subject04,Cycling,68.03
128,1500,3.161,0.0085,0.1558,1.5135,1.4832,45.3776,0.0039,0.0086,0.0348,0.0029,0.0054,0.0284,0.0193,0.0456,0.0038,0.0073,0.0355,0.0051,0.0094,0.0393,0.0105,0.0362,5.7793,Subject04,Cycling,68.03
128,1515,2.9518,0.0093,0.1403,1.4116,1.3907,47.0442,0.0038,0.0083,0.0366,0.0026,0.0058,0.0272,0.0196,0.0464,0.0033,0.0063,0.0333,0.0049,0.0083,0.0396,0.0097,0.0349,5.7793,Subject04,Cycling,68.03
128,1530,3.0667,0.0089,0.1482,1.4888,1.4208,48.8776,0.0038,0.0088,0.041,0.0027,0.0058,0.0257,0.0215,0.0469,0.0033,0.0065,0.0342,0.007,0.0091,0.0412,0.0091,0.0387,5.7793,Subject04,Cycling,68.03
128,1545,3.0189,0.0102,0.1359,1.4524,1.4204,50.1633,0.0039,0.0095,0.0416,0.0033,0.0061,0.0259,0.0234,0.0406,0.0034,0.0075,0.0392,0.0049,0.0094,0.0387,0.0097,0.035,5.7793,Subject04,Cycling,68.03
128,1560,3.3762,0.0101,0.1593,1.6284,1.5785,52.0442,0.0041,0.0088,0.044,0.0037,0.0063,0.0257,0.0226,0.0446,0.0034,0.0079,0.0395,0.0063,0.0107,0.0438,0.0101,0.0473,5.7793,Subject04,Cycling,68.03
128,1575,3.1662,0.0119,0.1496,1.5266,1.4782,53.8776,0.0041,0.0076,0.0425,0.0028,0.0057,0.0235,0.0236,0.0394,0.004,0.008,0.0412,0.0048,0.0102,0.0383,0.0104,0.0364,5.7793,Subject04,Cycling,68.03
129,1590,3.2737,0.011,0.149,1.5856,1.5282,55.7347,0.0042,0.0078,0.0423,0.0028,0.0058,0.0261,0.0226,0.0418,0.0041,0.0096,0.0501,0.0051,0.0107,0.043,0.0125,0.0397,5.7793,Subject04,Cycling,68.03
129,1605,3.2529,0.012,0.1419,1.5883,1.5107,56.8776,0.0043,0.008,0.0425,0.0032,0.0054,0.0256,0.0244,0.0374,0.004,0.0089,0.0457,0.0044,0.0108,0.0361,0.0122,0.0426,5.7793,Subject04,Cycling,68.03
129,1620,3.1515,0.0092,0.1167,1.5305,1.4951,55.7347,0.0039,0.0079,0.0419,0.0028,0.0055,0.0256,0.0239,0.0426,0.0045,0.0094,0.0528,0.0053,0.0117,0.0419,0.013,0.0468,5.7793,Subject04,Cycling,68.03
129,1635,3.1339,0.0086,0.1105,1.4932,1.5216,53.2109,0.0037,0.0101,0.0446,0.0028,0.0059,0.0232,0.0232,0.0366,0.0034,0.0095,0.048,0.0041,0.0108,0.0379,0.0117,0.0461,5.7793,Subject04,Cycling,68.03
129,1650,3.1121,0.0077,0.1496,1.4829,1.4719,51.8776,0.0037,0.0069,0.0366,0.0026,0.0051,0.0259,0.0182,0.0327,0.0032,0.0092,0.0502,0.0039,0.0109,0.0374,0.0108,0.0408,5.7793,Subject04,Cycling,68.03
129,1665,3.0736,0.0097,0.1247,1.4589,1.4803,54.7109,0.0039,0.0089,0.0414,0.0028,0.0056,0.0278,0.0196,0.0386,0.0035,0.0086,0.0451,0.0049,0.0111,0.0411,0.0106,0.0387,5.7793,Subject04,Cycling,68.03
129,1680,3.2891,0.0093,0.1295,1.5482,1.6022,54.3061,0.0035,0.0076,0.0373,0.0026,0.0053,0.0285,0.0211,0.0362,0.0033,0.0097,0.0478,0.0046,0.0108,0.0444,0.0113,0.0472,5.7793,Subject04,Cycling,68.03
129,1695,3.1984,0.0096,0.1524,1.5269,1.5095,56.0776,0.0034,0.0066,0.0375,0.0027,0.005,0.0276,0.0201,0.0271,0.0035,0.0088,0.0474,0.0063,0.0119,0.0428,0.0099,0.0411,5.7793,Subject04,Cycling,68.03
129,1710,3.15,0.0096,0.1082,1.5161,1.516,56.1276,0.0035,0.0081,0.0439,0.0026,0.0053,0.0222,0.0207,0.03,0.0037,0.0096,0.0499,0.0051,0.0117,0.0411,0.0106,0.0401,5.7793,Subject04,Cycling,68.03
129,1725,3.222,0.01,0.109,1.5676,1.5354,54.4776,0.0033,0.0066,0.0392,0.0032,0.0053,0.0258,0.0199,0.0379,0.0039,0.0105,0.0535,0.0061,0.0131,0.0431,0.0119,0.0458,5.7793,Subject04,Cycling,68.03
130,360,1.3716,0.0019,0.0375,0.6213,0.711,-1.3636,0.0032,0.0027,0.0065,0.0049,0.003,0.0162,0.0121,0.0197,0.0037,0.0018,0.0044,0.0075,0.0044,0.0062,0.0137,0.0148,2.5002,Subject04,Incline,68.03
130,375,1.4714,0.0017,0.0383,0.6439,0.7875,0.6364,0.0032,0.0031,0.008,0.0039,0.0029,0.0139,0.0142,0.0217,0.004,0.0024,0.0067,0.0053,0.0044,0.0086,0.0167,0.0235,2.5002,Subject04,Incline,68.03
130,390,1.4762,0.0014,0.0391,0.6448,0.791,6.2364,0.0035,0.003,0.008,0.0038,0.0028,0.0151,0.0152,0.0184,0.0038,0.0027,0.0078,0.0047,0.0044,0.0096,0.0169,0.0265,2.5002,Subject04,Incline,68.03
130,405,1.5042,0.0019,0.0395,0.7003,0.7626,8.6364,0.0034,0.0033,0.0089,0.0051,0.0031,0.011,0.0132,0.0206,0.0042,0.0025,0.0074,0.0064,0.0044,0.0091,0.0184,0.0207,2.5002,Subject04,Incline,68.03
130,420,1.4766,0.0016,0.04,0.6601,0.7749,15.3864,0.0039,0.0025,0.0069,0.0045,0.0027,0.0144,0.0139,0.0201,0.0042,0.0022,0.0064,0.0053,0.004,0.0094,0.0179,0.0171,2.5002,Subject04,Incline,68.03
130,435,1.4466,0.0017,0.0396,0.6434,0.7619,15.1364,0.0034,0.0028,0.0078,0.0042,0.0029,0.0128,0.0136,0.0181,0.004,0.0024,0.0071,0.0054,0.0035,0.0089,0.0157,0.0197,2.5002,Subject04,Incline,68.03
130,450,1.4671,0.002,0.0431,0.6343,0.7878,14.1364,0.0034,0.0037,0.009,0.004,0.0032,0.0123,0.0127,0.0188,0.0041,0.0023,0.0068,0.0051,0.0036,0.0084,0.015,0.0177,2.5002,Subject04,Incline,68.03
130,465,1.5785,0.0021,0.0388,0.7284,0.8093,9.1364,0.0035,0.0029,0.0071,0.0055,0.0026,0.0105,0.0118,0.0172,0.0039,0.0025,0.0075,0.0053,0.0042,0.0092,0.0156,0.0221,2.5002,Subject04,Incline,68.03
130,480,1.4822,0.002,0.0424,0.7042,0.7337,7.6364,0.0032,0.0027,0.0068,0.0047,0.0025,0.013,0.0122,0.0191,0.0041,0.0026,0.0077,0.004,0.0037,0.0104,0.018,0.0177,2.5002,Subject04,Incline,68.03
130,495,1.5364,0.0024,0.0478,0.7269,0.7592,9.9697,0.0034,0.0029,0.008,0.0047,0.0027,0.0093,0.0121,0.0166,0.0039,0.0027,0.0083,0.0035,0.0036,0.0098,0.0159,0.0211,2.5002,Subject04,Incline,68.03
131,510,1.557,0.0018,0.0395,0.7082,0.8075,15.6364,0.0035,0.0027,0.007,0.004,0.0028,0.0109,0.0119,0.0202,0.0042,0.0024,0.0079,0.0048,0.0037,0.009,0.0164,0.0181,2.5002,Subject04,Incline,68.03
131,525,1.5348,0.002,0.0392,0.6771,0.8166,17.6364,0.0036,0.0027,0.007,0.0047,0.0026,0.0099,0.0124,0.0173,0.0042,0.0026,0.0076,0.0048,0.0039,0.0096,0.0157,0.022,2.5002,Subject04,Incline,68.03
131,540,1.5271,0.0018,0.0414,0.7131,0.7709,12.4364,0.0032,0.0026,0.0069,0.004,0.0028,0.0115,0.0124,0.0179,0.0042,0.0026,0.008,0.0035,0.0038,0.01,0.0149,0.0179,2.5002,Subject04,Incline,68.03
131,555,1.4848,0.0021,0.043,0.6999,0.7398,6.1364,0.0034,0.0027,0.0075,0.0046,0.0028,0.0123,0.0115,0.0183,0.004,0.0026,0.0074,0.0036,0.0036,0.0096,0.0156,0.0237,2.5002,Subject04,Incline,68.03
131,570,1.4686,0.0016,0.04,0.6574,0.7695,10.6364,0.0034,0.0028,0.0069,0.0046,0.0031,0.011,0.0121,0.0195,0.004,0.0026,0.0072,0.0035,0.0035,0.0098,0.0154,0.021,2.5002,Subject04,Incline,68.03
131,585,1.5274,0.0019,0.0406,0.7005,0.7844,10.6364,0.0034,0.0031,0.0089,0.0037,0.0031,0.0096,0.0122,0.0166,0.0041,0.0026,0.0083,0.0034,0.0037,0.0075,0.0147,0.02,2.5002,Subject04,Incline,68.03
131,600,1.4959,0.0019,0.0379,0.6556,0.8005,17.1364,0.0032,0.0026,0.0067,0.0041,0.003,0.0106,0.0118,0.0165,0.0039,0.0023,0.0064,0.0044,0.0037,0.0098,0.0164,0.0216,2.5002,Subject04,Incline,68.03
131,615,1.5462,0.0022,0.0414,0.7061,0.7964,15.9697,0.0033,0.0029,0.0078,0.0039,0.0027,0.0091,0.0121,0.0179,0.0039,0.0026,0.0079,0.0042,0.0037,0.0086,0.0152,0.0203,2.5002,Subject04,Incline,68.03
131,630,1.4843,0.0016,0.0364,0.7061,0.7402,10.2364,0.003,0.0026,0.0069,0.0051,0.0029,0.0116,0.0116,0.0167,0.0037,0.0025,0.0072,0.0042,0.0036,0.0094,0.0153,0.0187,2.5002,Subject04,Incline,68.03
131,645,1.5966,0.0019,0.0415,0.7201,0.833,9.6364,0.003,0.0026,0.0067,0.0047,0.0026,0.01,0.0126,0.0155,0.0038,0.0026,0.0082,0.0042,0.0035,0.0093,0.0152,0.0199,2.5002,Subject04,Incline,68.03
132,720,3.9324,0.0031,0.1013,1.8925,1.9355,13.9697,0.0037,0.0034,0.0099,0.0075,0.0043,0.0201,0.0193,0.0307,0.0049,0.0038,0.0102,0.0072,0.0055,0.0157,0.0225,0.0342,5.3252,Subject04,Incline,68.03
132,735,4.0511,0.0033,0.1099,1.9127,2.0251,22.8864,0.0036,0.0038,0.0112,0.0078,0.0042,0.0187,0.0182,0.0269,0.0046,0.004,0.011,0.0077,0.0056,0.0168,0.0229,0.0316,5.3252,Subject04,Incline,68.03
132,750,4.0684,0.0033,0.1164,1.9014,2.0473,26.0364,0.0038,0.0039,0.0117,0.0074,0.0042,0.0201,0.0201,0.0283,0.0042,0.0038,0.0104,0.0072,0.0056,0.0162,0.0231,0.0297,5.3252,Subject04,Incline,68.03
132,765,4.0482,0.0034,0.1103,1.9036,2.031,28.6364,0.0036,0.0039,0.0103,0.0077,0.0041,0.0197,0.0198,0.029,0.0044,0.0038,0.0094,0.0083,0.0051,0.0156,0.0216,0.0292,5.3252,Subject04,Incline,68.03
132,780,4.0755,0.0036,0.1251,1.9188,2.0279,29.6364,0.0036,0.0041,0.0119,0.0073,0.0049,0.0197,0.0193,0.027,0.0045,0.0037,0.0107,0.0075,0.0053,0.015,0.0238,0.0292,5.3252,Subject04,Incline,68.03
132,795,3.9494,0.0032,0.1147,1.8958,1.9358,28.6364,0.0038,0.004,0.0113,0.0067,0.0044,0.018,0.0186,0.0309,0.0047,0.0034,0.0104,0.0079,0.0051,0.0154,0.0244,0.0298,5.3252,Subject04,Incline,68.03
132,810,3.9517,0.0032,0.1149,1.8539,1.9797,30.8864,0.0038,0.0037,0.0102,0.0066,0.0044,0.019,0.0203,0.0306,0.0047,0.0033,0.0095,0.0088,0.0053,0.014,0.0239,0.0306,5.3252,Subject04,Incline,68.03
132,825,3.9699,0.0035,0.1151,1.8775,1.9738,31.3864,0.0038,0.0042,0.0119,0.007,0.0045,0.0206,0.0189,0.0306,0.0043,0.0035,0.01,0.0078,0.0053,0.0147,0.0245,0.0314,5.3252,Subject04,Incline,68.03
132,840,4.0082,0.0037,0.1186,1.884,2.0018,32.3864,0.0037,0.0042,0.0121,0.0069,0.0045,0.02,0.0201,0.0308,0.0045,0.0034,0.0101,0.0079,0.0052,0.0133,0.0233,0.0275,5.3252,Subject04,Incline,68.03
132,855,4.0247,0.0038,0.1185,1.8949,2.0074,34.3864,0.0036,0.0039,0.0114,0.007,0.0043,0.0185,0.02,0.0293,0.0043,0.0034,0.0103,0.0074,0.0051,0.0129,0.0231,0.0261,5.3252,Subject04,Incline,68.03
133,870,4.0706,0.0034,0.115,1.9307,2.0215,33.3864,0.0038,0.004,0.0118,0.0068,0.0043,0.0204,0.0204,0.03,0.0044,0.0034,0.0096,0.0073,0.0049,0.0128,0.0227,0.0282,5.3252,Subject04,Incline,68.03
133,885,4.0849,0.0034,0.1106,1.9382,2.0326,31.9697,0.0038,0.0038,0.0112,0.0064,0.0045,0.0198,0.0203,0.033,0.0044,0.0031,0.0095,0.0079,0.0051,0.0132,0.0232,0.0267,5.3252,Subject04,Incline,68.03
133,900,3.9554,0.0036,0.1105,1.8999,1.9413,35.3864,0.0036,0.004,0.0114,0.0071,0.0044,0.0192,0.0188,0.0319,0.0044,0.0032,0.0095,0.0072,0.0051,0.013,0.0233,0.0282,5.3252,Subject04,Incline,68.03
133,915,4.1179,0.0036,0.1138,1.945,2.0556,37.1364,0.0034,0.0037,0.0113,0.0069,0.0042,0.0194,0.0193,0.0258,0.0043,0.0034,0.01,0.007,0.0051,0.0126,0.023,0.0258,5.3252,Subject04,Incline,68.03
133,930,4.1106,0.0034,0.1084,1.9468,2.052,37.8364,0.0035,0.0037,0.0109,0.0066,0.0041,0.0192,0.0197,0.0295,0.0045,0.003,0.0087,0.0072,0.0051,0.0116,0.0224,0.0261,5.3252,Subject04,Incline,68.03
133,945,4.0896,0.0031,0.1029,1.957,2.0266,38.8864,0.0037,0.0038,0.0105,0.007,0.0041,0.0202,0.02,0.033,0.0046,0.003,0.0088,0.0069,0.0051,0.0128,0.0233,0.025,5.3252,Subject04,Incline,68.03
133,960,4.0614,0.0031,0.1112,1.8913,2.0558,34.1364,0.0038,0.0041,0.0114,0.0071,0.0042,0.021,0.0211,0.0307,0.0046,0.0029,0.0087,0.0078,0.005,0.0122,0.0236,0.025,5.3252,Subject04,Incline,68.03
133,975,4.0552,0.0033,0.1183,1.9138,2.0198,34.303,0.0038,0.0042,0.0114,0.007,0.0043,0.02,0.021,0.0303,0.0041,0.0033,0.0095,0.0073,0.0049,0.0117,0.0238,0.0261,5.3252,Subject04,Incline,68.03
133,990,3.9555,0.0034,0.1095,1.8459,1.9967,34.303,0.0038,0.0038,0.0106,0.0069,0.0039,0.0197,0.0209,0.0289,0.0044,0.0032,0.0099,0.007,0.0047,0.0136,0.0243,0.0278,5.3252,Subject04,Incline,68.03
133,1005,4.0509,0.0035,0.1161,1.8723,2.059,32.6364,0.0039,0.0036,0.0106,0.0064,0.0042,0.0197,0.0202,0.0297,0.0044,0.0031,0.0094,0.007,0.0051,0.0116,0.0219,0.0261,5.3252,Subject04,Incline,68.03
134,1080,0.9376,0.0026,0.0473,0.434,0.4538,34.4364,0.0032,0.0035,0.0068,0.0022,0.0036,0.0076,0.0101,0.0191,0.0045,0.0018,0.004,0.0037,0.0031,0.0043,0.0124,0.0126,0.2518,Subject04,Incline,68.03
134,1095,0.122,0.0006,0.0086,0.0562,0.0565,32.2364,0.0025,0.0024,0.0041,0.0011,0.002,0.0042,0.0097,0.0321,0.0032,0.0013,0.002,0.002,0.0023,0.0037,0.0093,0.024,0.2518,Subject04,Incline,68.03
134,1110,0.1577,0.0014,0.0154,0.0847,0.0562,27.3864,0.0014,0.0013,0.0017,0.0012,0.0027,0.0048,0.0093,0.0064,0.0027,0.0015,0.002,0.002,0.0028,0.0028,0.0109,0.0061,0.2518,Subject04,Incline,68.03
134,1125,0.2881,0.0025,0.0315,0.139,0.1152,22.0364,0.0015,0.0013,0.0019,0.0011,0.0035,0.0046,0.0108,0.0069,0.0027,0.0013,0.0017,0.002,0.0035,0.0027,0.0112,0.0035,0.2518,Subject04,Incline,68.03
134,1140,0.0099,0.0003,0.003,0.0032,0.0033,16.9697,0.0012,0.0017,0.003,0.001,0.0039,0.0031,0.0101,0.0017,0.002,0.0012,0.0016,0.0021,0.0036,0.0032,0.0134,0.0023,0.2518,Subject04,Incline,68.03
134,1155,0.0984,0.0003,0.0066,0.0457,0.0457,14.8864,0.0013,0.0011,0.0014,0.0013,0.0045,0.0032,0.0108,0.0044,0.002,0.0012,0.0016,0.0022,0.0043,0.0027,0.0109,0.0074,0.2518,Subject04,Incline,68.03
134,1170,0.0539,0.0002,0.0037,0.0295,0.0205,18.4364,0.0009,0.0009,0.001,0.0012,0.0042,0.0035,0.0113,0.002,0.0015,0.0011,0.0015,0.002,0.0042,0.0025,0.0115,0.003,0.2518,Subject04,Incline,68.03
134,1185,0.0146,0.0002,0.0026,0.0073,0.0045,16.3864,0.0009,0.0024,0.0044,0.0011,0.0048,0.0026,0.0088,0.0041,0.0015,0.0012,0.0015,0.0019,0.003,0.0022,0.0113,0.0025,0.2518,Subject04,Incline,68.03
134,1200,0.0583,0.0004,0.0054,0.0295,0.023,11.0364,0.001,0.0016,0.0025,0.0012,0.0041,0.0029,0.0097,0.0056,0.0014,0.0012,0.0016,0.002,0.0036,0.0024,0.0105,0.0045,0.2518,Subject04,Incline,68.03
134,1215,0.1617,0.0011,0.0141,0.0839,0.0626,10.8364,0.0014,0.0011,0.0016,0.001,0.0038,0.0038,0.0121,0.0052,0.0021,0.0013,0.0019,0.002,0.0043,0.003,0.0132,0.0045,0.2518,Subject04,Incline,68.03
135,1230,0.07,0.0005,0.0064,0.043,0.0201,10.8864,0.001,0.0012,0.0018,0.001,0.002,0.0036,0.0091,0.005,0.0022,0.0011,0.0015,0.0019,0.0031,0.0027,0.0107,0.004,0.2518,Subject04,Incline,68.03
135,1245,0.0238,0.0002,0.0041,0.01,0.0096,14.2364,0.0009,0.0009,0.0011,0.001,0.004,0.0028,0.0091,0.0018,0.0023,0.0011,0.0015,0.002,0.0036,0.0027,0.0121,0.0025,0.2518,Subject04,Incline,68.03
135,1260,0.0434,0.0006,0.0074,0.016,0.0193,9.0364,0.0011,0.0015,0.0022,0.0009,0.0023,0.0041,0.008,0.0033,0.0033,0.0012,0.0016,0.0019,0.0027,0.0034,0.0111,0.0044,0.2518,Subject04,Incline,68.03
135,1275,0.0426,0.0004,0.0046,0.0145,0.0231,3.6364,0.0011,0.0013,0.0016,0.001,0.0023,0.0025,0.0084,0.0033,0.0029,0.0012,0.0015,0.002,0.0024,0.0026,0.0094,0.0036,0.2518,Subject04,Incline,68.03
135,1290,0.0313,0.0002,0.0034,0.0154,0.0122,4.8864,0.0009,0.0011,0.0016,0.001,0.003,0.0023,0.0072,0.0031,0.0024,0.0011,0.0015,0.0019,0.0033,0.0028,0.0112,0.0023,0.2518,Subject04,Incline,68.03
135,1305,0.0787,0.0002,0.0039,0.0439,0.0307,2.0364,0.0009,0.001,0.0012,0.001,0.0039,0.0037,0.0111,0.0062,0.002,0.0011,0.0015,0.0019,0.0037,0.0027,0.0117,0.003,0.2518,Subject04,Incline,68.03
135,1320,0.1035,0.0008,0.0094,0.0497,0.0437,4.6364,0.0012,0.0009,0.0011,0.0009,0.0029,0.0036,0.0117,0.0022,0.0024,0.0011,0.0015,0.0019,0.0034,0.0034,0.0115,0.0044,0.2518,Subject04,Incline,68.03
135,1335,0.0766,0.0008,0.009,0.0321,0.0346,2.6364,0.0013,0.0014,0.002,0.001,0.0035,0.0037,0.0086,0.0051,0.0027,0.0011,0.0015,0.0019,0.0025,0.0028,0.0121,0.0037,0.2518,Subject04,Incline,68.03
135,1350,0.4509,0.0028,0.0357,0.1882,0.2242,3.6364,0.0015,0.0017,0.0024,0.001,0.0028,0.003,0.0087,0.0084,0.0023,0.0011,0.0015,0.002,0.0032,0.003,0.0101,0.006,0.2518,Subject04,Incline,68.03
135,1365,0.0164,0.0002,0.0071,0.004,0.005,12.303,0.0009,0.001,0.0012,0.001,0.005,0.0031,0.011,0.0019,0.0014,0.0011,0.0015,0.0019,0.005,0.0025,0.0121,0.0026,0.2518,Subject04,Incline,68.03
136,1440,3.2324,0.0039,0.0896,1.5781,1.5608,12.3864,0.0058,0.0059,0.0209,0.0072,0.0073,0.0273,0.0235,0.0295,0.0056,0.0045,0.015,0.0086,0.008,0.0186,0.0298,0.0283,10.5005,Subject04,Incline,68.03
136,1455,3.5214,0.0037,0.0963,1.7122,1.7092,31.6364,0.0057,0.0065,0.022,0.008,0.008,0.0294,0.0257,0.0307,0.0063,0.0053,0.0166,0.0096,0.0102,0.0185,0.0296,0.0288,10.5005,Subject04,Incline,68.03
136,1470,3.6147,0.0044,0.0997,1.7253,1.7853,38.8864,0.0066,0.0068,0.0253,0.0096,0.0089,0.0301,0.0273,0.0311,0.0065,0.0055,0.0163,0.0089,0.0096,0.0201,0.0305,0.029,10.5005,Subject04,Incline,68.03
136,1485,3.6499,0.0045,0.0951,1.7152,1.8352,46.6364,0.0066,0.0067,0.0218,0.0101,0.0076,0.0336,0.0277,0.0292,0.0073,0.0052,0.0151,0.0112,0.0104,0.0195,0.0317,0.0289,10.5005,Subject04,Incline,68.03
136,1500,3.8298,0.0046,0.0856,1.846,1.8936,48.8864,0.0074,0.0077,0.0271,0.0113,0.0096,0.0318,0.028,0.0315,0.0072,0.0049,0.0147,0.011,0.0107,0.0149,0.0299,0.0241,10.5005,Subject04,Incline,68.03
136,1515,3.7988,0.0045,0.0961,1.8144,1.8837,55.1364,0.0071,0.0071,0.024,0.0119,0.009,0.0315,0.0285,0.0313,0.0072,0.0051,0.0164,0.01,0.0113,0.0136,0.0286,0.0247,10.5005,Subject04,Incline,68.03
136,1530,3.8245,0.0047,0.0973,1.8623,1.8603,59.6364,0.0075,0.0074,0.0249,0.0125,0.01,0.0301,0.0274,0.0305,0.0074,0.0047,0.014,0.0122,0.0109,0.0159,0.0316,0.024,10.5005,Subject04,Incline,68.03
136,1545,3.8923,0.0042,0.0916,1.8509,1.9456,64.4364,0.0079,0.0074,0.0236,0.0135,0.0101,0.0325,0.0307,0.0332,0.0082,0.0051,0.0155,0.0132,0.0124,0.0149,0.0319,0.0255,10.5005,Subject04,Incline,68.03
136,1560,3.8601,0.0046,0.0969,1.8285,1.9302,67.8364,0.0076,0.007,0.0232,0.0145,0.0099,0.0301,0.029,0.0324,0.0076,0.0053,0.0143,0.012,0.0121,0.0138,0.0287,0.026,10.5005,Subject04,Incline,68.03
136,1575,3.7807,0.005,0.0951,1.8281,1.8525,70.4364,0.0071,0.0074,0.0248,0.0138,0.0101,0.0285,0.0283,0.0283,0.0068,0.0056,0.0161,0.0114,0.0116,0.0138,0.03,0.0248,10.5005,Subject04,Incline,68.03
137,1590,3.8207,0.0051,0.0983,1.861,1.8563,72.2364,0.007,0.0077,0.0247,0.0123,0.009,0.0272,0.0277,0.0308,0.0068,0.0051,0.0149,0.0106,0.0127,0.0152,0.0311,0.0243,10.5005,Subject04,Incline,68.03
137,1605,3.7653,0.0049,0.1005,1.8108,1.8492,73.8364,0.0073,0.0072,0.0249,0.0109,0.0095,0.0289,0.0282,0.0314,0.0073,0.005,0.0158,0.0107,0.0127,0.014,0.0298,0.0233,10.5005,Subject04,Incline,68.03
137,1620,3.9341,0.0053,0.0988,1.9126,1.9173,77.4697,0.0077,0.0075,0.0253,0.0121,0.0098,0.0279,0.0271,0.0304,0.007,0.0054,0.0148,0.0106,0.0118,0.0147,0.0309,0.0228,10.5005,Subject04,Incline,68.03
137,1635,3.8073,0.0059,0.0958,1.8807,1.8249,77.803,0.0071,0.0071,0.0249,0.0127,0.0095,0.0265,0.0278,0.0254,0.0071,0.0047,0.0154,0.0104,0.0119,0.0144,0.0325,0.0224,10.5005,Subject04,Incline,68.03
137,1650,3.8036,0.0056,0.1028,1.8689,1.8263,79.8364,0.0071,0.007,0.0245,0.0134,0.0097,0.028,0.0289,0.0318,0.0069,0.0053,0.0148,0.01,0.0113,0.0146,0.0312,0.0234,10.5005,Subject04,Incline,68.03
137,1665,3.8304,0.0059,0.1037,1.8414,1.8795,79.9697,0.0075,0.007,0.0235,0.0156,0.011,0.0257,0.029,0.0297,0.0069,0.0053,0.0151,0.0121,0.0134,0.0143,0.031,0.0232,10.5005,Subject04,Incline,68.03
137,1680,3.8271,0.007,0.1007,1.8173,1.902,80.6364,0.0074,0.0071,0.0236,0.0131,0.0109,0.027,0.0305,0.0272,0.0073,0.0051,0.0155,0.0126,0.0135,0.0139,0.0311,0.0226,10.5005,Subject04,Incline,68.03
137,1695,3.8076,0.0064,0.105,1.8475,1.8488,82.9697,0.0069,0.0069,0.0213,0.0116,0.0106,0.0256,0.0287,0.0292,0.0066,0.0053,0.0151,0.0114,0.012,0.0156,0.0348,0.023,10.5005,Subject04,Incline,68.03
137,1710,3.9063,0.0068,0.1118,1.9159,1.8719,84.4697,0.0071,0.0079,0.027,0.0123,0.0108,0.0287,0.0317,0.0302,0.0068,0.0055,0.015,0.0096,0.0113,0.0155,0.0321,0.0245,10.5005,Subject04,Incline,68.03
137,1725,3.8677,0.006,0.1119,1.8538,1.896,85.803,0.0072,0.0067,0.0227,0.0123,0.0099,0.0304,0.0307,0.0302,0.0073,0.0051,0.0139,0.0114,0.0119,0.0173,0.0336,0.022,10.5005,Subject04,Incline,68.03
138,1800,1.9751,0.0042,0.0571,0.902,1.0118,91.1364,0.006,0.0053,0.0162,0.0087,0.0068,0.0142,0.0223,0.0273,0.0064,0.0037,0.0124,0.007,0.0093,0.0082,0.0234,0.0172,5.4443,Subject04,Incline,68.03
138,1815,1.506,0.0039,0.0484,0.7296,0.7241,84.1364,0.0055,0.0045,0.0146,0.0058,0.0057,0.0111,0.0191,0.018,0.0051,0.0029,0.0094,0.0046,0.0071,0.0076,0.023,0.0153,5.4443,Subject04,Incline,68.03
138,1830,1.5067,0.0036,0.0472,0.6996,0.7564,80.2078,0.0053,0.0044,0.0147,0.0048,0.0052,0.0119,0.0193,0.017,0.0051,0.003,0.0091,0.0046,0.0062,0.0071,0.0188,0.02,5.4443,Subject04,Incline,68.03
138,1845,1.5321,0.0033,0.0527,0.6865,0.7896,74.0364,0.005,0.0043,0.0147,0.0048,0.0049,0.0141,0.019,0.0238,0.0051,0.0029,0.0091,0.0048,0.0058,0.0066,0.0198,0.0178,5.4443,Subject04,Incline,68.03
138,1860,1.5369,0.0036,0.0549,0.705,0.7734,72.303,0.0052,0.004,0.0138,0.0057,0.005,0.0141,0.0184,0.0162,0.0051,0.0029,0.0093,0.0053,0.0065,0.0061,0.0179,0.0175,5.4443,Subject04,Incline,68.03
138,1875,1.5317,0.0027,0.049,0.7421,0.7379,70.9697,0.0053,0.0038,0.0134,0.0052,0.0046,0.0136,0.016,0.0199,0.0048,0.0026,0.0084,0.0054,0.0059,0.0072,0.0201,0.0169,5.4443,Subject04,Incline,68.03
138,1890,1.4331,0.0025,0.0484,0.6817,0.7005,68.4697,0.0056,0.0042,0.0141,0.0049,0.0053,0.0144,0.0166,0.0195,0.005,0.0028,0.0086,0.0048,0.0056,0.0073,0.0196,0.0207,5.4443,Subject04,Incline,68.03
138,1905,1.4673,0.0035,0.0494,0.6402,0.7742,66.2364,0.0056,0.0039,0.0135,0.0055,0.0046,0.0118,0.0189,0.0181,0.0048,0.0028,0.0092,0.0048,0.0059,0.0059,0.0196,0.0163,5.4443,Subject04,Incline,68.03
138,1920,1.4308,0.0031,0.0494,0.6703,0.7081,62.1364,0.0059,0.0041,0.0139,0.0051,0.0048,0.0125,0.0179,0.0203,0.0054,0.0028,0.0084,0.0052,0.0058,0.0062,0.0204,0.0188,5.4443,Subject04,Incline,68.03
138,1935,1.4095,0.0023,0.0473,0.6739,0.686,61.2364,0.0052,0.0039,0.0136,0.005,0.0048,0.0125,0.0183,0.0185,0.0054,0.0029,0.0092,0.0044,0.005,0.0056,0.0188,0.0159,5.4443,Subject04,Incline,68.03
139,1950,1.4591,0.0024,0.0492,0.659,0.7486,62.0364,0.0053,0.0044,0.0142,0.0052,0.0049,0.0158,0.0183,0.0256,0.0049,0.0027,0.0085,0.0053,0.0055,0.0058,0.0185,0.0171,5.4443,Subject04,Incline,68.03
139,1965,1.453,0.0026,0.0469,0.6986,0.7049,61.6364,0.0057,0.0038,0.0125,0.0052,0.0043,0.0177,0.0199,0.0183,0.0049,0.0027,0.0087,0.0048,0.0059,0.0068,0.0189,0.0154,5.4443,Subject04,Incline,68.03
139,1980,1.3674,0.0024,0.0452,0.621,0.6988,61.6364,0.0058,0.0041,0.0146,0.0046,0.0047,0.0176,0.0173,0.0183,0.005,0.0027,0.0084,0.0051,0.0048,0.0067,0.0179,0.0171,5.4443,Subject04,Incline,68.03
139,1995,1.385,0.0026,0.0434,0.6724,0.6666,56.8364,0.0053,0.0037,0.0136,0.0045,0.0041,0.0168,0.0169,0.0197,0.0051,0.003,0.0093,0.0057,0.0057,0.0072,0.02,0.0175,5.4443,Subject04,Incline,68.03
139,2010,1.4463,0.0024,0.0479,0.6988,0.6973,57.3864,0.0056,0.0039,0.0137,0.0045,0.0046,0.0151,0.0184,0.0224,0.0048,0.0029,0.009,0.0046,0.0053,0.0072,0.0217,0.0177,5.4443,Subject04,Incline,68.03
139,2025,1.3689,0.0025,0.049,0.6764,0.6409,55.9697,0.0051,0.0043,0.0153,0.0043,0.0048,0.0176,0.0186,0.0198,0.0044,0.003,0.0093,0.0039,0.0049,0.0078,0.021,0.0192,5.4443,Subject04,Incline,68.03
139,2040,1.384,0.0024,0.0434,0.6237,0.7145,56.303,0.0054,0.0043,0.0142,0.0041,0.0046,0.0167,0.0188,0.0176,0.0045,0.003,0.0089,0.0047,0.0051,0.0069,0.0184,0.0205,5.4443,Subject04,Incline,68.03
139,2055,1.4407,0.0031,0.0448,0.6775,0.7154,55.803,0.0059,0.0044,0.0148,0.0047,0.0054,0.0132,0.0168,0.0275,0.0047,0.0031,0.0094,0.0058,0.0057,0.0084,0.0237,0.0211,5.4443,Subject04,Incline,68.03
139,2070,1.436,0.0025,0.0439,0.7395,0.6502,55.8864,0.0059,0.0044,0.0153,0.0046,0.005,0.0141,0.0162,0.0231,0.0044,0.0029,0.0088,0.0044,0.0056,0.0089,0.0213,0.0181,5.4443,Subject04,Incline,68.03
139,2085,1.3327,0.0024,0.045,0.6401,0.6453,56.6364,0.0057,0.0048,0.0161,0.0038,0.0051,0.0175,0.0162,0.0189,0.0044,0.0028,0.0089,0.0045,0.005,0.0086,0.0212,0.0196,5.4443,Subject04,Incline,68.03
140,360,2.8981,0.0022,0.0895,1.3819,1.4245,-1.7713,0.0026,0.002,0.007,0.0049,0.0039,0.01,0.0158,0.0213,0.0024,0.0028,0.0062,0.0052,0.0033,0.0188,0.0145,0.0202,2.1518,Subject04,Running,68.03
140,375,4.5291,0.003,0.1421,2.2084,2.1755,6.9787,0.0024,0.0027,0.0103,0.0059,0.0036,0.0103,0.018,0.0255,0.0025,0.0035,0.0084,0.0065,0.0028,0.0197,0.0171,0.0227,2.1518,Subject04,Running,68.03
140,390,4.4892,0.0029,0.1466,2.1387,2.201,8.7287,0.0024,0.0027,0.0105,0.0053,0.0034,0.0108,0.0187,0.0292,0.0024,0.0034,0.0084,0.0063,0.0026,0.0213,0.0167,0.0199,2.1518,Subject04,Running,68.03
140,405,4.366,0.0031,0.1333,2.1233,2.1063,7.4787,0.0025,0.0026,0.0109,0.0063,0.0039,0.0103,0.0186,0.0315,0.0025,0.0035,0.008,0.0061,0.0027,0.0199,0.0173,0.0211,2.1518,Subject04,Running,68.03
140,420,4.3904,0.0028,0.1364,2.0876,2.1635,9.7787,0.0025,0.0027,0.0108,0.0059,0.0038,0.01,0.018,0.0278,0.0024,0.0034,0.0083,0.0059,0.0029,0.0196,0.0177,0.0213,2.1518,Subject04,Running,68.03
140,435,4.312,0.0028,0.1325,2.0671,2.1097,10.4787,0.0025,0.0026,0.0107,0.0064,0.0035,0.0106,0.0178,0.0287,0.0025,0.0033,0.0081,0.0059,0.0027,0.0176,0.0169,0.022,2.1518,Subject04,Running,68.03
140,450,4.3187,0.0028,0.1299,2.0969,2.0891,6.9787,0.0024,0.0026,0.0099,0.0069,0.003,0.0105,0.0178,0.0291,0.0024,0.0036,0.0084,0.0057,0.0028,0.0191,0.0162,0.0215,2.1518,Subject04,Running,68.03
140,465,4.4023,0.0026,0.1344,2.1768,2.0885,8.3121,0.0023,0.0027,0.0097,0.0061,0.0033,0.0101,0.018,0.0253,0.0026,0.0035,0.0086,0.0065,0.0029,0.0181,0.0167,0.021,2.1518,Subject04,Running,68.03
140,480,4.3678,0.0028,0.1319,2.0779,2.1552,-0.0213,0.0027,0.0027,0.0091,0.0075,0.0034,0.0107,0.0174,0.0278,0.0026,0.0033,0.0083,0.0057,0.003,0.0197,0.0166,0.0214,2.1518,Subject04,Running,68.03
140,495,4.3289,0.0029,0.1341,2.0783,2.1136,7.7287,0.0024,0.0026,0.0105,0.0062,0.0032,0.0101,0.0174,0.0271,0.0026,0.0032,0.0085,0.0057,0.003,0.0182,0.0163,0.02,2.1518,Subject04,Running,68.03
141,510,4.2915,0.0025,0.1336,2.0529,2.1024,9.2287,0.0025,0.0026,0.0102,0.0069,0.0032,0.0106,0.0176,0.0288,0.0025,0.0031,0.0079,0.0058,0.0034,0.0185,0.0156,0.0203,2.1518,Subject04,Running,68.03
141,525,4.3557,0.0027,0.1318,2.0274,2.1936,7.4787,0.0025,0.0028,0.0105,0.007,0.0029,0.0095,0.0177,0.0265,0.0026,0.0035,0.0086,0.0062,0.0027,0.0176,0.0163,0.0199,2.1518,Subject04,Running,68.03
141,540,4.3865,0.0027,0.1237,2.1424,2.1177,2.6454,0.0027,0.0027,0.0103,0.0067,0.0035,0.0105,0.0181,0.0284,0.0027,0.0038,0.009,0.006,0.0029,0.0177,0.0159,0.0239,2.1518,Subject04,Running,68.03
141,555,4.4055,0.0028,0.1285,2.1018,2.1724,5.6454,0.0026,0.0027,0.01,0.0062,0.0034,0.0095,0.0172,0.028,0.0026,0.0035,0.0086,0.0061,0.003,0.0147,0.0165,0.0198,2.1518,Subject04,Running,68.03
141,570,4.5057,0.0026,0.1272,2.1053,2.2706,9.9787,0.0025,0.0028,0.0101,0.0061,0.0031,0.0098,0.0171,0.0274,0.0025,0.0034,0.0081,0.006,0.0028,0.0164,0.0171,0.019,2.1518,Subject04,Running,68.03
141,585,4.3558,0.0028,0.1271,2.0964,2.1295,9.4787,0.0025,0.0026,0.0089,0.0064,0.0034,0.0102,0.0164,0.0252,0.0025,0.0034,0.0083,0.0059,0.0031,0.0162,0.016,0.021,2.1518,Subject04,Running,68.03
141,600,4.3724,0.0031,0.1181,2.1222,2.129,10.4787,0.0027,0.0028,0.0095,0.0062,0.0044,0.0095,0.0163,0.0256,0.0029,0.0036,0.0087,0.0061,0.0037,0.0164,0.0163,0.0203,2.1518,Subject04,Running,68.03
141,615,4.3386,0.0026,0.1217,2.0183,2.1961,13.3121,0.0025,0.0027,0.0096,0.0066,0.0033,0.0099,0.0162,0.027,0.0025,0.0032,0.0075,0.006,0.0025,0.0168,0.0165,0.0189,2.1518,Subject04,Running,68.03
141,630,4.2914,0.0027,0.116,2.0493,2.1234,10.4787,0.0024,0.0026,0.0093,0.0064,0.003,0.0101,0.017,0.0278,0.0024,0.0034,0.008,0.0055,0.0026,0.016,0.0157,0.0198,2.1518,Subject04,Running,68.03
141,645,4.4297,0.0028,0.131,2.1354,2.1605,8.3121,0.0024,0.0026,0.0102,0.0051,0.0031,0.0104,0.0169,0.0268,0.0026,0.0031,0.0079,0.0062,0.0029,0.0169,0.0153,0.0187,2.1518,Subject04,Running,68.03
142,720,8.5259,0.0173,0.4164,4.2098,3.8824,15.3121,0.007,0.0076,0.0355,0.0129,0.0171,0.0224,0.0297,0.0472,0.0073,0.0113,0.034,0.0131,0.0122,0.0312,0.0209,0.0363,10.2966,Subject04,Running,68.03
142,735,10.8654,0.0269,0.6055,5.2904,4.9427,33.3121,0.0078,0.0086,0.0379,0.0155,0.0171,0.0221,0.0268,0.0452,0.0079,0.0125,0.0336,0.0162,0.0157,0.031,0.0198,0.0352,10.2966,Subject04,Running,68.03
142,750,11.2284,0.0275,0.6305,5.2235,5.3469,40.4787,0.0077,0.0097,0.0369,0.0169,0.0177,0.0227,0.026,0.0488,0.0081,0.0133,0.0335,0.0158,0.0156,0.0317,0.0212,0.0427,10.2966,Subject04,Running,68.03
142,765,11.2642,0.029,0.6454,5.1883,5.4014,47.4787,0.0075,0.0088,0.0376,0.0177,0.0158,0.0225,0.0245,0.0473,0.0075,0.0127,0.0319,0.0164,0.0148,0.0334,0.02,0.0369,10.2966,Subject04,Running,68.03
142,780,11.3128,0.0273,0.6723,5.443,5.1703,54.9787,0.0078,0.0086,0.0378,0.0161,0.0199,0.0223,0.0249,0.0461,0.0082,0.0124,0.0344,0.0156,0.0161,0.0293,0.0212,0.0402,10.2966,Subject04,Running,68.03
142,795,11.4883,0.0311,0.6665,5.2596,5.5311,62.3787,0.0079,0.0084,0.0356,0.018,0.0164,0.0239,0.0246,0.0412,0.0066,0.0116,0.0313,0.0162,0.0135,0.028,0.0194,0.0394,10.2966,Subject04,Running,68.03
142,810,11.4792,0.0325,0.6953,5.2145,5.5369,65.2287,0.0077,0.0078,0.0356,0.0168,0.0153,0.0246,0.0252,0.0433,0.0065,0.0117,0.0299,0.0163,0.0129,0.0317,0.0205,0.0363,10.2966,Subject04,Running,68.03
142,825,11.8051,0.0379,0.682,5.4217,5.6635,67.5787,0.0081,0.0078,0.0331,0.0193,0.0142,0.0225,0.0247,0.0419,0.0068,0.0109,0.0294,0.0173,0.0134,0.0298,0.02,0.0342,10.2966,Subject04,Running,68.03
142,840,11.7871,0.035,0.7015,5.3396,5.711,71.1216,0.0082,0.0081,0.0324,0.0187,0.0166,0.0233,0.0251,0.044,0.0065,0.0119,0.0303,0.0167,0.0139,0.0285,0.0205,0.0349,10.2966,Subject04,Running,68.03
142,855,11.7567,0.0363,0.716,5.3692,5.6352,74.693,0.0085,0.0076,0.0322,0.0181,0.0155,0.0253,0.0249,0.0417,0.0069,0.0112,0.0297,0.0169,0.0129,0.0306,0.0201,0.0312,10.2966,Subject04,Running,68.03
143,870,12.1761,0.0413,0.7644,5.5,5.8704,76.6454,0.0073,0.0074,0.0313,0.0202,0.0143,0.0242,0.0247,0.0428,0.0064,0.0112,0.0284,0.018,0.013,0.029,0.019,0.0261,10.2966,Subject04,Running,68.03
143,885,12.3372,0.0379,0.7513,5.7769,5.7712,78.693,0.0079,0.0077,0.0321,0.0176,0.0163,0.0229,0.0247,0.0449,0.0071,0.0114,0.03,0.0168,0.0139,0.0289,0.0193,0.0281,10.2966,Subject04,Running,68.03
143,900,12.1783,0.0377,0.7233,5.5896,5.8277,77.7787,0.0075,0.0079,0.0332,0.0195,0.0161,0.0248,0.0261,0.0442,0.0066,0.0107,0.0272,0.0177,0.0127,0.0289,0.0189,0.0291,10.2966,Subject04,Running,68.03
143,915,12.5059,0.0342,0.7601,5.7616,5.9498,78.9787,0.0083,0.0079,0.0329,0.019,0.0168,0.025,0.0248,0.0464,0.0074,0.0122,0.0308,0.0176,0.014,0.0279,0.0195,0.027,10.2966,Subject04,Running,68.03
143,930,12.5865,0.0414,0.7883,5.7872,5.9697,80.8359,0.0076,0.0076,0.031,0.0202,0.0163,0.024,0.0253,0.0423,0.0072,0.0112,0.0283,0.0186,0.0149,0.0305,0.0192,0.0286,10.2966,Subject04,Running,68.03
143,945,12.0039,0.0374,0.7438,5.6729,5.5498,83.3121,0.0078,0.0074,0.031,0.019,0.0154,0.0246,0.0259,0.0433,0.0077,0.012,0.0306,0.017,0.0156,0.0295,0.02,0.0303,10.2966,Subject04,Running,68.03
143,960,12.4379,0.0391,0.7719,5.6074,6.0196,84.4073,0.0079,0.0074,0.0301,0.0193,0.0127,0.0241,0.0248,0.0448,0.007,0.0112,0.0285,0.0168,0.0157,0.0281,0.0193,0.0303,10.2966,Subject04,Running,68.03
143,975,12.5447,0.0405,0.7833,5.6693,6.0516,84.2644,0.0078,0.0075,0.032,0.0196,0.0141,0.023,0.0247,0.0438,0.0073,0.0119,0.0304,0.0175,0.0169,0.0271,0.0196,0.0294,10.2966,Subject04,Running,68.03
143,990,12.6521,0.0419,0.8037,5.8747,5.9318,86.1216,0.0079,0.0073,0.0296,0.0196,0.0136,0.0221,0.0236,0.0398,0.0074,0.0111,0.0282,0.0187,0.0163,0.0276,0.0191,0.0263,10.2966,Subject04,Running,68.03
143,1005,12.5717,0.0418,0.777,5.7619,5.991,87.5502,0.0076,0.0077,0.0314,0.0188,0.0141,0.0235,0.0243,0.0379,0.007,0.0113,0.0307,0.0172,0.0148,0.0283,0.02,0.0341,10.2966,Subject04,Running,68.03
144,1080,7.1937,0.0212,0.3847,3.3329,3.4547,88.6454,0.0069,0.0058,0.025,0.0109,0.0106,0.0165,0.0264,0.0394,0.007,0.009,0.0301,0.0112,0.0083,0.0223,0.0209,0.0264,9.0126,Subject04,Running,68.03
144,1095,7.4176,0.0208,0.376,3.3441,3.6767,84.3121,0.006,0.0058,0.0244,0.0122,0.0104,0.0156,0.0263,0.0415,0.0068,0.0091,0.0275,0.0121,0.0074,0.0253,0.0198,0.0257,9.0126,Subject04,Running,68.03
144,1110,7.3398,0.021,0.4051,3.3804,3.5333,81.5502,0.0055,0.0059,0.0233,0.0126,0.0102,0.0158,0.0248,0.0391,0.0062,0.0088,0.028,0.0122,0.008,0.0268,0.0202,0.0254,9.0126,Subject04,Running,68.03
144,1125,7.218,0.0242,0.3845,3.4166,3.3926,81.4787,0.0061,0.0056,0.0241,0.0117,0.0115,0.0177,0.0267,0.0433,0.0066,0.01,0.0327,0.0107,0.0076,0.0314,0.0203,0.0332,9.0126,Subject04,Running,68.03
144,1140,7.3682,0.0211,0.3346,3.4755,3.537,81.6454,0.0064,0.0056,0.0234,0.0117,0.0132,0.0183,0.0283,0.0481,0.0064,0.0095,0.0298,0.0103,0.007,0.027,0.0204,0.034,9.0126,Subject04,Running,68.03
144,1155,7.7425,0.0257,0.3244,3.6523,3.7401,82.3787,0.007,0.0059,0.0243,0.0129,0.0116,0.0156,0.0293,0.0494,0.0063,0.0095,0.0306,0.0101,0.0065,0.022,0.0221,0.0379,9.0126,Subject04,Running,68.03
144,1170,7.7127,0.0233,0.3218,3.5708,3.7968,81.4787,0.0061,0.0053,0.023,0.0114,0.0118,0.015,0.0282,0.0489,0.0063,0.0094,0.0299,0.0107,0.0066,0.0222,0.022,0.0327,9.0126,Subject04,Running,68.03
144,1185,7.8557,0.0187,0.4123,3.6987,3.726,81.9787,0.0062,0.0052,0.0224,0.0107,0.0092,0.0152,0.0268,0.045,0.0058,0.0089,0.0282,0.0113,0.0067,0.0243,0.0217,0.0324,9.0126,Subject04,Running,68.03
144,1200,8.158,0.0223,0.4308,3.6879,4.0169,80.3121,0.0061,0.0054,0.0218,0.0117,0.0111,0.0135,0.0267,0.0454,0.0064,0.0087,0.0262,0.0119,0.0087,0.0252,0.0222,0.0289,9.0126,Subject04,Running,68.03
144,1215,8.0507,0.0229,0.4174,3.6369,3.9735,79.9787,0.0064,0.0058,0.0218,0.0132,0.0125,0.0135,0.0263,0.0425,0.0064,0.0093,0.0287,0.0109,0.0075,0.0249,0.0226,0.0322,9.0126,Subject04,Running,68.03
145,1230,7.1385,0.0227,0.3692,3.3489,3.3976,81.1454,0.0058,0.0063,0.024,0.011,0.0097,0.0151,0.03,0.0428,0.0062,0.0097,0.0336,0.0099,0.0078,0.031,0.0208,0.0298,9.0126,Subject04,Running,68.03
145,1245,7.606,0.0215,0.4159,3.4544,3.7142,80.6454,0.0058,0.0058,0.0233,0.0114,0.0109,0.0148,0.0264,0.0393,0.0067,0.0088,0.0297,0.0107,0.0084,0.03,0.0211,0.0245,9.0126,Subject04,Running,68.03
145,1260,7.6692,0.0235,0.4209,3.5271,3.6977,80.3121,0.0061,0.0054,0.0223,0.0106,0.0102,0.0134,0.0263,0.0404,0.0057,0.0089,0.0304,0.0104,0.0074,0.0276,0.0219,0.0302,9.0126,Subject04,Running,68.03
145,1275,8.0954,0.0152,0.4351,3.8099,3.8352,79.1454,0.0047,0.0055,0.0164,0.0141,0.0094,0.0124,0.0264,0.0386,0.0044,0.0077,0.0195,0.0114,0.0055,0.0218,0.0226,0.0386,9.0126,Subject04,Running,68.03
145,1290,7.1833,0.022,0.3941,3.2771,3.49,79.3787,0.0062,0.0054,0.0233,0.0114,0.0103,0.0145,0.0273,0.0454,0.0068,0.0093,0.0361,0.0092,0.0076,0.0314,0.0209,0.0319,9.0126,Subject04,Running,68.03
145,1305,7.713,0.0227,0.4368,3.5564,3.6972,81.8121,0.0068,0.0055,0.0237,0.0117,0.0135,0.0142,0.0258,0.0406,0.007,0.0084,0.0307,0.0101,0.0092,0.0224,0.0195,0.0254,9.0126,Subject04,Running,68.03
145,1320,7.8307,0.0247,0.415,3.6339,3.7571,83.1454,0.0063,0.0058,0.0224,0.0119,0.011,0.0136,0.0258,0.0421,0.0066,0.0086,0.0311,0.0106,0.0088,0.0221,0.0202,0.0266,9.0126,Subject04,Running,68.03
145,1335,8.2102,0.0221,0.4442,3.7505,3.9934,83.9787,0.0062,0.0054,0.021,0.0136,0.0127,0.0124,0.0235,0.0395,0.0061,0.0084,0.027,0.0121,0.0094,0.0261,0.0202,0.0265,9.0126,Subject04,Running,68.03
145,1350,7.8102,0.023,0.4321,3.5671,3.788,83.4787,0.0068,0.0051,0.022,0.0115,0.0129,0.0128,0.0243,0.041,0.0072,0.0086,0.0311,0.0118,0.0089,0.0255,0.0205,0.0266,9.0126,Subject04,Running,68.03
145,1365,7.6297,0.0207,0.375,3.5151,3.719,84.4787,0.0062,0.0053,0.021,0.012,0.0112,0.0131,0.023,0.0363,0.007,0.0082,0.0275,0.0121,0.0092,0.0284,0.0188,0.0255,9.0126,Subject04,Running,68.03
146,1440,12.07,0.0342,0.699,5.5004,5.8363,86.1454,0.0086,0.0075,0.0301,0.0194,0.0156,0.0147,0.0225,0.0343,0.0078,0.0115,0.0334,0.0165,0.0148,0.0248,0.0186,0.0258,9.8422,Subject04,Running,68.03
146,1455,9.5537,0.0356,0.5307,4.3491,4.6383,89.5502,0.0065,0.006,0.0253,0.0163,0.0121,0.0163,0.0226,0.0362,0.0059,0.01,0.0295,0.0145,0.0116,0.0304,0.0183,0.0221,9.8422,Subject04,Running,68.03
146,1470,9.3678,0.0328,0.5162,4.3409,4.4779,88.5502,0.0061,0.0065,0.0245,0.0171,0.0111,0.016,0.023,0.0381,0.0065,0.01,0.0315,0.0151,0.0103,0.0357,0.0193,0.0276,9.8422,Subject04,Running,68.03
146,1485,9.3202,0.0327,0.5329,4.2459,4.5087,89.693,0.0066,0.006,0.0224,0.0159,0.0129,0.0168,0.0214,0.0422,0.0061,0.0099,0.0307,0.0139,0.0112,0.031,0.0184,0.0284,9.8422,Subject04,Running,68.03
146,1500,9.5817,0.034,0.5328,4.4262,4.5887,90.8121,0.0064,0.006,0.0226,0.0158,0.0125,0.0159,0.0217,0.04,0.0063,0.0094,0.0283,0.0147,0.0124,0.0315,0.0178,0.0279,9.8422,Subject04,Running,68.03
146,1515,9.5058,0.0364,0.5378,4.2981,4.6334,90.8359,0.0064,0.0061,0.0234,0.0172,0.0131,0.0162,0.0219,0.0381,0.007,0.0099,0.0296,0.0154,0.0126,0.0286,0.0188,0.027,9.8422,Subject04,Running,68.03
146,1530,9.4634,0.0375,0.546,4.4073,4.4726,90.8359,0.0065,0.0057,0.0228,0.0175,0.0125,0.0147,0.0211,0.0399,0.006,0.01,0.0293,0.016,0.013,0.0301,0.0188,0.0253,9.8422,Subject04,Running,68.03
146,1545,9.4285,0.0358,0.5107,4.4268,4.4552,90.693,0.0067,0.0059,0.0231,0.0156,0.013,0.0153,0.0209,0.0382,0.0063,0.0096,0.0297,0.0161,0.0115,0.0298,0.0178,0.0255,9.8422,Subject04,Running,68.03
146,1560,9.2235,0.0362,0.4894,4.2294,4.4685,90.4073,0.006,0.0056,0.0226,0.0159,0.0111,0.0149,0.0211,0.0372,0.0057,0.01,0.0325,0.0157,0.0109,0.0296,0.0189,0.0259,9.8422,Subject04,Running,68.03
146,1575,9.3437,0.035,0.5146,4.2533,4.5409,91.693,0.0063,0.0057,0.0209,0.0151,0.011,0.0153,0.021,0.0382,0.0061,0.0099,0.0296,0.0161,0.0119,0.0299,0.0181,0.0229,9.8422,Subject04,Running,68.03
147,1590,9.3198,0.0375,0.5035,4.2955,4.4833,91.8359,0.0061,0.0059,0.0219,0.0162,0.0113,0.0155,0.0209,0.0342,0.0058,0.0099,0.0289,0.0156,0.0114,0.0288,0.0179,0.0247,9.8422,Subject04,Running,68.03
147,1605,9.5838,0.0377,0.5177,4.4818,4.5466,91.8359,0.0062,0.006,0.023,0.0166,0.0115,0.0184,0.0214,0.0325,0.0058,0.0094,0.0286,0.0155,0.0115,0.0292,0.0179,0.0237,9.8422,Subject04,Running,68.03
147,1620,9.3122,0.0367,0.5089,4.4265,4.3401,91.5502,0.0056,0.0058,0.0229,0.0169,0.0128,0.0167,0.0209,0.0308,0.006,0.0093,0.0301,0.0161,0.0109,0.027,0.0187,0.0275,9.8422,Subject04,Running,68.03
147,1635,9.4932,0.0357,0.5416,4.4551,4.4607,92.1216,0.0065,0.0062,0.0232,0.016,0.012,0.016,0.0209,0.0313,0.0061,0.0094,0.0286,0.0149,0.0122,0.03,0.0194,0.0276,9.8422,Subject04,Running,68.03
147,1650,9.6377,0.0372,0.563,4.4836,4.554,92.2287,0.0063,0.0059,0.0225,0.016,0.0131,0.0166,0.0206,0.0375,0.0059,0.0098,0.0295,0.0151,0.0113,0.029,0.0184,0.027,9.8422,Subject04,Running,68.03
147,1665,9.8148,0.0385,0.5929,4.5657,4.6177,92.1037,0.0065,0.0062,0.0224,0.0165,0.0139,0.0156,0.0211,0.0384,0.006,0.0096,0.0291,0.0155,0.0114,0.0273,0.0181,0.0289,9.8422,Subject04,Running,68.03
147,1680,9.5729,0.0408,0.5629,4.4501,4.5191,91.9787,0.0061,0.0063,0.0245,0.0162,0.0122,0.0155,0.0199,0.0374,0.0059,0.0095,0.0287,0.0154,0.0113,0.0297,0.018,0.028,9.8422,Subject04,Running,68.03
147,1695,9.5385,0.0398,0.557,4.4426,4.4991,92.4073,0.0066,0.0061,0.0242,0.0155,0.013,0.0174,0.0216,0.0387,0.0063,0.0094,0.0286,0.0151,0.011,0.0273,0.0177,0.0321,9.8422,Subject04,Running,68.03
147,1710,9.5217,0.0372,0.5917,4.4924,4.4003,94.1216,0.0066,0.0062,0.0229,0.0161,0.0125,0.0157,0.0217,0.0389,0.0059,0.0093,0.0293,0.016,0.0112,0.0297,0.0182,0.0269,9.8422,Subject04,Running,68.03
147,1725,9.5287,0.0347,0.5811,4.4806,4.4324,92.8537,0.0064,0.0059,0.0222,0.0172,0.0127,0.0146,0.0204,0.0362,0.0059,0.0094,0.0298,0.0166,0.0116,0.0285,0.0181,0.0264,9.8422,Subject04,Running,68.03
148,360,0.6119,0.001,0.0247,0.3178,0.2683,-4.6163,0.0104,0.0111,0.0365,0.0106,0.0121,0.0195,0.0375,0.0514,0.011,0.014,0.0461,0.0122,0.0099,0.0315,0.0333,0.0344,5.9622,Subject04,Stairs,68.03
148,375,0.5421,0.0006,0.022,0.2714,0.2481,6.5504,0.0097,0.0097,0.0321,0.0107,0.011,0.0167,0.0336,0.0397,0.01,0.0143,0.0494,0.0126,0.0108,0.0299,0.0329,0.0297,5.9622,Subject04,Stairs,68.03
148,390,0.5284,0.0006,0.0212,0.2567,0.2498,12.0837,0.009,0.0097,0.0349,0.0122,0.0106,0.0185,0.038,0.0453,0.0108,0.0159,0.0546,0.0112,0.0115,0.0246,0.0326,0.0335,5.9622,Subject04,Stairs,68.03
148,405,0.5503,0.0008,0.0206,0.2654,0.2636,16.2171,0.0091,0.0101,0.0371,0.0098,0.0118,0.0179,0.0385,0.0353,0.0119,0.0137,0.0516,0.0113,0.0114,0.0255,0.033,0.0262,5.9622,Subject04,Stairs,68.03
148,420,0.5289,0.0008,0.0221,0.2353,0.2707,20.3837,0.0113,0.0102,0.0347,0.0117,0.0118,0.017,0.0367,0.0345,0.0119,0.0119,0.0435,0.0095,0.0097,0.0234,0.0302,0.0255,5.9622,Subject04,Stairs,68.03
148,435,0.653,0.0009,0.0244,0.3268,0.3009,23.8837,0.0098,0.0108,0.0364,0.0112,0.0113,0.0151,0.0357,0.0361,0.0106,0.0137,0.0495,0.0123,0.0113,0.032,0.036,0.0311,5.9622,Subject04,Stairs,68.03
148,450,0.5976,0.0012,0.0237,0.3022,0.2705,28.0837,0.01,0.0113,0.0329,0.0086,0.0092,0.0174,0.0382,0.0356,0.0114,0.0106,0.0404,0.009,0.0089,0.0196,0.0236,0.0274,5.9622,Subject04,Stairs,68.03
148,465,0.5741,0.001,0.0237,0.2919,0.2576,31.1337,0.0092,0.0098,0.034,0.0083,0.0089,0.0158,0.0326,0.0407,0.011,0.0131,0.0428,0.0096,0.0093,0.0237,0.0252,0.0282,5.9622,Subject04,Stairs,68.03
148,480,0.5903,0.0009,0.0224,0.273,0.2941,34.4837,0.0086,0.0086,0.0308,0.0094,0.0073,0.0161,0.0358,0.0284,0.0086,0.011,0.0426,0.0078,0.009,0.03,0.0294,0.0231,5.9622,Subject04,Stairs,68.03
148,495,0.5566,0.0009,0.0226,0.2562,0.277,34.4837,0.008,0.0087,0.0297,0.01,0.0089,0.0147,0.0308,0.0317,0.0102,0.0116,0.0425,0.0093,0.0095,0.0293,0.0297,0.0235,5.9622,Subject04,Stairs,68.03
149,510,0.5367,0.0009,0.023,0.2579,0.2549,31.3837,0.0083,0.0093,0.0309,0.0088,0.0096,0.0145,0.0332,0.0364,0.012,0.0116,0.0413,0.0133,0.0093,0.0267,0.029,0.0225,5.9622,Subject04,Stairs,68.03
149,525,0.5909,0.0006,0.02,0.3064,0.264,30.3837,0.0092,0.0112,0.0352,0.012,0.0106,0.0173,0.0375,0.0393,0.0094,0.0127,0.041,0.0116,0.009,0.0255,0.0278,0.0253,5.9622,Subject04,Stairs,68.03
149,540,0.5746,0.0006,0.0234,0.2492,0.3013,30.0504,0.0079,0.0075,0.0265,0.0107,0.0079,0.0139,0.0341,0.0284,0.0081,0.0123,0.0469,0.0087,0.0096,0.022,0.029,0.0315,5.9622,Subject04,Stairs,68.03
149,555,0.6303,0.001,0.0305,0.3398,0.259,33.0504,0.0092,0.012,0.041,0.0094,0.0107,0.0167,0.0384,0.0312,0.0105,0.0121,0.0436,0.0116,0.0105,0.0261,0.0287,0.0277,5.9622,Subject04,Stairs,68.03
149,570,0.5345,0.0011,0.023,0.2602,0.2502,36.4551,0.0079,0.0079,0.0239,0.0073,0.0082,0.0143,0.0333,0.0297,0.0108,0.0091,0.0334,0.0118,0.0081,0.0215,0.0251,0.0192,5.9622,Subject04,Stairs,68.03
149,585,0.5549,0.0012,0.023,0.2663,0.2644,36.7171,0.0084,0.0073,0.0298,0.008,0.0092,0.0124,0.0309,0.0279,0.009,0.0103,0.04,0.0077,0.0086,0.0266,0.0275,0.0215,5.9622,Subject04,Stairs,68.03
149,600,0.5358,0.0012,0.0242,0.2736,0.2368,37.6837,0.0081,0.0084,0.0282,0.0088,0.0092,0.0134,0.0309,0.0327,0.0106,0.0111,0.0354,0.0103,0.0083,0.026,0.0283,0.0219,5.9622,Subject04,Stairs,68.03
149,615,0.5326,0.001,0.0225,0.2535,0.2556,35.0837,0.0092,0.0078,0.0296,0.0079,0.0114,0.0143,0.0322,0.0382,0.0092,0.0113,0.0368,0.0103,0.0086,0.029,0.0314,0.0256,5.9622,Subject04,Stairs,68.03
149,630,0.5384,0.0009,0.0211,0.2601,0.2563,35.8837,0.0088,0.0088,0.0299,0.0084,0.0111,0.0134,0.0311,0.0334,0.0091,0.0102,0.0357,0.0077,0.0081,0.0276,0.0318,0.0235,5.9622,Subject04,Stairs,68.03
149,645,0.5668,0.0009,0.0218,0.2795,0.2647,37.0837,0.0086,0.0082,0.0319,0.008,0.0091,0.0116,0.0286,0.0335,0.0086,0.0087,0.0292,0.0082,0.0078,0.0255,0.0249,0.025,5.9622,Subject04,Stairs,68.03
150,720,0.4704,0.0012,0.022,0.1998,0.2474,39.0266,0.0091,0.0069,0.0209,0.0089,0.0088,0.0134,0.0306,0.0376,0.0078,0.0104,0.0303,0.0081,0.0067,0.0205,0.0242,0.0219,4.5836,Subject04,Stairs,68.03
150,735,0.4454,0.0013,0.0229,0.2302,0.191,35.0504,0.0077,0.0072,0.0269,0.0079,0.0068,0.0117,0.0304,0.0282,0.0073,0.0069,0.0245,0.0067,0.0062,0.0234,0.0266,0.0235,4.5836,Subject04,Stairs,68.03
150,750,0.3799,0.0008,0.0172,0.1792,0.1827,34.4837,0.0066,0.0057,0.0208,0.0064,0.0053,0.0127,0.0323,0.0253,0.0064,0.0093,0.0317,0.0058,0.0067,0.0166,0.0251,0.018,4.5836,Subject04,Stairs,68.03
150,765,0.4183,0.0008,0.0179,0.1803,0.2192,36.598,0.0077,0.006,0.0221,0.0079,0.0085,0.0113,0.0285,0.0345,0.0071,0.0075,0.0246,0.0088,0.0053,0.0263,0.0308,0.0173,4.5836,Subject04,Stairs,68.03
150,780,0.431,0.0006,0.0189,0.2478,0.1637,34.7171,0.0067,0.0065,0.0262,0.0066,0.0058,0.0121,0.0325,0.029,0.0059,0.0083,0.0286,0.0064,0.0065,0.0199,0.024,0.0286,4.5836,Subject04,Stairs,68.03
150,795,0.4082,0.0008,0.018,0.1704,0.219,34.6837,0.006,0.0057,0.0207,0.007,0.0054,0.013,0.0303,0.0345,0.007,0.0082,0.03,0.0059,0.0063,0.0193,0.028,0.0205,4.5836,Subject04,Stairs,68.03
150,810,0.3592,0.0008,0.0191,0.1684,0.1708,34.7171,0.0077,0.0073,0.0221,0.0073,0.0066,0.0114,0.0295,0.0317,0.0078,0.006,0.0207,0.0085,0.0055,0.021,0.0259,0.0204,4.5836,Subject04,Stairs,68.03
150,825,0.4325,0.0007,0.0195,0.2305,0.1819,29.5504,0.0067,0.0047,0.0209,0.0067,0.0059,0.013,0.0352,0.0226,0.0071,0.007,0.0259,0.0076,0.0057,0.0225,0.0268,0.0157,4.5836,Subject04,Stairs,68.03
150,840,0.4165,0.0009,0.0184,0.1932,0.204,31.4837,0.0061,0.005,0.0225,0.0072,0.0069,0.0118,0.0296,0.0302,0.0083,0.0067,0.0237,0.0072,0.0066,0.0196,0.0284,0.0186,4.5836,Subject04,Stairs,68.03
150,855,0.4869,0.0009,0.0195,0.2457,0.2207,30.7409,0.0066,0.0063,0.0255,0.0056,0.0064,0.0107,0.0285,0.0375,0.0069,0.0074,0.0263,0.0058,0.0055,0.0197,0.0235,0.0158,4.5836,Subject04,Stairs,68.03
151,870,0.4633,0.0007,0.0219,0.2208,0.2199,33.7171,0.0063,0.0042,0.0191,0.0071,0.0049,0.0132,0.0328,0.0247,0.0069,0.0081,0.0273,0.0055,0.006,0.022,0.0209,0.015,4.5836,Subject04,Stairs,68.03
151,885,0.4166,0.0008,0.0185,0.193,0.2043,33.8837,0.0063,0.0057,0.0209,0.0061,0.0047,0.0118,0.0271,0.0268,0.0066,0.0059,0.0203,0.0066,0.005,0.0286,0.0256,0.0151,4.5836,Subject04,Stairs,68.03
151,900,0.4709,0.0009,0.0313,0.2432,0.1955,34.2171,0.0061,0.0053,0.0214,0.0059,0.005,0.0113,0.0297,0.0326,0.0058,0.0065,0.0222,0.0051,0.0049,0.0228,0.0225,0.0211,4.5836,Subject04,Stairs,68.03
151,915,0.4484,0.0008,0.0228,0.1846,0.2401,30.5504,0.0069,0.0053,0.0219,0.0078,0.0063,0.0118,0.0302,0.0262,0.008,0.0087,0.0318,0.0059,0.0064,0.0197,0.0279,0.0165,4.5836,Subject04,Stairs,68.03
151,930,0.4366,0.0011,0.0206,0.2394,0.1756,28.2171,0.0085,0.0064,0.0269,0.0056,0.0065,0.0127,0.03,0.0303,0.0075,0.0075,0.0246,0.0068,0.0057,0.0256,0.0219,0.0242,4.5836,Subject04,Stairs,68.03
151,945,0.4029,0.0007,0.0189,0.2248,0.1585,29.7171,0.0061,0.0053,0.022,0.0061,0.0064,0.0108,0.0278,0.0285,0.0082,0.0099,0.0321,0.0059,0.0068,0.0188,0.0225,0.0194,4.5836,Subject04,Stairs,68.03
151,960,0.4931,0.001,0.0232,0.2324,0.2366,29.8837,0.0062,0.0067,0.0262,0.0052,0.0059,0.01,0.0242,0.0311,0.0065,0.007,0.0227,0.0049,0.0051,0.0244,0.0251,0.0189,4.5836,Subject04,Stairs,68.03
151,975,0.4005,0.0008,0.0169,0.203,0.1798,30.8837,0.0058,0.0062,0.0208,0.0052,0.0066,0.011,0.0288,0.0306,0.0066,0.0086,0.031,0.0058,0.0065,0.0167,0.0208,0.0208,4.5836,Subject04,Stairs,68.03
151,990,0.3967,0.001,0.02,0.1741,0.2016,32.0266,0.0067,0.0063,0.0207,0.0054,0.0073,0.0088,0.0228,0.0397,0.0081,0.008,0.0244,0.0075,0.0056,0.017,0.0226,0.019,4.5836,Subject04,Stairs,68.03
151,1005,0.397,0.0008,0.0192,0.177,0.2,33.2171,0.007,0.0072,0.0242,0.005,0.0079,0.0129,0.0312,0.0328,0.0062,0.0071,0.0218,0.0056,0.0052,0.0188,0.0256,0.0156,4.5836,Subject04,Stairs,68.03
152,1080,0.5217,0.0009,0.025,0.2152,0.2806,28.0504,0.0093,0.0083,0.0307,0.0077,0.0095,0.0124,0.0315,0.0306,0.0082,0.0091,0.0304,0.0077,0.0077,0.0253,0.0263,0.0198,5.4044,Subject04,Stairs,68.03
152,1095,0.5464,0.001,0.024,0.2848,0.2365,29.0837,0.0073,0.0061,0.0227,0.0087,0.0083,0.0154,0.0381,0.0299,0.0088,0.0095,0.0326,0.011,0.0075,0.0232,0.0288,0.0186,5.4044,Subject04,Stairs,68.03
152,1110,0.5775,0.0011,0.0259,0.2879,0.2626,31.598,0.0065,0.0062,0.0255,0.0074,0.0071,0.0123,0.0312,0.0277,0.0087,0.0087,0.0298,0.0067,0.0073,0.024,0.0271,0.0266,5.4044,Subject04,Stairs,68.03
152,1125,0.5505,0.0009,0.0206,0.2537,0.2753,34.1694,0.0072,0.0078,0.0295,0.0061,0.0082,0.0114,0.0274,0.021,0.0069,0.0095,0.0312,0.007,0.0067,0.0247,0.0254,0.0213,5.4044,Subject04,Stairs,68.03
152,1140,0.5689,0.0009,0.02,0.292,0.256,35.6337,0.0068,0.0062,0.0222,0.0074,0.0072,0.0159,0.0364,0.025,0.0081,0.0092,0.0348,0.0076,0.0076,0.0257,0.0266,0.017,5.4044,Subject04,Stairs,68.03
152,1155,0.4773,0.0008,0.0189,0.2085,0.2491,36.1694,0.0068,0.0076,0.0271,0.0071,0.0064,0.0124,0.0301,0.0265,0.0081,0.0083,0.0292,0.008,0.0065,0.0241,0.0273,0.0172,5.4044,Subject04,Stairs,68.03
152,1170,0.5246,0.0007,0.0242,0.2752,0.2245,37.5087,0.0075,0.0072,0.0235,0.008,0.0071,0.0139,0.0322,0.0246,0.0083,0.0093,0.0332,0.0094,0.0075,0.0209,0.0257,0.0201,5.4044,Subject04,Stairs,68.03
152,1185,0.5543,0.0009,0.0209,0.2333,0.2992,37.3837,0.0065,0.0078,0.0288,0.0083,0.0065,0.0117,0.0282,0.033,0.0074,0.0088,0.0329,0.0072,0.0069,0.0254,0.0299,0.0196,5.4044,Subject04,Stairs,68.03
152,1200,0.4951,0.0009,0.0327,0.25,0.2115,35.8837,0.0082,0.0075,0.0254,0.0082,0.0079,0.0125,0.0292,0.0277,0.0085,0.0091,0.0308,0.0073,0.0072,0.0323,0.0289,0.0186,5.4044,Subject04,Stairs,68.03
152,1215,0.5042,0.0009,0.0231,0.2401,0.2401,32.8837,0.0076,0.0065,0.0243,0.0093,0.0076,0.0116,0.0304,0.0272,0.0069,0.0102,0.0345,0.0094,0.0072,0.0189,0.0243,0.02,5.4044,Subject04,Stairs,68.03
153,1230,0.5482,0.0008,0.0216,0.2806,0.2452,34.7171,0.0063,0.0069,0.0259,0.0056,0.0066,0.0129,0.0313,0.0262,0.0089,0.0105,0.038,0.0065,0.0077,0.0246,0.0235,0.0215,5.4044,Subject04,Stairs,68.03
153,1245,0.4794,0.0008,0.0196,0.2415,0.2175,35.2171,0.0065,0.007,0.0278,0.0069,0.0065,0.0123,0.032,0.0307,0.0073,0.0095,0.0317,0.0064,0.0066,0.0211,0.0237,0.0209,5.4044,Subject04,Stairs,68.03
153,1260,0.5088,0.0008,0.0224,0.2315,0.2541,36.0266,0.0065,0.0079,0.0289,0.0073,0.0069,0.0112,0.0283,0.0341,0.008,0.0091,0.0332,0.0064,0.0066,0.0238,0.0268,0.0155,5.4044,Subject04,Stairs,68.03
153,1275,0.5364,0.0009,0.0236,0.2422,0.2697,33.0087,0.0072,0.0078,0.0294,0.0086,0.0076,0.0156,0.0335,0.0364,0.0074,0.0084,0.0289,0.0074,0.0064,0.0189,0.0239,0.0209,5.4044,Subject04,Stairs,68.03
153,1290,0.4452,0.0009,0.0211,0.2132,0.21,32.7587,0.0083,0.008,0.0263,0.0085,0.0068,0.0145,0.0344,0.0305,0.008,0.009,0.029,0.0072,0.0067,0.0198,0.0224,0.019,5.4044,Subject04,Stairs,68.03
153,1305,0.5131,0.0014,0.0247,0.2675,0.2194,30.8837,0.0078,0.0073,0.0232,0.0079,0.0067,0.0132,0.0309,0.0275,0.0097,0.0107,0.0394,0.0093,0.0095,0.0228,0.0252,0.0256,5.4044,Subject04,Stairs,68.03
153,1320,0.4959,0.0009,0.0236,0.2453,0.2261,34.8837,0.0069,0.0069,0.0248,0.0084,0.0075,0.0119,0.03,0.0266,0.0092,0.0087,0.0309,0.0075,0.0068,0.0219,0.0269,0.0175,5.4044,Subject04,Stairs,68.03
153,1335,0.5077,0.0009,0.0422,0.2297,0.2349,34.7409,0.0065,0.0073,0.024,0.0074,0.0061,0.0097,0.0242,0.0417,0.0079,0.0087,0.0323,0.0064,0.0068,0.0231,0.0259,0.0216,5.4044,Subject04,Stairs,68.03
153,1350,0.5013,0.001,0.0222,0.2567,0.2214,35.7587,0.0068,0.0078,0.0282,0.0063,0.0071,0.0121,0.0303,0.0311,0.0089,0.0082,0.0322,0.0094,0.007,0.0239,0.0226,0.0204,5.4044,Subject04,Stairs,68.03
153,1365,0.5056,0.0009,0.0194,0.2249,0.2605,37.4551,0.0071,0.007,0.0248,0.0069,0.0079,0.0106,0.0274,0.0252,0.0067,0.0082,0.0281,0.0056,0.0061,0.0192,0.0246,0.0209,5.4044,Subject04,Stairs,68.03
154,360,2.5618,0.0028,0.0557,1.137,1.3663,-4.2143,0.0027,0.0019,0.0054,0.0051,0.0031,0.0083,0.0131,0.021,0.0026,0.0028,0.006,0.0055,0.0035,0.0193,0.0126,0.0239,1.6658,Subject04,Walking,68.03
154,375,3.033,0.0028,0.0729,1.3738,1.5835,0.7857,0.0031,0.0021,0.0065,0.0036,0.0029,0.0092,0.0163,0.0249,0.0027,0.002,0.0038,0.0049,0.003,0.0169,0.0135,0.0226,1.6658,Subject04,Walking,68.03
154,390,3.055,0.0025,0.0729,1.4626,1.517,-1.7143,0.0027,0.002,0.0058,0.0046,0.003,0.0092,0.0159,0.0226,0.0028,0.0021,0.0039,0.0061,0.0031,0.0197,0.0135,0.0261,1.6658,Subject04,Walking,68.03
154,405,3.0078,0.0025,0.071,1.3573,1.577,5.619,0.0028,0.0021,0.0064,0.0048,0.0024,0.0096,0.0151,0.0241,0.0026,0.0015,0.0015,0.0054,0.0027,0.0211,0.0122,0.0237,1.6658,Subject04,Walking,68.03
154,420,2.9666,0.0029,0.0771,1.4261,1.4604,0.7857,0.0027,0.0019,0.006,0.0038,0.0022,0.0108,0.0162,0.0225,0.0026,0.0016,0.0015,0.0058,0.0032,0.0202,0.0109,0.024,1.6658,Subject04,Walking,68.03
154,435,2.9411,0.0026,0.0762,1.3351,1.5273,-3.2143,0.0025,0.0019,0.0059,0.0033,0.0021,0.0101,0.0149,0.0233,0.0026,0.0013,0.0012,0.0061,0.0029,0.02,0.0107,0.022,1.6658,Subject04,Walking,68.03
154,450,3.0515,0.0024,0.0692,1.4048,1.575,-4.2143,0.0027,0.0021,0.0065,0.0041,0.0026,0.0095,0.0152,0.0243,0.0025,0.0014,0.0016,0.0059,0.0028,0.0178,0.0104,0.0215,1.6658,Subject04,Walking,68.03
154,465,2.9709,0.0021,0.0622,1.3541,1.5525,-4.2143,0.0031,0.0021,0.0058,0.0056,0.0025,0.0104,0.0163,0.0247,0.003,0.0013,0.0012,0.0058,0.0028,0.0176,0.0112,0.0228,1.6658,Subject04,Walking,68.03
154,480,2.9096,0.0023,0.0624,1.4092,1.4357,-4.0476,0.0033,0.002,0.0058,0.004,0.0027,0.01,0.0162,0.025,0.0029,0.0013,0.0013,0.0054,0.0038,0.0183,0.0114,0.0233,1.6658,Subject04,Walking,68.03
154,495,2.9286,0.0024,0.0653,1.312,1.549,-5.7143,0.003,0.002,0.0055,0.0047,0.0024,0.0101,0.0155,0.0242,0.0027,0.0013,0.0012,0.0062,0.0038,0.0191,0.011,0.0209,1.6658,Subject04,Walking,68.03
155,510,2.9701,0.0028,0.073,1.4288,1.4656,0.9524,0.0029,0.002,0.0056,0.0037,0.0025,0.0104,0.0157,0.0232,0.0026,0.0013,0.0012,0.0056,0.0027,0.0171,0.0103,0.0215,1.6658,Subject04,Walking,68.03
155,525,2.9477,0.0028,0.0722,1.3346,1.5382,3.9524,0.0027,0.0019,0.0054,0.0034,0.0022,0.0092,0.0142,0.0227,0.0026,0.0013,0.0012,0.0052,0.0028,0.0174,0.0111,0.0213,1.6658,Subject04,Walking,68.03
155,540,2.9063,0.0023,0.0693,1.3856,1.449,0.2857,0.0027,0.0019,0.0052,0.0036,0.0022,0.0097,0.0156,0.0256,0.0028,0.0013,0.0012,0.0055,0.0027,0.0191,0.0106,0.0216,1.6658,Subject04,Walking,68.03
155,555,2.8887,0.0023,0.0689,1.2852,1.5323,0.2857,0.0027,0.0018,0.005,0.0038,0.0022,0.0096,0.0147,0.0214,0.0025,0.0013,0.0014,0.0057,0.003,0.0207,0.0109,0.0212,1.6658,Subject04,Walking,68.03
155,570,2.8904,0.0024,0.0667,1.3232,1.4981,-1.7143,0.0029,0.0018,0.005,0.0037,0.0021,0.0098,0.0148,0.0223,0.0025,0.0014,0.0015,0.0057,0.0037,0.0205,0.0112,0.0224,1.6658,Subject04,Walking,68.03
155,585,2.8365,0.0022,0.0647,1.3586,1.411,-2.2143,0.0028,0.0017,0.0046,0.0029,0.0024,0.0106,0.0156,0.0221,0.0025,0.0013,0.0014,0.0058,0.0033,0.0196,0.0113,0.0246,1.6658,Subject04,Walking,68.03
155,600,2.8733,0.0021,0.0642,1.3176,1.4894,-0.7143,0.0026,0.0017,0.0048,0.003,0.0022,0.0091,0.0142,0.0235,0.0026,0.0014,0.0016,0.0057,0.0037,0.0212,0.0121,0.0229,1.6658,Subject04,Walking,68.03
155,615,2.8454,0.0022,0.0657,1.3325,1.4449,-0.7143,0.003,0.0019,0.005,0.0035,0.0025,0.0098,0.0157,0.0256,0.0027,0.0013,0.0011,0.0052,0.0034,0.02,0.0108,0.0225,1.6658,Subject04,Walking,68.03
155,630,2.8805,0.0025,0.069,1.4023,1.4067,0.2857,0.0029,0.0018,0.0046,0.0038,0.0022,0.0092,0.0151,0.0218,0.0029,0.0014,0.0015,0.0053,0.0037,0.0203,0.0113,0.0242,1.6658,Subject04,Walking,68.03
155,645,2.8621,0.0028,0.0703,1.3059,1.483,-3.2143,0.0028,0.0018,0.0049,0.0036,0.0023,0.0093,0.0139,0.0224,0.0026,0.0013,0.0013,0.0052,0.0038,0.0214,0.0117,0.0214,1.6658,Subject04,Walking,68.03
156,720,2.1293,0.0026,0.0508,0.9757,1.1002,1.619,0.0032,0.0015,0.0038,0.0034,0.0029,0.0082,0.0135,0.0203,0.0028,0.0018,0.0029,0.0041,0.0029,0.0131,0.0112,0.021,1.3328,Subject04,Walking,68.03
156,735,1.5643,0.0021,0.0394,0.7184,0.8043,1.2857,0.0034,0.001,0.0016,0.0022,0.0027,0.0072,0.0115,0.0189,0.0025,0.0013,0.0011,0.0048,0.0039,0.0174,0.0101,0.0181,1.3328,Subject04,Walking,68.03
156,750,1.4766,0.0012,0.0283,0.7144,0.7327,0.7857,0.0033,0.001,0.0017,0.0035,0.0027,0.0081,0.0128,0.021,0.0028,0.0012,0.0011,0.0049,0.0037,0.0146,0.0107,0.022,1.3328,Subject04,Walking,68.03
156,765,1.446,0.0014,0.0325,0.7328,0.6793,-0.2143,0.0033,0.001,0.0017,0.0036,0.0025,0.009,0.0118,0.0209,0.0028,0.0012,0.0012,0.0045,0.0034,0.0151,0.011,0.0206,1.3328,Subject04,Walking,68.03
156,780,1.4564,0.0012,0.0341,0.7064,0.7146,-1.7143,0.0031,0.0013,0.0023,0.0035,0.0025,0.0075,0.0116,0.0236,0.0027,0.0014,0.0016,0.0056,0.0046,0.0187,0.0111,0.0189,1.3328,Subject04,Walking,68.03
156,795,1.3695,0.0012,0.029,0.6281,0.7112,0.2857,0.003,0.0011,0.0018,0.0023,0.0018,0.0068,0.0111,0.0196,0.0026,0.0013,0.0012,0.0056,0.0042,0.0167,0.0106,0.019,1.3328,Subject04,Walking,68.03
156,810,1.442,0.0014,0.0322,0.6931,0.7153,1.2857,0.0034,0.0011,0.0018,0.0029,0.0025,0.0081,0.0125,0.0198,0.0025,0.0015,0.0019,0.0049,0.0051,0.0145,0.0098,0.0208,1.3328,Subject04,Walking,68.03
156,825,1.6022,0.0024,0.0378,0.7265,0.8355,-0.0476,0.003,0.0013,0.0027,0.0026,0.0022,0.0077,0.0113,0.0181,0.0027,0.0017,0.0024,0.0048,0.0033,0.0129,0.0097,0.0179,1.3328,Subject04,Walking,68.03
156,840,1.4933,0.0013,0.0287,0.7239,0.7394,-0.2143,0.003,0.001,0.0017,0.0028,0.0025,0.0075,0.0103,0.0202,0.0027,0.0012,0.0011,0.0049,0.0034,0.0155,0.009,0.0181,1.3328,Subject04,Walking,68.03
156,855,1.5176,0.0015,0.0347,0.7051,0.7763,1.2857,0.0029,0.0011,0.0018,0.0024,0.0023,0.0082,0.0124,0.022,0.0028,0.0014,0.0014,0.0052,0.0037,0.0134,0.011,0.0205,1.3328,Subject04,Walking,68.03
157,870,1.5098,0.0015,0.0317,0.7028,0.7738,3.2857,0.0033,0.001,0.0016,0.0034,0.0024,0.0081,0.0105,0.0197,0.0026,0.0012,0.0011,0.0059,0.0029,0.0154,0.0091,0.0165,1.3328,Subject04,Walking,68.03
157,885,1.5421,0.0016,0.0334,0.7309,0.7762,-0.7143,0.003,0.001,0.0016,0.0031,0.0026,0.0088,0.011,0.018,0.0026,0.0012,0.0011,0.0051,0.0034,0.0133,0.0097,0.0178,1.3328,Subject04,Walking,68.03
157,900,1.4958,0.0014,0.0319,0.7428,0.7197,1.2857,0.003,0.001,0.0016,0.0038,0.0025,0.0084,0.0111,0.0187,0.0027,0.0012,0.0011,0.0043,0.0033,0.0137,0.0095,0.0201,1.3328,Subject04,Walking,68.03
157,915,1.5354,0.0014,0.0334,0.7307,0.7698,3.2857,0.0034,0.001,0.0016,0.0043,0.0028,0.0087,0.0111,0.0198,0.0026,0.0013,0.0012,0.0043,0.0032,0.0145,0.0107,0.0189,1.3328,Subject04,Walking,68.03
157,930,1.4519,0.0013,0.0309,0.6621,0.7577,0.2857,0.0032,0.0011,0.0017,0.0038,0.0021,0.0086,0.0115,0.0227,0.0028,0.0013,0.0012,0.0045,0.0038,0.0158,0.0109,0.0191,1.3328,Subject04,Walking,68.03
157,945,1.3552,0.0013,0.0344,0.661,0.6584,1.2857,0.0033,0.001,0.0017,0.0029,0.0022,0.008,0.012,0.0225,0.0027,0.0013,0.0012,0.0047,0.0039,0.0147,0.01,0.0213,1.3328,Subject04,Walking,68.03
157,960,1.4076,0.0015,0.0305,0.6408,0.7349,1.7857,0.003,0.001,0.0016,0.0031,0.0025,0.0082,0.0115,0.0208,0.0027,0.0012,0.0012,0.0053,0.0034,0.0157,0.01,0.0179,1.3328,Subject04,Walking,68.03
157,975,1.4324,0.0016,0.0321,0.6871,0.7118,4.2857,0.0037,0.0012,0.0023,0.0037,0.0037,0.0076,0.0125,0.0203,0.0031,0.0014,0.0014,0.0058,0.0042,0.0149,0.0081,0.0199,1.3328,Subject04,Walking,68.03
157,990,1.5089,0.0014,0.0338,0.7035,0.7701,5.9524,0.0032,0.001,0.0016,0.0031,0.0023,0.0076,0.011,0.022,0.0028,0.0013,0.0015,0.0052,0.0034,0.0149,0.0095,0.019,1.3328,Subject04,Walking,68.03
157,1005,1.4917,0.0021,0.0358,0.7083,0.7456,1.7857,0.0029,0.001,0.0016,0.0024,0.0024,0.0077,0.011,0.0195,0.0027,0.0012,0.0011,0.0044,0.003,0.0141,0.0103,0.0211,1.3328,Subject04,Walking,68.03
158,360,0.7495,0.0037,0.0343,0.3477,0.3638,9.541,0.0057,0.0035,0.009,0.0111,0.0041,0.0118,0.0098,0.0124,0.0042,0.0033,0.0099,0.013,0.005,0.0095,0.0092,0.0126,2.232,Subject05,Backwards,68.03
158,375,0.8059,0.0033,0.033,0.4048,0.3649,16.041,0.0066,0.0033,0.0095,0.0112,0.0042,0.0095,0.0098,0.0131,0.0049,0.0034,0.011,0.012,0.0048,0.0092,0.0093,0.0139,2.232,Subject05,Backwards,68.03
158,390,0.7758,0.0027,0.0292,0.366,0.3779,17.041,0.0065,0.0036,0.0094,0.0107,0.0037,0.0098,0.0097,0.0131,0.005,0.0033,0.0106,0.0115,0.0046,0.0092,0.0086,0.0118,2.232,Subject05,Backwards,68.03
158,405,0.8084,0.0028,0.0289,0.3917,0.385,11.3981,0.0067,0.0033,0.0085,0.012,0.0037,0.0082,0.0085,0.0127,0.0054,0.0029,0.0102,0.011,0.0044,0.0088,0.0081,0.0113,2.232,Subject05,Backwards,68.03
158,420,0.7873,0.0029,0.0291,0.3832,0.3722,6.3743,0.0061,0.0035,0.0091,0.0099,0.0041,0.0069,0.0074,0.0135,0.0054,0.0028,0.0102,0.0104,0.0045,0.0082,0.0082,0.0104,2.232,Subject05,Backwards,68.03
158,435,0.7869,0.0034,0.0383,0.3875,0.3578,7.8743,0.0059,0.0042,0.0104,0.0111,0.0041,0.0063,0.0073,0.0136,0.0042,0.0033,0.0102,0.0091,0.0044,0.007,0.0076,0.0117,2.232,Subject05,Backwards,68.03
158,450,0.8653,0.0038,0.0445,0.4068,0.4101,6.3981,0.0061,0.0043,0.0108,0.0091,0.0041,0.0058,0.0071,0.016,0.0047,0.0031,0.0105,0.0096,0.0046,0.0064,0.0075,0.0118,2.232,Subject05,Backwards,68.03
158,465,0.7681,0.003,0.0318,0.368,0.3652,6.3743,0.0058,0.004,0.0104,0.0086,0.0042,0.0057,0.0067,0.014,0.0046,0.003,0.0105,0.0103,0.0046,0.0062,0.0071,0.0112,2.232,Subject05,Backwards,68.03
158,480,0.7399,0.0032,0.03,0.357,0.3497,7.541,0.0055,0.0042,0.0099,0.0092,0.004,0.0074,0.0081,0.0135,0.0043,0.0031,0.0105,0.0102,0.0046,0.0091,0.0093,0.01,2.232,Subject05,Backwards,68.03
158,495,0.7515,0.0027,0.032,0.3709,0.3458,5.541,0.0058,0.0045,0.0116,0.0107,0.0045,0.0058,0.0065,0.015,0.0043,0.0035,0.0107,0.0078,0.0046,0.006,0.0069,0.0135,2.232,Subject05,Backwards,68.03
159,510,0.7746,0.0029,0.0308,0.3605,0.3803,6.6838,0.0055,0.0042,0.0102,0.0092,0.004,0.0066,0.0082,0.0114,0.0041,0.0028,0.0095,0.0106,0.0042,0.0087,0.0084,0.0098,2.232,Subject05,Backwards,68.03
159,525,0.7339,0.0029,0.0298,0.3549,0.3462,7.8743,0.0052,0.004,0.0094,0.0086,0.0037,0.005,0.0064,0.0117,0.0041,0.0032,0.0102,0.0081,0.0045,0.0062,0.0073,0.0111,2.232,Subject05,Backwards,68.03
159,540,0.7779,0.0025,0.0348,0.3698,0.3709,7.541,0.0051,0.0047,0.0106,0.009,0.004,0.0052,0.0067,0.0141,0.0035,0.0036,0.0097,0.0085,0.0044,0.0053,0.007,0.0101,2.232,Subject05,Backwards,68.03
159,555,0.7599,0.0028,0.0319,0.3728,0.3524,5.141,0.0043,0.0042,0.0089,0.0092,0.0038,0.005,0.0069,0.0103,0.0035,0.0035,0.01,0.0087,0.0045,0.0062,0.0078,0.0104,2.232,Subject05,Backwards,68.03
159,570,0.7574,0.0042,0.0439,0.3498,0.3595,7.7077,0.0042,0.0052,0.0109,0.0085,0.0041,0.0056,0.007,0.013,0.0028,0.0046,0.0099,0.0084,0.0044,0.0058,0.0072,0.0125,2.232,Subject05,Backwards,68.03
159,585,0.8272,0.0044,0.0482,0.3981,0.3765,13.2077,0.0041,0.0055,0.0115,0.01,0.0042,0.0047,0.0056,0.0148,0.0032,0.0041,0.0112,0.0094,0.0049,0.0051,0.0072,0.0135,2.232,Subject05,Backwards,68.03
159,600,0.7516,0.0036,0.0326,0.372,0.3433,12.541,0.0048,0.0047,0.0105,0.0093,0.004,0.0062,0.007,0.0133,0.0037,0.0038,0.0105,0.0093,0.0047,0.0063,0.0069,0.0114,2.232,Subject05,Backwards,68.03
159,615,0.8368,0.0033,0.0376,0.4107,0.3851,9.341,0.0042,0.0047,0.0102,0.0083,0.0039,0.0052,0.0067,0.0106,0.0036,0.0039,0.0112,0.009,0.0049,0.0057,0.008,0.0125,2.232,Subject05,Backwards,68.03
159,630,0.8592,0.0045,0.0464,0.4065,0.4017,14.2077,0.0039,0.0049,0.0099,0.0081,0.004,0.0053,0.0068,0.0105,0.003,0.0033,0.0096,0.0088,0.0043,0.0064,0.0084,0.0106,2.232,Subject05,Backwards,68.03
159,645,0.8516,0.0044,0.0455,0.4008,0.401,11.8267,0.0046,0.0048,0.0109,0.0087,0.0041,0.0054,0.0076,0.0086,0.0036,0.0032,0.0106,0.0104,0.0047,0.0062,0.0079,0.0084,2.232,Subject05,Backwards,68.03
160,720,1.8087,0.0046,0.0569,0.8831,0.8641,16.2553,0.0061,0.008,0.0169,0.0123,0.006,0.0107,0.0089,0.023,0.0055,0.0071,0.0165,0.0148,0.007,0.0088,0.009,0.0173,3.386,Subject05,Backwards,68.03
160,735,1.681,0.0037,0.0444,0.8294,0.8034,25.541,0.0062,0.0071,0.0146,0.0115,0.0052,0.0099,0.009,0.0188,0.0049,0.0061,0.0144,0.0132,0.0065,0.0107,0.0098,0.0174,3.386,Subject05,Backwards,68.03
160,750,1.7158,0.0043,0.0448,0.8717,0.795,21.8267,0.0064,0.0081,0.015,0.011,0.0053,0.011,0.0098,0.0242,0.0054,0.0063,0.0151,0.0165,0.0069,0.0123,0.0106,0.0193,3.386,Subject05,Backwards,68.03
160,765,1.6485,0.0041,0.0538,0.8575,0.7331,18.2553,0.0057,0.0082,0.0159,0.011,0.0052,0.01,0.0095,0.0269,0.0049,0.0067,0.0159,0.0129,0.0069,0.0087,0.0086,0.0198,3.386,Subject05,Backwards,68.03
160,780,1.913,0.0038,0.0489,0.9673,0.893,20.2553,0.0059,0.0081,0.0153,0.0109,0.0057,0.0103,0.0089,0.0194,0.0047,0.0065,0.015,0.014,0.0068,0.0088,0.0084,0.0127,3.386,Subject05,Backwards,68.03
160,795,1.7767,0.0052,0.0547,0.9129,0.804,19.6838,0.0059,0.0069,0.0141,0.0103,0.005,0.0095,0.0086,0.0196,0.0046,0.0055,0.0141,0.0161,0.0069,0.0106,0.0101,0.0118,3.386,Subject05,Backwards,68.03
160,810,1.7184,0.005,0.0529,0.8934,0.7671,18.541,0.0055,0.0069,0.0142,0.0107,0.0049,0.0093,0.0089,0.0177,0.0044,0.0053,0.014,0.014,0.0067,0.0098,0.0091,0.012,3.386,Subject05,Backwards,68.03
160,825,1.7505,0.0053,0.0544,0.888,0.8029,21.2553,0.0056,0.007,0.0159,0.0112,0.0058,0.009,0.0086,0.0198,0.0053,0.0065,0.0164,0.0122,0.0068,0.0083,0.0082,0.0125,3.386,Subject05,Backwards,68.03
160,840,1.6677,0.0039,0.0434,0.8718,0.7486,22.3981,0.0063,0.007,0.013,0.0112,0.005,0.0092,0.0083,0.0182,0.0048,0.0061,0.0141,0.0149,0.0062,0.011,0.0094,0.0123,3.386,Subject05,Backwards,68.03
160,855,1.6511,0.0028,0.0384,0.8439,0.7659,25.2553,0.0054,0.0067,0.0128,0.0105,0.005,0.0093,0.0087,0.0176,0.0042,0.0062,0.0142,0.0127,0.0063,0.0086,0.0083,0.0143,3.386,Subject05,Backwards,68.03
161,870,1.759,0.0035,0.0461,0.9272,0.7822,26.8267,0.0051,0.0063,0.0129,0.0094,0.0048,0.0086,0.0075,0.016,0.0034,0.0052,0.0132,0.0125,0.0057,0.0096,0.009,0.01,3.386,Subject05,Backwards,68.03
161,885,1.7267,0.0033,0.0446,0.904,0.7748,26.6838,0.0045,0.0065,0.0131,0.01,0.0047,0.0084,0.0082,0.016,0.0035,0.0053,0.0126,0.0099,0.0055,0.0072,0.0074,0.013,3.386,Subject05,Backwards,68.03
161,900,1.7744,0.004,0.0515,0.9158,0.8032,24.9696,0.005,0.006,0.0132,0.0086,0.0049,0.0085,0.0082,0.0173,0.0034,0.0049,0.0125,0.0109,0.0054,0.0082,0.0079,0.0125,3.386,Subject05,Backwards,68.03
161,915,1.7194,0.0048,0.0525,0.892,0.77,23.6838,0.0051,0.0065,0.0146,0.0107,0.005,0.0084,0.0079,0.0208,0.0033,0.0049,0.0129,0.0108,0.0056,0.0104,0.0088,0.0137,3.386,Subject05,Backwards,68.03
161,930,1.6085,0.0044,0.0501,0.8113,0.7427,20.8267,0.0053,0.007,0.0138,0.0089,0.0048,0.0071,0.0075,0.0181,0.0034,0.0044,0.0119,0.0133,0.0053,0.0118,0.011,0.01,3.386,Subject05,Backwards,68.03
161,945,1.507,0.0036,0.0427,0.7775,0.6831,23.8267,0.0047,0.0064,0.0115,0.0099,0.0042,0.0078,0.0084,0.0139,0.0038,0.0052,0.0125,0.0125,0.0056,0.0116,0.0114,0.009,3.386,Subject05,Backwards,68.03
161,960,1.617,0.0038,0.0444,0.8212,0.7475,21.166,0.0052,0.0054,0.011,0.0095,0.0046,0.0091,0.0089,0.0149,0.0041,0.005,0.0124,0.0129,0.0058,0.0134,0.0106,0.01,3.386,Subject05,Backwards,68.03
161,975,1.7096,0.0039,0.0458,0.8706,0.7893,18.8743,0.0049,0.0063,0.0129,0.0086,0.0047,0.0085,0.0083,0.0177,0.0041,0.0047,0.0124,0.0135,0.0056,0.0126,0.0109,0.0112,3.386,Subject05,Backwards,68.03
161,990,1.723,0.0044,0.0488,0.8511,0.8187,22.041,0.0049,0.006,0.0119,0.0092,0.0047,0.0095,0.0098,0.0123,0.004,0.0052,0.0119,0.0113,0.0057,0.0095,0.0088,0.0103,3.386,Subject05,Backwards,68.03
161,1005,1.8167,0.005,0.0511,0.943,0.8176,21.2553,0.0047,0.0066,0.0122,0.0102,0.0047,0.0079,0.0081,0.0126,0.0041,0.005,0.012,0.013,0.0057,0.0095,0.0088,0.011,3.386,Subject05,Backwards,68.03
162,1080,2.7697,0.0039,0.0544,1.3592,1.3521,23.6838,0.006,0.0082,0.0171,0.0119,0.0066,0.0145,0.0119,0.0237,0.0055,0.008,0.0163,0.0127,0.0077,0.0133,0.011,0.0194,4.8032,Subject05,Backwards,68.03
162,1095,2.8719,0.0034,0.0609,1.4801,1.3275,29.2553,0.0057,0.0088,0.0158,0.0095,0.0058,0.0141,0.011,0.0196,0.0051,0.0068,0.0146,0.0126,0.0074,0.0142,0.0113,0.016,4.8032,Subject05,Backwards,68.03
162,1110,2.848,0.0045,0.0578,1.4185,1.3672,29.541,0.0052,0.0088,0.0174,0.0096,0.0058,0.0139,0.0108,0.022,0.0046,0.0078,0.016,0.0123,0.0078,0.0115,0.0098,0.0167,4.8032,Subject05,Backwards,68.03
162,1125,2.8438,0.0045,0.0608,1.4293,1.3492,27.291,0.005,0.0082,0.0162,0.0101,0.0059,0.0132,0.0107,0.0178,0.0049,0.0074,0.0164,0.0128,0.0079,0.0116,0.0096,0.0164,4.8032,Subject05,Backwards,68.03
162,1140,2.9217,0.0041,0.0687,1.4308,1.4181,28.541,0.0052,0.0096,0.0178,0.0113,0.0066,0.0122,0.0097,0.0209,0.0046,0.0081,0.017,0.0123,0.0078,0.0094,0.0083,0.0183,4.8032,Subject05,Backwards,68.03
162,1155,2.8113,0.0054,0.0618,1.4573,1.2869,26.341,0.0054,0.0085,0.0173,0.0091,0.0061,0.0132,0.0097,0.0168,0.0047,0.0069,0.0165,0.0134,0.0072,0.0128,0.0105,0.0139,4.8032,Subject05,Backwards,68.03
162,1170,2.804,0.0046,0.065,1.4109,1.3235,25.291,0.0056,0.0081,0.0149,0.0094,0.0059,0.013,0.0109,0.0173,0.0048,0.0066,0.0152,0.0134,0.007,0.0118,0.0101,0.0149,4.8032,Subject05,Backwards,68.03
162,1185,2.7398,0.0042,0.0617,1.3963,1.2776,25.941,0.0058,0.0081,0.0158,0.0101,0.0061,0.0132,0.01,0.0186,0.0052,0.0067,0.0166,0.0154,0.0074,0.0117,0.0098,0.0133,4.8032,Subject05,Backwards,68.03
162,1200,2.8923,0.0049,0.0603,1.4907,1.3364,26.166,0.006,0.008,0.0151,0.011,0.006,0.0142,0.0108,0.0173,0.0046,0.0078,0.0163,0.0142,0.0077,0.015,0.0118,0.0138,4.8032,Subject05,Backwards,68.03
162,1215,2.7296,0.0038,0.053,1.414,1.2588,28.2553,0.0059,0.0079,0.0169,0.0103,0.0063,0.0136,0.0104,0.0204,0.0053,0.0084,0.017,0.0125,0.0075,0.0123,0.0106,0.0157,4.8032,Subject05,Backwards,68.03
163,1230,2.793,0.006,0.0692,1.3994,1.3184,27.416,0.0055,0.0088,0.0182,0.0098,0.0064,0.0123,0.0096,0.0195,0.0044,0.0073,0.0172,0.0137,0.0072,0.0106,0.009,0.0139,4.8032,Subject05,Backwards,68.03
163,1245,2.7067,0.0063,0.0748,1.3514,1.2743,32.541,0.0049,0.0097,0.0173,0.011,0.0061,0.0118,0.0097,0.0179,0.0042,0.0081,0.017,0.0155,0.0075,0.0108,0.0101,0.0133,4.8032,Subject05,Backwards,68.03
163,1260,2.7699,0.0071,0.0805,1.4061,1.2762,30.791,0.005,0.0096,0.0188,0.0099,0.0065,0.012,0.0098,0.0184,0.0042,0.0081,0.0189,0.0138,0.0081,0.0096,0.0096,0.0145,4.8032,Subject05,Backwards,68.03
163,1275,2.7315,0.0072,0.0768,1.3803,1.2672,32.041,0.0057,0.0097,0.016,0.0107,0.0062,0.0125,0.0098,0.0148,0.0048,0.0083,0.0186,0.0137,0.0078,0.012,0.011,0.0137,4.8032,Subject05,Backwards,68.03
163,1290,2.7324,0.0047,0.066,1.3704,1.2912,32.541,0.0057,0.0084,0.0159,0.0095,0.0062,0.0113,0.0106,0.0144,0.0045,0.0073,0.017,0.0148,0.0079,0.0108,0.0109,0.0136,4.8032,Subject05,Backwards,68.03
163,1305,2.8865,0.0046,0.0633,1.5542,1.2644,30.291,0.0055,0.0088,0.0162,0.0107,0.0067,0.0122,0.0103,0.0171,0.0044,0.0078,0.0178,0.0156,0.009,0.0109,0.0103,0.0154,4.8032,Subject05,Backwards,68.03
163,1320,2.8207,0.0046,0.0626,1.4521,1.3014,31.541,0.0058,0.0081,0.015,0.0116,0.0062,0.0145,0.0116,0.0157,0.0049,0.008,0.017,0.0148,0.0082,0.0136,0.0118,0.0144,4.8032,Subject05,Backwards,68.03
163,1335,2.8756,0.0043,0.0645,1.4767,1.3302,31.291,0.0055,0.0085,0.0155,0.0109,0.0061,0.0136,0.0113,0.014,0.0046,0.0079,0.0157,0.0155,0.0079,0.0111,0.0104,0.0124,4.8032,Subject05,Backwards,68.03
163,1350,2.8811,0.0068,0.0786,1.4657,1.3299,29.741,0.0059,0.0081,0.0153,0.0104,0.0061,0.0119,0.0102,0.0152,0.0048,0.0078,0.0177,0.0151,0.008,0.0132,0.011,0.0109,4.8032,Subject05,Backwards,68.03
163,1365,2.8283,0.0074,0.0815,1.4159,1.3236,29.041,0.0062,0.0095,0.0163,0.0106,0.0062,0.0111,0.0097,0.0155,0.0039,0.0072,0.016,0.0144,0.0077,0.0113,0.0107,0.0135,4.8032,Subject05,Backwards,68.03
164,360,2.921,0.003,0.0605,1.458,1.3995,7.2381,0.0069,0.0037,0.0095,0.0153,0.0066,0.0247,0.0186,0.018,0.0064,0.0037,0.0115,0.0224,0.0065,0.0199,0.0143,0.0142,5.6088,Subject05,Incline,68.03
164,375,3.2552,0.003,0.0671,1.6184,1.5667,22.2381,0.007,0.0043,0.0111,0.0141,0.0083,0.021,0.0184,0.018,0.0073,0.0043,0.0133,0.0191,0.0079,0.0194,0.0151,0.0165,5.6088,Subject05,Incline,68.03
164,390,3.2418,0.0028,0.068,1.6279,1.5431,22.5714,0.0073,0.0043,0.0111,0.0152,0.0089,0.0213,0.0178,0.0174,0.0074,0.004,0.0124,0.0182,0.008,0.0182,0.0147,0.0155,5.6088,Subject05,Incline,68.03
164,405,3.2688,0.0027,0.0676,1.6369,1.5616,21.7381,0.0067,0.0041,0.0106,0.0152,0.0086,0.0203,0.0173,0.0165,0.0075,0.0043,0.0127,0.0198,0.0084,0.0187,0.0149,0.0164,5.6088,Subject05,Incline,68.03
164,420,3.2709,0.0027,0.0681,1.6415,1.5585,21.9048,0.0067,0.0039,0.0099,0.0155,0.0084,0.0212,0.0177,0.0161,0.0074,0.0044,0.0127,0.0179,0.0079,0.0178,0.0156,0.0185,5.6088,Subject05,Incline,68.03
164,435,3.2671,0.0027,0.0633,1.6475,1.5537,23.5714,0.0072,0.0035,0.0091,0.0151,0.0081,0.0214,0.0174,0.0163,0.007,0.0041,0.0121,0.0199,0.0079,0.0175,0.0142,0.0159,5.6088,Subject05,Incline,68.03
164,450,3.2449,0.0025,0.0653,1.6491,1.5281,24.2381,0.0062,0.0037,0.0099,0.0155,0.0086,0.02,0.0171,0.0159,0.0071,0.0039,0.0119,0.0192,0.008,0.0165,0.0138,0.0163,5.6088,Subject05,Incline,68.03
164,465,3.2523,0.0028,0.0661,1.6274,1.5561,26.2381,0.0061,0.0037,0.0099,0.0129,0.0074,0.0189,0.0166,0.0157,0.0067,0.0042,0.0123,0.0184,0.0077,0.017,0.0143,0.0167,5.6088,Subject05,Incline,68.03
164,480,3.266,0.0028,0.0692,1.6359,1.5582,27.4881,0.0054,0.0038,0.0099,0.0133,0.0076,0.0193,0.0162,0.0156,0.0066,0.0039,0.012,0.018,0.0077,0.0167,0.0136,0.0156,5.6088,Subject05,Incline,68.03
164,495,3.3171,0.0026,0.0663,1.6722,1.5761,31.2381,0.0053,0.0035,0.009,0.0144,0.0079,0.0184,0.0152,0.0145,0.0067,0.0037,0.0118,0.0216,0.0074,0.0165,0.013,0.0153,5.6088,Subject05,Incline,68.03
165,510,3.2977,0.0032,0.0653,1.6482,1.581,28.9048,0.0058,0.0033,0.0089,0.0146,0.008,0.0178,0.0156,0.0153,0.0059,0.0039,0.0115,0.0194,0.0073,0.0163,0.0136,0.015,5.6088,Subject05,Incline,68.03
165,525,3.3206,0.0028,0.066,1.6501,1.6016,26.9048,0.0057,0.0035,0.0094,0.015,0.0075,0.0186,0.0153,0.0148,0.0065,0.0037,0.0109,0.0194,0.0076,0.017,0.0141,0.0157,5.6088,Subject05,Incline,68.03
165,540,3.2868,0.003,0.0683,1.6343,1.5812,27.2381,0.0059,0.0034,0.0091,0.0156,0.0087,0.0199,0.0163,0.0153,0.0066,0.0036,0.0118,0.0199,0.0079,0.0158,0.0138,0.0155,5.6088,Subject05,Incline,68.03
165,555,3.3312,0.003,0.0628,1.6748,1.5906,28.5714,0.0059,0.0032,0.009,0.0155,0.0077,0.0183,0.0154,0.0156,0.0061,0.0034,0.0102,0.0184,0.0072,0.0156,0.0127,0.0143,5.6088,Subject05,Incline,68.03
165,570,3.2893,0.0034,0.0631,1.6123,1.6105,26.5714,0.005,0.0033,0.0083,0.0158,0.0089,0.017,0.0145,0.0154,0.0061,0.0037,0.0112,0.0182,0.0078,0.0156,0.0124,0.0133,5.6088,Subject05,Incline,68.03
165,585,3.35,0.0032,0.0656,1.7276,1.5536,28.5714,0.0055,0.0031,0.0084,0.0156,0.0084,0.0194,0.0153,0.0154,0.0063,0.0033,0.0105,0.0231,0.0077,0.0155,0.0124,0.0153,5.6088,Subject05,Incline,68.03
165,600,3.2507,0.0033,0.0635,1.5949,1.589,28.2381,0.0056,0.0033,0.0089,0.0148,0.0078,0.0183,0.0141,0.0145,0.006,0.0037,0.01,0.018,0.0075,0.016,0.0128,0.015,5.6088,Subject05,Incline,68.03
165,615,3.3423,0.0033,0.0703,1.6551,1.6136,29.9048,0.0055,0.0034,0.009,0.0136,0.0082,0.0182,0.0153,0.0145,0.0062,0.0037,0.0113,0.0169,0.0078,0.0157,0.0129,0.0147,5.6088,Subject05,Incline,68.03
165,630,3.3474,0.0034,0.0702,1.7151,1.5586,29.7381,0.0052,0.0033,0.009,0.0138,0.0075,0.0173,0.0146,0.0141,0.0062,0.0038,0.0116,0.0183,0.007,0.0152,0.0124,0.0143,5.6088,Subject05,Incline,68.03
165,645,3.2965,0.0035,0.0726,1.6659,1.5544,30.9048,0.0053,0.0034,0.0094,0.0142,0.008,0.0173,0.0144,0.0135,0.0063,0.0039,0.0111,0.0181,0.0067,0.0148,0.0124,0.0141,5.6088,Subject05,Incline,68.03
166,720,1.4399,0.0033,0.044,0.7598,0.6328,29.2381,0.0057,0.0025,0.0067,0.0114,0.0041,0.0142,0.0099,0.0077,0.0056,0.0025,0.0093,0.0133,0.0049,0.0077,0.0058,0.0064,2.744,Subject05,Incline,68.03
166,735,1.4469,0.0034,0.0471,0.7323,0.6641,23.2381,0.005,0.0025,0.0064,0.0115,0.0042,0.0124,0.0081,0.0082,0.006,0.0029,0.0099,0.0161,0.005,0.0076,0.0059,0.008,2.744,Subject05,Incline,68.03
166,750,1.5189,0.0031,0.0458,0.7275,0.7424,23.2381,0.0057,0.0026,0.0068,0.0123,0.0041,0.0113,0.0084,0.0075,0.0057,0.0027,0.0088,0.0128,0.0047,0.0089,0.0065,0.0086,2.744,Subject05,Incline,68.03
166,765,1.4034,0.0025,0.0361,0.6981,0.6667,19.9048,0.0052,0.0024,0.0064,0.0101,0.004,0.0118,0.0086,0.0076,0.0054,0.0029,0.01,0.0104,0.0048,0.0085,0.007,0.0072,2.744,Subject05,Incline,68.03
166,780,1.4421,0.0031,0.0397,0.7001,0.6993,18.2381,0.0056,0.0027,0.0073,0.0109,0.004,0.0114,0.0084,0.0071,0.0054,0.0028,0.0089,0.0153,0.0044,0.0084,0.0061,0.006,2.744,Subject05,Incline,68.03
166,795,1.4896,0.0031,0.0428,0.7643,0.6794,15.5714,0.0049,0.0025,0.0071,0.0106,0.0042,0.0133,0.009,0.0078,0.0051,0.003,0.0102,0.0152,0.0051,0.0081,0.0058,0.0068,2.744,Subject05,Incline,68.03
166,810,1.4246,0.0031,0.0405,0.6919,0.6891,16.7381,0.0052,0.0026,0.0076,0.0083,0.0039,0.0121,0.009,0.0075,0.0046,0.003,0.0099,0.0092,0.0048,0.0085,0.0068,0.0078,2.744,Subject05,Incline,68.03
166,825,1.3955,0.0025,0.0377,0.6464,0.7088,15.5714,0.0055,0.0026,0.0074,0.0113,0.0043,0.0126,0.0095,0.008,0.0057,0.0027,0.0098,0.0125,0.0049,0.0091,0.0063,0.0065,2.744,Subject05,Incline,68.03
166,840,1.4435,0.0028,0.0377,0.6998,0.7032,15.2381,0.0055,0.0026,0.0071,0.0101,0.0036,0.0111,0.0079,0.007,0.0057,0.0029,0.011,0.0137,0.005,0.0085,0.0065,0.0083,2.744,Subject05,Incline,68.03
166,855,1.4113,0.0031,0.0405,0.7023,0.6654,16.9048,0.0053,0.0025,0.0067,0.0093,0.0037,0.0121,0.0087,0.008,0.0054,0.0028,0.0102,0.0115,0.005,0.008,0.0057,0.0079,2.744,Subject05,Incline,68.03
167,870,1.4304,0.0028,0.0414,0.706,0.6804,17.7381,0.0051,0.0025,0.0072,0.0101,0.0038,0.0115,0.0089,0.007,0.005,0.0029,0.01,0.0083,0.0047,0.0086,0.0065,0.0077,2.744,Subject05,Incline,68.03
167,885,1.4227,0.0028,0.0403,0.6745,0.7051,17.2381,0.0043,0.0027,0.0074,0.0064,0.0036,0.0111,0.0088,0.0073,0.0043,0.0028,0.0104,0.0079,0.0051,0.0084,0.0067,0.0073,2.744,Subject05,Incline,68.03
167,900,1.4265,0.0027,0.0385,0.6858,0.6995,18.9048,0.0043,0.0025,0.007,0.0067,0.0035,0.0122,0.0102,0.0083,0.0048,0.0028,0.0101,0.0089,0.0047,0.0082,0.0069,0.0068,2.744,Subject05,Incline,68.03
167,915,1.3647,0.0029,0.038,0.7075,0.6162,18.2381,0.0048,0.0026,0.0073,0.0086,0.0036,0.0112,0.0088,0.0069,0.0046,0.0029,0.0108,0.0113,0.0049,0.0079,0.0065,0.008,2.744,Subject05,Incline,68.03
167,930,1.319,0.003,0.0381,0.6407,0.6373,15.2381,0.0051,0.0026,0.0078,0.0105,0.0043,0.0122,0.0092,0.0078,0.0051,0.0027,0.0091,0.0114,0.0044,0.0085,0.0065,0.0061,2.744,Subject05,Incline,68.03
167,945,1.3932,0.0024,0.0373,0.6876,0.6659,14.2381,0.0048,0.0025,0.0069,0.0096,0.0041,0.0118,0.0084,0.0082,0.006,0.0029,0.0101,0.0121,0.005,0.0088,0.0067,0.0079,2.744,Subject05,Incline,68.03
167,960,1.3644,0.0028,0.0382,0.6971,0.6263,15.9048,0.0054,0.0025,0.0068,0.0105,0.0038,0.0123,0.0089,0.0073,0.006,0.0027,0.0098,0.014,0.005,0.0083,0.0066,0.0081,2.744,Subject05,Incline,68.03
167,975,1.4381,0.0037,0.0428,0.7057,0.686,15.2381,0.0058,0.0026,0.0069,0.0108,0.004,0.0127,0.009,0.009,0.0057,0.0027,0.0095,0.0109,0.0045,0.0079,0.0064,0.0085,2.744,Subject05,Incline,68.03
167,990,1.4007,0.0031,0.0425,0.6596,0.6955,16.5714,0.0049,0.0026,0.0075,0.0092,0.0041,0.0116,0.0081,0.0077,0.0059,0.0028,0.0104,0.0126,0.0047,0.0088,0.007,0.0074,2.744,Subject05,Incline,68.03
167,1005,1.441,0.0044,0.048,0.7096,0.679,20.5714,0.0047,0.0025,0.007,0.009,0.0037,0.0115,0.0092,0.0071,0.0057,0.0028,0.0102,0.0087,0.0046,0.0086,0.0069,0.0073,2.744,Subject05,Incline,68.03
168,1080,1.0301,0.0065,0.0751,0.4755,0.4729,16.4381,0.0034,0.0021,0.0044,0.008,0.0054,0.0078,0.0067,0.0064,0.0036,0.0027,0.0078,0.0084,0.0049,0.006,0.0059,0.0076,0.1289,Subject05,Incline,68.03
168,1095,0.3163,0.0027,0.0306,0.0864,0.1967,21.2381,0.0019,0.0016,0.0023,0.0019,0.0028,0.0026,0.0029,0.0047,0.0017,0.0018,0.0026,0.0046,0.0037,0.0021,0.0023,0.0081,0.1289,Subject05,Incline,68.03
168,1110,0.0542,0.0024,0.0227,0.0167,0.0125,16.2381,0.0017,0.0012,0.0018,0.002,0.0037,0.0063,0.0033,0.0024,0.0015,0.0011,0.0016,0.0052,0.0043,0.0032,0.0025,0.0024,0.1289,Subject05,Incline,68.03
168,1125,0.0081,0.0002,0.0022,0.0035,0.0023,16.9881,0.0015,0.001,0.0012,0.001,0.0017,0.005,0.0014,0.0014,0.0014,0.001,0.0012,0.0053,0.0046,0.0023,0.0012,0.0014,0.1289,Subject05,Incline,68.03
168,1140,0.009,0.0002,0.0026,0.0038,0.0025,8.6381,0.0015,0.001,0.0013,0.0017,0.0035,0.0055,0.0016,0.0025,0.0014,0.0012,0.0019,0.0029,0.0038,0.0033,0.0016,0.0037,0.1289,Subject05,Incline,68.03
168,1155,0.0092,0.0002,0.0028,0.0037,0.0025,6.2381,0.0015,0.001,0.0012,0.0012,0.0018,0.0058,0.0014,0.0012,0.0014,0.001,0.0012,0.0036,0.0039,0.0029,0.0012,0.0015,0.1289,Subject05,Incline,68.03
168,1170,0.0111,0.0003,0.0036,0.004,0.0032,10.0381,0.0026,0.001,0.0012,0.0017,0.0012,0.0067,0.0026,0.0014,0.0026,0.001,0.0012,0.0064,0.0042,0.0044,0.0016,0.0017,0.1289,Subject05,Incline,68.03
168,1185,0.0086,0.0002,0.0024,0.0036,0.0024,9.9881,0.0015,0.0009,0.0012,0.0014,0.0009,0.0053,0.0019,0.0012,0.0013,0.0009,0.0012,0.0059,0.0037,0.0038,0.0012,0.0025,0.1289,Subject05,Incline,68.03
168,1200,0.724,0.0053,0.0622,0.3341,0.3224,13.2381,0.0032,0.0032,0.0066,0.0046,0.0041,0.0071,0.0068,0.0144,0.0028,0.0018,0.0046,0.0075,0.0048,0.0047,0.0037,0.0087,0.1289,Subject05,Incline,68.03
168,1215,0.0086,0.0002,0.0024,0.0037,0.0025,12.4381,0.0015,0.001,0.0012,0.001,0.0009,0.0067,0.0026,0.0013,0.0014,0.001,0.0012,0.0073,0.0042,0.0039,0.0013,0.0029,0.1289,Subject05,Incline,68.03
169,1230,0.0089,0.0002,0.0026,0.0036,0.0024,6.4881,0.0015,0.001,0.0012,0.0014,0.001,0.007,0.0023,0.0014,0.0014,0.001,0.0012,0.0067,0.0041,0.0031,0.0015,0.0033,0.1289,Subject05,Incline,68.03
169,1245,0.0089,0.0002,0.0024,0.0036,0.0027,5.2381,0.0015,0.0013,0.0021,0.0012,0.0012,0.0097,0.0028,0.0024,0.0014,0.001,0.0012,0.0061,0.0042,0.0046,0.0014,0.0024,0.1289,Subject05,Incline,68.03
169,1260,0.0087,0.0002,0.0025,0.0036,0.0024,8.4881,0.0015,0.001,0.0012,0.0012,0.0009,0.0083,0.0025,0.0014,0.0014,0.001,0.0012,0.0068,0.0046,0.0037,0.0017,0.0014,0.1289,Subject05,Incline,68.03
169,1275,0.0087,0.0002,0.0023,0.0037,0.0025,10.4881,0.0015,0.001,0.0013,0.0014,0.0009,0.0085,0.0031,0.0016,0.0014,0.0009,0.0012,0.0061,0.0042,0.006,0.0019,0.0017,0.1289,Subject05,Incline,68.03
169,1290,0.0078,0.0002,0.0022,0.0033,0.0021,12.4881,0.0015,0.001,0.0012,0.0013,0.0009,0.0099,0.0031,0.0013,0.0014,0.001,0.0012,0.0055,0.0044,0.0054,0.0019,0.001,0.1289,Subject05,Incline,68.03
169,1305,0.0079,0.0002,0.0022,0.0034,0.0021,15.6381,0.0015,0.001,0.0012,0.0019,0.0011,0.0083,0.0028,0.0016,0.0014,0.001,0.0012,0.0063,0.0046,0.0046,0.0014,0.0013,0.1289,Subject05,Incline,68.03
169,1320,0.01,0.0003,0.0033,0.0039,0.0026,14.4881,0.0015,0.0012,0.0019,0.0022,0.0012,0.0098,0.003,0.0023,0.0015,0.001,0.0012,0.0074,0.004,0.0054,0.002,0.0022,0.1289,Subject05,Incline,68.03
169,1335,0.0084,0.0002,0.0023,0.0036,0.0023,13.9881,0.0015,0.001,0.0012,0.0023,0.0009,0.0075,0.0021,0.0015,0.0014,0.001,0.0012,0.0058,0.0041,0.0027,0.0015,0.0034,0.1289,Subject05,Incline,68.03
169,1350,0.0093,0.0002,0.0024,0.0042,0.0025,11.7381,0.0015,0.001,0.0012,0.0016,0.0011,0.0098,0.0027,0.0013,0.0013,0.001,0.0012,0.0053,0.0043,0.0025,0.0021,0.0016,0.1289,Subject05,Incline,68.03
169,1365,0.0091,0.0002,0.0026,0.0038,0.0025,10.7381,0.0015,0.0009,0.0012,0.0016,0.0009,0.0095,0.0018,0.0015,0.0014,0.001,0.0012,0.0074,0.0044,0.0035,0.0017,0.0029,0.1289,Subject05,Incline,68.03
170,1440,1.0461,0.0019,0.0364,0.4941,0.5137,6.4381,0.0062,0.0032,0.0108,0.012,0.0053,0.0189,0.015,0.0113,0.0066,0.0031,0.0114,0.0096,0.0058,0.0133,0.0104,0.0091,5.1934,Subject05,Incline,68.03
170,1455,1.1706,0.0028,0.0431,0.5629,0.5618,19.7381,0.0072,0.0037,0.0121,0.0124,0.0057,0.0164,0.0154,0.0107,0.0084,0.0037,0.014,0.0098,0.0072,0.0136,0.0107,0.0094,5.1934,Subject05,Incline,68.03
170,1470,1.1243,0.003,0.043,0.5564,0.522,28.5714,0.0065,0.0035,0.0121,0.0102,0.0051,0.0151,0.0144,0.0099,0.0079,0.0039,0.0141,0.0067,0.0066,0.0118,0.0101,0.009,5.1934,Subject05,Incline,68.03
170,1485,1.162,0.003,0.0469,0.5432,0.569,28.7381,0.0058,0.0038,0.0124,0.0076,0.0048,0.0145,0.014,0.0104,0.0072,0.0041,0.016,0.0053,0.0073,0.0118,0.0111,0.0082,5.1934,Subject05,Incline,68.03
170,1500,1.0858,0.003,0.0419,0.5225,0.5184,28.2381,0.0057,0.0038,0.0124,0.007,0.0049,0.0142,0.0136,0.0089,0.0066,0.0036,0.0139,0.004,0.0062,0.012,0.0116,0.0085,5.1934,Subject05,Incline,68.03
170,1515,1.1761,0.0037,0.0445,0.5612,0.5667,27.4881,0.005,0.004,0.012,0.0059,0.0049,0.0143,0.0137,0.0107,0.0067,0.0041,0.0164,0.0049,0.0073,0.0103,0.0106,0.0085,5.1934,Subject05,Incline,68.03
170,1530,1.1929,0.003,0.0425,0.5628,0.5846,27.9048,0.0063,0.0039,0.0125,0.0102,0.0052,0.0138,0.0125,0.0088,0.0074,0.0033,0.013,0.0083,0.0064,0.0117,0.0093,0.0075,5.1934,Subject05,Incline,68.03
170,1545,1.1277,0.0028,0.0401,0.5604,0.5244,28.7381,0.0057,0.0037,0.0122,0.0088,0.0058,0.0156,0.0145,0.0104,0.0062,0.0036,0.0145,0.0086,0.0066,0.0101,0.0088,0.0087,5.1934,Subject05,Incline,68.03
170,1560,1.1761,0.0034,0.0446,0.5451,0.5831,27.2381,0.0053,0.0038,0.0117,0.008,0.0049,0.0134,0.0135,0.01,0.0071,0.0037,0.0148,0.005,0.0065,0.0106,0.0107,0.0078,5.1934,Subject05,Incline,68.03
170,1575,1.2037,0.0028,0.042,0.5838,0.5752,27.9881,0.0051,0.0039,0.0126,0.0073,0.0048,0.0126,0.0135,0.0082,0.0062,0.0038,0.0146,0.0047,0.0064,0.0108,0.0104,0.0074,5.1934,Subject05,Incline,68.03
171,1590,1.1646,0.0031,0.0433,0.5644,0.5538,25.6381,0.0055,0.0039,0.0118,0.0064,0.0049,0.0135,0.0136,0.0094,0.0068,0.0037,0.0146,0.0056,0.0064,0.0106,0.0104,0.0083,5.1934,Subject05,Incline,68.03
171,1605,1.2167,0.0027,0.0416,0.5852,0.5872,27.0381,0.0048,0.0039,0.0122,0.0096,0.005,0.0132,0.0136,0.0099,0.0062,0.0041,0.0159,0.007,0.0072,0.0113,0.0093,0.0087,5.1934,Subject05,Incline,68.03
171,1620,1.1629,0.0024,0.0407,0.5747,0.5452,29.2381,0.0058,0.0035,0.0123,0.0108,0.0055,0.0146,0.0146,0.0114,0.0075,0.004,0.0144,0.0094,0.0069,0.011,0.0093,0.0093,5.1934,Subject05,Incline,68.03
171,1635,1.1682,0.0031,0.0432,0.5683,0.5536,27.8381,0.0062,0.0037,0.0114,0.0105,0.005,0.0155,0.0158,0.0112,0.0075,0.0039,0.0133,0.0067,0.0068,0.011,0.0095,0.0082,5.1934,Subject05,Incline,68.03
171,1650,1.1681,0.0024,0.0359,0.5664,0.5635,31.0381,0.0048,0.004,0.0121,0.0077,0.0047,0.0133,0.0137,0.0093,0.0058,0.0042,0.0155,0.0045,0.0069,0.0105,0.0097,0.0083,5.1934,Subject05,Incline,68.03
171,1665,1.2015,0.0026,0.0427,0.5689,0.5873,32.2381,0.005,0.0038,0.0121,0.0081,0.0049,0.0132,0.0132,0.0083,0.0056,0.004,0.0138,0.0046,0.0067,0.0121,0.0102,0.0085,5.1934,Subject05,Incline,68.03
171,1680,1.17,0.0026,0.0407,0.5863,0.5404,30.4381,0.004,0.0038,0.0125,0.0048,0.0047,0.0137,0.0142,0.0087,0.0046,0.0043,0.0146,0.0046,0.0068,0.0098,0.0107,0.0087,5.1934,Subject05,Incline,68.03
171,1695,1.2268,0.0032,0.0452,0.593,0.5854,30.8381,0.005,0.0038,0.0119,0.0069,0.0048,0.0139,0.0125,0.009,0.0058,0.0041,0.0147,0.0074,0.0069,0.012,0.0103,0.0092,5.1934,Subject05,Incline,68.03
171,1710,1.1905,0.003,0.0429,0.5601,0.5844,31.6381,0.0049,0.0039,0.0119,0.0074,0.005,0.0134,0.0118,0.0091,0.0063,0.004,0.0152,0.007,0.0072,0.0108,0.0098,0.0092,5.1934,Subject05,Incline,68.03
171,1725,1.1969,0.0026,0.0402,0.5859,0.5683,30.7381,0.0052,0.0036,0.0109,0.0099,0.0051,0.0148,0.0128,0.0112,0.0057,0.0041,0.0142,0.0096,0.007,0.0112,0.0089,0.0092,5.1934,Subject05,Incline,68.03
172,1800,2.8584,0.0034,0.0741,1.4231,1.3577,34.5714,0.0077,0.0047,0.0143,0.0181,0.0119,0.0229,0.0197,0.0188,0.009,0.0049,0.0145,0.0219,0.0108,0.0197,0.0163,0.0167,10.8103,Subject05,Incline,68.03
172,1815,2.9315,0.0031,0.0775,1.4743,1.3766,48.0952,0.0075,0.0049,0.0148,0.0168,0.0108,0.0224,0.0193,0.0185,0.0087,0.0057,0.0152,0.0217,0.011,0.0214,0.0167,0.0189,10.8103,Subject05,Incline,68.03
172,1830,2.8864,0.0028,0.0798,1.4241,1.3798,54.2381,0.0072,0.0053,0.016,0.0159,0.0118,0.0231,0.0185,0.0193,0.009,0.0057,0.0162,0.0186,0.0117,0.021,0.0171,0.0196,10.8103,Subject05,Incline,68.03
172,1845,2.898,0.003,0.0733,1.4474,1.3743,57.9524,0.009,0.0051,0.0163,0.0146,0.0117,0.0232,0.0185,0.0176,0.01,0.0056,0.0154,0.0176,0.0112,0.0215,0.0169,0.0191,10.8103,Subject05,Incline,68.03
172,1860,2.9348,0.0034,0.074,1.4278,1.4296,61.7381,0.0075,0.0053,0.0156,0.0146,0.0104,0.0228,0.0187,0.0195,0.0098,0.0053,0.0155,0.0206,0.0114,0.0197,0.0168,0.0179,10.8103,Subject05,Incline,68.03
172,1875,2.9253,0.0032,0.0734,1.4527,1.396,62.381,0.0084,0.0051,0.0162,0.0144,0.0119,0.0236,0.0185,0.0188,0.0103,0.0053,0.0162,0.0182,0.0116,0.0212,0.017,0.019,10.8103,Subject05,Incline,68.03
172,1890,2.9444,0.0031,0.0702,1.4885,1.3826,66.0714,0.009,0.0052,0.0157,0.0141,0.0116,0.023,0.0185,0.0193,0.0109,0.0055,0.0162,0.0227,0.0114,0.0199,0.0168,0.019,10.8103,Subject05,Incline,68.03
172,1905,2.958,0.0037,0.0795,1.4752,1.3996,67.0952,0.009,0.0052,0.016,0.0138,0.0099,0.0225,0.0177,0.0179,0.0106,0.0055,0.0161,0.0172,0.011,0.0195,0.0157,0.0187,10.8103,Subject05,Incline,68.03
172,1920,2.8991,0.0035,0.0747,1.4465,1.3744,69.2381,0.0081,0.005,0.0161,0.0145,0.0113,0.0228,0.0177,0.0179,0.0099,0.0053,0.0159,0.0185,0.0112,0.0201,0.0166,0.0181,10.8103,Subject05,Incline,68.03
172,1935,2.9672,0.0029,0.0786,1.4483,1.4373,70.2381,0.0085,0.0052,0.0158,0.0163,0.0124,0.0223,0.0176,0.0178,0.009,0.0052,0.0161,0.0195,0.0113,0.0189,0.017,0.0173,10.8103,Subject05,Incline,68.03
173,1950,2.935,0.0035,0.0753,1.4565,1.3996,69.381,0.0078,0.005,0.0156,0.0169,0.0119,0.0234,0.0183,0.0174,0.0093,0.0054,0.015,0.0196,0.011,0.0191,0.0165,0.0171,10.8103,Subject05,Incline,68.03
173,1965,2.9282,0.0036,0.0731,1.4296,1.422,69.7381,0.0085,0.0047,0.014,0.0171,0.0125,0.0233,0.018,0.0176,0.0091,0.005,0.0159,0.0217,0.0103,0.0196,0.017,0.017,10.8103,Subject05,Incline,68.03
173,1980,2.9754,0.0037,0.0765,1.4753,1.4199,72.2381,0.007,0.0049,0.0145,0.0164,0.0124,0.0232,0.0174,0.0176,0.0092,0.0051,0.0155,0.0214,0.0106,0.0191,0.0158,0.0172,10.8103,Subject05,Incline,68.03
173,1995,2.9551,0.0034,0.0736,1.4775,1.4006,73.9524,0.0073,0.005,0.0151,0.017,0.0114,0.0211,0.0167,0.0165,0.0085,0.0051,0.0155,0.0221,0.0112,0.0202,0.0154,0.0173,10.8103,Subject05,Incline,68.03
173,2010,2.9973,0.0037,0.0746,1.4638,1.4551,73.5238,0.0076,0.005,0.0147,0.0162,0.0119,0.0219,0.0172,0.0176,0.0094,0.005,0.0159,0.019,0.0115,0.0197,0.0162,0.0162,10.8103,Subject05,Incline,68.03
173,2025,2.9914,0.0038,0.073,1.4995,1.415,73.9048,0.0074,0.0051,0.0161,0.0155,0.0115,0.0212,0.0165,0.0165,0.0091,0.0053,0.0165,0.0213,0.0115,0.0186,0.0149,0.0161,10.8103,Subject05,Incline,68.03
173,2040,2.9884,0.0043,0.0783,1.5012,1.4046,74.5714,0.0084,0.0051,0.0155,0.0156,0.0116,0.0223,0.0183,0.0164,0.0097,0.0052,0.0158,0.017,0.0114,0.0178,0.015,0.0158,10.8103,Subject05,Incline,68.03
173,2055,2.9792,0.0042,0.0787,1.4913,1.4051,75.5238,0.0075,0.0053,0.0168,0.0142,0.012,0.0216,0.0183,0.0174,0.0089,0.0051,0.0168,0.0176,0.0105,0.0182,0.016,0.0162,10.8103,Subject05,Incline,68.03
173,2070,2.9677,0.0043,0.0805,1.4911,1.3918,76.9048,0.0072,0.0049,0.0145,0.0161,0.0117,0.0219,0.0183,0.0169,0.0088,0.005,0.0153,0.0197,0.0111,0.0191,0.0165,0.0177,10.8103,Subject05,Incline,68.03
173,2085,2.9906,0.0051,0.0799,1.4949,1.4107,76.8095,0.0078,0.0046,0.0155,0.0147,0.0102,0.0226,0.0186,0.0169,0.0088,0.0054,0.0174,0.0161,0.0112,0.0181,0.016,0.0174,10.8103,Subject05,Incline,68.03
174,360,1.8747,0.0018,0.0478,0.9114,0.9137,-2.2515,0.0029,0.0023,0.0049,0.009,0.0039,0.0236,0.0152,0.0095,0.0023,0.0022,0.0055,0.0116,0.0037,0.0129,0.0142,0.0088,2.8884,Subject05,Running,68.03
174,375,4.1125,0.0022,0.1022,2.0086,1.9995,6.0818,0.0033,0.0032,0.0073,0.0105,0.005,0.0283,0.0219,0.0163,0.0029,0.003,0.0093,0.0114,0.0045,0.0182,0.0211,0.0138,2.8884,Subject05,Running,68.03
174,390,4.1516,0.0021,0.1022,2.053,1.9942,12.7818,0.0034,0.0032,0.0069,0.0103,0.0047,0.0275,0.0206,0.0149,0.003,0.0031,0.0093,0.0116,0.0042,0.0178,0.0208,0.0138,2.8884,Subject05,Running,68.03
174,405,4.1692,0.0024,0.0992,2.0648,2.0027,10.2485,0.0034,0.0029,0.0063,0.0097,0.0039,0.0249,0.0197,0.014,0.0031,0.0032,0.0087,0.0112,0.0041,0.0169,0.0196,0.0136,2.8884,Subject05,Running,68.03
174,420,4.1063,0.0022,0.0968,2.0143,1.993,7.5818,0.0032,0.003,0.0064,0.0091,0.0041,0.0252,0.0188,0.0148,0.0028,0.003,0.0082,0.0098,0.0037,0.0163,0.0183,0.0125,2.8884,Subject05,Running,68.03
174,435,4.1983,0.0023,0.096,1.9883,2.1118,6.8318,0.003,0.0031,0.0062,0.0085,0.0042,0.0236,0.0182,0.0141,0.0028,0.0029,0.0079,0.0092,0.0037,0.0164,0.0185,0.0126,2.8884,Subject05,Running,68.03
174,450,4.104,0.0022,0.0899,1.9814,2.0304,5.5818,0.0032,0.003,0.0063,0.0089,0.0041,0.025,0.0191,0.0155,0.0028,0.0028,0.0081,0.0112,0.0037,0.0168,0.019,0.0129,2.8884,Subject05,Running,68.03
174,465,4.1267,0.0028,0.0907,2.0247,2.0084,6.0818,0.0035,0.0032,0.0065,0.0091,0.0041,0.0226,0.0174,0.0137,0.003,0.0033,0.008,0.0107,0.0036,0.0153,0.0175,0.0127,2.8884,Subject05,Running,68.03
174,480,4.1657,0.0025,0.0879,2.0601,2.0151,7.7485,0.0033,0.0031,0.0065,0.0093,0.0044,0.0244,0.018,0.0136,0.003,0.0029,0.008,0.0119,0.0038,0.0149,0.0165,0.0121,2.8884,Subject05,Running,68.03
174,495,4.0947,0.0024,0.086,2.0109,1.9953,5.7485,0.0031,0.0031,0.0063,0.0087,0.004,0.0232,0.0189,0.0151,0.003,0.003,0.008,0.0104,0.0038,0.0152,0.0168,0.0121,2.8884,Subject05,Running,68.03
175,510,4.1077,0.0028,0.085,2.0114,2.0085,4.5818,0.0031,0.0028,0.0061,0.0091,0.0037,0.022,0.0172,0.0132,0.003,0.0028,0.0081,0.0104,0.0036,0.0148,0.0156,0.0114,2.8884,Subject05,Running,68.03
175,525,4.1308,0.003,0.0897,1.9708,2.0672,5.0818,0.0033,0.0031,0.006,0.0086,0.0042,0.0223,0.0169,0.0132,0.003,0.0027,0.0076,0.0105,0.0035,0.0148,0.0164,0.0107,2.8884,Subject05,Running,68.03
175,540,4.0875,0.0029,0.0916,2.0478,1.9452,4.3818,0.0029,0.0027,0.006,0.0076,0.0038,0.024,0.0178,0.0134,0.0027,0.0028,0.0073,0.0101,0.0034,0.0137,0.0144,0.0109,2.8884,Subject05,Running,68.03
175,555,4.1297,0.003,0.0903,2.0848,1.9515,5.8318,0.0029,0.0028,0.0057,0.0076,0.0038,0.0227,0.017,0.0128,0.0026,0.0029,0.0077,0.0099,0.0037,0.0135,0.0145,0.011,2.8884,Subject05,Running,68.03
175,570,4.1446,0.0034,0.0895,2.0406,2.0111,5.5818,0.0029,0.003,0.0061,0.0083,0.0038,0.0217,0.0168,0.013,0.0027,0.0029,0.0078,0.0097,0.0034,0.0138,0.0165,0.0113,2.8884,Subject05,Running,68.03
175,585,4.0534,0.0031,0.0829,1.978,1.9895,6.0818,0.0034,0.0031,0.0064,0.0085,0.0043,0.0226,0.0169,0.0138,0.0031,0.003,0.0075,0.0107,0.0036,0.014,0.0146,0.0105,2.8884,Subject05,Running,68.03
175,600,4.3529,0.0028,0.098,2.1804,2.0717,4.3318,0.0028,0.0029,0.0061,0.0075,0.0039,0.0237,0.0181,0.0131,0.0025,0.0028,0.007,0.0094,0.0033,0.0137,0.016,0.0109,2.8884,Subject05,Running,68.03
175,615,4.3334,0.003,0.0985,2.2215,2.0104,2.8318,0.0028,0.0029,0.006,0.0077,0.0036,0.0216,0.0163,0.0125,0.0029,0.003,0.0076,0.0113,0.0035,0.0127,0.0141,0.0106,2.8884,Subject05,Running,68.03
175,630,4.3601,0.003,0.1032,2.1715,2.0823,5.0818,0.0029,0.0029,0.0059,0.0078,0.0035,0.0211,0.0159,0.0122,0.0027,0.0029,0.0071,0.0099,0.0034,0.0133,0.0153,0.0104,2.8884,Subject05,Running,68.03
175,645,4.2471,0.003,0.0937,2.1026,2.0478,5.7818,0.0031,0.0026,0.0061,0.0088,0.0036,0.0224,0.0166,0.0126,0.0026,0.0028,0.007,0.0083,0.0034,0.0136,0.0145,0.0117,2.8884,Subject05,Running,68.03
176,720,7.6779,0.0204,0.2817,3.6911,3.6847,14.2961,0.0066,0.0077,0.0189,0.0213,0.0146,0.0258,0.0247,0.0282,0.0072,0.0069,0.0181,0.0196,0.0109,0.0207,0.0234,0.0238,10.0767,Subject05,Running,68.03
176,735,7.7626,0.0217,0.3056,3.7504,3.6849,34.8675,0.0062,0.0074,0.0161,0.0181,0.0133,0.0247,0.0206,0.027,0.0078,0.0066,0.018,0.0163,0.0111,0.0225,0.0233,0.0225,10.0767,Subject05,Running,68.03
176,750,7.7345,0.0192,0.3244,3.7137,3.6773,36.5818,0.0061,0.007,0.0161,0.0166,0.0133,0.03,0.0216,0.0257,0.0071,0.0065,0.0178,0.0156,0.0101,0.0209,0.0209,0.0216,10.0767,Subject05,Running,68.03
176,765,7.79,0.0195,0.3329,3.7391,3.6985,40.8318,0.0067,0.0067,0.0149,0.0177,0.0131,0.0279,0.0212,0.0254,0.007,0.0066,0.0175,0.0145,0.0099,0.0217,0.0214,0.0216,10.0767,Subject05,Running,68.03
176,780,7.7109,0.019,0.3525,3.7215,3.6179,42.1818,0.0059,0.0065,0.0139,0.0163,0.0123,0.0286,0.0203,0.0255,0.0074,0.0062,0.0167,0.0154,0.0098,0.0212,0.0199,0.0205,10.0767,Subject05,Running,68.03
176,795,7.7823,0.0193,0.3526,3.763,3.6474,43.9818,0.0064,0.0066,0.015,0.0169,0.0126,0.0283,0.0208,0.0262,0.0075,0.0064,0.0174,0.0147,0.0096,0.0202,0.0194,0.0202,10.0767,Subject05,Running,68.03
176,810,7.8173,0.0184,0.3578,3.708,3.7331,44.3318,0.0058,0.0062,0.0142,0.0162,0.0126,0.0283,0.0199,0.0251,0.0067,0.0061,0.0155,0.0145,0.0094,0.0202,0.0184,0.0196,10.0767,Subject05,Running,68.03
176,825,7.9804,0.0185,0.3613,3.8443,3.7563,47.1818,0.006,0.0061,0.0146,0.0145,0.0121,0.0285,0.0195,0.0247,0.007,0.0061,0.0154,0.0137,0.0089,0.0205,0.0193,0.0194,10.0767,Subject05,Running,68.03
176,840,7.8837,0.0186,0.3735,3.8389,3.6528,49.5818,0.0058,0.006,0.014,0.0141,0.0128,0.0282,0.02,0.0248,0.0073,0.006,0.0155,0.0139,0.0094,0.0208,0.0187,0.0203,10.0767,Subject05,Running,68.03
176,855,7.944,0.0194,0.3604,3.7677,3.7965,52.0818,0.0055,0.0061,0.0151,0.0146,0.0123,0.0276,0.0192,0.0241,0.0069,0.0059,0.0152,0.0139,0.0093,0.0197,0.0192,0.0192,10.0767,Subject05,Running,68.03
177,870,7.9776,0.0195,0.3711,3.8151,3.7718,51.7818,0.0058,0.0066,0.0141,0.0156,0.0116,0.0249,0.018,0.024,0.0073,0.0059,0.0165,0.0138,0.0092,0.0194,0.02,0.0194,10.0767,Subject05,Running,68.03
177,885,7.9441,0.0202,0.3667,3.8065,3.7507,52.1818,0.0056,0.0059,0.014,0.0151,0.0119,0.0268,0.0187,0.0231,0.0071,0.0061,0.016,0.0139,0.0092,0.0195,0.0199,0.0194,10.0767,Subject05,Running,68.03
177,900,7.9087,0.0202,0.3686,3.7664,3.7537,53.0818,0.0053,0.0058,0.0136,0.0156,0.0129,0.027,0.0197,0.0256,0.0068,0.0061,0.0152,0.0148,0.0096,0.0207,0.0184,0.0207,10.0767,Subject05,Running,68.03
177,915,8.0322,0.0202,0.3848,3.8304,3.7968,53.9818,0.0056,0.0063,0.0144,0.0145,0.0121,0.0268,0.0194,0.0247,0.0064,0.006,0.0154,0.0142,0.0089,0.02,0.0177,0.0207,10.0767,Subject05,Running,68.03
177,930,7.9853,0.0199,0.3871,3.7535,3.8248,54.9818,0.0061,0.0062,0.0148,0.015,0.0119,0.0264,0.0186,0.0239,0.0063,0.0059,0.0164,0.0143,0.0099,0.0197,0.0178,0.0201,10.0767,Subject05,Running,68.03
177,945,7.9331,0.0201,0.3786,3.8226,3.7117,59.5818,0.0055,0.0055,0.0136,0.0143,0.0118,0.0266,0.0185,0.024,0.0066,0.006,0.0165,0.0133,0.0092,0.0205,0.0186,0.0197,10.0767,Subject05,Running,68.03
177,960,7.8949,0.0188,0.3739,3.7664,3.7357,59.8318,0.0058,0.0058,0.0133,0.0146,0.0114,0.0277,0.0185,0.0243,0.0065,0.0061,0.0154,0.014,0.0092,0.0206,0.0183,0.0199,10.0767,Subject05,Running,68.03
177,975,7.8383,0.0204,0.3694,3.7482,3.7004,60.1818,0.0053,0.0057,0.0131,0.014,0.0109,0.0272,0.0189,0.0244,0.007,0.0061,0.0155,0.014,0.009,0.0229,0.0192,0.0203,10.0767,Subject05,Running,68.03
177,990,7.8436,0.0219,0.3738,3.7853,3.6626,59.9818,0.0055,0.0057,0.0134,0.0152,0.0113,0.0271,0.0191,0.0241,0.0066,0.0058,0.0154,0.0143,0.0093,0.0213,0.0182,0.0196,10.0767,Subject05,Running,68.03
177,1005,8.0906,0.0197,0.3746,3.8175,3.8789,60.7818,0.0052,0.006,0.0143,0.0144,0.0116,0.026,0.0178,0.022,0.0064,0.0058,0.0148,0.0143,0.0092,0.0188,0.0181,0.0184,10.0767,Subject05,Running,68.03
178,1080,10.7417,0.0269,0.4619,5.0223,5.2306,66.7485,0.0065,0.0078,0.0158,0.0197,0.0128,0.025,0.0203,0.0265,0.0075,0.0073,0.0194,0.0183,0.01,0.0207,0.0204,0.0231,13.1853,Subject05,Running,68.03
178,1095,10.6544,0.0295,0.4757,4.9848,5.1644,70.5818,0.0071,0.0075,0.0155,0.0186,0.0132,0.0243,0.0194,0.0267,0.008,0.0069,0.018,0.0184,0.0104,0.0211,0.0201,0.0227,13.1853,Subject05,Running,68.03
178,1110,10.5768,0.0305,0.4901,4.9528,5.1034,71.8318,0.006,0.0074,0.0147,0.018,0.0124,0.0253,0.0185,0.0254,0.008,0.0074,0.0179,0.018,0.01,0.0217,0.0197,0.0219,13.1853,Subject05,Running,68.03
178,1125,11.0077,0.0289,0.5201,5.1622,5.2965,73.9818,0.0066,0.0079,0.0163,0.0183,0.0119,0.0236,0.0181,0.0246,0.0074,0.0078,0.018,0.0173,0.0101,0.0204,0.02,0.022,13.1853,Subject05,Running,68.03
178,1140,10.8643,0.0323,0.5254,5.1486,5.158,75.3818,0.0065,0.0077,0.0152,0.0184,0.0118,0.0224,0.0181,0.0245,0.0078,0.0075,0.0182,0.0175,0.01,0.0204,0.0194,0.0215,13.1853,Subject05,Running,68.03
178,1155,10.8035,0.0306,0.5354,5.0978,5.1396,76.9818,0.0064,0.0073,0.016,0.018,0.0111,0.0244,0.0181,0.024,0.0082,0.0074,0.0176,0.017,0.01,0.0217,0.019,0.0212,13.1853,Subject05,Running,68.03
178,1170,10.4216,0.0326,0.5257,4.9187,4.9445,78.9818,0.0059,0.0069,0.0156,0.0169,0.0114,0.0244,0.0185,0.0239,0.0078,0.0069,0.0176,0.0152,0.01,0.0229,0.019,0.0202,13.1853,Subject05,Running,68.03
178,1185,10.6007,0.033,0.5274,4.9561,5.0843,81.7818,0.0063,0.0068,0.0156,0.0168,0.0117,0.025,0.0185,0.0244,0.0076,0.0071,0.0175,0.0147,0.0099,0.0219,0.0187,0.02,13.1853,Subject05,Running,68.03
178,1200,10.806,0.032,0.5319,5.0685,5.1736,82.5818,0.0065,0.0075,0.0168,0.0176,0.0122,0.025,0.018,0.0242,0.0073,0.0068,0.0185,0.0163,0.0102,0.0205,0.0185,0.0207,13.1853,Subject05,Running,68.03
178,1215,10.9332,0.0346,0.5159,5.1161,5.2666,82.9818,0.0062,0.0074,0.0174,0.0184,0.0129,0.0236,0.0193,0.0255,0.0073,0.0067,0.0189,0.0165,0.01,0.0198,0.0198,0.0212,13.1853,Subject05,Running,68.03
179,1230,10.8247,0.0267,0.4885,5.0524,5.257,83.1818,0.0063,0.0071,0.0175,0.0177,0.0132,0.0231,0.0197,0.0279,0.0067,0.0068,0.0188,0.0156,0.0103,0.0202,0.0199,0.0245,13.1853,Subject05,Running,68.03
179,1245,10.9786,0.0341,0.5095,5.2579,5.1772,83.5818,0.0063,0.0073,0.0182,0.0173,0.0129,0.0251,0.0188,0.0263,0.0072,0.0068,0.0193,0.0157,0.0099,0.0206,0.0193,0.0235,13.1853,Subject05,Running,68.03
179,1260,11.0812,0.0335,0.5095,5.2987,5.2395,85.3818,0.0065,0.007,0.0165,0.0175,0.0133,0.0252,0.0185,0.0265,0.0067,0.0068,0.0177,0.0167,0.0105,0.021,0.0193,0.0239,13.1853,Subject05,Running,68.03
179,1275,10.6033,0.0365,0.5083,4.9965,5.062,88.1818,0.006,0.0064,0.015,0.0163,0.0122,0.0252,0.0179,0.0253,0.0074,0.0068,0.0193,0.0147,0.0102,0.0233,0.0191,0.0217,13.1853,Subject05,Running,68.03
179,1290,10.9072,0.0366,0.5545,5.1509,5.1651,88.0818,0.0064,0.0067,0.0158,0.0154,0.0117,0.0267,0.0178,0.024,0.0072,0.0066,0.0189,0.0143,0.0101,0.0208,0.0178,0.0209,13.1853,Subject05,Running,68.03
179,1305,10.7298,0.0355,0.5546,5.0075,5.1322,88.5818,0.0062,0.0067,0.0147,0.0157,0.0124,0.0261,0.0185,0.0242,0.0066,0.0067,0.018,0.0157,0.0102,0.0228,0.0183,0.0205,13.1853,Subject05,Running,68.03
179,1320,10.6632,0.0301,0.5209,4.9471,5.1652,89.0818,0.0061,0.0067,0.0152,0.017,0.0128,0.0256,0.0188,0.0243,0.0076,0.0064,0.0185,0.0154,0.0104,0.0227,0.0183,0.02,13.1853,Subject05,Running,68.03
179,1335,10.5098,0.0386,0.549,4.9807,4.9414,87.8675,0.0065,0.0064,0.0152,0.016,0.012,0.0243,0.0182,0.0239,0.0071,0.0067,0.0188,0.0143,0.0096,0.0233,0.0184,0.0205,13.1853,Subject05,Running,68.03
179,1350,10.945,0.0333,0.5471,5.0735,5.291,87.9152,0.0062,0.0064,0.0162,0.018,0.0122,0.0262,0.0186,0.0233,0.0071,0.0066,0.0185,0.0152,0.0102,0.0209,0.0174,0.0211,13.1853,Subject05,Running,68.03
179,1365,10.9606,0.0335,0.5333,5.4107,4.9831,88.5818,0.0059,0.0063,0.0158,0.0171,0.0127,0.0248,0.0173,0.0252,0.007,0.007,0.0194,0.0147,0.0099,0.0229,0.0192,0.0222,13.1853,Subject05,Running,68.03
180,1440,7.2476,0.0245,0.3784,3.3788,3.466,91.0818,0.0051,0.0049,0.0136,0.0132,0.0112,0.0256,0.0186,0.0195,0.0054,0.0052,0.0162,0.012,0.0083,0.0219,0.0186,0.0161,8.8465,Subject05,Running,68.03
180,1455,6.3108,0.0208,0.3293,3.0079,2.9527,87.7068,0.004,0.0043,0.0122,0.011,0.0098,0.0288,0.0185,0.018,0.0051,0.005,0.0152,0.0118,0.0075,0.0218,0.0178,0.0148,8.8465,Subject05,Running,68.03
180,1470,6.4404,0.0172,0.3323,3.1373,2.9537,82.7247,0.004,0.0046,0.0126,0.0099,0.0101,0.0289,0.0187,0.0183,0.0047,0.0049,0.0154,0.0118,0.0076,0.0224,0.0185,0.0154,8.8465,Subject05,Running,68.03
180,1485,6.637,0.0176,0.3352,3.2293,3.0549,79.4707,0.0041,0.0049,0.0129,0.01,0.0097,0.0317,0.02,0.0214,0.0049,0.0048,0.0151,0.0118,0.0076,0.0234,0.0182,0.0182,8.8465,Subject05,Running,68.03
180,1500,6.6203,0.0189,0.3523,3.1756,3.0735,77.3596,0.0036,0.005,0.0131,0.0099,0.0094,0.0296,0.0193,0.022,0.0046,0.005,0.0147,0.0123,0.007,0.0245,0.0181,0.0182,8.8465,Subject05,Running,68.03
180,1515,6.3948,0.0183,0.3312,3.0725,2.9728,77.6929,0.0039,0.0043,0.0125,0.0102,0.0089,0.0287,0.0182,0.0188,0.0049,0.0048,0.0149,0.0118,0.0075,0.0234,0.0184,0.0152,8.8465,Subject05,Running,68.03
180,1530,6.4973,0.0185,0.3521,3.1315,2.9952,75.2485,0.0038,0.0047,0.0121,0.01,0.0088,0.031,0.0188,0.0201,0.0049,0.005,0.0157,0.012,0.0075,0.0232,0.0182,0.0165,8.8465,Subject05,Running,68.03
180,1545,6.7399,0.0161,0.3226,3.3167,3.0845,72.4707,0.0036,0.0049,0.0136,0.0106,0.0106,0.0313,0.02,0.0214,0.0043,0.0051,0.0155,0.0124,0.0078,0.0236,0.0192,0.019,8.8465,Subject05,Running,68.03
180,1560,6.6661,0.0173,0.3442,3.2204,3.0843,72.1532,0.0037,0.0046,0.0127,0.0106,0.01,0.0317,0.0188,0.0207,0.0046,0.0049,0.0149,0.0121,0.0075,0.0252,0.0194,0.019,8.8465,Subject05,Running,68.03
180,1575,6.5203,0.0179,0.3502,3.1162,3.036,70.2485,0.004,0.0043,0.0121,0.0099,0.01,0.0316,0.0192,0.0204,0.005,0.0051,0.0146,0.012,0.0078,0.0244,0.0189,0.0177,8.8465,Subject05,Running,68.03
181,1590,6.6256,0.0198,0.3549,3.1273,3.1236,69.7485,0.0042,0.0045,0.0124,0.0112,0.0102,0.0284,0.0175,0.0185,0.005,0.0053,0.0152,0.0124,0.0082,0.024,0.0187,0.0165,8.8465,Subject05,Running,68.03
181,1605,6.5085,0.0193,0.3631,3.1119,3.0142,65.5818,0.0043,0.0046,0.0126,0.0104,0.0096,0.0312,0.0192,0.0195,0.0049,0.0047,0.014,0.0123,0.0079,0.0241,0.0177,0.0158,8.8465,Subject05,Running,68.03
181,1620,6.4841,0.0196,0.38,3.1367,2.9478,66.4152,0.0042,0.0044,0.0121,0.0103,0.0095,0.0327,0.0187,0.0191,0.0043,0.0047,0.0136,0.0123,0.0074,0.0229,0.0173,0.0158,8.8465,Subject05,Running,68.03
181,1635,6.5945,0.0218,0.3701,3.1997,3.003,67.4152,0.0038,0.0046,0.0129,0.011,0.0096,0.0269,0.0179,0.0174,0.0051,0.0049,0.0147,0.0129,0.0077,0.0227,0.0186,0.0147,8.8465,Subject05,Running,68.03
181,1650,6.587,0.018,0.3355,3.3106,2.9229,63.5818,0.0041,0.0053,0.0134,0.0111,0.0092,0.0304,0.0191,0.0199,0.0043,0.0055,0.0152,0.0129,0.0077,0.0225,0.018,0.0166,8.8465,Subject05,Running,68.03
181,1665,6.7491,0.0195,0.3627,3.2518,3.115,65.7818,0.004,0.005,0.0128,0.0098,0.0098,0.0311,0.0194,0.0213,0.0043,0.0049,0.0141,0.0125,0.0074,0.0238,0.0178,0.0179,8.8465,Subject05,Running,68.03
181,1680,6.5761,0.0198,0.3769,3.1768,3.0026,65.5818,0.0037,0.0049,0.0134,0.0099,0.0095,0.0309,0.018,0.0196,0.0041,0.0047,0.0135,0.0128,0.0072,0.0241,0.0177,0.0171,8.8465,Subject05,Running,68.03
181,1695,6.6414,0.021,0.3828,3.2313,3.0064,64.5818,0.004,0.0047,0.0124,0.0095,0.0093,0.0292,0.0188,0.0201,0.0048,0.0048,0.0148,0.0125,0.0077,0.0238,0.0178,0.0167,8.8465,Subject05,Running,68.03
181,1710,6.7031,0.0201,0.3628,3.1868,3.1334,63.7485,0.0039,0.0048,0.0128,0.0102,0.0095,0.0292,0.0187,0.0212,0.0045,0.0049,0.0144,0.0125,0.0079,0.0224,0.018,0.0176,8.8465,Subject05,Running,68.03
181,1725,6.7281,0.0189,0.3686,3.2946,3.0459,63.5818,0.0039,0.0046,0.0131,0.0104,0.0108,0.0325,0.0205,0.0207,0.0044,0.005,0.0139,0.0129,0.0078,0.0237,0.0183,0.0183,8.8465,Subject05,Running,68.03
182,360,0.4437,0.0008,0.0241,0.2436,0.1752,2.8208,0.0125,0.0105,0.03,0.0205,0.0176,0.0469,0.0506,0.0385,0.0128,0.0111,0.0376,0.0269,0.0168,0.0293,0.034,0.0249,7.6464,Subject05,Stairs,68.03
182,375,0.5061,0.0009,0.0241,0.2601,0.221,13.797,0.0113,0.0137,0.0347,0.0213,0.0204,0.0393,0.0493,0.0461,0.0131,0.0129,0.0405,0.0228,0.0179,0.0356,0.0443,0.0357,7.6464,Subject05,Stairs,68.03
182,390,0.5909,0.0011,0.0259,0.2977,0.2662,21.8208,0.0129,0.0135,0.0349,0.0205,0.0209,0.0476,0.0563,0.0411,0.0131,0.0144,0.046,0.0198,0.0194,0.033,0.0437,0.0335,7.6464,Subject05,Stairs,68.03
182,405,0.4849,0.001,0.0236,0.2624,0.1979,25.5351,0.0123,0.0137,0.0371,0.0187,0.0217,0.0432,0.0517,0.0438,0.0137,0.0133,0.0463,0.0211,0.0188,0.0368,0.0462,0.0311,7.6464,Subject05,Stairs,68.03
182,420,0.4818,0.001,0.023,0.2665,0.1913,27.1303,0.0126,0.0135,0.038,0.0178,0.0222,0.0476,0.0532,0.0416,0.0132,0.0129,0.0442,0.0171,0.0192,0.0308,0.0372,0.027,7.6464,Subject05,Stairs,68.03
182,435,0.5218,0.001,0.0223,0.2884,0.2101,30.4636,0.0114,0.0132,0.0344,0.0169,0.0206,0.0428,0.048,0.031,0.0112,0.0118,0.0424,0.0216,0.0164,0.0295,0.0399,0.0253,7.6464,Subject05,Stairs,68.03
182,450,0.5273,0.0011,0.0257,0.2873,0.2132,32.797,0.0114,0.0114,0.0329,0.0181,0.0193,0.0459,0.0457,0.0317,0.0137,0.011,0.0418,0.0247,0.017,0.0323,0.0471,0.0252,7.6464,Subject05,Stairs,68.03
182,465,0.5403,0.0011,0.0252,0.2984,0.2156,34.3636,0.0113,0.0124,0.0372,0.0176,0.0221,0.0453,0.0465,0.0318,0.0123,0.0123,0.0432,0.0221,0.018,0.0318,0.0419,0.0245,7.6464,Subject05,Stairs,68.03
182,480,0.4646,0.0011,0.0226,0.2521,0.1889,34.5636,0.0119,0.0112,0.0334,0.0188,0.0211,0.0531,0.0473,0.0331,0.0124,0.0104,0.0404,0.0225,0.0167,0.03,0.0435,0.0234,7.6464,Subject05,Stairs,68.03
182,495,0.5153,0.001,0.0232,0.2664,0.2247,34.6303,0.0115,0.0155,0.0398,0.0173,0.0235,0.0408,0.0488,0.0375,0.0123,0.0136,0.0457,0.025,0.0188,0.0315,0.0429,0.0312,7.6464,Subject05,Stairs,68.03
183,510,0.5598,0.0009,0.0219,0.2866,0.2505,34.5636,0.0116,0.0128,0.0366,0.0164,0.0212,0.0361,0.0436,0.0308,0.0108,0.0125,0.0451,0.0237,0.0174,0.0274,0.0364,0.0229,7.6464,Subject05,Stairs,68.03
183,525,0.5385,0.0012,0.0264,0.2745,0.2363,36.9636,0.0116,0.0123,0.0386,0.0176,0.0208,0.0304,0.0424,0.0294,0.0119,0.0119,0.0435,0.0191,0.0168,0.0255,0.0395,0.0226,7.6464,Subject05,Stairs,68.03
183,540,0.5474,0.0011,0.0249,0.3058,0.2156,38.1636,0.0113,0.0124,0.0353,0.0167,0.0208,0.0367,0.0423,0.026,0.011,0.0121,0.0428,0.0209,0.0174,0.0248,0.0351,0.0226,7.6464,Subject05,Stairs,68.03
183,555,0.637,0.0012,0.0248,0.3422,0.2688,36.3636,0.0105,0.0112,0.032,0.0163,0.0191,0.0332,0.0401,0.026,0.0112,0.0119,0.0449,0.0219,0.0171,0.0235,0.0355,0.0212,7.6464,Subject05,Stairs,68.03
183,570,0.5781,0.001,0.0229,0.2893,0.2649,39.1636,0.0112,0.0117,0.0328,0.017,0.0188,0.033,0.0366,0.0254,0.0107,0.0118,0.0445,0.0204,0.0168,0.026,0.0379,0.021,7.6464,Subject05,Stairs,68.03
183,585,0.5928,0.0013,0.0281,0.3027,0.2608,39.9636,0.0109,0.0133,0.0382,0.0145,0.0211,0.0277,0.0356,0.0276,0.0108,0.0124,0.0434,0.0159,0.0178,0.0217,0.0268,0.0196,7.6464,Subject05,Stairs,68.03
183,600,0.6174,0.0013,0.0288,0.2908,0.2965,39.797,0.0127,0.0148,0.038,0.0158,0.0218,0.0319,0.0404,0.0319,0.0107,0.0134,0.0452,0.0159,0.0179,0.0229,0.0318,0.0237,7.6464,Subject05,Stairs,68.03
183,615,0.5204,0.0011,0.0231,0.2652,0.2311,39.5636,0.0115,0.0165,0.0414,0.0163,0.0237,0.0391,0.0491,0.0337,0.0108,0.0135,0.0453,0.0174,0.0181,0.029,0.0328,0.0274,7.6464,Subject05,Stairs,68.03
183,630,0.5608,0.0012,0.0258,0.296,0.2378,41.5636,0.0095,0.0125,0.0352,0.0145,0.0204,0.0334,0.0396,0.0272,0.0117,0.012,0.0428,0.0189,0.0177,0.025,0.0317,0.0182,7.6464,Subject05,Stairs,68.03
183,645,0.5503,0.0015,0.0303,0.2897,0.2288,41.7636,0.012,0.0118,0.0355,0.0135,0.0218,0.0385,0.0452,0.0263,0.0107,0.0107,0.0399,0.0166,0.0167,0.0274,0.0371,0.0183,7.6464,Subject05,Stairs,68.03
184,720,0.4233,0.0011,0.02,0.2132,0.189,40.9636,0.0054,0.0086,0.0224,0.0115,0.0139,0.0396,0.0299,0.0205,0.007,0.0085,0.0299,0.0151,0.0116,0.02,0.0224,0.0165,5.4741,Subject05,Stairs,68.03
184,735,0.415,0.0012,0.0205,0.214,0.1793,36.9636,0.0069,0.0095,0.0235,0.0112,0.0157,0.0356,0.0306,0.0192,0.0057,0.0096,0.0285,0.0141,0.0106,0.0232,0.0225,0.017,5.4741,Subject05,Stairs,68.03
184,750,0.4064,0.0014,0.0252,0.2111,0.1686,38.297,0.0053,0.0068,0.0196,0.0118,0.0132,0.0402,0.0354,0.0174,0.0061,0.0098,0.032,0.0131,0.0122,0.0236,0.0261,0.0154,5.4741,Subject05,Stairs,68.03
184,765,0.3972,0.0012,0.0207,0.2161,0.1593,38.9636,0.0055,0.0067,0.0193,0.0087,0.0126,0.0346,0.0278,0.0149,0.0061,0.0076,0.0271,0.0139,0.0109,0.0259,0.0273,0.0151,5.4741,Subject05,Stairs,68.03
184,780,0.3806,0.001,0.0201,0.1911,0.1684,37.9636,0.0054,0.0078,0.0234,0.0094,0.0141,0.0319,0.0289,0.0185,0.0062,0.0087,0.0288,0.0128,0.0117,0.0223,0.0238,0.015,5.4741,Subject05,Stairs,68.03
184,795,0.4194,0.0009,0.0226,0.2211,0.1747,33.9636,0.0078,0.0096,0.0259,0.0104,0.0152,0.031,0.0262,0.0184,0.0054,0.0092,0.0285,0.013,0.0108,0.0235,0.0234,0.0176,5.4741,Subject05,Stairs,68.03
184,810,0.4472,0.0011,0.0228,0.2104,0.2129,36.297,0.0065,0.0086,0.0245,0.0106,0.0151,0.0419,0.0391,0.0193,0.007,0.0091,0.0303,0.0143,0.0122,0.0224,0.0204,0.0173,5.4741,Subject05,Stairs,68.03
184,825,0.3905,0.001,0.0199,0.2003,0.1692,37.9636,0.006,0.009,0.0236,0.0125,0.0141,0.0365,0.0298,0.021,0.0051,0.0077,0.0267,0.0108,0.0096,0.0195,0.0198,0.0132,5.4741,Subject05,Stairs,68.03
184,840,0.3602,0.0012,0.0217,0.1864,0.1508,38.1303,0.0059,0.0072,0.0217,0.0111,0.0137,0.0361,0.029,0.0174,0.0051,0.0078,0.0244,0.0121,0.0093,0.0227,0.0232,0.0155,5.4741,Subject05,Stairs,68.03
184,855,0.4403,0.0013,0.0248,0.2445,0.1697,35.3922,0.006,0.0086,0.0204,0.0106,0.0133,0.036,0.0301,0.0202,0.0055,0.0095,0.0292,0.0116,0.0112,0.021,0.0202,0.019,5.4741,Subject05,Stairs,68.03
185,870,0.3411,0.0013,0.0191,0.1697,0.151,35.797,0.0047,0.0067,0.0193,0.0096,0.0118,0.0304,0.029,0.0148,0.0052,0.007,0.0251,0.0134,0.0093,0.0263,0.024,0.0124,5.4741,Subject05,Stairs,68.03
185,885,0.3731,0.0012,0.0219,0.1994,0.1505,33.3636,0.0058,0.007,0.021,0.0095,0.0134,0.0328,0.0278,0.0149,0.0059,0.0088,0.031,0.0185,0.0125,0.0265,0.026,0.0145,5.4741,Subject05,Stairs,68.03
185,900,0.4009,0.0011,0.0218,0.2299,0.1481,33.1065,0.0052,0.0086,0.0226,0.0091,0.0138,0.0397,0.0306,0.0178,0.0059,0.0085,0.0299,0.013,0.0112,0.0202,0.0218,0.014,5.4741,Subject05,Stairs,68.03
185,915,0.3701,0.0012,0.0204,0.1825,0.166,35.4636,0.0058,0.008,0.0223,0.0113,0.0135,0.0423,0.0348,0.0215,0.0066,0.0094,0.0336,0.013,0.013,0.0242,0.0273,0.015,5.4741,Subject05,Stairs,68.03
185,930,0.3893,0.0013,0.0221,0.2086,0.1573,33.797,0.005,0.0069,0.0196,0.0088,0.0126,0.0333,0.0272,0.0135,0.0039,0.0068,0.0226,0.0123,0.0095,0.0257,0.0219,0.0152,5.4741,Subject05,Stairs,68.03
185,945,0.3987,0.0014,0.0233,0.1831,0.1909,34.4636,0.0057,0.0088,0.0237,0.0108,0.0145,0.0366,0.0305,0.0199,0.0062,0.0089,0.0318,0.0118,0.0125,0.0188,0.0229,0.0143,5.4741,Subject05,Stairs,68.03
185,960,0.3923,0.0014,0.0228,0.2041,0.1641,34.797,0.0047,0.0065,0.0195,0.0106,0.0119,0.0349,0.0273,0.0145,0.006,0.0069,0.0251,0.0112,0.0101,0.0207,0.021,0.0115,5.4741,Subject05,Stairs,68.03
185,975,0.3894,0.0014,0.0236,0.1925,0.172,31.8208,0.005,0.0084,0.0228,0.0132,0.0136,0.0325,0.0273,0.0205,0.0055,0.0072,0.0264,0.0145,0.0099,0.0263,0.028,0.0142,5.4741,Subject05,Stairs,68.03
185,990,0.3343,0.001,0.017,0.1859,0.1304,33.6303,0.0055,0.0075,0.0217,0.0116,0.0126,0.0407,0.0269,0.0156,0.0052,0.007,0.0252,0.012,0.01,0.0209,0.0217,0.01,5.4741,Subject05,Stairs,68.03
185,1005,0.3927,0.0012,0.0212,0.1904,0.1799,32.9636,0.0063,0.0072,0.0212,0.0108,0.0132,0.0383,0.0317,0.0187,0.0057,0.0072,0.0239,0.0106,0.0101,0.0226,0.0246,0.014,5.4741,Subject05,Stairs,68.03
186,1080,0.4694,0.001,0.0232,0.2654,0.1798,33.5351,0.0076,0.0099,0.0277,0.0138,0.0163,0.0372,0.037,0.0299,0.01,0.0096,0.0345,0.0174,0.0132,0.0273,0.0348,0.0195,7.1485,Subject05,Stairs,68.03
186,1095,0.4291,0.0009,0.0211,0.2154,0.1917,35.3922,0.0087,0.0101,0.0293,0.0126,0.0167,0.0457,0.0434,0.0256,0.0086,0.0093,0.0367,0.0168,0.0131,0.0247,0.0314,0.0182,7.1485,Subject05,Stairs,68.03
186,1110,0.5592,0.0018,0.0294,0.3108,0.2172,36.5351,0.01,0.0113,0.0338,0.0139,0.0196,0.0413,0.0431,0.0252,0.0096,0.0093,0.0375,0.0185,0.0146,0.0283,0.0325,0.0181,7.1485,Subject05,Stairs,68.03
186,1125,0.4776,0.0013,0.0254,0.2334,0.2175,38.1303,0.0098,0.0114,0.0306,0.0134,0.0178,0.0408,0.0435,0.0297,0.0118,0.0108,0.0408,0.0211,0.0168,0.0262,0.0331,0.0202,7.1485,Subject05,Stairs,68.03
186,1140,0.5665,0.0013,0.0262,0.3247,0.2143,40.2494,0.0087,0.0105,0.0292,0.0137,0.0175,0.0424,0.0392,0.0244,0.0104,0.0108,0.0408,0.0196,0.0157,0.0247,0.0315,0.0162,7.1485,Subject05,Stairs,68.03
186,1155,0.4963,0.0013,0.024,0.2434,0.2276,43.9636,0.0098,0.0107,0.0317,0.0138,0.0186,0.0455,0.0421,0.0229,0.0078,0.0089,0.0336,0.0175,0.0132,0.0256,0.0302,0.016,7.1485,Subject05,Stairs,68.03
186,1170,0.4702,0.0011,0.0227,0.2602,0.1863,44.3922,0.0074,0.0095,0.027,0.0107,0.0166,0.0505,0.0395,0.0247,0.0092,0.0097,0.0365,0.0168,0.0141,0.0229,0.0322,0.0145,7.1485,Subject05,Stairs,68.03
186,1185,0.4881,0.0014,0.0245,0.252,0.2102,43.5636,0.0089,0.0107,0.0302,0.0127,0.0172,0.0389,0.0377,0.0235,0.01,0.0089,0.0335,0.0157,0.0139,0.0248,0.0316,0.0166,7.1485,Subject05,Stairs,68.03
186,1200,0.493,0.0015,0.0283,0.2348,0.2284,41.8208,0.007,0.0086,0.0239,0.0137,0.0161,0.0473,0.0391,0.0238,0.0076,0.0112,0.0386,0.0195,0.0151,0.0234,0.0284,0.0168,7.1485,Subject05,Stairs,68.03
186,1215,0.5285,0.0011,0.0224,0.3083,0.1968,42.2494,0.006,0.0107,0.0332,0.0115,0.018,0.0439,0.0398,0.0252,0.006,0.0095,0.0347,0.013,0.0122,0.0221,0.0257,0.0185,7.1485,Subject05,Stairs,68.03
187,1230,0.5752,0.0016,0.0291,0.2687,0.2758,42.1303,0.0084,0.0108,0.0334,0.0117,0.0178,0.0414,0.0352,0.0216,0.0084,0.0112,0.0405,0.0173,0.0148,0.0211,0.0255,0.0201,7.1485,Subject05,Stairs,68.03
187,1245,0.5468,0.0015,0.0276,0.3211,0.1967,44.6303,0.0076,0.01,0.0292,0.0144,0.0174,0.0402,0.0375,0.0245,0.0092,0.0085,0.0337,0.0177,0.014,0.0269,0.0324,0.0149,7.1485,Subject05,Stairs,68.03
187,1260,0.5173,0.0015,0.024,0.259,0.2328,45.1303,0.0087,0.0099,0.0295,0.0128,0.0181,0.0423,0.0392,0.0246,0.0094,0.0112,0.0415,0.0179,0.0155,0.0218,0.0268,0.0207,7.1485,Subject05,Stairs,68.03
187,1275,0.5546,0.0015,0.0274,0.3182,0.2075,43.6779,0.0071,0.01,0.0276,0.014,0.0168,0.0381,0.0351,0.0227,0.0078,0.0087,0.0293,0.016,0.0123,0.0239,0.0241,0.0161,7.1485,Subject05,Stairs,68.03
187,1290,0.5595,0.0019,0.0288,0.277,0.2518,43.4636,0.0074,0.0092,0.0276,0.011,0.0152,0.0414,0.0369,0.0184,0.0062,0.0089,0.0337,0.0139,0.0125,0.0211,0.0242,0.0159,7.1485,Subject05,Stairs,68.03
187,1305,0.6373,0.0013,0.0266,0.3727,0.2367,43.9636,0.0078,0.0113,0.0307,0.0118,0.0181,0.0347,0.0357,0.0244,0.0082,0.0097,0.0368,0.0133,0.0138,0.0253,0.0324,0.0167,7.1485,Subject05,Stairs,68.03
187,1320,0.5686,0.0019,0.0303,0.2898,0.2467,42.6303,0.0094,0.0115,0.0346,0.0126,0.0194,0.0383,0.0399,0.0219,0.0077,0.0099,0.0355,0.0189,0.0143,0.0223,0.0273,0.0173,7.1485,Subject05,Stairs,68.03
187,1335,0.5595,0.0015,0.0288,0.3183,0.2109,43.6303,0.0079,0.0082,0.0238,0.0145,0.0149,0.0377,0.0324,0.0223,0.0093,0.0086,0.0319,0.0205,0.0144,0.0231,0.0273,0.0151,7.1485,Subject05,Stairs,68.03
187,1350,0.4988,0.0014,0.0263,0.2304,0.2408,44.2494,0.011,0.0113,0.0341,0.0139,0.0197,0.0405,0.0429,0.0317,0.0099,0.0101,0.0389,0.0166,0.0155,0.0227,0.0337,0.0215,7.1485,Subject05,Stairs,68.03
187,1365,0.5149,0.0015,0.0276,0.2679,0.2179,42.5351,0.0077,0.0103,0.0299,0.0113,0.0176,0.0374,0.0371,0.0227,0.009,0.0091,0.0364,0.0115,0.0135,0.0222,0.0275,0.0148,7.1485,Subject05,Stairs,68.03
188,360,2.6667,0.0022,0.0458,1.3877,1.2309,-2.1667,0.0047,0.003,0.0076,0.0136,0.0045,0.0198,0.0124,0.0117,0,0.0026,0.0091,0.0207,0.0048,0.0164,0.0101,0.0131,2.5504,Subject05,Walking,68.03
188,375,2.6028,0.0024,0.0411,1.2719,1.2875,8.2,0.005,0.0029,0.0074,0.0121,0.0045,0.019,0.0125,0.0122,0,0.0027,0.0094,0.0173,0.0044,0.0172,0.0103,0.0113,2.5504,Subject05,Walking,68.03
188,390,2.6088,0.0022,0.0436,1.3525,1.2105,5.3333,0.0046,0.0028,0.0066,0.0116,0.0044,0.0176,0.0119,0.0113,0,0.0025,0.0091,0.0185,0.0044,0.0159,0.0101,0.012,2.5504,Subject05,Walking,68.03
188,405,2.6856,0.003,0.0463,1.3895,1.2467,5.2,0.0049,0.003,0.0069,0.012,0.0043,0.0162,0.0113,0.0114,0,0.0024,0.0082,0.0191,0.0042,0.0152,0.009,0.0112,2.5504,Subject05,Walking,68.03
188,420,2.6796,0.0027,0.0452,1.3512,1.2805,0.8,0.0044,0.0027,0.0066,0.0119,0.0041,0.0155,0.0105,0.0115,0,0.0024,0.0082,0.0178,0.0041,0.0149,0.0094,0.0121,2.5504,Subject05,Walking,68.03
188,435,2.6689,0.0027,0.0414,1.3653,1.2596,-0.4,0.0044,0.0025,0.006,0.0123,0.0039,0.0166,0.011,0.0109,0,0.0022,0.0082,0.0189,0.004,0.0145,0.0089,0.0111,2.5504,Subject05,Walking,68.03
188,450,2.6414,0.0023,0.0405,1.3941,1.2045,-1.25,0.0041,0.0026,0.006,0.0115,0.004,0.0148,0.0103,0.0092,0,0.0027,0.0079,0.0176,0.0042,0.0143,0.0091,0.0126,2.5504,Subject05,Walking,68.03
188,465,2.6327,0.0024,0.0427,1.3623,1.2252,1.25,0.0048,0.0025,0.0057,0.0117,0.0038,0.0165,0.0108,0.0098,0,0.0026,0.0077,0.018,0.0039,0.0145,0.009,0.0126,2.5504,Subject05,Walking,68.03
188,480,2.7507,0.0028,0.046,1.4091,1.2929,-1,0.0045,0.0026,0.0063,0.0118,0.004,0.0153,0.01,0.0095,0,0.0024,0.0075,0.0175,0.004,0.0137,0.0085,0.0104,2.5504,Subject05,Walking,68.03
188,495,2.6154,0.0028,0.0453,1.2839,1.2834,-3.3333,0.0046,0.0024,0.0062,0.0125,0.004,0.0158,0.0106,0.0106,0,0.0021,0.0073,0.0184,0.0037,0.014,0.009,0.0107,2.5504,Subject05,Walking,68.03
189,510,2.6405,0.0028,0.0422,1.3645,1.231,-5.25,0.004,0.0022,0.0057,0.0111,0.0036,0.0144,0.0105,0.0097,0,0.0023,0.0075,0.0172,0.0037,0.0138,0.0087,0.011,2.5504,Subject05,Walking,68.03
189,525,2.6401,0.0022,0.0446,1.3618,1.2315,0,0.0041,0.0023,0.0058,0.01,0.0036,0.016,0.0105,0.0098,0,0.0021,0.0076,0.0151,0.0039,0.0127,0.0087,0.0112,2.5504,Subject05,Walking,68.03
189,540,2.675,0.0028,0.0482,1.3123,1.3118,0.75,0.0041,0.0024,0.0062,0.0107,0.0036,0.013,0.0094,0.01,0,0.0024,0.008,0.0166,0.0038,0.0134,0.0098,0.0121,2.5504,Subject05,Walking,68.03
189,555,2.6177,0.003,0.0441,1.3448,1.2258,0.2,0.004,0.0024,0.0061,0.0099,0.0035,0.0142,0.0106,0.0098,0,0.0024,0.0083,0.0175,0.0042,0.0128,0.009,0.0106,2.5504,Subject05,Walking,68.03
189,570,2.7308,0.0026,0.0438,1.3893,1.2951,0.75,0.0042,0.0025,0.0063,0.0115,0.0037,0.0138,0.0108,0.01,0,0.0026,0.0081,0.0168,0.0038,0.0131,0.0092,0.0117,2.5504,Subject05,Walking,68.03
189,585,2.6447,0.0032,0.0438,1.3344,1.2633,3,0.0038,0.0023,0.0057,0.0087,0.0034,0.0139,0.0098,0.0096,0,0.0022,0.0073,0.0126,0.0034,0.0125,0.0086,0.0103,2.5504,Subject05,Walking,68.03
189,600,2.7084,0.0034,0.0475,1.3506,1.3069,3.3333,0.004,0.0026,0.0064,0.0099,0.0035,0.0128,0.01,0.0098,0,0.0025,0.0082,0.0139,0.0038,0.0123,0.0085,0.0115,2.5504,Subject05,Walking,68.03
189,615,2.7236,0.0031,0.0495,1.3696,1.3013,1,0.0043,0.0024,0.006,0.0117,0.0034,0.0134,0.0099,0.0089,0,0.0026,0.0085,0.0144,0.0039,0.0122,0.0087,0.0113,2.5504,Subject05,Walking,68.03
189,630,2.673,0.0031,0.0451,1.3498,1.275,-1.6667,0.0039,0.0023,0.0054,0.0097,0.0033,0.0134,0.0097,0.008,0,0.0023,0.0077,0.0138,0.0034,0.0117,0.0079,0.0096,2.5504,Subject05,Walking,68.03
189,645,2.6867,0.003,0.0448,1.3621,1.2768,-0.6667,0.0038,0.0022,0.0056,0.0092,0.0032,0.014,0.0099,0.0083,0,0.0023,0.0079,0.011,0.0036,0.0108,0.008,0.0103,2.5504,Subject05,Walking,68.03
190,720,3.6156,0.0028,0.0661,1.8096,1.737,0.25,0.004,0.0028,0.0066,0.0133,0.0041,0.0165,0.0123,0.0127,0,0.003,0.0086,0.017,0.0044,0.0135,0.0098,0.0131,3.2308,Subject05,Walking,68.03
190,735,3.8431,0.0028,0.0717,1.949,1.8196,5,0.0038,0.0031,0.0068,0.0102,0.0045,0.0159,0.0122,0.0134,0,0.0031,0.0085,0.017,0.0043,0.0139,0.0114,0.0144,3.2308,Subject05,Walking,68.03
190,750,3.9095,0.0029,0.0702,2.0439,1.7925,7,0.0038,0.003,0.006,0.0109,0.0041,0.0176,0.013,0.0127,0,0.0033,0.0085,0.0143,0.0047,0.0146,0.0106,0.0149,3.2308,Subject05,Walking,68.03
190,765,3.8488,0.0029,0.0725,1.9768,1.7966,1.5,0.0038,0.0031,0.0063,0.0102,0.0043,0.0158,0.0125,0.0131,0,0.0031,0.0091,0.0138,0.0045,0.0132,0.0105,0.0143,3.2308,Subject05,Walking,68.03
190,780,3.8644,0.0032,0.0693,1.9391,1.8528,-0.5,0.0042,0.0029,0.0065,0.0109,0.0044,0.0152,0.013,0.0132,0,0.0037,0.0094,0.0144,0.0047,0.0152,0.0123,0.0159,3.2308,Subject05,Walking,68.03
190,795,3.8872,0.0025,0.0768,2.0135,1.7945,3.75,0.0039,0.0031,0.0069,0.0118,0.0046,0.017,0.013,0.0145,0,0.0035,0.009,0.0171,0.0046,0.0143,0.0115,0.0162,3.2308,Subject05,Walking,68.03
190,810,3.8362,0.0026,0.0715,1.9654,1.7966,4.25,0.0037,0.0029,0.0065,0.0114,0.0044,0.0176,0.0132,0.0136,0,0.0032,0.009,0.0151,0.0046,0.0144,0.0109,0.0153,3.2308,Subject05,Walking,68.03
190,825,3.8921,0.0028,0.0741,1.9914,1.8238,7.3333,0.0033,0.0028,0.006,0.01,0.0044,0.0168,0.0128,0.0137,0,0.0033,0.0084,0.0134,0.0045,0.0136,0.0103,0.0143,3.2308,Subject05,Walking,68.03
190,840,3.8416,0.0028,0.0734,1.9485,1.817,8,0.0035,0.003,0.0065,0.0097,0.0046,0.0159,0.0118,0.0126,0,0.003,0.0086,0.0146,0.0048,0.0146,0.0116,0.0145,3.2308,Subject05,Walking,68.03
190,855,3.898,0.0029,0.0757,1.9553,1.8641,8,0.0038,0.003,0.0065,0.0096,0.0042,0.0153,0.0119,0.0119,0,0.0033,0.0092,0.0135,0.0045,0.0133,0.0112,0.0139,3.2308,Subject05,Walking,68.03
191,870,3.8418,0.003,0.0789,1.9595,1.8004,6.3333,0.0037,0.0027,0.0066,0.0094,0.0041,0.0158,0.0121,0.0125,0,0.0033,0.0085,0.0124,0.0045,0.0134,0.0109,0.0144,3.2308,Subject05,Walking,68.03
191,885,3.9225,0.0034,0.0774,2.0352,1.8066,8,0.0036,0.0028,0.0064,0.0099,0.0042,0.0167,0.0122,0.0124,0,0.003,0.0087,0.0134,0.0045,0.0138,0.0106,0.0137,3.2308,Subject05,Walking,68.03
191,900,3.8589,0.0028,0.0742,1.9627,1.8192,5.6667,0.004,0.0031,0.0069,0.0104,0.0041,0.0159,0.0127,0.0135,0,0.0035,0.0095,0.0149,0.0049,0.0142,0.0115,0.0159,3.2308,Subject05,Walking,68.03
191,915,3.8509,0.0029,0.0739,1.9502,1.8239,6.3333,0.0037,0.0026,0.0064,0.0093,0.0041,0.0159,0.0129,0.0129,0,0.003,0.0085,0.0134,0.0044,0.0145,0.0114,0.0149,3.2308,Subject05,Walking,68.03
191,930,3.8655,0.003,0.0773,1.9733,1.8119,6.25,0.0035,0.0028,0.0066,0.0102,0.0046,0.0156,0.0123,0.0129,0,0.0035,0.0094,0.0129,0.0047,0.0141,0.0111,0.0151,3.2308,Subject05,Walking,68.03
191,945,3.9228,0.0036,0.0811,2.0102,1.8278,6.3333,0.0032,0.0027,0.0062,0.0079,0.0041,0.0163,0.0123,0.0124,0,0.0031,0.0085,0.0119,0.0044,0.0141,0.0105,0.0137,3.2308,Subject05,Walking,68.03
191,960,3.9419,0.004,0.0812,2.0075,1.8491,7.6667,0.0034,0.0026,0.0059,0.0093,0.0039,0.0161,0.0122,0.0117,0,0.0029,0.0081,0.0147,0.0044,0.0141,0.0105,0.0135,3.2308,Subject05,Walking,68.03
191,975,3.9951,0.0032,0.0897,2.0658,1.8363,10,0.0037,0.0027,0.006,0.0091,0.0039,0.0168,0.0124,0.0137,0,0.0029,0.0082,0.013,0.0043,0.0134,0.0107,0.0147,3.2308,Subject05,Walking,68.03
191,990,3.9122,0.0037,0.0817,1.9847,1.8421,6.75,0.0035,0.0027,0.0063,0.0095,0.0039,0.0161,0.0121,0.0128,0,0.0029,0.0082,0.0122,0.0041,0.0133,0.0104,0.013,3.2308,Subject05,Walking,68.03
191,1005,3.8972,0.0033,0.0791,1.9612,1.8536,6.6667,0.0037,0.0027,0.0065,0.0091,0.0041,0.0154,0.012,0.0114,0,0.003,0.0081,0.0128,0.0043,0.0132,0.0104,0.0125,3.2308,Subject05,Walking,68.03
192,1080,2.1945,0.0027,0.0506,1.1651,0.9761,5.5,0.0038,0.0022,0.0055,0.0105,0.0035,0.0116,0.0086,0.0068,0,0.0024,0.0078,0.0153,0.0039,0.0088,0.0065,0.008,1.8335,Subject05,Walking,68.03
192,1095,1.7927,0.0028,0.0436,0.9166,0.8297,6.4,0.004,0.0022,0.0056,0.0098,0.0031,0.0111,0.0078,0.007,0,0.0019,0.0066,0.0144,0.0031,0.0083,0.0057,0.0072,1.8335,Subject05,Walking,68.03
192,1110,1.6737,0.0032,0.0398,0.8951,0.7357,2.3333,0.0039,0.002,0.0048,0.0081,0.003,0.0122,0.0076,0.0065,0,0.0018,0.0068,0.0119,0.0032,0.008,0.0053,0.0069,1.8335,Subject05,Walking,68.03
192,1125,1.7362,0.0033,0.0457,0.8906,0.7966,-1,0.0041,0.002,0.0048,0.0083,0.0028,0.0096,0.0067,0.006,0,0.0019,0.0071,0.014,0.0034,0.0083,0.0061,0.0069,1.8335,Subject05,Walking,68.03
192,1140,1.6539,0.0035,0.0455,0.8402,0.7647,-1.5,0.0036,0.0019,0.0047,0.0082,0.0028,0.0109,0.0072,0.006,0,0.0018,0.0071,0.0112,0.0033,0.0077,0.005,0.0068,1.8335,Subject05,Walking,68.03
192,1155,1.7544,0.0027,0.0434,0.8841,0.8242,1.25,0.0039,0.0019,0.0047,0.0098,0.0029,0.0112,0.0071,0.0065,0,0.0018,0.0067,0.0134,0.0032,0.0076,0.0053,0.0077,1.8335,Subject05,Walking,68.03
192,1170,1.7141,0.0029,0.0449,0.8396,0.8267,1,0.0043,0.002,0.0046,0.0079,0.0028,0.0107,0.0074,0.0066,0,0.0018,0.0069,0.0144,0.0033,0.0076,0.005,0.0079,1.8335,Subject05,Walking,68.03
192,1185,1.7213,0.0034,0.0466,0.8808,0.7904,-1.3333,0.0036,0.002,0.0049,0.0077,0.0029,0.0112,0.0082,0.0063,0,0.0019,0.0071,0.0129,0.0033,0.0072,0.0048,0.0071,1.8335,Subject05,Walking,68.03
192,1200,1.67,0.0034,0.0424,0.8456,0.7786,-1.5,0.0038,0.002,0.0049,0.0079,0.0028,0.0106,0.0072,0.006,0,0.0018,0.0068,0.0143,0.0031,0.0083,0.0052,0.0065,1.8335,Subject05,Walking,68.03
192,1215,1.6579,0.0035,0.0402,0.8395,0.7747,-1.3333,0.0039,0.0019,0.0047,0.009,0.0027,0.0109,0.0077,0.0062,0,0.0018,0.0067,0.0139,0.0031,0.0089,0.0058,0.0069,1.8335,Subject05,Walking,68.03
193,1230,1.67,0.0035,0.0419,0.8383,0.7864,-2,0.0037,0.0019,0.0048,0.0078,0.0029,0.0113,0.0074,0.0068,0,0.0018,0.0068,0.0115,0.0031,0.0082,0.0058,0.0077,1.8335,Subject05,Walking,68.03
193,1245,1.7141,0.0031,0.0454,0.8793,0.7863,-3,0.0037,0.0019,0.0044,0.0094,0.0026,0.0118,0.0078,0.0061,0,0.0018,0.0071,0.0141,0.0032,0.0084,0.0056,0.0071,1.8335,Subject05,Walking,68.03
193,1260,1.7726,0.004,0.0495,0.93,0.7891,-5.3333,0.0039,0.0018,0.0045,0.0103,0.0027,0.0113,0.0076,0.0062,0,0.0017,0.0063,0.0154,0.0031,0.0078,0.005,0.0066,1.8335,Subject05,Walking,68.03
193,1275,1.6932,0.0034,0.0463,0.8783,0.7652,-2,0.0036,0.002,0.005,0.0096,0.003,0.0109,0.0069,0.0064,0,0.0019,0.0067,0.0143,0.0033,0.0091,0.0063,0.0085,1.8335,Subject05,Walking,68.03
193,1290,1.6101,0.0028,0.0374,0.8166,0.7533,1,0.0036,0.0018,0.0043,0.0067,0.0027,0.0112,0.0083,0.0061,0,0.0018,0.0073,0.0104,0.0032,0.0078,0.0056,0.0074,1.8335,Subject05,Walking,68.03
193,1305,1.6082,0.0035,0.0413,0.8225,0.7409,1.5,0.0035,0.0018,0.0045,0.0061,0.0028,0.0112,0.0083,0.0064,0,0.0018,0.0069,0.0085,0.0031,0.0088,0.006,0.0072,1.8335,Subject05,Walking,68.03
193,1320,1.6008,0.0042,0.0446,0.7983,0.7536,-0.6667,0.0033,0.002,0.0052,0.0054,0.0028,0.0104,0.0078,0.0064,0,0.0019,0.0077,0.0092,0.0035,0.0078,0.0059,0.0076,1.8335,Subject05,Walking,68.03
193,1335,1.5748,0.0042,0.0438,0.7857,0.7411,-0.5,0.0037,0.002,0.0052,0.0067,0.0029,0.0099,0.0072,0.0067,0,0.0019,0.0078,0.0089,0.0034,0.0087,0.0061,0.0075,1.8335,Subject05,Walking,68.03
193,1350,1.5399,0.0034,0.041,0.788,0.7076,-2.3333,0.0034,0.0021,0.0053,0.0057,0.0029,0.0108,0.0076,0.0075,0,0.0019,0.0071,0.0097,0.0032,0.0082,0.0058,0.0075,1.8335,Subject05,Walking,68.03
193,1365,1.6154,0.0043,0.0477,0.8244,0.739,0,0.0037,0.0019,0.0052,0.0076,0.0029,0.0106,0.0076,0.0069,0,0.002,0.0076,0.0106,0.0033,0.0083,0.0056,0.0071,1.8335,Subject05,Walking,68.03
194,360,0.7705,0.0023,0.0306,0.3243,0.4133,3.6481,0.0031,0.0057,0.0056,0.0038,0.0023,0.0116,0.0132,0.0212,0.002,0.0108,0.0066,0.0027,0.0039,0.0155,0.0108,0.0172,1.8906,Subject06,Backwards,68.03
194,375,0.689,0.002,0.0255,0.3362,0.3254,9.8148,0.0033,0.0044,0.0054,0.003,0.0021,0.0107,0.0125,0.0244,0.0021,0.009,0.0075,0.0025,0.0042,0.0169,0.0116,0.0207,1.8906,Subject06,Backwards,68.03
194,390,0.6607,0.0022,0.0251,0.3015,0.3319,10.8148,0.0033,0.005,0.0057,0.0026,0.002,0.0114,0.0114,0.0224,0.0023,0.0077,0.0067,0.0024,0.0042,0.0167,0.0113,0.0178,1.8906,Subject06,Backwards,68.03
194,405,0.6808,0.0022,0.0236,0.3362,0.3189,11.0648,0.0032,0.0047,0.0053,0.002,0.0018,0.0108,0.011,0.0246,0.0021,0.0075,0.0074,0.002,0.0041,0.0138,0.0098,0.0185,1.8906,Subject06,Backwards,68.03
194,420,0.6878,0.0016,0.0202,0.3191,0.3468,13.8148,0.0029,0.0062,0.0052,0.0032,0.0024,0.0111,0.0109,0.0235,0.0023,0.0104,0.0076,0.0023,0.0044,0.0148,0.011,0.0205,1.8906,Subject06,Backwards,68.03
194,435,0.6168,0.002,0.0198,0.3007,0.2943,8.6148,0.0027,0.0041,0.0061,0.0029,0.0019,0.0084,0.01,0.0258,0.0019,0.0071,0.0076,0.0022,0.0043,0.0135,0.0109,0.021,1.8906,Subject06,Backwards,68.03
194,450,0.6875,0.0023,0.0226,0.341,0.3216,5.3148,0.0031,0.0038,0.006,0.0022,0.0018,0.0085,0.0101,0.0246,0.0022,0.0066,0.0086,0.0024,0.0044,0.0126,0.0103,0.0182,1.8906,Subject06,Backwards,68.03
194,465,0.6487,0.0018,0.0195,0.3116,0.3158,4.1481,0.0031,0.0043,0.0061,0.0025,0.0018,0.0078,0.009,0.0255,0.0024,0.0074,0.0079,0.0023,0.0042,0.0124,0.0102,0.0193,1.8906,Subject06,Backwards,68.03
194,480,0.6139,0.002,0.0209,0.3038,0.2873,5.6481,0.0032,0.0057,0.006,0.0022,0.0019,0.0085,0.0103,0.023,0.0023,0.0081,0.0075,0.0022,0.0038,0.0119,0.0091,0.0223,1.8906,Subject06,Backwards,68.03
194,495,0.6193,0.0019,0.0175,0.2943,0.3056,8.1481,0.0027,0.0036,0.0061,0.002,0.0018,0.0082,0.0089,0.0254,0.0022,0.006,0.0086,0.0023,0.0042,0.0113,0.0092,0.0205,1.8906,Subject06,Backwards,68.03
195,510,0.575,0.0017,0.0168,0.2714,0.2851,8.2148,0.003,0.0034,0.0061,0.0016,0.0017,0.0077,0.009,0.0239,0.0022,0.0055,0.0082,0.002,0.0038,0.0115,0.0093,0.0197,1.8906,Subject06,Backwards,68.03
195,525,0.5869,0.0024,0.0216,0.2749,0.2879,5.9815,0.003,0.0029,0.0063,0.0019,0.0018,0.0078,0.0094,0.0237,0.0021,0.0054,0.0086,0.0022,0.0038,0.0127,0.0089,0.0199,1.8906,Subject06,Backwards,68.03
195,540,0.5947,0.0024,0.0231,0.2963,0.2729,8.3148,0.0029,0.0032,0.0063,0.0022,0.0018,0.0077,0.0096,0.0267,0.0022,0.0062,0.0085,0.0022,0.0042,0.0116,0.0082,0.0227,1.8906,Subject06,Backwards,68.03
195,555,0.6219,0.003,0.0229,0.2921,0.3039,6.3148,0.0027,0.0036,0.0063,0.0021,0.0019,0.0078,0.0086,0.0255,0.002,0.0071,0.0088,0.002,0.0043,0.0093,0.0069,0.0266,1.8906,Subject06,Backwards,68.03
195,570,0.5828,0.0023,0.0218,0.2862,0.2725,6.4148,0.0031,0.0044,0.0064,0.0026,0.0022,0.0091,0.0097,0.026,0.0021,0.0073,0.0072,0.0023,0.0039,0.0106,0.0081,0.0207,1.8906,Subject06,Backwards,68.03
195,585,0.5995,0.0026,0.0249,0.271,0.301,2.6148,0.0028,0.0052,0.0063,0.0025,0.002,0.0101,0.0096,0.0215,0.002,0.0077,0.0077,0.0019,0.0038,0.011,0.0087,0.0224,1.8906,Subject06,Backwards,68.03
195,600,0.6128,0.0021,0.0248,0.2854,0.3004,5.6481,0.0033,0.0046,0.0058,0.0029,0.0021,0.0101,0.0104,0.0242,0.0022,0.0084,0.0068,0.0023,0.0037,0.0136,0.0098,0.0201,1.8906,Subject06,Backwards,68.03
195,615,0.6291,0.0025,0.0249,0.2895,0.3122,5.8148,0.0033,0.0044,0.006,0.0024,0.002,0.0104,0.0107,0.0231,0.0025,0.0044,0.0073,0.0025,0.0044,0.016,0.0114,0.0157,1.8906,Subject06,Backwards,68.03
195,630,0.6477,0.0021,0.022,0.297,0.3268,5.3148,0.004,0.0048,0.0071,0.0022,0.0019,0.009,0.0105,0.0256,0.0028,0.0036,0.0081,0.0025,0.0049,0.0169,0.0132,0.0169,1.8906,Subject06,Backwards,68.03
195,645,0.6143,0.0022,0.022,0.2886,0.3015,6.1481,0.0035,0.0046,0.0065,0.0023,0.002,0.0073,0.0099,0.0251,0.0025,0.0056,0.008,0.0022,0.0042,0.0139,0.01,0.0192,1.8906,Subject06,Backwards,68.03
196,720,1.3928,0.0033,0.0319,0.7044,0.6533,10.5648,0.0034,0.0044,0.0105,0.0052,0.0028,0.0122,0.0126,0.0313,0.0029,0.0073,0.0123,0.004,0.0064,0.0176,0.0123,0.0261,3.1236,Subject06,Backwards,68.03
196,735,1.5362,0.0039,0.0338,0.7628,0.7358,14.4815,0.003,0.0044,0.0116,0.0064,0.0032,0.0137,0.0116,0.0306,0.0025,0.0073,0.0134,0.0041,0.007,0.0191,0.0129,0.0239,3.1236,Subject06,Backwards,68.03
196,750,1.5175,0.003,0.0366,0.7898,0.6881,11.672,0.0042,0.0055,0.0099,0.0042,0.0031,0.0137,0.012,0.0318,0.0034,0.0084,0.0108,0.0042,0.0073,0.0224,0.0153,0.0228,3.1236,Subject06,Backwards,68.03
196,765,1.3909,0.0029,0.037,0.719,0.6321,11.8148,0.0035,0.0058,0.0094,0.0045,0.0028,0.0115,0.0111,0.0353,0.003,0.0076,0.012,0.0035,0.0076,0.0173,0.0121,0.025,3.1236,Subject06,Backwards,68.03
196,780,1.3202,0.0025,0.0316,0.6771,0.609,16.1005,0.0033,0.0055,0.008,0.0044,0.003,0.0122,0.0119,0.0303,0.0032,0.0072,0.0119,0.0033,0.0067,0.0148,0.0112,0.0261,3.1236,Subject06,Backwards,68.03
196,795,1.3595,0.0028,0.0293,0.6855,0.642,14.6481,0.0029,0.0049,0.0087,0.0058,0.004,0.0132,0.0125,0.0314,0.0027,0.0097,0.0129,0.0034,0.0071,0.0166,0.0094,0.0311,3.1236,Subject06,Backwards,68.03
196,810,1.3787,0.0027,0.0308,0.7066,0.6387,12.672,0.003,0.0053,0.0088,0.0046,0.0031,0.0105,0.0107,0.0283,0.0029,0.009,0.0119,0.003,0.0058,0.0151,0.0104,0.0259,3.1236,Subject06,Backwards,68.03
196,825,1.4055,0.003,0.0354,0.7156,0.6514,11.6481,0.0029,0.0054,0.0093,0.005,0.0037,0.0111,0.0103,0.0304,0.0027,0.0104,0.0115,0.0035,0.0065,0.0145,0.0101,0.0267,3.1236,Subject06,Backwards,68.03
196,840,1.3976,0.0023,0.0346,0.6948,0.6659,11.8148,0.0029,0.0059,0.0096,0.004,0.0028,0.0108,0.0103,0.0292,0.0026,0.0107,0.0114,0.0032,0.0063,0.0154,0.0091,0.0297,3.1236,Subject06,Backwards,68.03
196,855,1.3867,0.0027,0.0315,0.7047,0.6478,8.4148,0.004,0.0072,0.0099,0.0047,0.0035,0.0114,0.0102,0.0289,0.0029,0.0087,0.0115,0.0034,0.0061,0.015,0.0106,0.0288,3.1236,Subject06,Backwards,68.03
197,870,1.4074,0.0029,0.0317,0.6771,0.6957,9.8148,0.0031,0.0075,0.0104,0.0047,0.003,0.0096,0.0091,0.0276,0.0028,0.0096,0.0107,0.0029,0.006,0.0144,0.009,0.0292,3.1236,Subject06,Backwards,68.03
197,885,1.4888,0.0036,0.0349,0.7527,0.6976,14.2434,0.003,0.0061,0.0121,0.0079,0.004,0.0101,0.0097,0.0294,0.0026,0.0116,0.0146,0.0034,0.0068,0.0151,0.0103,0.0303,3.1236,Subject06,Backwards,68.03
197,900,1.3623,0.0032,0.0324,0.6854,0.6413,18.4815,0.0029,0.0084,0.0114,0.0058,0.0037,0.01,0.0096,0.0294,0.0028,0.0104,0.0133,0.0039,0.007,0.0141,0.0096,0.0295,3.1236,Subject06,Backwards,68.03
197,915,1.4078,0.0026,0.0381,0.6882,0.6789,18.3862,0.0028,0.0097,0.0098,0.0066,0.0038,0.0115,0.0117,0.0309,0.0027,0.0111,0.0114,0.0043,0.0073,0.0122,0.0095,0.0295,3.1236,Subject06,Backwards,68.03
197,930,1.5278,0.0038,0.0432,0.7247,0.7562,17.672,0.0033,0.0077,0.0106,0.0055,0.0029,0.0105,0.0113,0.0284,0.0025,0.0107,0.011,0.0037,0.0057,0.0161,0.012,0.0248,3.1236,Subject06,Backwards,68.03
197,945,1.558,0.0036,0.0359,0.7226,0.796,17.2434,0.0029,0.0107,0.0103,0.0059,0.0033,0.01,0.0106,0.0299,0.0026,0.0102,0.0117,0.0038,0.0062,0.0138,0.0097,0.0284,3.1236,Subject06,Backwards,68.03
197,960,1.4329,0.0038,0.0324,0.6674,0.7293,14.9815,0.003,0.0068,0.0095,0.0057,0.0034,0.0125,0.0126,0.0272,0.0022,0.0082,0.0114,0.0035,0.0057,0.0126,0.0094,0.027,3.1236,Subject06,Backwards,68.03
197,975,1.485,0.0031,0.0329,0.6684,0.7806,15.1481,0.0033,0.0099,0.0093,0.0044,0.003,0.0131,0.0107,0.0268,0.0024,0.0068,0.0106,0.0034,0.0055,0.0126,0.0094,0.0273,3.1236,Subject06,Backwards,68.03
197,990,1.4273,0.0032,0.0315,0.6462,0.7463,14.4815,0.003,0.0066,0.0103,0.0062,0.0029,0.0118,0.0108,0.0283,0.0023,0.0097,0.0114,0.0031,0.0056,0.0113,0.0084,0.0348,3.1236,Subject06,Backwards,68.03
197,1005,1.3885,0.003,0.0339,0.6574,0.6941,15.8148,0.0034,0.0071,0.0087,0.0048,0.003,0.0115,0.0112,0.0284,0.0028,0.0075,0.0119,0.0032,0.0056,0.01,0.0072,0.0329,3.1236,Subject06,Backwards,68.03
198,360,1.3138,0.0016,0.0241,0.5985,0.6896,2.3347,0.0025,0.0088,0.0351,0.0114,0.0105,0.0323,0.0138,0.0312,0.0024,0.0085,0.0268,0.0117,0.016,0.0339,0.0271,0.0202,4.1207,Subject06,Cycling,68.03
198,375,1.1293,0.0007,0.0199,0.5131,0.5955,12.9014,0.003,0.0092,0.0417,0.0135,0.0146,0.0309,0.0151,0.0182,0.002,0.0078,0.0261,0.0138,0.0217,0.0332,0.023,0.0107,4.1207,Subject06,Cycling,68.03
198,390,1.2246,0.0009,0.0199,0.5629,0.641,20.568,0.0031,0.0099,0.0398,0.0153,0.011,0.0337,0.0124,0.0236,0.0023,0.0087,0.0239,0.0131,0.0175,0.0408,0.0182,0.0152,4.1207,Subject06,Cycling,68.03
198,405,1.1977,0.0007,0.0194,0.5713,0.6062,21.5918,0.0029,0.0099,0.039,0.016,0.0122,0.0274,0.0135,0.0138,0.0021,0.0077,0.0287,0.0116,0.0247,0.0317,0.0191,0.0103,4.1207,Subject06,Cycling,68.03
198,420,1.205,0.0006,0.0208,0.5678,0.6158,22.2347,0.0027,0.0101,0.0401,0.0172,0.0153,0.0265,0.0113,0.0139,0.002,0.0087,0.0299,0.0127,0.0282,0.0279,0.0172,0.0095,4.1207,Subject06,Cycling,68.03
198,435,1.1499,0.0006,0.02,0.5515,0.5778,21.568,0.0026,0.0089,0.0334,0.0202,0.0154,0.0252,0.0116,0.0117,0.002,0.0068,0.0292,0.0133,0.0259,0.0323,0.0152,0.0099,4.1207,Subject06,Cycling,68.03
198,450,1.1824,0.0005,0.0186,0.5519,0.6115,21.5347,0.0026,0.0085,0.0336,0.0177,0.0157,0.0251,0.0104,0.0106,0.002,0.0069,0.0302,0.0147,0.0324,0.0299,0.0165,0.0104,4.1207,Subject06,Cycling,68.03
198,465,1.1554,0.0006,0.0201,0.5402,0.5945,20.7347,0.0029,0.0081,0.0325,0.0182,0.0121,0.0254,0.0099,0.014,0.0019,0.0083,0.0312,0.0136,0.0236,0.0285,0.0186,0.0121,4.1207,Subject06,Cycling,68.03
198,480,1.2068,0.0006,0.0208,0.5644,0.621,22.4014,0.0026,0.0081,0.0351,0.013,0.0145,0.0272,0.0098,0.0108,0.002,0.0124,0.0351,0.0115,0.0174,0.0241,0.0185,0.0101,4.1207,Subject06,Cycling,68.03
198,495,1.2237,0.0006,0.0199,0.5649,0.6383,22.4014,0.0024,0.0074,0.0382,0.0177,0.0135,0.0309,0.0086,0.0146,0.0017,0.0137,0.0326,0.011,0.0231,0.0238,0.0181,0.0108,4.1207,Subject06,Cycling,68.03
199,510,1.2285,0.0007,0.0206,0.5694,0.6378,23.1633,0.0026,0.0088,0.0388,0.0118,0.0133,0.0345,0.0104,0.019,0.0019,0.0133,0.0337,0.011,0.0177,0.0234,0.0185,0.0108,4.1207,Subject06,Cycling,68.03
199,525,1.275,0.0007,0.0212,0.6164,0.6367,22.7347,0.0033,0.0094,0.0437,0.0087,0.0143,0.0266,0.0133,0.0188,0.0017,0.0133,0.0361,0.0082,0.017,0.0279,0.0189,0.0144,4.1207,Subject06,Cycling,68.03
199,540,1.2739,0.0007,0.0204,0.6118,0.641,23.2347,0.0028,0.0069,0.0344,0.0129,0.0119,0.0324,0.011,0.0166,0.0017,0.0101,0.0328,0.0093,0.0193,0.0268,0.0191,0.0133,4.1207,Subject06,Cycling,68.03
199,555,1.2411,0.0007,0.021,0.604,0.6154,20.8776,0.0032,0.007,0.0342,0.0125,0.0148,0.0278,0.0113,0.0121,0.0017,0.0105,0.0323,0.0107,0.0228,0.0289,0.0167,0.0099,4.1207,Subject06,Cycling,68.03
199,570,1.2529,0.0007,0.0207,0.6043,0.6272,22.068,0.0026,0.0085,0.0358,0.011,0.0118,0.0291,0.0108,0.0167,0.0019,0.0109,0.0329,0.0101,0.0247,0.0288,0.0166,0.011,4.1207,Subject06,Cycling,68.03
199,585,1.2669,0.0006,0.0207,0.6009,0.6447,23.068,0.0027,0.0088,0.0399,0.0119,0.0092,0.0319,0.0109,0.0195,0.002,0.0113,0.0327,0.0108,0.0213,0.0302,0.0161,0.0124,4.1207,Subject06,Cycling,68.03
199,600,1.2779,0.0006,0.02,0.6161,0.6412,23.3061,0.0026,0.0095,0.0435,0.0104,0.009,0.0247,0.0097,0.017,0.0016,0.0107,0.0295,0.0099,0.0187,0.0246,0.0168,0.0123,4.1207,Subject06,Cycling,68.03
199,615,1.2603,0.0006,0.0184,0.6117,0.6296,23.068,0.0022,0.0085,0.0381,0.0154,0.0078,0.0259,0.0107,0.0159,0.0016,0.0126,0.0333,0.0119,0.0224,0.0275,0.0161,0.012,4.1207,Subject06,Cycling,68.03
199,630,1.2472,0.0005,0.0188,0.6033,0.6246,22.449,0.0021,0.01,0.0416,0.0135,0.0076,0.0218,0.0109,0.0173,0.0017,0.0118,0.0314,0.0117,0.0161,0.0273,0.0172,0.0122,4.1207,Subject06,Cycling,68.03
199,645,1.2646,0.0006,0.0194,0.5883,0.6564,24.7347,0.0023,0.0093,0.0353,0.0134,0.0081,0.034,0.0088,0.0168,0.0016,0.0109,0.033,0.0137,0.016,0.0273,0.0144,0.0116,4.1207,Subject06,Cycling,68.03
200,720,2.5636,0.0035,0.0501,1.1947,1.3154,26.3061,0.005,0.006,0.035,0.0273,0.0136,0.0531,0.0147,0.0403,0.0045,0.0145,0.0404,0.0251,0.0137,0.061,0.0176,0.0336,5.9055,Subject06,Cycling,68.03
200,735,2.4226,0.0032,0.0494,1.1573,1.2127,33.4847,0.0058,0.0078,0.0264,0.0353,0.0139,0.0502,0.0155,0.0379,0.0051,0.0153,0.0387,0.0253,0.0147,0.0578,0.0163,0.0364,5.9055,Subject06,Cycling,68.03
200,750,2.3029,0.0035,0.0484,1.0811,1.1699,35.7347,0.0059,0.0075,0.0285,0.0279,0.0144,0.049,0.0158,0.0335,0.0046,0.0135,0.0349,0.0264,0.0141,0.0545,0.0159,0.0304,5.9055,Subject06,Cycling,68.03
200,765,2.5939,0.0041,0.0568,1.2135,1.3194,36.5918,0.007,0.0102,0.0376,0.0223,0.0096,0.0485,0.0168,0.048,0.0048,0.0148,0.0379,0.0249,0.0124,0.0522,0.0165,0.0354,5.9055,Subject06,Cycling,68.03
200,780,2.5399,0.0047,0.0556,1.1526,1.327,38.4014,0.0058,0.0099,0.0457,0.0112,0.0074,0.0432,0.0166,0.044,0.0046,0.0151,0.0362,0.0199,0.0136,0.0552,0.0162,0.0322,5.9055,Subject06,Cycling,68.03
200,795,2.4955,0.0043,0.0491,1.1481,1.294,37.4847,0.005,0.0095,0.0415,0.0143,0.0075,0.0467,0.0141,0.0468,0.0043,0.0156,0.0365,0.0162,0.012,0.0479,0.0183,0.0334,5.9055,Subject06,Cycling,68.03
200,810,2.5718,0.0045,0.0476,1.1907,1.3289,36.7347,0.0046,0.0099,0.0432,0.0117,0.0072,0.0482,0.0133,0.0476,0.004,0.0174,0.0381,0.0157,0.0096,0.0493,0.0175,0.0328,5.9055,Subject06,Cycling,68.03
200,825,2.6815,0.005,0.055,1.2537,1.3677,35.7347,0.0055,0.009,0.0448,0.0131,0.0081,0.0498,0.0169,0.0459,0.0039,0.0136,0.032,0.0204,0.0097,0.0487,0.0174,0.0346,5.9055,Subject06,Cycling,68.03
200,840,2.5018,0.0053,0.0526,1.1808,1.263,34.2347,0.0046,0.007,0.0392,0.0157,0.0089,0.0432,0.0129,0.0309,0.0039,0.0118,0.0308,0.0177,0.0111,0.047,0.0177,0.0308,5.9055,Subject06,Cycling,68.03
200,855,2.5556,0.0056,0.052,1.1935,1.3045,34.0204,0.0053,0.0079,0.0427,0.0147,0.0091,0.0459,0.015,0.0373,0.0038,0.0124,0.0332,0.0195,0.0126,0.0481,0.0195,0.0342,5.9055,Subject06,Cycling,68.03
201,870,2.481,0.0057,0.0513,1.1457,1.2783,36.9847,0.0052,0.008,0.0434,0.0102,0.0092,0.0433,0.0154,0.0322,0.004,0.0126,0.0306,0.017,0.0133,0.0437,0.0196,0.0274,5.9055,Subject06,Cycling,68.03
201,885,2.5703,0.0067,0.0524,1.2158,1.2954,35.0204,0.0046,0.0092,0.0512,0.0134,0.0099,0.0448,0.0134,0.0343,0.0041,0.0114,0.0319,0.0201,0.0183,0.0518,0.0184,0.025,5.9055,Subject06,Cycling,68.03
201,900,2.6526,0.0082,0.055,1.2025,1.3868,32.7347,0.0047,0.0102,0.0544,0.0143,0.0105,0.048,0.0137,0.0442,0.004,0.0129,0.0277,0.0217,0.0128,0.0489,0.0178,0.0246,5.9055,Subject06,Cycling,68.03
201,915,2.6962,0.0071,0.0553,1.2362,1.3975,34.6097,0.0045,0.009,0.0487,0.0173,0.0098,0.046,0.0126,0.0487,0.0036,0.014,0.0356,0.0195,0.015,0.0489,0.017,0.0301,5.9055,Subject06,Cycling,68.03
201,930,2.7708,0.0075,0.0537,1.2611,1.4485,35.9847,0.0049,0.012,0.0549,0.0185,0.0109,0.0447,0.0133,0.0462,0.0029,0.0144,0.037,0.0205,0.0163,0.0523,0.0158,0.0355,5.9055,Subject06,Cycling,68.03
201,945,2.7727,0.0081,0.058,1.2868,1.4198,33.6097,0.0052,0.0094,0.0508,0.0145,0.011,0.0437,0.0128,0.0432,0.0033,0.0143,0.0315,0.0226,0.0151,0.0558,0.0153,0.037,5.9055,Subject06,Cycling,68.03
201,960,2.8088,0.0077,0.0534,1.3013,1.4464,32.9847,0.0044,0.0101,0.0507,0.0153,0.0114,0.0484,0.0129,0.0478,0.0031,0.0133,0.031,0.0191,0.0118,0.0485,0.0163,0.0351,5.9055,Subject06,Cycling,68.03
201,975,2.7574,0.0086,0.0574,1.2908,1.4006,35.4847,0.0044,0.0112,0.0538,0.0131,0.0101,0.0409,0.012,0.0457,0.0034,0.0114,0.0334,0.0217,0.0131,0.0468,0.0164,0.0318,5.9055,Subject06,Cycling,68.03
201,990,2.6563,0.0071,0.0546,1.2302,1.3644,36.3061,0.0043,0.0111,0.0572,0.0102,0.0123,0.0435,0.0155,0.0422,0.0032,0.0118,0.0353,0.016,0.0139,0.0432,0.0185,0.035,5.9055,Subject06,Cycling,68.03
201,1005,2.7226,0.008,0.0582,1.2539,1.4025,36.4847,0.0045,0.0088,0.0474,0.0112,0.0097,0.0429,0.011,0.039,0.0037,0.0113,0.0326,0.019,0.0122,0.0492,0.0178,0.033,5.9055,Subject06,Cycling,68.03
202,1080,1.4326,0.0027,0.0285,0.6626,0.7389,32.5918,0.004,0.0101,0.0553,0.0117,0.0147,0.0322,0.0177,0.0273,0.0037,0.0075,0.0369,0.017,0.0253,0.0367,0.0194,0.0205,6.2759,Subject06,Cycling,68.03
202,1095,1.1787,0.0014,0.0229,0.547,0.6074,34.1097,0.0044,0.0108,0.0538,0.0089,0.0172,0.0219,0.0149,0.0129,0.0033,0.0079,0.0388,0.0119,0.0219,0.0191,0.017,0.0104,6.2759,Subject06,Cycling,68.03
202,1110,1.2251,0.0012,0.0258,0.5843,0.6138,36.1633,0.004,0.0135,0.0527,0.0117,0.0183,0.0155,0.0116,0.0141,0.0033,0.0096,0.0373,0.0134,0.0236,0.0192,0.0167,0.0117,6.2759,Subject06,Cycling,68.03
202,1125,1.2009,0.0009,0.0239,0.5789,0.5972,39.449,0.0038,0.0127,0.0539,0.0103,0.0172,0.017,0.0133,0.0165,0.003,0.0092,0.0434,0.0149,0.0282,0.0195,0.0166,0.012,6.2759,Subject06,Cycling,68.03
202,1140,1.1457,0.0013,0.0243,0.5461,0.5741,41.6097,0.0046,0.0117,0.054,0.0108,0.017,0.0163,0.0126,0.0114,0.0038,0.0088,0.0386,0.0139,0.0241,0.0175,0.0146,0.0093,6.2759,Subject06,Cycling,68.03
202,1155,1.194,0.0013,0.0244,0.563,0.6053,41.9847,0.0045,0.0113,0.0564,0.0105,0.0177,0.0167,0.0167,0.0151,0.0036,0.0077,0.0398,0.0158,0.0249,0.0188,0.0154,0.0111,6.2759,Subject06,Cycling,68.03
202,1170,1.2139,0.002,0.0279,0.5745,0.6095,42.7347,0.0045,0.0108,0.0556,0.0099,0.0187,0.0166,0.0146,0.0099,0.0034,0.0084,0.0427,0.0141,0.0247,0.0182,0.0155,0.0088,6.2759,Subject06,Cycling,68.03
202,1185,1.1864,0.0014,0.0238,0.564,0.5973,44.7347,0.0046,0.0119,0.0588,0.0138,0.02,0.0195,0.0137,0.0129,0.0031,0.009,0.0395,0.0201,0.0305,0.0243,0.0153,0.011,6.2759,Subject06,Cycling,68.03
202,1200,1.2038,0.0012,0.0228,0.5865,0.5933,43.8597,0.0044,0.0098,0.0493,0.0123,0.0174,0.0212,0.0142,0.012,0.0032,0.0082,0.0413,0.0232,0.0273,0.0263,0.0146,0.0094,6.2759,Subject06,Cycling,68.03
202,1215,1.1921,0.0012,0.0236,0.5877,0.5795,42.8776,0.0043,0.0099,0.0538,0.0111,0.0174,0.0196,0.0141,0.0123,0.0028,0.009,0.0398,0.0195,0.0274,0.0273,0.0138,0.0108,6.2759,Subject06,Cycling,68.03
203,1230,1.2679,0.0014,0.0246,0.6118,0.6301,42.6097,0.0044,0.0109,0.0549,0.0121,0.0164,0.0202,0.013,0.0133,0.003,0.0113,0.0407,0.0116,0.0226,0.0265,0.0161,0.0126,6.2759,Subject06,Cycling,68.03
203,1245,1.3353,0.0012,0.0246,0.6452,0.6643,44.3597,0.0041,0.0109,0.0566,0.0101,0.0145,0.0224,0.0141,0.0147,0.0027,0.0108,0.0405,0.0168,0.0177,0.028,0.015,0.0139,6.2759,Subject06,Cycling,68.03
203,1260,1.353,0.0012,0.0253,0.6558,0.6708,44.7347,0.0041,0.0114,0.0523,0.0128,0.0187,0.0238,0.0114,0.0145,0.0029,0.0136,0.0393,0.0128,0.0192,0.0292,0.0161,0.0154,6.2759,Subject06,Cycling,68.03
203,1275,1.3035,0.0013,0.0246,0.6439,0.6337,43.0204,0.004,0.0115,0.0564,0.0128,0.0191,0.0227,0.0141,0.0155,0.0027,0.0154,0.0411,0.0106,0.0184,0.0219,0.015,0.014,6.2759,Subject06,Cycling,68.03
203,1290,1.2947,0.0011,0.0236,0.6333,0.6367,45.0204,0.0037,0.0129,0.0552,0.0087,0.0146,0.0217,0.0127,0.0192,0.003,0.0139,0.0442,0.0141,0.0209,0.0198,0.0175,0.0135,6.2759,Subject06,Cycling,68.03
203,1305,1.1936,0.0011,0.0205,0.5775,0.5945,41.7347,0.0039,0.0105,0.0548,0.0093,0.0158,0.02,0.014,0.0139,0.0032,0.0116,0.0396,0.0137,0.0278,0.0196,0.0186,0.0121,6.2759,Subject06,Cycling,68.03
203,1320,1.2595,0.0015,0.0244,0.6019,0.6317,39.2347,0.004,0.0117,0.0584,0.0088,0.0132,0.0231,0.0135,0.0153,0.0036,0.0102,0.0396,0.0127,0.0229,0.0216,0.0176,0.0106,6.2759,Subject06,Cycling,68.03
203,1335,1.3487,0.0015,0.0262,0.6651,0.656,43.2347,0.0036,0.0134,0.0578,0.0091,0.0163,0.0228,0.0137,0.0188,0.0032,0.0109,0.0433,0.0133,0.0228,0.0259,0.0167,0.013,6.2759,Subject06,Cycling,68.03
203,1350,1.4079,0.0011,0.0275,0.6551,0.7242,44.8597,0.0034,0.0132,0.0602,0.0109,0.0159,0.0264,0.0119,0.0185,0.0029,0.0108,0.039,0.013,0.0253,0.0275,0.0163,0.0128,6.2759,Subject06,Cycling,68.03
203,1365,1.3785,0.0011,0.0279,0.6642,0.6853,46.5918,0.0036,0.0117,0.0566,0.0127,0.016,0.0245,0.0123,0.0164,0.0029,0.0108,0.0399,0.0125,0.0232,0.0298,0.0174,0.0148,6.2759,Subject06,Cycling,68.03
204,1440,1.3484,0.0008,0.0251,0.6414,0.6811,41.6097,0.0027,0.0099,0.0411,0.0105,0.0174,0.0268,0.0098,0.0196,0.0022,0.0103,0.0311,0.0128,0.0175,0.0244,0.0146,0.0127,3.2409,Subject06,Cycling,68.03
204,1455,1.4789,0.001,0.0278,0.6927,0.7575,37.0204,0.0023,0.006,0.0267,0.0137,0.0124,0.0329,0.0079,0.0157,0.0017,0.007,0.0261,0.0127,0.016,0.0259,0.016,0.0127,3.2409,Subject06,Cycling,68.03
204,1470,1.4547,0.0008,0.023,0.6815,0.7493,30.3061,0.0021,0.0066,0.0282,0.0133,0.0109,0.0329,0.0083,0.0173,0.0018,0.006,0.0215,0.0185,0.0207,0.0355,0.0144,0.014,3.2409,Subject06,Cycling,68.03
204,1485,1.4058,0.0006,0.0202,0.6693,0.7158,25.2347,0.0021,0.0055,0.0253,0.0154,0.0131,0.0334,0.0074,0.0165,0.0015,0.0059,0.0222,0.0123,0.0153,0.0307,0.0126,0.012,3.2409,Subject06,Cycling,68.03
204,1500,1.3397,0.0007,0.0218,0.632,0.6851,23.9014,0.0022,0.0068,0.033,0.0139,0.0102,0.0283,0.0087,0.0133,0.0017,0.0052,0.0194,0.0158,0.0163,0.0343,0.0124,0.0094,3.2409,Subject06,Cycling,68.03
204,1515,1.342,0.0006,0.0233,0.6465,0.6715,22.1633,0.0022,0.007,0.0329,0.0127,0.0101,0.0256,0.0083,0.0148,0.0016,0.0083,0.0213,0.0126,0.0124,0.0268,0.0125,0.0095,3.2409,Subject06,Cycling,68.03
204,1530,1.3102,0.0007,0.0248,0.6319,0.6528,22.568,0.0021,0.0077,0.0329,0.0068,0.008,0.0291,0.0096,0.0126,0.0016,0.0069,0.0215,0.0125,0.0102,0.0261,0.013,0.01,3.2409,Subject06,Cycling,68.03
204,1545,1.3374,0.0008,0.0231,0.6521,0.6614,20.4014,0.0021,0.0065,0.0323,0.0086,0.0105,0.0283,0.0093,0.0117,0.0014,0.0074,0.025,0.0113,0.0119,0.0273,0.0139,0.0099,3.2409,Subject06,Cycling,68.03
204,1560,1.3758,0.0007,0.0227,0.6643,0.6881,20.7347,0.0021,0.0064,0.0289,0.0096,0.0089,0.0292,0.0084,0.0114,0.0015,0.005,0.022,0.0159,0.0187,0.0277,0.0132,0.0094,3.2409,Subject06,Cycling,68.03
204,1575,1.3421,0.0006,0.022,0.6521,0.6674,20.3347,0.0019,0.0067,0.0302,0.0097,0.0111,0.0288,0.0074,0.0126,0.0015,0.0062,0.022,0.0162,0.0137,0.027,0.0138,0.0103,3.2409,Subject06,Cycling,68.03
205,1590,1.3501,0.0006,0.0227,0.6512,0.6756,21.4014,0.002,0.0081,0.0319,0.0113,0.0109,0.0258,0.0076,0.0132,0.0015,0.0055,0.0176,0.0174,0.0139,0.027,0.0116,0.0095,3.2409,Subject06,Cycling,68.03
205,1605,1.3604,0.0007,0.0221,0.6645,0.673,17.2347,0.0023,0.0079,0.0349,0.0096,0.0104,0.0289,0.0094,0.0148,0.0014,0.006,0.0194,0.0151,0.0121,0.0315,0.0129,0.0129,3.2409,Subject06,Cycling,68.03
205,1620,1.3986,0.0005,0.0219,0.6687,0.7075,17.1347,0.002,0.0057,0.0291,0.0131,0.0123,0.0364,0.0086,0.0164,0.0014,0.0052,0.0213,0.0145,0.0137,0.0302,0.0126,0.0129,3.2409,Subject06,Cycling,68.03
205,1635,1.3689,0.0005,0.019,0.6537,0.6958,17.068,0.0021,0.007,0.0324,0.0079,0.0126,0.0309,0.009,0.0144,0.0014,0.0054,0.0211,0.0149,0.0115,0.0331,0.0125,0.0124,3.2409,Subject06,Cycling,68.03
205,1650,1.3039,0.0007,0.0216,0.6211,0.6605,17.7347,0.0025,0.0076,0.0326,0.0065,0.0126,0.0288,0.009,0.0116,0.0014,0.0053,0.0229,0.0114,0.0148,0.028,0.0133,0.0102,3.2409,Subject06,Cycling,68.03
205,1665,1.3471,0.0009,0.0222,0.6379,0.6861,17.568,0.0022,0.0077,0.0322,0.0081,0.0103,0.0292,0.0095,0.0135,0.0014,0.0093,0.0239,0.0107,0.0124,0.0279,0.0149,0.012,3.2409,Subject06,Cycling,68.03
205,1680,1.3372,0.0011,0.0237,0.6552,0.6572,20.068,0.0021,0.0083,0.0335,0.0048,0.0087,0.0284,0.0094,0.0185,0.0015,0.0072,0.0256,0.0106,0.016,0.0291,0.0144,0.0111,3.2409,Subject06,Cycling,68.03
205,1695,1.3794,0.0011,0.0259,0.6724,0.68,17.068,0.0022,0.0073,0.0338,0.0052,0.0088,0.0258,0.0101,0.0169,0.0017,0.0053,0.0241,0.0123,0.0178,0.0314,0.0134,0.0104,3.2409,Subject06,Cycling,68.03
205,1710,1.3456,0.0009,0.0233,0.651,0.6705,17.2347,0.002,0.0071,0.0355,0.006,0.0081,0.0254,0.0106,0.0188,0.0015,0.0055,0.0242,0.0111,0.0141,0.0328,0.0145,0.0106,3.2409,Subject06,Cycling,68.03
205,1725,1.4138,0.0008,0.0223,0.6847,0.706,17.1633,0.002,0.0066,0.0332,0.0074,0.0093,0.0307,0.009,0.0218,0.0016,0.0055,0.0257,0.0109,0.0143,0.0313,0.0143,0.0116,3.2409,Subject06,Cycling,68.03
206,360,0.0081,0.0002,0.0026,0.0027,0.0026,-1.7346,0.0012,0.001,0.0017,0.0009,0.0009,0.0073,0.0039,0.001,0.0012,0.0011,0.0014,0.0079,0.0023,0.0112,0.004,0.0021,5.0706,Subject06,Incline,68.03
206,375,2.605,0.0036,0.0436,1.3087,1.249,3.8654,0.0042,0.0033,0.0084,0.0059,0.0033,0.0186,0.0147,0.0224,0.0025,0.0028,0.0086,0.0086,0.0052,0.0215,0.0162,0.0141,5.0706,Subject06,Incline,68.03
206,390,3.363,0.0038,0.0587,1.7047,1.5958,17.1987,0.0054,0.0034,0.0105,0.0062,0.0051,0.0205,0.0168,0.0274,0.003,0.003,0.0089,0.0088,0.0061,0.0217,0.0162,0.0171,5.0706,Subject06,Incline,68.03
206,405,3.3314,0.0042,0.066,1.6416,1.6195,27.1987,0.0051,0.0038,0.0111,0.0066,0.0045,0.0191,0.0151,0.0244,0.0029,0.0032,0.0108,0.0084,0.0063,0.0218,0.0172,0.0159,5.0706,Subject06,Incline,68.03
206,420,3.3099,0.0037,0.0653,1.7234,1.5174,23.1987,0.005,0.0039,0.0111,0.0066,0.0043,0.0185,0.016,0.0229,0.0031,0.0033,0.0112,0.0085,0.0071,0.0227,0.0156,0.0184,5.0706,Subject06,Incline,68.03
206,435,3.2253,0.0036,0.0551,1.667,1.4996,24.0321,0.0048,0.0036,0.0102,0.0069,0.0038,0.0201,0.0165,0.0241,0.0029,0.0028,0.011,0.008,0.006,0.023,0.0164,0.0167,5.0706,Subject06,Incline,68.03
206,450,3.2816,0.004,0.0611,1.6395,1.5769,24.0321,0.0054,0.0034,0.0096,0.0067,0.0038,0.0176,0.0137,0.0226,0.003,0.0028,0.01,0.0079,0.0063,0.0247,0.0165,0.0176,5.0706,Subject06,Incline,68.03
206,465,3.3192,0.0036,0.0588,1.663,1.5938,19.6987,0.0055,0.0033,0.0085,0.0065,0.0038,0.0191,0.0153,0.0209,0.003,0.003,0.0109,0.0083,0.0072,0.0219,0.0149,0.0191,5.0706,Subject06,Incline,68.03
206,480,3.3413,0.0039,0.0566,1.6485,1.6323,19.1987,0.0051,0.0034,0.0087,0.0062,0.0042,0.0173,0.0134,0.0202,0.0029,0.0029,0.0103,0.0077,0.0065,0.0223,0.0162,0.0178,5.0706,Subject06,Incline,68.03
206,495,3.353,0.0041,0.0568,1.6453,1.6468,18.8654,0.0054,0.0029,0.0079,0.0064,0.0037,0.0176,0.0135,0.0192,0.0028,0.0029,0.0102,0.0072,0.0068,0.0217,0.0149,0.0166,5.0706,Subject06,Incline,68.03
207,510,3.35,0.0038,0.0581,1.6439,1.6442,18.3654,0.005,0.003,0.0083,0.0064,0.0037,0.0172,0.0133,0.0203,0.0029,0.0027,0.0102,0.0078,0.0058,0.0207,0.0155,0.0151,5.0706,Subject06,Incline,68.03
207,525,3.4025,0.0045,0.0603,1.6683,1.6694,18.1987,0.0048,0.0028,0.0078,0.0062,0.004,0.0175,0.0127,0.0185,0.0028,0.0027,0.011,0.0066,0.0063,0.0221,0.0168,0.0161,5.0706,Subject06,Incline,68.03
207,540,3.4072,0.0043,0.0562,1.6415,1.7052,17.3654,0.0054,0.0031,0.0082,0.0064,0.0038,0.0176,0.0142,0.024,0.0028,0.0027,0.0104,0.0073,0.0059,0.021,0.0151,0.0149,5.0706,Subject06,Incline,68.03
207,555,3.3223,0.0045,0.0546,1.6334,1.6298,16.2654,0.005,0.0029,0.0076,0.0064,0.0037,0.0167,0.0143,0.0196,0.003,0.0027,0.0098,0.0072,0.0063,0.0217,0.0147,0.0148,5.0706,Subject06,Incline,68.03
207,570,3.3636,0.0046,0.0643,1.6285,1.6662,19.0321,0.0053,0.0029,0.0075,0.0062,0.004,0.0162,0.0129,0.0165,0.0032,0.0028,0.0096,0.0068,0.006,0.0217,0.0137,0.0167,5.0706,Subject06,Incline,68.03
207,585,3.4077,0.0057,0.061,1.6835,1.6576,17.6987,0.005,0.003,0.0078,0.0062,0.0044,0.0172,0.013,0.0166,0.003,0.0028,0.0092,0.0075,0.0064,0.0196,0.0144,0.0155,5.0706,Subject06,Incline,68.03
207,600,3.414,0.0057,0.0577,1.6883,1.6623,15.8654,0.005,0.003,0.0079,0.007,0.0042,0.016,0.0128,0.021,0.0029,0.0027,0.01,0.0077,0.0062,0.0205,0.0128,0.0156,5.0706,Subject06,Incline,68.03
207,615,3.3796,0.0053,0.0582,1.6762,1.6399,16.8654,0.0052,0.003,0.0088,0.0061,0.0039,0.0189,0.0143,0.0229,0.0028,0.0028,0.0093,0.0076,0.0057,0.0194,0.0148,0.0147,5.0706,Subject06,Incline,68.03
207,630,3.4195,0.0048,0.0542,1.6886,1.6719,17.4654,0.0049,0.0027,0.0073,0.0059,0.0037,0.0162,0.0125,0.0179,0.0029,0.0028,0.0099,0.0076,0.0053,0.0202,0.0152,0.0152,5.0706,Subject06,Incline,68.03
207,645,3.3703,0.0048,0.051,1.6817,1.6328,18.3654,0.0052,0.0027,0.0069,0.0067,0.0036,0.0185,0.0121,0.0163,0.0032,0.0027,0.0087,0.0075,0.0059,0.0212,0.0142,0.0147,5.0706,Subject06,Incline,68.03
208,720,1.8673,0.0033,0.0365,0.9231,0.9045,17.3654,0.0042,0.0022,0.006,0.0044,0.0024,0.0133,0.0106,0.0147,0.0022,0.003,0.0071,0.0065,0.0057,0.0205,0.0119,0.0147,2.8103,Subject06,Incline,68.03
208,735,1.3108,0.0024,0.0225,0.6197,0.6662,14.0654,0.0033,0.0017,0.0046,0.0039,0.0019,0.0143,0.0095,0.0144,0.002,0.0021,0.006,0.0053,0.0038,0.0199,0.0122,0.0113,2.8103,Subject06,Incline,68.03
208,750,1.3449,0.0026,0.0289,0.6687,0.6447,11.3654,0.0042,0.0018,0.0047,0.0051,0.0018,0.0131,0.009,0.0167,0.0021,0.0018,0.0059,0.0051,0.0041,0.0173,0.0101,0.0112,2.8103,Subject06,Incline,68.03
208,765,1.2836,0.0034,0.0317,0.5807,0.6679,6.0321,0.0044,0.0017,0.0043,0.0046,0.002,0.0118,0.0088,0.0154,0.0023,0.0021,0.0056,0.0049,0.0041,0.017,0.0101,0.0104,2.8103,Subject06,Incline,68.03
208,780,1.3544,0.0032,0.03,0.6752,0.646,6.8654,0.0045,0.002,0.0054,0.004,0.0021,0.0137,0.0095,0.0129,0.0021,0.0018,0.0056,0.0054,0.0042,0.0142,0.0099,0.0115,2.8103,Subject06,Incline,68.03
208,795,1.3272,0.0031,0.0294,0.607,0.6877,7.5321,0.0043,0.0019,0.0052,0.0039,0.0022,0.0121,0.0087,0.0143,0.0024,0.0021,0.0062,0.0047,0.0043,0.0165,0.0095,0.0111,2.8103,Subject06,Incline,68.03
208,810,1.3033,0.0043,0.0368,0.6112,0.6511,11.1154,0.004,0.0018,0.0045,0.004,0.0021,0.0138,0.0088,0.0112,0.0025,0.0019,0.0062,0.0053,0.0043,0.0169,0.0092,0.011,2.8103,Subject06,Incline,68.03
208,825,1.3493,0.004,0.0326,0.6696,0.6431,9.6987,0.0042,0.002,0.0051,0.0037,0.0022,0.013,0.0095,0.0112,0.0023,0.0021,0.0063,0.0047,0.004,0.0153,0.0097,0.0099,2.8103,Subject06,Incline,68.03
208,840,1.339,0.0043,0.0315,0.6303,0.6728,7.5321,0.0041,0.002,0.0055,0.0041,0.0021,0.0106,0.0081,0.0134,0.0023,0.0021,0.0066,0.0045,0.0041,0.0167,0.0087,0.0109,2.8103,Subject06,Incline,68.03
208,855,1.337,0.0036,0.0287,0.6694,0.6353,9.8654,0.004,0.002,0.0055,0.0044,0.0023,0.0133,0.0092,0.0154,0.0022,0.0021,0.006,0.0054,0.004,0.0158,0.0086,0.0099,2.8103,Subject06,Incline,68.03
209,870,1.3352,0.0041,0.0351,0.6414,0.6547,9.6987,0.0042,0.0017,0.0047,0.0042,0.0021,0.0119,0.0089,0.0119,0.0026,0.002,0.0064,0.0054,0.0043,0.0156,0.0086,0.0105,2.8103,Subject06,Incline,68.03
209,885,1.3708,0.0033,0.03,0.6437,0.6938,11.8654,0.0043,0.0016,0.004,0.0058,0.002,0.0133,0.0084,0.0099,0.0022,0.0018,0.0061,0.0041,0.0049,0.0177,0.0107,0.0095,2.8103,Subject06,Incline,68.03
209,900,1.3461,0.0029,0.0264,0.6372,0.6796,11.0321,0.0045,0.0015,0.0039,0.0048,0.0019,0.0123,0.0085,0.0134,0.0023,0.0018,0.0055,0.0057,0.0038,0.0182,0.0096,0.0124,2.8103,Subject06,Incline,68.03
209,915,1.3892,0.0029,0.0296,0.6776,0.6791,12.3654,0.004,0.0018,0.0048,0.0047,0.0017,0.0115,0.0097,0.0178,0.0021,0.0017,0.0053,0.0068,0.004,0.0179,0.0112,0.014,2.8103,Subject06,Incline,68.03
209,930,1.4141,0.0028,0.0285,0.7016,0.6811,11.8654,0.0041,0.0017,0.0043,0.0045,0.0017,0.0146,0.0099,0.0135,0.0022,0.0017,0.0052,0.0067,0.0041,0.018,0.0104,0.0106,2.8103,Subject06,Incline,68.03
209,945,1.4035,0.0035,0.0317,0.6568,0.7116,12.0654,0.004,0.0015,0.004,0.0051,0.0017,0.0139,0.009,0.0138,0.0022,0.0017,0.0049,0.0058,0.0036,0.0202,0.0118,0.0109,2.8103,Subject06,Incline,68.03
209,960,1.4104,0.0032,0.0295,0.7306,0.6471,11.5321,0.0045,0.0017,0.0044,0.0059,0.0018,0.0136,0.0086,0.0164,0.0023,0.0017,0.0052,0.0073,0.005,0.0199,0.0093,0.0148,2.8103,Subject06,Incline,68.03
209,975,1.3397,0.0034,0.0339,0.6418,0.6606,12.3654,0.0039,0.0019,0.0053,0.0044,0.0021,0.0124,0.0091,0.0133,0.0023,0.0022,0.0056,0.0047,0.0042,0.0167,0.0109,0.0111,2.8103,Subject06,Incline,68.03
209,990,1.3137,0.0028,0.0284,0.6085,0.674,12.0321,0.0038,0.0021,0.0053,0.0043,0.002,0.0122,0.0089,0.0138,0.002,0.0021,0.0058,0.0047,0.0037,0.018,0.0104,0.0115,2.8103,Subject06,Incline,68.03
209,1005,1.2997,0.0023,0.0259,0.6352,0.6363,10.2654,0.0037,0.0021,0.0052,0.0043,0.0023,0.0113,0.0086,0.0159,0.0022,0.0027,0.0063,0.0052,0.0049,0.0194,0.0109,0.0129,2.8103,Subject06,Incline,68.03
210,1080,1.2078,0.0032,0.0302,0.5815,0.5928,13.6654,0.0039,0.0022,0.0057,0.0039,0.002,0.0098,0.0071,0.0156,0.002,0.0028,0.006,0.0044,0.0041,0.0161,0.009,0.0108,-0.0259,Subject06,Incline,68.03
210,1095,0.3636,0.0014,0.0242,0.161,0.177,11.8654,0.0015,0.0027,0.0048,0.0018,0.0014,0.0027,0.0034,0.0252,0.0014,0.0045,0.0029,0.0068,0.0041,0.0052,0.0042,0.0146,-0.0259,Subject06,Incline,68.03
210,1110,0.0101,0.0002,0.0029,0.0036,0.0034,8.1154,0.0013,0.0023,0.0032,0.0011,0.0011,0.0012,0.0014,0.0205,0.0011,0.0011,0.0014,0.0094,0.0016,0.0037,0.0022,0.0234,-0.0259,Subject06,Incline,68.03
210,1125,0.0134,0.0002,0.0034,0.005,0.0048,2.2654,0.0013,0.0027,0.0038,0.001,0.0014,0.0025,0.0015,0.017,0.0011,0.0011,0.0014,0.0076,0.0018,0.0046,0.0021,0.0187,-0.0259,Subject06,Incline,68.03
210,1140,0.0123,0.0002,0.0034,0.0053,0.0034,1.3654,0.0013,0.001,0.0016,0.0009,0.0009,0.0048,0.0014,0.0024,0.0012,0.0011,0.0014,0.0082,0.0017,0.0064,0.0019,0.0118,-0.0259,Subject06,Incline,68.03
210,1155,0.0092,0.0002,0.0028,0.0037,0.0025,1.5321,0.0013,0.001,0.0016,0.001,0.0009,0.0022,0.0011,0.0088,0.0012,0.0011,0.0014,0.0012,0.0014,0.0029,0.0017,0.0184,-0.0259,Subject06,Incline,68.03
210,1170,0.0091,0.0002,0.0027,0.0035,0.0027,2.0654,0.0013,0.001,0.0015,0.0009,0.0009,0.003,0.001,0.0065,0.0012,0.0011,0.0015,0.0012,0.0014,0.0028,0.0015,0.0135,-0.0259,Subject06,Incline,68.03
210,1185,0.0102,0.0002,0.0029,0.0043,0.0028,3.3654,0.0013,0.001,0.0015,0.0009,0.0008,0.0021,0.001,0.0116,0.0012,0.0011,0.0014,0.0012,0.0014,0.0026,0.0014,0.0127,-0.0259,Subject06,Incline,68.03
210,1200,0.393,0.0029,0.0418,0.1747,0.1735,5.6654,0.0017,0.0014,0.0031,0.0014,0.0022,0.0041,0.0031,0.0165,0.0013,0.0026,0.0023,0.0098,0.003,0.0061,0.0045,0.0103,-0.0259,Subject06,Incline,68.03
210,1215,0.0131,0.0002,0.0032,0.0061,0.0035,7.0654,0.0012,0.001,0.0016,0.0009,0.0009,0.0014,0.0023,0.0047,0.0012,0.0011,0.0014,0.0098,0.0018,0.0048,0.0024,0.0102,-0.0259,Subject06,Incline,68.03
211,1230,0.0104,0.0002,0.0031,0.004,0.0032,0.8654,0.0013,0.0019,0.002,0.001,0.001,0.002,0.0022,0.0106,0.0012,0.0012,0.0018,0.0077,0.0018,0.0041,0.003,0.0122,-0.0259,Subject06,Incline,68.03
211,1245,0.0114,0.0002,0.0032,0.0045,0.0035,1.2654,0.0013,0.0057,0.0034,0.001,0.0014,0.0014,0.0032,0.0101,0.0013,0.0014,0.0029,0.0058,0.0019,0.0026,0.0033,0.0066,-0.0259,Subject06,Incline,68.03
211,1260,0.0098,0.0002,0.0027,0.004,0.0029,2.3654,0.0013,0.002,0.0016,0.0009,0.0009,0.0025,0.0028,0.0051,0.0013,0.0014,0.0034,0.005,0.0021,0.0039,0.0036,0.0057,-0.0259,Subject06,Incline,68.03
211,1275,0.0079,0.0002,0.0025,0.0027,0.0025,4.6154,0.0013,0.001,0.0015,0.0009,0.0009,0.0143,0.0041,0.0011,0.0011,0.0011,0.0014,0.0056,0.0014,0.0165,0.0064,0.0015,-0.0259,Subject06,Incline,68.03
211,1290,0.0087,0.0002,0.0025,0.0025,0.0034,6.1154,0.0012,0.0025,0.0026,0.001,0.0011,0.0045,0.0025,0.0066,0.0012,0.0011,0.0014,0.0033,0.0014,0.0096,0.0051,0.0013,-0.0259,Subject06,Incline,68.03
211,1305,0.0115,0.0002,0.0028,0.0045,0.0039,5.0654,0.0013,0.0021,0.0027,0.001,0.0013,0.0043,0.0065,0.0038,0.0013,0.0013,0.0025,0.0032,0.0026,0.0079,0.0064,0.0021,-0.0259,Subject06,Incline,68.03
211,1320,0.0077,0.0002,0.0025,0.0026,0.0025,7.5321,0.0012,0.001,0.0015,0.001,0.0009,0.0068,0.0066,0.0011,0.0011,0.0011,0.0014,0.0024,0.0015,0.0113,0.0051,0.0012,-0.0259,Subject06,Incline,68.03
211,1335,0.0077,0.0002,0.0025,0.0025,0.0026,5.0654,0.0012,0.001,0.0015,0.0009,0.0009,0.009,0.0061,0.0011,0.0012,0.0011,0.0015,0.0045,0.0015,0.0142,0.0037,0.0013,-0.0259,Subject06,Incline,68.03
211,1350,0.0079,0.0002,0.0026,0.0026,0.0025,5.5321,0.0012,0.001,0.0015,0.001,0.0009,0.0105,0.0061,0.0011,0.0012,0.0011,0.0014,0.003,0.0014,0.0144,0.0061,0.0013,-0.0259,Subject06,Incline,68.03
211,1365,0.0082,0.0002,0.0025,0.0026,0.003,0.8654,0.0012,0.0014,0.0025,0.001,0.001,0.0098,0.0048,0.0047,0.0011,0.0011,0.0017,0.0032,0.0015,0.0093,0.0056,0.0012,-0.0259,Subject06,Incline,68.03
212,1440,1.1223,0.003,0.03,0.5178,0.5715,7.3654,0.0055,0.0038,0.012,0.004,0.0034,0.0178,0.013,0.0231,0.0022,0.0031,0.0116,0.0037,0.005,0.019,0.0135,0.0134,4.7614,Subject06,Incline,68.03
212,1455,1.1327,0.0029,0.0237,0.5043,0.6019,21.6654,0.0057,0.0029,0.01,0.0032,0.0031,0.0166,0.0124,0.0179,0.0031,0.0032,0.0136,0.0035,0.0051,0.0206,0.0139,0.0133,4.7614,Subject06,Incline,68.03
212,1470,1.0814,0.0024,0.0216,0.5094,0.548,28.2654,0.0052,0.003,0.0104,0.0031,0.003,0.0155,0.0134,0.0168,0.0025,0.0036,0.0144,0.0033,0.0052,0.019,0.0132,0.0139,4.7614,Subject06,Incline,68.03
212,1485,1.1342,0.0025,0.0255,0.5448,0.5614,27.3654,0.0064,0.0033,0.0107,0.0027,0.0033,0.0178,0.0125,0.0173,0.0029,0.0031,0.0132,0.003,0.0054,0.0215,0.0132,0.0142,4.7614,Subject06,Incline,68.03
212,1500,1.1406,0.0036,0.0275,0.554,0.5556,25.2654,0.0062,0.003,0.0104,0.0029,0.0032,0.0174,0.0116,0.018,0.0032,0.0032,0.0136,0.0029,0.0053,0.0186,0.0111,0.0142,4.7614,Subject06,Incline,68.03
212,1515,1.0799,0.0026,0.0246,0.5387,0.5139,23.8654,0.0047,0.0035,0.0113,0.0033,0.0033,0.0167,0.0133,0.0182,0.0022,0.0033,0.0128,0.0044,0.0059,0.0229,0.0135,0.0181,4.7614,Subject06,Incline,68.03
212,1530,1.1232,0.0033,0.0248,0.5257,0.5695,23.6987,0.006,0.003,0.0099,0.0034,0.003,0.0146,0.011,0.0171,0.0028,0.0031,0.0132,0.004,0.0053,0.0206,0.0129,0.0129,4.7614,Subject06,Incline,68.03
212,1545,1.1386,0.0034,0.0275,0.5666,0.5412,20.8654,0.0046,0.003,0.0094,0.0036,0.003,0.0156,0.0126,0.0169,0.0026,0.0031,0.0121,0.0045,0.0054,0.0222,0.0141,0.0149,4.7614,Subject06,Incline,68.03
212,1560,1.1063,0.0037,0.0301,0.5447,0.5278,21.1987,0.0061,0.0029,0.0102,0.0039,0.0029,0.0172,0.0126,0.0176,0.0028,0.003,0.0119,0.0033,0.005,0.021,0.0145,0.014,4.7614,Subject06,Incline,68.03
212,1575,1.1606,0.0032,0.0276,0.5436,0.5862,20.0321,0.0041,0.0034,0.011,0.0043,0.0033,0.0137,0.011,0.0177,0.0025,0.0033,0.0131,0.0035,0.0051,0.0202,0.013,0.0124,4.7614,Subject06,Incline,68.03
213,1590,1.1426,0.003,0.0235,0.5517,0.5645,20.0321,0.0048,0.0031,0.0106,0.0033,0.0029,0.0141,0.0118,0.0147,0.0025,0.0031,0.0133,0.003,0.0052,0.0185,0.0124,0.0122,4.7614,Subject06,Incline,68.03
213,1605,1.1412,0.0024,0.024,0.551,0.5638,21.3654,0.0042,0.0036,0.0119,0.0035,0.0033,0.0155,0.0113,0.0192,0.0025,0.0036,0.0146,0.0032,0.0052,0.0175,0.012,0.0136,4.7614,Subject06,Incline,68.03
213,1620,1.1729,0.0027,0.0249,0.5547,0.5907,22.3654,0.0052,0.0034,0.0111,0.0039,0.0032,0.0156,0.0105,0.0173,0.0026,0.0035,0.0133,0.0038,0.0053,0.0191,0.0122,0.0148,4.7614,Subject06,Incline,68.03
213,1635,1.1531,0.0035,0.0241,0.573,0.5524,22.6154,0.005,0.0032,0.0106,0.0036,0.0031,0.0147,0.0112,0.015,0.0027,0.003,0.0133,0.0042,0.005,0.0193,0.0127,0.0137,4.7614,Subject06,Incline,68.03
213,1650,1.2133,0.0032,0.0252,0.5844,0.6006,21.8654,0.0047,0.0031,0.0099,0.0041,0.0029,0.0157,0.0105,0.0171,0.0026,0.0032,0.0127,0.0039,0.0054,0.0183,0.0117,0.0121,4.7614,Subject06,Incline,68.03
213,1665,1.1961,0.0024,0.0218,0.5693,0.6027,20.6987,0.0048,0.0034,0.0106,0.0039,0.0031,0.0143,0.0113,0.0182,0.0023,0.0031,0.0133,0.0039,0.0056,0.0197,0.0124,0.0149,4.7614,Subject06,Incline,68.03
213,1680,1.1536,0.0035,0.0277,0.5361,0.5863,20.8654,0.0054,0.0032,0.0105,0.0039,0.0031,0.0149,0.0122,0.0183,0.0027,0.0032,0.0132,0.004,0.0056,0.019,0.0116,0.0137,4.7614,Subject06,Incline,68.03
213,1695,1.1749,0.0034,0.0269,0.5595,0.5851,21.3654,0.0043,0.0028,0.0093,0.0038,0.0028,0.015,0.012,0.0151,0.0025,0.0033,0.0135,0.0043,0.0056,0.0182,0.0113,0.0154,4.7614,Subject06,Incline,68.03
213,1710,1.1908,0.0033,0.0278,0.569,0.5907,20.8654,0.0046,0.0032,0.0102,0.0036,0.0031,0.0148,0.0117,0.0165,0.0025,0.0034,0.0129,0.0039,0.0054,0.0187,0.0134,0.0141,4.7614,Subject06,Incline,68.03
213,1725,1.203,0.0037,0.0292,0.5671,0.603,20.5321,0.0049,0.0032,0.0102,0.0045,0.0031,0.0148,0.0127,0.0152,0.0026,0.0032,0.0132,0.0042,0.0052,0.0166,0.0117,0.0144,4.7614,Subject06,Incline,68.03
214,1800,2.3783,0.004,0.0481,1.1813,1.1449,26.5321,0.0067,0.0037,0.0116,0.0062,0.0048,0.0226,0.0167,0.0233,0.0038,0.004,0.0156,0.0068,0.0079,0.0243,0.0185,0.0174,9.8021,Subject06,Incline,68.03
214,1815,2.8187,0.0046,0.0687,1.3872,1.3582,34.8654,0.0074,0.0046,0.0137,0.0087,0.0062,0.0223,0.017,0.0241,0.004,0.0043,0.0168,0.0088,0.0098,0.0252,0.0193,0.0185,9.8021,Subject06,Incline,68.03
214,1830,2.9573,0.0054,0.0767,1.533,1.3422,43.6987,0.0071,0.0044,0.0137,0.0079,0.0067,0.024,0.0189,0.0209,0.0042,0.0046,0.0169,0.0097,0.0102,0.0248,0.0186,0.021,9.8021,Subject06,Incline,68.03
214,1845,2.9327,0.0049,0.0703,1.4373,1.4202,49.7225,0.007,0.0046,0.0146,0.0066,0.0063,0.0202,0.0164,0.0216,0.0045,0.0041,0.0181,0.0085,0.0102,0.0247,0.0181,0.0188,9.8021,Subject06,Incline,68.03
214,1860,2.9395,0.005,0.074,1.4369,1.4236,54.1154,0.0069,0.0048,0.0152,0.0072,0.0062,0.0211,0.0169,0.0239,0.0043,0.0044,0.0175,0.0082,0.0099,0.0238,0.0186,0.0188,9.8021,Subject06,Incline,68.03
214,1875,2.8842,0.0052,0.0731,1.4255,1.3804,54.8654,0.0069,0.0046,0.0136,0.0064,0.006,0.021,0.0166,0.0215,0.0043,0.0047,0.0184,0.0083,0.0108,0.0235,0.019,0.0198,9.8021,Subject06,Incline,68.03
214,1890,2.8947,0.0051,0.0807,1.4257,1.3832,55.8654,0.0071,0.0044,0.0145,0.0065,0.0059,0.0211,0.0167,0.0229,0.0042,0.0041,0.0183,0.0081,0.0102,0.0227,0.0175,0.0185,9.8021,Subject06,Incline,68.03
214,1905,2.983,0.0052,0.0859,1.455,1.4369,55.3654,0.0067,0.0051,0.0159,0.0069,0.0064,0.0193,0.0167,0.0231,0.0039,0.0044,0.0178,0.0089,0.0098,0.0225,0.0184,0.0193,9.8021,Subject06,Incline,68.03
214,1920,3.0003,0.0056,0.0802,1.4839,1.4304,54.0321,0.0064,0.0048,0.0147,0.0068,0.0058,0.0218,0.0184,0.0229,0.004,0.0044,0.0185,0.0085,0.0094,0.0239,0.0191,0.0196,9.8021,Subject06,Incline,68.03
214,1935,2.9642,0.0066,0.0873,1.4085,1.4618,56.1511,0.0069,0.005,0.0141,0.0069,0.0064,0.022,0.0169,0.0229,0.0042,0.0042,0.0167,0.0085,0.0128,0.0256,0.019,0.0177,9.8021,Subject06,Incline,68.03
215,1950,3.0282,0.0058,0.0788,1.4783,1.4654,59.9904,0.0072,0.0046,0.016,0.0068,0.006,0.0227,0.017,0.022,0.0043,0.0041,0.0173,0.0083,0.0096,0.0236,0.0196,0.0195,9.8021,Subject06,Incline,68.03
215,1965,2.9177,0.0047,0.0677,1.4529,1.3924,60.4368,0.0071,0.0046,0.0136,0.0069,0.0059,0.0226,0.0175,0.0207,0.0044,0.0043,0.0169,0.0086,0.0101,0.0247,0.0193,0.0185,9.8021,Subject06,Incline,68.03
215,1980,2.9956,0.0065,0.076,1.4382,1.4749,58.1154,0.0069,0.0048,0.0137,0.007,0.0064,0.0221,0.0165,0.0225,0.0041,0.0044,0.0181,0.0081,0.01,0.0231,0.0193,0.0177,9.8021,Subject06,Incline,68.03
215,1995,2.9839,0.0053,0.0738,1.4427,1.4621,60.4368,0.0068,0.0047,0.0154,0.0074,0.0062,0.0212,0.0171,0.0231,0.0039,0.0045,0.0177,0.0085,0.0096,0.0241,0.0183,0.0182,9.8021,Subject06,Incline,68.03
215,2010,3.0735,0.0053,0.0838,1.5294,1.455,63.1511,0.0065,0.0044,0.0133,0.0069,0.0061,0.0219,0.0177,0.0224,0.0038,0.0046,0.0177,0.009,0.0108,0.0252,0.0184,0.0199,9.8021,Subject06,Incline,68.03
215,2025,2.9095,0.0049,0.0809,1.4109,1.4128,64.1154,0.0068,0.0049,0.014,0.0064,0.0057,0.0209,0.0168,0.0213,0.0042,0.0048,0.0184,0.0082,0.0109,0.0255,0.0193,0.0179,9.8021,Subject06,Incline,68.03
215,2040,2.9639,0.0057,0.0722,1.4229,1.4631,62.1987,0.0067,0.0049,0.0143,0.0077,0.006,0.0218,0.0181,0.0231,0.0041,0.0042,0.0175,0.0087,0.0115,0.0237,0.0195,0.0178,9.8021,Subject06,Incline,68.03
215,2055,3.1866,0.0074,0.083,1.6329,1.4633,63.4904,0.0069,0.005,0.0155,0.007,0.0064,0.0207,0.0182,0.0218,0.0044,0.005,0.0184,0.0088,0.0099,0.0226,0.0175,0.0206,9.8021,Subject06,Incline,68.03
215,2070,3.0668,0.0069,0.0814,1.4808,1.4976,61.7404,0.0064,0.0055,0.0151,0.0074,0.0063,0.0195,0.0167,0.0223,0.0042,0.0046,0.0187,0.008,0.0123,0.025,0.0196,0.0186,9.8021,Subject06,Incline,68.03
215,2085,3.1019,0.0072,0.0804,1.5617,1.4525,63.6154,0.0067,0.0051,0.0157,0.0072,0.0064,0.0215,0.0185,0.0218,0.0041,0.0046,0.0191,0.0087,0.0123,0.0233,0.0176,0.0196,9.8021,Subject06,Incline,68.03
216,360,3.0734,0.0037,0.0648,1.5373,1.4677,2.8125,0.0023,0.0026,0.0047,0.0048,0.0019,0.0107,0.0123,0.0145,0.0014,0.0095,0.0052,0.0049,0.0042,0.015,0.0123,0.0114,2.3792,Subject06,Running,68.03
216,375,4.0084,0.0027,0.0795,1.9881,1.9381,9.2125,0.0035,0.003,0.0063,0.0073,0.0038,0.0139,0.0157,0.0235,0.0019,0.0042,0.0067,0.0084,0.01,0.0216,0.0156,0.02,2.3792,Subject06,Running,68.03
216,390,4.0373,0.0027,0.0784,1.9741,1.9821,8.6125,0.0033,0.0033,0.0071,0.007,0.0041,0.0156,0.0177,0.0331,0.0019,0.0039,0.0061,0.0089,0.0082,0.0191,0.0151,0.0202,2.3792,Subject06,Running,68.03
216,405,4.0333,0.0029,0.0732,2.0467,1.9104,1.8125,0.0031,0.0032,0.0064,0.0071,0.0037,0.0124,0.0166,0.0246,0.002,0.003,0.0063,0.0092,0.0077,0.02,0.0175,0.0199,2.3792,Subject06,Running,68.03
216,420,4.0302,0.003,0.0752,2.0395,1.9125,0.6125,0.0033,0.0029,0.0057,0.007,0.0038,0.013,0.0167,0.0212,0.002,0.0039,0.006,0.0092,0.0079,0.0194,0.0151,0.0191,2.3792,Subject06,Running,68.03
216,435,4.0592,0.0031,0.0715,2.0343,1.9502,-1.3542,0.0032,0.0029,0.006,0.0068,0.0037,0.0146,0.0166,0.0219,0.002,0.0032,0.0057,0.0092,0.0082,0.0197,0.0152,0.0189,2.3792,Subject06,Running,68.03
216,450,4.0338,0.0028,0.0723,1.982,1.9767,-2.7875,0.003,0.0029,0.006,0.0072,0.004,0.0153,0.0164,0.0223,0.0018,0.003,0.0057,0.0094,0.0103,0.0202,0.0152,0.0179,2.3792,Subject06,Running,68.03
216,465,4.0379,0.0033,0.0679,1.9736,1.9932,0.3125,0.0029,0.0029,0.0057,0.0068,0.0031,0.0139,0.0158,0.0207,0.0018,0.0026,0.0056,0.0092,0.0084,0.0203,0.0146,0.0171,2.3792,Subject06,Running,68.03
216,480,4.0041,0.0035,0.0626,2.0348,1.9031,-3.6875,0.003,0.0027,0.0055,0.0072,0.0035,0.0153,0.0163,0.0206,0.002,0.0026,0.0063,0.0089,0.009,0.0196,0.0146,0.0177,2.3792,Subject06,Running,68.03
216,495,3.976,0.0031,0.0678,1.9441,1.961,-4.5208,0.0028,0.0025,0.006,0.0065,0.0028,0.0136,0.0162,0.0195,0.0018,0.0027,0.0056,0.009,0.0075,0.0183,0.0149,0.0176,2.3792,Subject06,Running,68.03
217,510,4.0643,0.003,0.0657,2.0402,1.9554,-3.5208,0.003,0.0026,0.0052,0.0071,0.0035,0.0139,0.0155,0.0189,0.0018,0.0026,0.006,0.0101,0.0074,0.0198,0.0133,0.0169,2.3792,Subject06,Running,68.03
217,525,4.0991,0.0032,0.066,2.061,1.9689,-3.5208,0.0032,0.0027,0.006,0.007,0.0033,0.014,0.016,0.0198,0.0019,0.0028,0.0058,0.0095,0.0075,0.0172,0.0138,0.0164,2.3792,Subject06,Running,68.03
217,540,4.0902,0.0034,0.064,2.0044,2.0184,-3.3875,0.0029,0.0028,0.0056,0.0074,0.0033,0.0137,0.0153,0.0207,0.0018,0.0028,0.0054,0.009,0.0059,0.019,0.0144,0.0168,2.3792,Subject06,Running,68.03
217,555,4.0545,0.003,0.0667,2.0642,1.9207,-3.7875,0.0029,0.0026,0.0056,0.0072,0.0037,0.0131,0.0145,0.0199,0.0019,0.0027,0.0059,0.0094,0.0067,0.0184,0.0144,0.0159,2.3792,Subject06,Running,68.03
217,570,4.1007,0.0033,0.0649,2.0602,1.9722,-5.9018,0.0029,0.0029,0.0058,0.0069,0.0036,0.0145,0.018,0.0193,0.0018,0.0025,0.0058,0.0093,0.006,0.0173,0.0132,0.0164,2.3792,Subject06,Running,68.03
217,585,4.0628,0.0027,0.0619,2.0028,1.9954,-3.8542,0.0033,0.0027,0.006,0.0074,0.0032,0.0133,0.0154,0.0216,0.0018,0.0027,0.0056,0.0084,0.0072,0.0197,0.0136,0.0162,2.3792,Subject06,Running,68.03
217,600,4.075,0.0029,0.0672,2.0796,1.9252,-3.1875,0.003,0.0026,0.0056,0.0071,0.0034,0.0129,0.0151,0.017,0.0019,0.0035,0.006,0.0103,0.006,0.018,0.0138,0.0168,2.3792,Subject06,Running,68.03
217,615,4.0083,0.0026,0.0682,1.9313,2.0062,-2.1875,0.0032,0.003,0.006,0.008,0.0034,0.0139,0.0168,0.0249,0.0019,0.0029,0.0056,0.0094,0.0065,0.018,0.0135,0.0164,2.3792,Subject06,Running,68.03
217,630,4.0086,0.003,0.0655,2.0453,1.8948,-3.8542,0.0031,0.0028,0.0056,0.0073,0.003,0.0125,0.0152,0.02,0.0019,0.0033,0.0061,0.009,0.0066,0.0199,0.014,0.0164,2.3792,Subject06,Running,68.03
217,645,4.13,0.0029,0.0631,1.9843,2.0797,-3.6161,0.003,0.0029,0.0058,0.0071,0.0029,0.0138,0.0162,0.0208,0.002,0.0026,0.0054,0.0099,0.0073,0.018,0.0149,0.0163,2.3792,Subject06,Running,68.03
218,720,9.0585,0.0198,1.0158,3.9018,4.1212,1.0125,0.0046,0.0072,0.022,0.0139,0.0085,0.0308,0.0205,0.0312,0.003,0.0094,0.0172,0.0148,0.0171,0.0373,0.0196,0.0245,11.693,Subject06,Running,68.03
218,735,11.7216,0.0235,1.6452,4.9749,5.078,27.9236,0.0066,0.0125,0.0384,0.0171,0.0136,0.0328,0.0242,0.0516,0.004,0.0139,0.0293,0.0231,0.0246,0.0378,0.0206,0.0397,11.693,Subject06,Running,68.03
218,750,12.0428,0.0309,1.7848,5.0402,5.1869,37.2569,0.006,0.0126,0.037,0.0159,0.0133,0.0315,0.0235,0.049,0.0039,0.0146,0.0284,0.0232,0.0226,0.0357,0.0195,0.0369,11.693,Subject06,Running,68.03
218,765,12.0959,0.0287,1.8099,5.0165,5.2408,42.6125,0.0057,0.0117,0.0385,0.0159,0.0129,0.0311,0.0217,0.0468,0.0034,0.0139,0.0284,0.0206,0.0216,0.0357,0.0202,0.0369,11.693,Subject06,Running,68.03
218,780,11.623,0.0257,1.6188,4.9558,5.0226,48.3839,0.005,0.0135,0.0405,0.0169,0.0136,0.034,0.0241,0.0502,0.0033,0.0148,0.0291,0.0217,0.0203,0.0361,0.0207,0.0383,11.693,Subject06,Running,68.03
218,795,12.2942,0.0301,1.8328,5.1373,5.294,53.0125,0.0054,0.0113,0.0369,0.0159,0.014,0.0315,0.0224,0.0471,0.0036,0.0136,0.0279,0.0211,0.0221,0.0357,0.0198,0.034,11.693,Subject06,Running,68.03
218,810,11.9767,0.0297,1.6439,5.1837,5.1194,54.4375,0.0055,0.0117,0.0379,0.0162,0.0129,0.0305,0.0216,0.0466,0.0036,0.0143,0.0292,0.0222,0.0212,0.0326,0.0189,0.0337,11.693,Subject06,Running,68.03
218,825,11.8722,0.0299,1.5411,5.1237,5.1775,61.2411,0.0049,0.0113,0.0359,0.0162,0.014,0.0294,0.0231,0.0455,0.0036,0.0142,0.0294,0.0208,0.0201,0.0324,0.0187,0.0337,11.693,Subject06,Running,68.03
218,840,12.0469,0.0329,1.59,5.1702,5.2538,61.0625,0.005,0.011,0.0369,0.0159,0.0131,0.0285,0.022,0.0445,0.0038,0.015,0.0295,0.022,0.0213,0.0328,0.0192,0.0327,11.693,Subject06,Running,68.03
218,855,12.2731,0.034,1.7049,5.1657,5.3685,63.7216,0.0051,0.0111,0.0326,0.0157,0.013,0.0259,0.0202,0.0412,0.0038,0.0133,0.0291,0.0198,0.0202,0.0323,0.0184,0.0317,11.693,Subject06,Running,68.03
219,870,11.384,0.0311,1.2094,4.8105,5.3331,67.8125,0.0048,0.0115,0.0378,0.0147,0.0135,0.0265,0.0222,0.0432,0.0032,0.0162,0.0298,0.0207,0.0198,0.0345,0.0185,0.0353,11.693,Subject06,Running,68.03
219,885,11.9162,0.0351,1.4586,5.1423,5.2802,67.5398,0.0052,0.0121,0.038,0.0149,0.0124,0.0243,0.0204,0.0425,0.0034,0.0152,0.0284,0.019,0.0199,0.0305,0.0182,0.0343,11.693,Subject06,Running,68.03
219,900,11.7161,0.0362,1.4019,5.0063,5.2718,70.0125,0.005,0.0122,0.0353,0.0155,0.0134,0.0246,0.0192,0.0396,0.0036,0.0154,0.0279,0.0193,0.0201,0.0316,0.0188,0.0337,11.693,Subject06,Running,68.03
219,915,11.7079,0.0342,1.3574,5.0276,5.2888,70.0125,0.0048,0.0118,0.0368,0.0156,0.0134,0.0259,0.0203,0.0414,0.0036,0.0146,0.0281,0.0199,0.0208,0.0313,0.0189,0.0331,11.693,Subject06,Running,68.03
219,930,11.6826,0.0376,1.313,5.0421,5.2899,71.1125,0.0047,0.0119,0.0366,0.0161,0.0139,0.0267,0.02,0.04,0.0034,0.0136,0.0275,0.0202,0.019,0.0321,0.0189,0.0324,11.693,Subject06,Running,68.03
219,945,11.647,0.0382,1.2975,5.047,5.2643,72.267,0.0049,0.0112,0.0352,0.0158,0.013,0.0246,0.0206,0.0407,0.0037,0.0138,0.0272,0.0209,0.0203,0.0317,0.0189,0.0332,11.693,Subject06,Running,68.03
219,960,11.809,0.0385,1.3518,5.0645,5.3542,72.3125,0.0052,0.0103,0.0331,0.0149,0.0129,0.0242,0.0189,0.0386,0.0039,0.0128,0.0274,0.0211,0.0205,0.0311,0.0186,0.0316,11.693,Subject06,Running,68.03
219,975,12.0304,0.0388,1.5121,5.2069,5.2726,71.3681,0.0051,0.0107,0.0329,0.0151,0.0131,0.024,0.0194,0.0389,0.0039,0.0134,0.0268,0.0221,0.0207,0.0304,0.0188,0.0315,11.693,Subject06,Running,68.03
219,990,11.801,0.0338,1.3444,5.0792,5.3436,70.9943,0.0051,0.0103,0.0347,0.0162,0.0125,0.0232,0.0196,0.0392,0.0035,0.0134,0.0273,0.0212,0.0204,0.0301,0.0191,0.0315,11.693,Subject06,Running,68.03
219,1005,11.4495,0.0309,1.3674,4.983,5.0682,72.8125,0.0051,0.01,0.0328,0.0147,0.0124,0.0242,0.02,0.0414,0.0036,0.0132,0.0277,0.0201,0.0211,0.0317,0.0184,0.0315,11.693,Subject06,Running,68.03
220,1080,7.8093,0.0238,0.7983,3.545,3.4423,75.9236,0.0048,0.0102,0.0329,0.0121,0.012,0.0225,0.0208,0.036,0.0034,0.0135,0.0263,0.0174,0.0179,0.029,0.0195,0.0271,8.6091,Subject06,Running,68.03
220,1095,6.9321,0.0171,0.5827,3.1207,3.2116,70.0852,0.0042,0.0115,0.0294,0.0106,0.01,0.0201,0.0236,0.0331,0.003,0.0146,0.0216,0.0159,0.0145,0.0292,0.0214,0.0252,8.6091,Subject06,Running,68.03
220,1110,6.9806,0.0178,0.4988,3.2126,3.2513,66.4792,0.0042,0.01,0.0284,0.0099,0.0094,0.0212,0.0238,0.0315,0.0028,0.0133,0.0224,0.0142,0.0144,0.0277,0.0214,0.0249,8.6091,Subject06,Running,68.03
220,1125,7.0832,0.0171,0.5327,3.2787,3.2547,63.3839,0.0045,0.0096,0.0286,0.0091,0.0089,0.0199,0.0246,0.0309,0.0028,0.0136,0.0219,0.0147,0.014,0.0279,0.0205,0.0267,8.6091,Subject06,Running,68.03
220,1140,6.9582,0.0183,0.5335,3.2608,3.1456,62.5903,0.0045,0.0104,0.0266,0.011,0.0088,0.0194,0.0246,0.034,0.0027,0.0141,0.0218,0.0144,0.0146,0.0269,0.0218,0.0265,8.6091,Subject06,Running,68.03
220,1155,6.798,0.0168,0.4241,3.1562,3.2008,59.8125,0.0042,0.0091,0.027,0.0104,0.0089,0.0197,0.0233,0.034,0.0025,0.0146,0.0228,0.0134,0.0138,0.027,0.0221,0.0258,8.6091,Subject06,Running,68.03
220,1170,6.9046,0.0191,0.5109,3.142,3.2326,58.4375,0.0043,0.0094,0.0273,0.0097,0.0091,0.0205,0.0224,0.0326,0.0024,0.015,0.0223,0.0148,0.0127,0.0278,0.0211,0.0276,8.6091,Subject06,Running,68.03
220,1185,6.9933,0.0176,0.4728,3.225,3.2779,60.9236,0.0038,0.0091,0.0267,0.0102,0.0095,0.0195,0.0245,0.0307,0.0024,0.0163,0.0227,0.0143,0.0129,0.0274,0.0213,0.0282,8.6091,Subject06,Running,68.03
220,1200,6.9811,0.017,0.5011,3.312,3.151,58.4792,0.0044,0.0096,0.0278,0.0101,0.0092,0.0215,0.0223,0.0296,0.0024,0.015,0.0218,0.0147,0.0137,0.0264,0.0196,0.0265,8.6091,Subject06,Running,68.03
220,1215,6.8079,0.0179,0.4736,3.2416,3.0749,60.1458,0.0043,0.0099,0.0279,0.0102,0.0092,0.0222,0.0229,0.0323,0.0024,0.0146,0.023,0.0133,0.0153,0.0255,0.0196,0.0259,8.6091,Subject06,Running,68.03
221,1230,7.0666,0.0172,0.5055,3.2954,3.2486,59.1458,0.0043,0.0092,0.0288,0.0096,0.0095,0.0227,0.0228,0.0328,0.0025,0.0145,0.022,0.0133,0.0125,0.0269,0.02,0.0263,8.6091,Subject06,Running,68.03
221,1245,7.0705,0.0164,0.5028,3.3157,3.2356,59.4375,0.0045,0.0089,0.0273,0.0101,0.0097,0.0222,0.022,0.032,0.0026,0.0138,0.0226,0.0135,0.0146,0.0276,0.0211,0.0269,8.6091,Subject06,Running,68.03
221,1260,7.166,0.0199,0.5239,3.2858,3.3365,55.5903,0.0044,0.0088,0.0278,0.0095,0.0096,0.0227,0.0215,0.0332,0.0026,0.0144,0.0231,0.0138,0.0144,0.0268,0.0203,0.0275,8.6091,Subject06,Running,68.03
221,1275,7.3658,0.0227,0.6187,3.3728,3.3517,59.4375,0.0046,0.0087,0.0265,0.0096,0.0101,0.0193,0.021,0.0309,0.0028,0.0139,0.0221,0.0146,0.0137,0.0242,0.0198,0.0265,8.6091,Subject06,Running,68.03
221,1290,7.2966,0.0202,0.5455,3.4043,3.3265,60.9034,0.0045,0.0084,0.0264,0.0105,0.0103,0.0204,0.02,0.0311,0.0027,0.0136,0.0207,0.0143,0.0156,0.0261,0.0197,0.025,8.6091,Subject06,Running,68.03
221,1305,7.0706,0.0208,0.5684,3.2353,3.2462,59.5903,0.0042,0.0087,0.0269,0.0105,0.0099,0.02,0.02,0.0313,0.0027,0.0146,0.0222,0.0142,0.0145,0.0273,0.0203,0.0247,8.6091,Subject06,Running,68.03
221,1320,7.22,0.0189,0.7268,3.2252,3.2491,59.5625,0.0039,0.0088,0.0278,0.0105,0.0102,0.0225,0.0196,0.0305,0.0026,0.0139,0.0227,0.0138,0.0143,0.0255,0.0199,0.0269,8.6091,Subject06,Running,68.03
221,1335,7.2288,0.0207,0.7334,3.2171,3.2576,59.9236,0.0042,0.0086,0.0264,0.0106,0.0102,0.0213,0.02,0.0299,0.0029,0.0142,0.0238,0.0136,0.0145,0.026,0.0199,0.0241,8.6091,Subject06,Running,68.03
221,1350,7.0934,0.0177,0.6143,3.2386,3.2227,56.1458,0.0038,0.009,0.0279,0.0107,0.0099,0.021,0.0224,0.0337,0.0025,0.0146,0.0238,0.0141,0.0139,0.0267,0.0208,0.025,8.6091,Subject06,Running,68.03
221,1365,7.2166,0.0204,0.6573,3.2976,3.2412,53.5125,0.004,0.0085,0.0271,0.0106,0.0098,0.0188,0.0229,0.0321,0.0026,0.0149,0.0253,0.0139,0.0141,0.0292,0.0194,0.0258,8.6091,Subject06,Running,68.03
222,1440,8.4256,0.0292,0.8325,3.7088,3.855,61.0125,0.004,0.0097,0.03,0.0099,0.0112,0.0237,0.0198,0.0361,0.0027,0.013,0.024,0.0144,0.0165,0.0273,0.0182,0.0259,10.0526,Subject06,Running,68.03
222,1455,8.8025,0.03,0.7896,3.9802,4.0027,60.7014,0.0043,0.0094,0.0289,0.0117,0.0109,0.022,0.019,0.036,0.0029,0.0134,0.0252,0.0166,0.0158,0.0283,0.0173,0.0277,10.0526,Subject06,Running,68.03
222,1470,8.7611,0.0318,0.9908,3.8097,3.9287,62.5125,0.0043,0.0096,0.0292,0.0121,0.0116,0.0231,0.0204,0.0358,0.0029,0.0131,0.0248,0.0176,0.0164,0.0274,0.0174,0.0284,10.0526,Subject06,Running,68.03
222,1485,8.9095,0.0318,1.1041,3.7661,4.0076,63.8125,0.0043,0.0092,0.0302,0.012,0.0129,0.0233,0.0192,0.0342,0.0029,0.0129,0.0244,0.0172,0.0167,0.0264,0.0163,0.0281,10.0526,Subject06,Running,68.03
222,1500,8.7115,0.0339,0.976,3.8013,3.9003,65.5125,0.0041,0.0102,0.0289,0.0121,0.0119,0.0237,0.0201,0.0329,0.0029,0.0138,0.024,0.0173,0.0169,0.0274,0.0174,0.0273,10.0526,Subject06,Running,68.03
222,1515,8.9968,0.0342,1.0373,3.9581,3.9672,67.9236,0.0044,0.0093,0.0287,0.0122,0.0118,0.0218,0.0189,0.0331,0.003,0.0134,0.0245,0.0179,0.0169,0.029,0.0179,0.0281,10.0526,Subject06,Running,68.03
222,1530,9.157,0.0355,1.1035,3.9644,4.0535,68.0347,0.0041,0.0094,0.0298,0.0119,0.0123,0.0234,0.0187,0.033,0.003,0.0122,0.0248,0.0169,0.0177,0.0275,0.0177,0.026,10.0526,Subject06,Running,68.03
222,1545,8.8316,0.0292,0.9801,3.8037,4.0186,68.6125,0.0045,0.0098,0.0298,0.0119,0.0112,0.0223,0.0193,0.034,0.0029,0.0132,0.0244,0.0159,0.0177,0.0278,0.0172,0.0291,10.0526,Subject06,Running,68.03
222,1560,8.8778,0.0318,0.9725,3.8439,4.0295,67.1125,0.0042,0.0097,0.0286,0.0122,0.0116,0.0239,0.0202,0.0337,0.0027,0.0148,0.0255,0.0163,0.018,0.0271,0.0178,0.0287,10.0526,Subject06,Running,68.03
222,1575,8.9798,0.0328,1.0489,3.9021,3.9961,70.4792,0.004,0.0104,0.0298,0.0115,0.011,0.0225,0.019,0.0344,0.0028,0.0139,0.0255,0.0172,0.0168,0.0281,0.0178,0.0262,10.0526,Subject06,Running,68.03
223,1590,9.1392,0.0335,1.1388,3.918,4.049,70.1458,0.0041,0.0099,0.0297,0.0114,0.011,0.022,0.0188,0.0292,0.003,0.0136,0.0255,0.0162,0.0189,0.0296,0.0169,0.0268,10.0526,Subject06,Running,68.03
223,1605,9.1662,0.034,1.1717,3.8312,4.1292,67.5398,0.0043,0.0101,0.0298,0.0115,0.012,0.0222,0.0192,0.0316,0.003,0.0131,0.025,0.017,0.0169,0.0267,0.0168,0.0273,10.0526,Subject06,Running,68.03
223,1620,9.147,0.0337,1.067,3.8718,4.1745,68.8125,0.0046,0.0097,0.0304,0.0121,0.0116,0.0236,0.0207,0.0308,0.0032,0.0141,0.0239,0.017,0.0183,0.0279,0.0169,0.0268,10.0526,Subject06,Running,68.03
223,1635,9.3115,0.0319,1.0648,4.0482,4.1666,70.1761,0.0043,0.0098,0.0283,0.0114,0.0119,0.0224,0.019,0.0329,0.0027,0.0133,0.026,0.0169,0.018,0.027,0.0183,0.0272,10.0526,Subject06,Running,68.03
223,1650,9.2271,0.0354,1.1294,3.8221,4.2402,71.6125,0.0046,0.0092,0.0282,0.0116,0.0123,0.0216,0.0197,0.0326,0.0028,0.0129,0.0246,0.0166,0.0172,0.0286,0.0175,0.0262,10.0526,Subject06,Running,68.03
223,1665,9.2158,0.0379,0.9955,3.9561,4.2264,72.4489,0.0048,0.0094,0.0285,0.0112,0.0122,0.0234,0.0189,0.031,0.003,0.0122,0.0239,0.0175,0.0174,0.0267,0.0162,0.027,10.0526,Subject06,Running,68.03
223,1680,9.3533,0.036,1.0265,4.0963,4.1944,74.1125,0.0051,0.0095,0.0281,0.0121,0.0132,0.0205,0.0181,0.0328,0.0031,0.0126,0.0253,0.0168,0.0188,0.0284,0.0167,0.0263,10.0526,Subject06,Running,68.03
223,1695,9.3497,0.035,1.0876,4.0178,4.2093,70.7216,0.0046,0.0104,0.029,0.0121,0.0129,0.0216,0.0189,0.0314,0.0028,0.0122,0.0239,0.0177,0.0192,0.028,0.0174,0.0276,10.0526,Subject06,Running,68.03
223,1710,8.992,0.0358,0.9849,3.896,4.0754,70.8125,0.0046,0.01,0.0303,0.0114,0.0124,0.0221,0.0189,0.0336,0.003,0.0136,0.0247,0.0158,0.0169,0.0289,0.0183,0.0279,10.0526,Subject06,Running,68.03
223,1725,9.1395,0.0347,1.0446,3.9233,4.137,71.358,0.0047,0.0099,0.0313,0.0117,0.0132,0.0216,0.0197,0.0338,0.0028,0.0125,0.0229,0.0168,0.0188,0.0294,0.0174,0.0272,10.0526,Subject06,Running,68.03
224,360,0.188,0.0007,0.0123,0.1018,0.0732,2.7994,0.0062,0.004,0.0151,0.0038,0.0044,0.0162,0.0195,0.0113,0.0029,0.0038,0.0118,0.0103,0.0059,0.0143,0.0151,0.0228,5.4934,Subject06,Stairs,68.03
224,375,0.4168,0.0009,0.0178,0.1997,0.1985,-0.2006,0.0113,0.0136,0.0457,0.0108,0.0115,0.0388,0.0479,0.0401,0.0054,0.0148,0.041,0.0091,0.0145,0.0419,0.0345,0.0315,5.4934,Subject06,Stairs,68.03
224,390,0.4251,0.0011,0.0205,0.1958,0.2078,13.7994,0.0123,0.0144,0.0487,0.0099,0.0125,0.0342,0.0456,0.0481,0.0068,0.0191,0.0449,0.0094,0.0143,0.0366,0.0351,0.0238,5.4934,Subject06,Stairs,68.03
224,405,0.4064,0.001,0.0204,0.2105,0.1745,20.8232,0.0118,0.0118,0.0403,0.0081,0.01,0.0311,0.0461,0.0259,0.0051,0.0104,0.0373,0.0074,0.0105,0.0373,0.032,0.0238,5.4934,Subject06,Stairs,68.03
224,420,0.4291,0.0012,0.021,0.2047,0.2022,24.2518,0.0122,0.0113,0.0378,0.0071,0.0098,0.0318,0.0436,0.0235,0.0053,0.0101,0.0331,0.007,0.0103,0.0336,0.0317,0.0168,5.4934,Subject06,Stairs,68.03
224,435,0.4755,0.0014,0.0225,0.2373,0.2143,25.8411,0.0136,0.0123,0.0505,0.0081,0.0128,0.0339,0.0446,0.0284,0.0053,0.012,0.0338,0.0064,0.011,0.0329,0.0309,0.0183,5.4934,Subject06,Stairs,68.03
224,450,0.423,0.0015,0.0223,0.2086,0.1906,25.9661,0.0113,0.0113,0.0388,0.0069,0.0098,0.0363,0.054,0.0242,0.0052,0.0111,0.0385,0.0069,0.0123,0.0361,0.0333,0.0209,5.4934,Subject06,Stairs,68.03
224,465,0.4096,0.0016,0.0235,0.1807,0.2038,27.109,0.0111,0.0122,0.0411,0.0073,0.0104,0.0328,0.0453,0.0305,0.0055,0.0086,0.0348,0.006,0.0094,0.0353,0.032,0.0165,5.4934,Subject06,Stairs,68.03
224,480,0.4716,0.0021,0.0249,0.2006,0.244,23.5911,0.0122,0.0104,0.0364,0.0088,0.0095,0.0314,0.0425,0.026,0.0049,0.0112,0.0376,0.0065,0.01,0.0315,0.0342,0.0173,5.4934,Subject06,Stairs,68.03
224,495,0.4837,0.0017,0.0239,0.2568,0.2013,23.3947,0.0126,0.0122,0.046,0.007,0.0121,0.036,0.0448,0.0254,0.0055,0.0119,0.0362,0.0073,0.0108,0.0375,0.0327,0.0242,5.4934,Subject06,Stairs,68.03
225,510,0.4148,0.0015,0.0232,0.1778,0.2123,26.2161,0.0115,0.0103,0.0364,0.0072,0.01,0.0371,0.0453,0.0314,0.0056,0.0112,0.0329,0.0068,0.0094,0.0331,0.0337,0.0193,5.4934,Subject06,Stairs,68.03
225,525,0.4309,0.0016,0.021,0.1969,0.2115,26.8232,0.0109,0.0137,0.0433,0.008,0.0119,0.033,0.0432,0.0405,0.0064,0.0113,0.0351,0.0097,0.0127,0.0394,0.0375,0.0223,5.4934,Subject06,Stairs,68.03
225,540,0.3922,0.0017,0.023,0.1789,0.1886,26.9661,0.0114,0.0087,0.0321,0.0069,0.0089,0.0284,0.0376,0.02,0.0058,0.0103,0.0318,0.0076,0.011,0.0376,0.0322,0.0208,5.4934,Subject06,Stairs,68.03
225,555,0.423,0.0014,0.0216,0.2217,0.1783,25.2518,0.0133,0.0114,0.0431,0.0069,0.0114,0.0294,0.0444,0.0272,0.0059,0.0102,0.0342,0.0064,0.0091,0.0345,0.0318,0.0196,5.4934,Subject06,Stairs,68.03
225,570,0.3758,0.0012,0.0186,0.1814,0.1746,24.9661,0.0124,0.0091,0.0289,0.0072,0.0086,0.0311,0.0436,0.0231,0.0058,0.0103,0.0335,0.0074,0.0098,0.0319,0.0323,0.0178,5.4934,Subject06,Stairs,68.03
225,585,0.4261,0.0018,0.0257,0.2039,0.1947,23.109,0.0108,0.0101,0.0327,0.0084,0.0093,0.0262,0.0381,0.0264,0.0067,0.0086,0.0327,0.0065,0.0109,0.0417,0.0368,0.0189,5.4934,Subject06,Stairs,68.03
225,600,0.379,0.0015,0.0221,0.1836,0.1719,26.5375,0.0118,0.0117,0.038,0.0092,0.0101,0.0285,0.0386,0.0265,0.0049,0.0117,0.0292,0.0073,0.0085,0.0352,0.0366,0.0195,5.4934,Subject06,Stairs,68.03
225,615,0.376,0.0013,0.0204,0.2025,0.1518,25.3947,0.0158,0.011,0.0407,0.0068,0.01,0.0274,0.0444,0.0236,0.0053,0.0102,0.0301,0.006,0.0105,0.0304,0.0284,0.0222,5.4934,Subject06,Stairs,68.03
225,630,0.3721,0.0018,0.0225,0.1794,0.1684,25.5375,0.0133,0.01,0.0361,0.01,0.012,0.0298,0.0405,0.0285,0.0064,0.0099,0.0356,0.0083,0.0113,0.0305,0.0351,0.0227,5.4934,Subject06,Stairs,68.03
225,645,0.3918,0.0017,0.0267,0.1592,0.2043,23.3411,0.0125,0.0105,0.0391,0.0096,0.0117,0.028,0.0369,0.0289,0.0061,0.0087,0.0294,0.0065,0.0097,0.0315,0.0346,0.0213,5.4934,Subject06,Stairs,68.03
226,720,0.435,0.0015,0.0219,0.217,0.1946,27.5375,0.013,0.0099,0.0345,0.0077,0.0096,0.0308,0.0413,0.03,0.0056,0.0103,0.0304,0.0069,0.0096,0.0354,0.0324,0.0209,6.3165,Subject06,Stairs,68.03
226,735,0.4412,0.0016,0.0238,0.2146,0.2012,29.3411,0.0127,0.0111,0.0394,0.0102,0.0113,0.0282,0.0409,0.0292,0.0067,0.0118,0.0388,0.0075,0.0109,0.0337,0.0352,0.0227,6.3165,Subject06,Stairs,68.03
226,750,0.4392,0.0014,0.0218,0.214,0.2019,30.7161,0.0145,0.0107,0.0414,0.0092,0.0125,0.0303,0.0418,0.0292,0.0054,0.01,0.028,0.0068,0.0093,0.034,0.0318,0.0254,6.3165,Subject06,Stairs,68.03
226,765,0.4009,0.0018,0.0258,0.1803,0.1931,30.5375,0.0147,0.0123,0.0399,0.0101,0.0118,0.0281,0.0417,0.031,0.0064,0.0128,0.0365,0.0077,0.0108,0.033,0.0324,0.0242,6.3165,Subject06,Stairs,68.03
226,780,0.4324,0.0019,0.0254,0.2109,0.1942,32.2518,0.0136,0.0117,0.0437,0.0092,0.0121,0.027,0.042,0.0265,0.0065,0.0109,0.0376,0.0072,0.012,0.0309,0.0351,0.019,6.3165,Subject06,Stairs,68.03
226,795,0.4359,0.0025,0.029,0.2052,0.1992,34.7439,0.0151,0.01,0.0367,0.0083,0.0114,0.0294,0.043,0.024,0.0071,0.0094,0.0336,0.0075,0.0116,0.0297,0.0344,0.0214,6.3165,Subject06,Stairs,68.03
226,810,0.3966,0.0024,0.0262,0.1961,0.1719,34.4661,0.017,0.0085,0.0297,0.0087,0.0109,0.0295,0.0402,0.0254,0.0073,0.0093,0.0329,0.0067,0.011,0.0265,0.0327,0.022,6.3165,Subject06,Stairs,68.03
226,825,0.3879,0.0023,0.0248,0.1878,0.173,34.5911,0.018,0.0109,0.0369,0.0082,0.0118,0.0345,0.0431,0.0356,0.0074,0.0085,0.0309,0.0081,0.0141,0.0269,0.0302,0.0212,6.3165,Subject06,Stairs,68.03
226,840,0.4492,0.0026,0.0311,0.2172,0.1983,35.3947,0.0142,0.0112,0.0392,0.0087,0.0131,0.0296,0.0438,0.0245,0.0065,0.0093,0.0333,0.0078,0.0135,0.0312,0.0332,0.0206,6.3165,Subject06,Stairs,68.03
226,855,0.4292,0.0025,0.0302,0.2112,0.1853,35.3411,0.0155,0.0092,0.0314,0.0082,0.0111,0.0279,0.0421,0.028,0.0075,0.0081,0.0288,0.0067,0.0118,0.0329,0.0317,0.0208,6.3165,Subject06,Stairs,68.03
227,870,0.4364,0.0027,0.0326,0.2102,0.1909,33.3411,0.0161,0.0115,0.0385,0.0095,0.0146,0.0287,0.0463,0.0351,0.0082,0.0104,0.0325,0.0083,0.0137,0.0369,0.0367,0.0221,6.3165,Subject06,Stairs,68.03
227,885,0.4514,0.0027,0.0336,0.2217,0.1934,35.1328,0.014,0.0106,0.0373,0.0099,0.0115,0.0255,0.0391,0.0303,0.0062,0.0113,0.0376,0.0074,0.0119,0.0307,0.0353,0.0219,6.3165,Subject06,Stairs,68.03
227,900,0.3858,0.0021,0.0283,0.1845,0.1709,34.4661,0.0158,0.0099,0.034,0.0099,0.0121,0.0256,0.0396,0.0257,0.0075,0.0093,0.0327,0.0075,0.0121,0.0328,0.0342,0.0206,6.3165,Subject06,Stairs,68.03
227,915,0.4136,0.0022,0.0279,0.208,0.1754,33.8411,0.0137,0.0113,0.0382,0.0088,0.011,0.0246,0.0389,0.0247,0.0073,0.01,0.0352,0.0077,0.0135,0.0323,0.0326,0.019,6.3165,Subject06,Stairs,68.03
227,930,0.4413,0.0027,0.0315,0.2413,0.1658,33.3411,0.0151,0.0109,0.0375,0.0094,0.0119,0.0263,0.0396,0.0257,0.0065,0.0108,0.0338,0.0084,0.0145,0.034,0.0312,0.0215,6.3165,Subject06,Stairs,68.03
227,945,0.4431,0.0026,0.033,0.1947,0.2129,34.2994,0.0164,0.0116,0.0393,0.01,0.0121,0.0278,0.038,0.0257,0.0057,0.0087,0.0313,0.0069,0.0105,0.03,0.0279,0.0189,6.3165,Subject06,Stairs,68.03
227,960,0.4177,0.0021,0.0315,0.1968,0.1873,33.4661,0.0136,0.0105,0.0371,0.0094,0.0113,0.0251,0.0358,0.024,0.0059,0.0101,0.0364,0.0094,0.014,0.0317,0.03,0.0186,6.3165,Subject06,Stairs,68.03
227,975,0.3879,0.002,0.025,0.1959,0.165,35.8411,0.0147,0.0099,0.0351,0.0098,0.0102,0.0248,0.0363,0.0232,0.0062,0.0118,0.0382,0.0067,0.0107,0.0316,0.0309,0.0219,6.3165,Subject06,Stairs,68.03
227,990,0.3855,0.0021,0.0249,0.1856,0.1729,34.5911,0.0139,0.0105,0.0343,0.0103,0.0123,0.029,0.0416,0.0287,0.0059,0.0107,0.0372,0.0071,0.0111,0.0317,0.0295,0.0236,6.3165,Subject06,Stairs,68.03
227,1005,0.3807,0.0023,0.028,0.1979,0.1525,34.4661,0.0142,0.0115,0.0342,0.0104,0.0134,0.0271,0.0433,0.0284,0.0059,0.0104,0.0318,0.0082,0.0121,0.035,0.0321,0.0224,6.3165,Subject06,Stairs,68.03
228,1080,0.2378,0.0012,0.0165,0.1208,0.0992,34.3411,0.0098,0.0114,0.025,0.0106,0.0093,0.0202,0.0261,0.0301,0.0051,0.0116,0.0344,0.0098,0.0143,0.0335,0.0303,0.0189,4.5508,Subject06,Stairs,68.03
228,1095,0.2677,0.0013,0.0191,0.1318,0.1155,29.8232,0.0101,0.0101,0.0251,0.0083,0.0086,0.0222,0.0296,0.0168,0.0038,0.009,0.0254,0.0077,0.0098,0.0294,0.0244,0.0161,4.5508,Subject06,Stairs,68.03
228,1110,0.3191,0.0013,0.0184,0.142,0.1574,27.109,0.0088,0.0095,0.0244,0.0081,0.0088,0.0233,0.0303,0.0191,0.0039,0.0122,0.0256,0.0059,0.0074,0.0262,0.0247,0.0113,4.5508,Subject06,Stairs,68.03
228,1125,0.2887,0.0012,0.0147,0.1426,0.1302,24.2161,0.0102,0.0115,0.0236,0.0088,0.0089,0.0267,0.0342,0.0239,0.0048,0.0174,0.0276,0.007,0.0096,0.0274,0.0259,0.0174,4.5508,Subject06,Stairs,68.03
228,1140,0.3224,0.0012,0.0178,0.1405,0.1628,23.2518,0.0106,0.0099,0.0213,0.0061,0.0072,0.0325,0.0364,0.0189,0.0044,0.0124,0.0218,0.0066,0.0075,0.0295,0.0271,0.013,4.5508,Subject06,Stairs,68.03
228,1155,0.2856,0.0013,0.0185,0.1444,0.1214,21.6804,0.0116,0.0084,0.0217,0.006,0.0071,0.0275,0.0374,0.0219,0.0045,0.0099,0.0219,0.0064,0.0079,0.0297,0.0272,0.0134,4.5508,Subject06,Stairs,68.03
228,1170,0.3071,0.0015,0.0186,0.1423,0.1447,22.2518,0.011,0.0086,0.023,0.0059,0.0083,0.0307,0.0399,0.0275,0.0045,0.007,0.0218,0.0053,0.007,0.0302,0.028,0.0126,4.5508,Subject06,Stairs,68.03
228,1185,0.2867,0.0014,0.0173,0.142,0.1261,22.2518,0.0105,0.0072,0.0161,0.0066,0.0066,0.0301,0.0391,0.0158,0.0045,0.0076,0.0235,0.0061,0.0086,0.0288,0.0284,0.0128,4.5508,Subject06,Stairs,68.03
228,1200,0.309,0.0012,0.0157,0.1302,0.1619,23.109,0.0114,0.0079,0.0181,0.0053,0.0067,0.0252,0.0402,0.0147,0.0051,0.0076,0.0216,0.005,0.0086,0.0265,0.0299,0.0146,4.5508,Subject06,Stairs,68.03
228,1215,0.297,0.0012,0.0166,0.1601,0.1191,21.2518,0.0095,0.0072,0.0181,0.0057,0.0069,0.0233,0.0332,0.0167,0.0055,0.0069,0.0229,0.0059,0.0088,0.0242,0.0283,0.0118,4.5508,Subject06,Stairs,68.03
229,1230,0.3522,0.0015,0.0197,0.1598,0.1711,21.109,0.0113,0.008,0.0186,0.0066,0.0065,0.0249,0.0381,0.0204,0.0064,0.0093,0.0245,0.0083,0.0146,0.0283,0.0275,0.0229,4.5508,Subject06,Stairs,68.03
229,1245,0.3008,0.0017,0.0186,0.165,0.1155,21.9661,0.011,0.0071,0.0186,0.0062,0.0076,0.0268,0.0363,0.018,0.005,0.009,0.0256,0.0058,0.0087,0.0266,0.0244,0.0153,4.5508,Subject06,Stairs,68.03
229,1260,0.3105,0.0013,0.0165,0.1459,0.1469,24.9661,0.0121,0.0072,0.019,0.006,0.007,0.0272,0.0355,0.0203,0.005,0.0084,0.023,0.0051,0.008,0.0278,0.0275,0.0139,4.5508,Subject06,Stairs,68.03
229,1275,0.2784,0.0012,0.0153,0.1418,0.12,23.3947,0.0132,0.0115,0.0196,0.006,0.0069,0.0324,0.0413,0.0228,0.0048,0.0106,0.0262,0.0048,0.0091,0.0227,0.0254,0.0135,4.5508,Subject06,Stairs,68.03
229,1290,0.3474,0.0014,0.0182,0.1619,0.1658,20.6804,0.0109,0.0075,0.0166,0.0056,0.0064,0.0269,0.0336,0.0187,0.0046,0.0079,0.0239,0.0055,0.0075,0.0229,0.0241,0.0135,4.5508,Subject06,Stairs,68.03
229,1305,0.3247,0.0014,0.0194,0.1561,0.1477,21.2518,0.0093,0.0116,0.0153,0.0051,0.0066,0.0287,0.0368,0.0159,0.0041,0.0074,0.0271,0.0055,0.0082,0.0301,0.0267,0.0145,4.5508,Subject06,Stairs,68.03
229,1320,0.3387,0.0011,0.0164,0.1693,0.1519,21.109,0.009,0.01,0.0148,0.0056,0.0061,0.0237,0.0325,0.02,0.0054,0.0155,0.0375,0.0062,0.012,0.0385,0.0319,0.017,4.5508,Subject06,Stairs,68.03
229,1335,0.3466,0.0015,0.0195,0.1587,0.1668,19.6804,0.0099,0.0125,0.0217,0.0058,0.0077,0.0275,0.0327,0.0218,0.0043,0.0137,0.0325,0.0059,0.011,0.0294,0.0292,0.0176,4.5508,Subject06,Stairs,68.03
229,1350,0.3348,0.0015,0.0221,0.1575,0.1538,20.5375,0.0102,0.0093,0.0198,0.0052,0.0074,0.0259,0.0324,0.0207,0.0046,0.0122,0.029,0.0062,0.0117,0.0326,0.0271,0.0176,4.5508,Subject06,Stairs,68.03
229,1365,0.3232,0.0014,0.0206,0.1548,0.1463,19.6804,0.0087,0.0109,0.0231,0.006,0.0084,0.0234,0.0356,0.0284,0.0042,0.0145,0.0282,0.0059,0.0132,0.0353,0.028,0.0162,4.5508,Subject06,Stairs,68.03
230,360,1.2654,0.0018,0.0255,0.6514,0.5867,2.7549,0.0025,0.0026,0.0043,0.0041,0.0018,0.0112,0.0071,0.0185,0.0017,0.0054,0.005,0.0046,0.0036,0.0137,0.0073,0.0148,1.25,Subject06,Walking,68.03
230,375,1.614,0.0019,0.0286,0.7888,0.7947,2.0549,0.0027,0.0021,0.0045,0.0064,0.002,0.0106,0.0076,0.0221,0.0017,0.004,0.0047,0.0059,0.0038,0.0191,0.0103,0.0139,1.25,Subject06,Walking,68.03
230,390,1.568,0.0014,0.026,0.7852,0.7554,2.4549,0.0023,0.002,0.0046,0.0057,0.0023,0.0124,0.0099,0.0236,0.0017,0.0041,0.0049,0.0073,0.0037,0.0153,0.0114,0.0135,1.25,Subject06,Walking,68.03
230,405,1.5393,0.0015,0.024,0.7839,0.7299,-1.2451,0.0025,0.0018,0.0041,0.0058,0.0019,0.0124,0.0097,0.0197,0.0017,0.0031,0.0047,0.0074,0.0033,0.0165,0.0118,0.0128,1.25,Subject06,Walking,68.03
230,420,1.5893,0.0016,0.0262,0.8011,0.7604,-2.3451,0.0024,0.0015,0.0036,0.0063,0.0018,0.0127,0.01,0.0186,0.0018,0.0042,0.0046,0.0077,0.0036,0.0199,0.0112,0.0137,1.25,Subject06,Walking,68.03
230,435,1.5232,0.0015,0.0245,0.8013,0.6959,-4.0784,0.0025,0.0016,0.0037,0.0054,0.0019,0.0145,0.0092,0.0167,0.0017,0.0034,0.0044,0.0065,0.0039,0.0169,0.0111,0.0141,1.25,Subject06,Walking,68.03
230,450,1.5792,0.0019,0.0276,0.7881,0.7615,-6.7451,0.0024,0.0017,0.0038,0.006,0.0018,0.013,0.0088,0.0203,0.0018,0.0044,0.0042,0.0069,0.0038,0.0196,0.0108,0.0131,1.25,Subject06,Walking,68.03
230,465,1.6233,0.0021,0.0308,0.804,0.7863,-8.0784,0.0026,0.0016,0.0037,0.0066,0.0018,0.0129,0.0085,0.0178,0.0018,0.0031,0.0042,0.0067,0.0035,0.0172,0.0092,0.0129,1.25,Subject06,Walking,68.03
230,480,1.6441,0.0022,0.0281,0.8073,0.8066,-9.9451,0.0023,0.0017,0.0037,0.0065,0.0017,0.0108,0.0086,0.0173,0.0018,0.0049,0.0047,0.0049,0.0036,0.0172,0.0101,0.0145,1.25,Subject06,Walking,68.03
230,495,1.5502,0.0021,0.0269,0.7865,0.7346,10.9451,0.0026,0.0016,0.0038,0.0051,0.0018,0.015,0.0089,0.0188,0.0018,0.0034,0.0041,0.0066,0.0034,0.0177,0.0106,0.0131,1.25,Subject06,Walking,68.03
231,510,1.6727,0.0021,0.0315,0.8586,0.7804,10.9951,0.0025,0.0016,0.0037,0.0064,0.0015,0.0108,0.0073,0.0147,0.0017,0.0026,0.0045,0.0066,0.0043,0.0154,0.01,0.012,1.25,Subject06,Walking,68.03
231,525,1.5847,0.0023,0.031,0.8096,0.7418,11.7451,0.0028,0.0013,0.0033,0.0078,0.0013,0.0106,0.0076,0.0137,0.0018,0.0023,0.0043,0.0059,0.0037,0.0177,0.0092,0.0127,1.25,Subject06,Walking,68.03
231,540,1.6196,0.0021,0.0283,0.8337,0.7556,13.1451,0.0026,0.0015,0.0037,0.0065,0.0015,0.0109,0.0082,0.0143,0.0017,0.0024,0.0042,0.0063,0.0034,0.0168,0.0102,0.0119,1.25,Subject06,Walking,68.03
231,555,1.648,0.0021,0.0275,0.8251,0.7933,12.7451,0.0027,0.0017,0.0037,0.0059,0.0015,0.0109,0.0084,0.0177,0.0018,0.003,0.0045,0.0063,0.0033,0.0172,0.0101,0.0141,1.25,Subject06,Walking,68.03
231,570,1.6146,0.0023,0.0308,0.8046,0.7768,10.3451,0.0026,0.0016,0.0039,0.0058,0.0016,0.0136,0.0089,0.0191,0.0017,0.0027,0.0046,0.0065,0.0036,0.0143,0.0102,0.0123,1.25,Subject06,Walking,68.03
231,585,1.6252,0.0022,0.0303,0.7767,0.8159,11.5451,0.0027,0.0015,0.0036,0.0066,0.0015,0.0119,0.0081,0.0151,0.0017,0.003,0.0043,0.0059,0.0035,0.0173,0.0098,0.0115,1.25,Subject06,Walking,68.03
231,600,1.6618,0.0023,0.0324,0.8348,0.7923,11.5451,0.0028,0.0016,0.0039,0.0069,0.0015,0.0093,0.0073,0.0173,0.0016,0.0024,0.0043,0.0066,0.0035,0.0164,0.0092,0.0111,1.25,Subject06,Walking,68.03
231,615,1.6622,0.0023,0.0304,0.8536,0.7758,10.5451,0.0026,0.0015,0.0035,0.0065,0.0016,0.01,0.0073,0.0135,0.0017,0.0026,0.0044,0.0059,0.0039,0.0155,0.0087,0.011,1.25,Subject06,Walking,68.03
231,630,1.6255,0.0023,0.0311,0.8106,0.7816,11.1451,0.0026,0.0015,0.0036,0.0072,0.0015,0.0094,0.007,0.0147,0.0017,0.0021,0.0043,0.0062,0.0039,0.0154,0.009,0.0118,1.25,Subject06,Walking,68.03
231,645,1.6273,0.0021,0.0293,0.8258,0.7701,11.3451,0.0027,0.0015,0.0038,0.0072,0.0016,0.0102,0.0078,0.0144,0.0017,0.0027,0.0043,0.0071,0.0041,0.0171,0.0092,0.0129,1.25,Subject06,Walking,68.03
232,720,2.1145,0.0025,0.0354,1.0721,1.0045,-7.7451,0.0029,0.0022,0.0046,0.0059,0.0017,0.0103,0.0091,0.02,0.0018,0.0026,0.0048,0.0067,0.0036,0.0138,0.0102,0.0114,1.8004,Subject06,Walking,68.03
232,735,2.8533,0.0023,0.0422,1.4426,1.3661,-5.9118,0.003,0.002,0.004,0.0063,0.0018,0.0128,0.0099,0.0191,0.0019,0.0017,0.0053,0.0068,0.0037,0.0162,0.0115,0.0122,1.8004,Subject06,Walking,68.03
232,750,2.685,0.0027,0.0432,1.3322,1.3069,-6.0784,0.0033,0.0029,0.0042,0.0061,0.002,0.0163,0.0094,0.0193,0.0023,0.0051,0.0058,0.0062,0.0044,0.0185,0.0116,0.0144,1.8004,Subject06,Walking,68.03
232,765,2.713,0.0027,0.0427,1.3306,1.337,-1.1451,0.0032,0.0022,0.0042,0.0065,0.002,0.0151,0.0098,0.0167,0.0021,0.0028,0.0054,0.0068,0.0043,0.0182,0.011,0.0121,1.8004,Subject06,Walking,68.03
232,780,2.8304,0.0023,0.0418,1.4197,1.3666,-3.5451,0.0026,0.002,0.0039,0.0066,0.0019,0.0137,0.0095,0.0197,0.0019,0.0024,0.0054,0.0078,0.004,0.0181,0.0117,0.0121,1.8004,Subject06,Walking,68.03
232,795,2.9106,0.0021,0.0423,1.4168,1.4494,-2.2451,0.0029,0.0024,0.0043,0.0065,0.002,0.0111,0.0095,0.0199,0.0019,0.0026,0.0056,0.0064,0.0039,0.0169,0.0119,0.0131,1.8004,Subject06,Walking,68.03
232,810,2.8819,0.0024,0.044,1.43,1.4055,-6.5451,0.0026,0.0019,0.004,0.0064,0.0018,0.0111,0.0098,0.0154,0.0018,0.0025,0.0055,0.007,0.0042,0.0167,0.0116,0.0146,1.8004,Subject06,Walking,68.03
232,825,2.9106,0.0028,0.0478,1.4906,1.3694,11.0784,0.0028,0.0024,0.0043,0.0065,0.0024,0.0133,0.0101,0.0193,0.0019,0.0025,0.0049,0.007,0.0041,0.0155,0.0119,0.0116,1.8004,Subject06,Walking,68.03
232,840,3.0104,0.0028,0.0465,1.5055,1.4556,-9.5451,0.0027,0.002,0.0044,0.0062,0.002,0.0104,0.0091,0.014,0.0019,0.0019,0.0054,0.0076,0.0044,0.0148,0.0097,0.0113,1.8004,Subject06,Walking,68.03
232,855,3.0302,0.0025,0.05,1.5001,1.4775,-8.0784,0.0027,0.0019,0.004,0.0063,0.0021,0.009,0.0085,0.0145,0.0019,0.0021,0.0056,0.0074,0.0046,0.0155,0.0101,0.0112,1.8004,Subject06,Walking,68.03
233,870,2.9635,0.0025,0.045,1.4538,1.4623,-6.7451,0.0027,0.0022,0.0042,0.0063,0.0018,0.0108,0.0088,0.0179,0.0019,0.0021,0.0049,0.007,0.0039,0.018,0.0107,0.0102,1.8004,Subject06,Walking,68.03
233,885,2.9552,0.0029,0.0496,1.4773,1.4254,-9.9451,0.0028,0.0021,0.0043,0.0064,0.0022,0.0095,0.0092,0.015,0.0019,0.0027,0.0051,0.0073,0.0046,0.0159,0.0106,0.0131,1.8004,Subject06,Walking,68.03
233,900,2.9894,0.0026,0.0455,1.5273,1.414,-9.2451,0.0027,0.002,0.0044,0.0062,0.0022,0.0103,0.0096,0.0138,0.0019,0.0023,0.0056,0.0071,0.0045,0.0156,0.0101,0.011,1.8004,Subject06,Walking,68.03
233,915,2.9399,0.0023,0.0411,1.4553,1.4412,-9.4118,0.0029,0.0023,0.0044,0.006,0.0021,0.0112,0.0102,0.0224,0.0019,0.0024,0.0049,0.0072,0.004,0.0158,0.0116,0.0115,1.8004,Subject06,Walking,68.03
233,930,2.9531,0.0019,0.0398,1.4324,1.479,-9.1451,0.0028,0.0022,0.0044,0.0068,0.002,0.0099,0.0098,0.0191,0.0019,0.0034,0.0054,0.0064,0.0045,0.0165,0.0121,0.0141,1.8004,Subject06,Walking,68.03
233,945,2.8326,0.0023,0.0375,1.4254,1.3673,-9.5451,0.0027,0.0021,0.0047,0.0063,0.0021,0.0114,0.0097,0.018,0.002,0.0029,0.0056,0.0067,0.0049,0.015,0.0116,0.0131,1.8004,Subject06,Walking,68.03
233,960,2.9302,0.003,0.0462,1.4841,1.3969,-8.7451,0.003,0.0021,0.0041,0.0065,0.0018,0.0122,0.0094,0.0173,0.002,0.0023,0.005,0.0073,0.0037,0.0166,0.0108,0.0132,1.8004,Subject06,Walking,68.03
233,975,2.9269,0.0028,0.0452,1.4624,1.4165,-8.7451,0.0031,0.0022,0.0043,0.0062,0.002,0.0116,0.0085,0.0158,0.0021,0.0026,0.0055,0.0073,0.0042,0.0155,0.0107,0.0133,1.8004,Subject06,Walking,68.03
233,990,3.0479,0.003,0.0482,1.4759,1.5207,-7.7451,0.0028,0.0021,0.004,0.0071,0.0019,0.0101,0.0083,0.0151,0.002,0.0021,0.0053,0.0071,0.0043,0.0166,0.0118,0.0127,1.8004,Subject06,Walking,68.03
233,1005,3.0093,0.0029,0.0471,1.495,1.4643,-9.2451,0.0028,0.0026,0.005,0.0062,0.0023,0.0096,0.0087,0.014,0.0019,0.0023,0.0055,0.0071,0.0039,0.0146,0.0107,0.0117,1.8004,Subject06,Walking,68.03
234,1080,3.7752,0.0028,0.056,1.8685,1.8479,-7.5451,0.0031,0.0025,0.0043,0.0065,0.0021,0.0129,0.0115,0.019,0.002,0.0022,0.0059,0.0079,0.0049,0.0178,0.0135,0.0134,2.3623,Subject06,Walking,68.03
234,1095,4.039,0.0028,0.0626,1.9573,2.0163,-6.0784,0.0032,0.0034,0.0054,0.0071,0.0031,0.0142,0.0129,0.0251,0.0022,0.0025,0.0065,0.0075,0.0052,0.0171,0.0122,0.0142,2.3623,Subject06,Walking,68.03
234,1110,3.9362,0.0026,0.0602,1.9197,1.9538,-6.1737,0.0032,0.0026,0.0048,0.0077,0.0023,0.0146,0.0118,0.0188,0.0022,0.0027,0.0061,0.0075,0.0058,0.0179,0.0126,0.0154,2.3623,Subject06,Walking,68.03
234,1125,3.9644,0.0027,0.0665,1.9947,1.9005,-6.2451,0.0029,0.0027,0.0051,0.0066,0.0023,0.0134,0.0128,0.0195,0.0022,0.0023,0.0067,0.0076,0.0052,0.0171,0.0132,0.0159,2.3623,Subject06,Walking,68.03
234,1140,3.8933,0.0027,0.0669,1.9215,1.9022,-5.4118,0.0033,0.0024,0.0049,0.0071,0.0028,0.0135,0.0119,0.0211,0.0021,0.003,0.0071,0.0074,0.0044,0.0176,0.013,0.0153,2.3623,Subject06,Walking,68.03
234,1155,3.8267,0.0026,0.0663,1.8926,1.8652,-5.5784,0.0031,0.0026,0.0051,0.0072,0.0023,0.0138,0.0128,0.0199,0.0021,0.0027,0.0071,0.0066,0.0048,0.0179,0.014,0.0169,2.3623,Subject06,Walking,68.03
234,1170,3.7411,0.0026,0.0641,1.8487,1.8257,-5.3451,0.0031,0.0026,0.0052,0.0068,0.0021,0.0147,0.013,0.022,0.0021,0.0031,0.0069,0.0075,0.0043,0.0189,0.0142,0.0159,2.3623,Subject06,Walking,68.03
234,1185,3.7762,0.0027,0.0745,1.8136,1.8855,-5.0784,0.0033,0.0026,0.0052,0.0064,0.0025,0.0139,0.0124,0.0218,0.0022,0.0022,0.0068,0.0067,0.0044,0.0187,0.0135,0.0155,2.3623,Subject06,Walking,68.03
234,1200,3.7073,0.0025,0.0694,1.8122,1.8233,-3.7451,0.003,0.0025,0.0048,0.0068,0.0024,0.015,0.0113,0.0211,0.0022,0.0027,0.0067,0.0075,0.0047,0.0172,0.0133,0.0156,2.3623,Subject06,Walking,68.03
234,1215,3.7294,0.0025,0.0704,1.8344,1.822,-5.0784,0.0032,0.0026,0.0053,0.0066,0.0022,0.0149,0.0125,0.0209,0.0022,0.0031,0.0075,0.0075,0.0046,0.018,0.0134,0.0165,2.3623,Subject06,Walking,68.03
235,1230,3.6705,0.0025,0.0685,1.7769,1.8226,-5.1451,0.003,0.0024,0.0049,0.007,0.0021,0.0146,0.0117,0.0193,0.0022,0.0025,0.0065,0.0069,0.0047,0.0185,0.0143,0.0167,2.3623,Subject06,Walking,68.03
235,1245,3.9122,0.0026,0.0679,1.8764,1.9652,-3.7451,0.0031,0.0026,0.0048,0.007,0.0021,0.014,0.0114,0.0197,0.0022,0.0026,0.0069,0.0076,0.0057,0.0185,0.0124,0.0169,2.3623,Subject06,Walking,68.03
235,1260,4.0477,0.0027,0.0676,1.9913,1.9862,-2.9451,0.0029,0.0025,0.0048,0.0068,0.0026,0.0121,0.0102,0.0172,0.0023,0.0025,0.0065,0.0071,0.0049,0.016,0.0112,0.014,2.3623,Subject06,Walking,68.03
235,1275,4.0619,0.0032,0.0667,1.923,2.069,-0.4118,0.0031,0.0025,0.0047,0.007,0.0028,0.0123,0.0106,0.0187,0.0022,0.0021,0.0064,0.0072,0.005,0.0184,0.0117,0.0149,2.3623,Subject06,Walking,68.03
235,1290,4.1026,0.003,0.0655,2.0067,2.0275,-2.5451,0.0029,0.0025,0.0048,0.0066,0.0025,0.013,0.0106,0.0169,0.0022,0.0022,0.0067,0.0071,0.0047,0.0167,0.0116,0.0153,2.3623,Subject06,Walking,68.03
235,1305,4.1395,0.0027,0.0703,2.0244,2.042,-4.0784,0.0029,0.0026,0.0043,0.007,0.0023,0.0126,0.011,0.0188,0.0022,0.0025,0.0065,0.008,0.0051,0.0171,0.0122,0.0156,2.3623,Subject06,Walking,68.03
235,1320,4.0671,0.0028,0.0603,1.9505,2.0535,-7.0784,0.0031,0.0025,0.0047,0.0069,0.0025,0.0124,0.0093,0.0181,0.0021,0.0026,0.0059,0.0073,0.0049,0.0163,0.0125,0.0145,2.3623,Subject06,Walking,68.03
235,1335,4.2396,0.0023,0.0662,2.0563,2.1148,-2.7451,0.0029,0.0024,0.0045,0.0075,0.0024,0.0116,0.0099,0.0156,0.0022,0.0024,0.0063,0.0076,0.005,0.0183,0.0122,0.0156,2.3623,Subject06,Walking,68.03
235,1350,4.1623,0.0026,0.0704,2.0885,2.0007,-4.7451,0.003,0.0026,0.0048,0.0064,0.0028,0.0126,0.0104,0.0188,0.0022,0.0022,0.0068,0.008,0.0051,0.0155,0.0115,0.0145,2.3623,Subject06,Walking,68.03
235,1365,4.2045,0.0023,0.0683,2.0303,2.1035,-5.0784,0.0029,0.0025,0.0046,0.0069,0.0027,0.0124,0.0098,0.0162,0.0022,0.0024,0.0058,0.0079,0.0052,0.017,0.0116,0.0145,2.3623,Subject06,Walking,68.03
236,360,2.0123,0.006,0.0721,1.0357,0.8985,8.3397,0.0026,0.0049,0.0074,0.0105,0.0048,0.011,0.0098,0.0165,0.0019,0.0057,0.0099,0.01,0.0035,0.0154,0.0111,0.021,2.6064,Subject07,Backwards,95.24
236,375,1.9288,0.005,0.0634,0.9394,0.921,20.2731,0.0026,0.0046,0.0079,0.0086,0.0045,0.0111,0.0097,0.0154,0.0017,0.0049,0.0099,0.0083,0.0033,0.0135,0.0093,0.023,2.6064,Subject07,Backwards,95.24
236,390,1.7105,0.0033,0.0496,0.8614,0.7963,22.8397,0.0023,0.005,0.0084,0.006,0.0038,0.0091,0.0075,0.02,0.0015,0.0056,0.0097,0.0068,0.0032,0.0125,0.0087,0.0237,2.6064,Subject07,Backwards,95.24
236,405,1.7616,0.0026,0.0448,0.8888,0.8255,19.4731,0.0021,0.0048,0.0073,0.0043,0.0034,0.0093,0.0076,0.0188,0.0015,0.0052,0.0099,0.0047,0.0029,0.0128,0.0085,0.0212,2.6064,Subject07,Backwards,95.24
236,420,1.6521,0.0024,0.0438,0.8606,0.7453,15.8731,0.0022,0.004,0.0066,0.0038,0.003,0.0083,0.0076,0.0185,0.0014,0.0053,0.0095,0.0041,0.0027,0.0111,0.0077,0.0235,2.6064,Subject07,Backwards,95.24
236,435,1.692,0.0027,0.0439,0.8258,0.8196,14.0064,0.0023,0.0038,0.0056,0.0044,0.0033,0.0086,0.0079,0.0148,0.0014,0.0047,0.0085,0.0036,0.0025,0.0113,0.0091,0.0206,2.6064,Subject07,Backwards,95.24
236,450,1.7135,0.0032,0.0496,0.8237,0.8369,11.6731,0.0021,0.0038,0.006,0.0043,0.003,0.0076,0.0073,0.0154,0.0014,0.0047,0.0078,0.0036,0.0024,0.01,0.0087,0.0183,2.6064,Subject07,Backwards,95.24
236,465,1.7376,0.0033,0.0499,0.8499,0.8344,10.0064,0.002,0.0039,0.005,0.0046,0.0027,0.0081,0.0087,0.0131,0.0014,0.0046,0.0082,0.0046,0.0028,0.0111,0.0092,0.0166,2.6064,Subject07,Backwards,95.24
236,480,1.5624,0.0031,0.0488,0.7873,0.7232,10.1731,0.0021,0.0042,0.0055,0.0045,0.0029,0.0071,0.0076,0.0136,0.0013,0.0045,0.0082,0.0049,0.0027,0.0101,0.0078,0.0201,2.6064,Subject07,Backwards,95.24
236,495,1.7203,0.0038,0.0487,0.8791,0.7887,9.2731,0.0022,0.0033,0.0049,0.004,0.0025,0.0078,0.008,0.0134,0.0013,0.0044,0.0078,0.0048,0.0026,0.0122,0.0106,0.0143,2.6064,Subject07,Backwards,95.24
237,510,1.6494,0.0031,0.0454,0.7763,0.8246,12.1731,0.0022,0.0036,0.0059,0.0046,0.0029,0.0081,0.0071,0.0147,0.0013,0.0046,0.0085,0.0043,0.0025,0.0114,0.0093,0.0155,2.6064,Subject07,Backwards,95.24
237,525,1.6507,0.0031,0.0511,0.843,0.7535,13.8731,0.0021,0.0037,0.0049,0.0036,0.0024,0.008,0.0086,0.016,0.0013,0.0054,0.0086,0.0038,0.0025,0.0114,0.009,0.0189,2.6064,Subject07,Backwards,95.24
237,540,1.5809,0.0036,0.0487,0.7889,0.7396,12.2731,0.0021,0.0038,0.0049,0.0042,0.0025,0.0073,0.0081,0.0136,0.0013,0.0042,0.0077,0.0041,0.0024,0.0116,0.009,0.0165,2.6064,Subject07,Backwards,95.24
237,555,1.9083,0.0038,0.0518,0.9684,0.8842,14.8731,0.0024,0.0033,0.0048,0.0038,0.0028,0.0088,0.0083,0.0142,0.0018,0.0048,0.008,0.0043,0.0026,0.012,0.009,0.0178,2.6064,Subject07,Backwards,95.24
237,570,1.6432,0.0032,0.0432,0.8249,0.7718,12.5064,0.002,0.0033,0.0043,0.0038,0.0023,0.0077,0.0077,0.0128,0.0014,0.0041,0.0073,0.0042,0.0027,0.0119,0.0098,0.0165,2.6064,Subject07,Backwards,95.24
237,585,1.5989,0.0032,0.047,0.8031,0.7457,10.4731,0.0021,0.0042,0.0052,0.0044,0.0025,0.0074,0.0072,0.0143,0.0014,0.0043,0.0081,0.0045,0.0027,0.0111,0.0084,0.0178,2.6064,Subject07,Backwards,95.24
237,600,1.9424,0.0042,0.0553,0.977,0.9058,10.1731,0.0024,0.0025,0.0039,0.0041,0.0023,0.0084,0.0085,0.0124,0.0014,0.0037,0.0066,0.0044,0.0026,0.0117,0.0099,0.0135,2.6064,Subject07,Backwards,95.24
237,615,1.8439,0.0044,0.0547,0.8909,0.8939,10.4731,0.0025,0.003,0.0048,0.0037,0.0027,0.0078,0.0071,0.0137,0.0015,0.0039,0.0066,0.0041,0.0026,0.0097,0.0084,0.0161,2.6064,Subject07,Backwards,95.24
237,630,1.8467,0.004,0.0512,0.867,0.9244,8.3397,0.0027,0.0034,0.0055,0.0051,0.0032,0.0092,0.0081,0.0148,0.0016,0.0044,0.0078,0.0041,0.0027,0.0099,0.0085,0.0179,2.6064,Subject07,Backwards,95.24
237,645,1.7025,0.004,0.048,0.8336,0.8169,9.3397,0.0024,0.0031,0.0053,0.005,0.003,0.0078,0.0072,0.0121,0.0014,0.0037,0.0071,0.0044,0.0026,0.0111,0.0094,0.0149,2.6064,Subject07,Backwards,95.24
238,720,1.0062,0.0038,0.0397,0.5026,0.4601,8.6731,0.0023,0.0021,0.0028,0.0028,0.0024,0.0076,0.0086,0.0114,0.0016,0.003,0.0048,0.0043,0.0021,0.0096,0.0092,0.012,1.7025,Subject07,Backwards,95.24
238,735,0.8963,0.0034,0.0359,0.4386,0.4184,8.8731,0.0023,0.0023,0.003,0.0019,0.002,0.0052,0.0064,0.0114,0.0014,0.0031,0.0054,0.0026,0.0021,0.0079,0.0078,0.0128,1.7025,Subject07,Backwards,95.24
238,750,0.9493,0.003,0.0371,0.4387,0.4705,10.0064,0.0017,0.0036,0.0028,0.0034,0.0019,0.0079,0.008,0.011,0.0012,0.0037,0.0043,0.0044,0.0022,0.0096,0.0082,0.0132,1.7025,Subject07,Backwards,95.24
238,765,1.0415,0.0026,0.0438,0.5147,0.4804,5.0731,0.0014,0.0036,0.0025,0.0054,0.0022,0.0083,0.0069,0.0123,0.0011,0.0045,0.0033,0.0058,0.0022,0.0089,0.0081,0.0144,1.7025,Subject07,Backwards,95.24
238,780,1.1167,0.0036,0.0438,0.5086,0.5607,5.4731,0.0016,0.0027,0.0027,0.0054,0.002,0.0093,0.0069,0.0128,0.0013,0.0041,0.0032,0.0048,0.0022,0.0095,0.0077,0.0139,1.7025,Subject07,Backwards,95.24
238,795,1.0251,0.0037,0.0399,0.5177,0.4639,5.0731,0.0017,0.0031,0.0026,0.0041,0.0019,0.0082,0.0074,0.0103,0.0012,0.0044,0.004,0.0042,0.0024,0.0093,0.0085,0.0122,1.7025,Subject07,Backwards,95.24
238,810,0.9642,0.0041,0.041,0.449,0.4701,7.3397,0.0019,0.0029,0.003,0.0031,0.0019,0.0065,0.007,0.0117,0.0013,0.0038,0.0042,0.0038,0.002,0.0103,0.0099,0.0132,1.7025,Subject07,Backwards,95.24
238,825,0.802,0.0027,0.0274,0.3977,0.3742,6.6731,0.002,0.003,0.0028,0.002,0.0018,0.0068,0.008,0.0101,0.0013,0.0028,0.0043,0.0029,0.002,0.0091,0.0091,0.0142,1.7025,Subject07,Backwards,95.24
238,840,0.7598,0.0027,0.0281,0.3473,0.3816,5.0731,0.002,0.0026,0.0027,0.0022,0.0018,0.0065,0.008,0.0094,0.0014,0.0032,0.0053,0.0026,0.002,0.0064,0.0071,0.0143,1.7025,Subject07,Backwards,95.24
238,855,0.8304,0.0025,0.0272,0.4005,0.4001,4.8731,0.0019,0.0031,0.0031,0.0021,0.0023,0.0056,0.0062,0.0103,0.0014,0.0038,0.0056,0.0026,0.0021,0.0078,0.0077,0.0113,1.7025,Subject07,Backwards,95.24
239,870,0.7662,0.0026,0.028,0.3894,0.3461,4.8731,0.0022,0.0024,0.0027,0.0022,0.0017,0.0073,0.0081,0.0143,0.0015,0.0031,0.0049,0.0037,0.0021,0.0094,0.0084,0.015,1.7025,Subject07,Backwards,95.24
239,885,0.8814,0.0031,0.0257,0.3971,0.4556,5.6731,0.0023,0.0025,0.0028,0.0024,0.0019,0.0064,0.0069,0.0111,0.0014,0.0027,0.0049,0.0026,0.002,0.0077,0.0085,0.0103,1.7025,Subject07,Backwards,95.24
239,900,0.8835,0.0031,0.0293,0.4283,0.4227,5.2731,0.0018,0.003,0.003,0.0031,0.0019,0.0072,0.0055,0.0116,0.0014,0.003,0.0046,0.004,0.0021,0.0072,0.0071,0.014,1.7025,Subject07,Backwards,95.24
239,915,1.03,0.003,0.0441,0.4518,0.5311,3.4731,0.0016,0.0034,0.0027,0.0043,0.0021,0.0097,0.0076,0.0134,0.0012,0.0043,0.0035,0.0047,0.0021,0.0104,0.0091,0.0138,1.7025,Subject07,Backwards,95.24
239,930,1.0291,0.0042,0.0462,0.463,0.5156,6.8397,0.0018,0.0043,0.0031,0.0038,0.0021,0.01,0.0074,0.0122,0.0015,0.004,0.0042,0.0052,0.0022,0.0082,0.0072,0.0094,1.7025,Subject07,Backwards,95.24
239,945,0.9044,0.0035,0.0381,0.4308,0.432,5.8731,0.0016,0.004,0.0036,0.0039,0.002,0.0063,0.0058,0.0122,0.0013,0.0046,0.0037,0.0038,0.002,0.0083,0.0073,0.0133,1.7025,Subject07,Backwards,95.24
239,960,1.0671,0.0031,0.0449,0.4735,0.5456,7.8731,0.0016,0.0035,0.0032,0.004,0.002,0.0076,0.0059,0.0127,0.0012,0.0042,0.0037,0.005,0.0022,0.0078,0.0071,0.0132,1.7025,Subject07,Backwards,95.24
239,975,0.7679,0.0027,0.0256,0.3709,0.3688,6.6731,0.0024,0.0019,0.0026,0.002,0.002,0.0062,0.0076,0.0106,0.0016,0.0028,0.0051,0.003,0.0021,0.0079,0.0069,0.0157,1.7025,Subject07,Backwards,95.24
239,990,0.8077,0.0028,0.0252,0.4161,0.3637,6.0731,0.0022,0.002,0.0026,0.0023,0.002,0.0061,0.0068,0.014,0.0016,0.0025,0.0046,0.004,0.002,0.0087,0.0083,0.0138,1.7025,Subject07,Backwards,95.24
239,1005,0.8759,0.0028,0.0308,0.3825,0.4599,6.6731,0.0021,0.0028,0.003,0.0027,0.0019,0.0068,0.0063,0.0127,0.0017,0.0029,0.0043,0.0034,0.002,0.0075,0.0074,0.0117,1.7025,Subject07,Backwards,95.24
240,360,1.0772,0.0005,0.0378,0.5254,0.5135,8.4909,0.0016,0.0038,0.0054,0.0075,0.0046,0.0088,0.01,0.0029,0.0015,0.0059,0.008,0.0026,0.0027,0.0107,0.0043,0.0042,2.6641,Subject07,Cycling,95.24
240,375,1.124,0.0008,0.0357,0.5484,0.5391,15.3409,0.0016,0.0033,0.006,0.0077,0.0048,0.0089,0.0101,0.0029,0.0013,0.006,0.0092,0.0031,0.0028,0.0103,0.0041,0.0058,2.6641,Subject07,Cycling,95.24
240,390,1.1004,0.0008,0.0344,0.5469,0.5183,16.0909,0.0014,0.0037,0.0073,0.0047,0.0046,0.0077,0.0109,0.003,0.0011,0.0052,0.0081,0.0023,0.0027,0.0103,0.0046,0.0053,2.6641,Subject07,Cycling,95.24
240,405,1.0596,0.0008,0.0373,0.5343,0.4872,17.0909,0.0013,0.0028,0.0065,0.0041,0.0041,0.0063,0.0118,0.0028,0.0011,0.0056,0.0097,0.0018,0.0028,0.0079,0.0046,0.0044,2.6641,Subject07,Cycling,95.24
240,420,1.1542,0.001,0.047,0.5736,0.5327,16.0909,0.0013,0.004,0.0086,0.0042,0.0052,0.0066,0.0134,0.0049,0.0011,0.0071,0.011,0.0022,0.003,0.0066,0.0054,0.0051,2.6641,Subject07,Cycling,95.24
240,435,1.0351,0.0007,0.037,0.5235,0.4738,14.8409,0.0012,0.0027,0.0067,0.0026,0.0042,0.006,0.0121,0.0039,0.001,0.0059,0.0101,0.0015,0.0028,0.0053,0.0046,0.0042,2.6641,Subject07,Cycling,95.24
240,450,1.0873,0.0008,0.0369,0.5571,0.4926,12.0909,0.0012,0.003,0.0069,0.0025,0.0042,0.0063,0.0128,0.0048,0.001,0.0061,0.0121,0.0015,0.003,0.0051,0.0053,0.0053,2.6641,Subject07,Cycling,95.24
240,465,1.1077,0.0008,0.0437,0.5546,0.5086,13.6909,0.0012,0.0032,0.0074,0.0021,0.0044,0.0061,0.0126,0.005,0.001,0.0063,0.0109,0.0016,0.0031,0.0059,0.006,0.0066,2.6641,Subject07,Cycling,95.24
240,480,1.1048,0.0008,0.0369,0.5602,0.507,10.8409,0.0011,0.0028,0.0069,0.0028,0.0042,0.006,0.0118,0.004,0.001,0.006,0.0113,0.0018,0.0031,0.0054,0.007,0.0063,2.6641,Subject07,Cycling,95.24
240,495,1.0846,0.0011,0.0446,0.5508,0.4881,11.3409,0.0013,0.0026,0.007,0.002,0.0043,0.006,0.012,0.0034,0.001,0.0057,0.0121,0.0013,0.0031,0.0033,0.0064,0.0058,2.6641,Subject07,Cycling,95.24
241,510,1.1634,0.001,0.0454,0.5952,0.5218,12.3409,0.0012,0.0029,0.0074,0.0028,0.0044,0.0063,0.0128,0.0032,0.001,0.0061,0.0123,0.0015,0.0032,0.004,0.0068,0.0075,2.6641,Subject07,Cycling,95.24
241,525,1.1688,0.0011,0.049,0.5893,0.5294,12.3409,0.0011,0.0031,0.0077,0.0025,0.0046,0.007,0.0141,0.0034,0.001,0.0061,0.0122,0.0018,0.0031,0.0049,0.0073,0.0064,2.6641,Subject07,Cycling,95.24
241,540,1.1961,0.0019,0.0473,0.6066,0.5403,14.4909,0.0013,0.0032,0.0085,0.0019,0.0047,0.0065,0.0128,0.0031,0.0011,0.0052,0.0129,0.0013,0.0031,0.0038,0.0074,0.0057,2.6641,Subject07,Cycling,95.24
241,555,1.0414,0.0025,0.0152,0.5362,0.4875,13.0909,0.0009,0.0035,0.0079,0.0016,0.0037,0.0057,0.0096,0.003,0.0009,0.0059,0.0101,0.0011,0.0026,0.0071,0.0052,0.0075,2.6641,Subject07,Cycling,95.24
241,570,1.0586,0.0025,0.0206,0.5337,0.5018,11.2909,0.0009,0.0042,0.0082,0.0021,0.0042,0.006,0.0109,0.0052,0.0008,0.0063,0.0109,0.0011,0.0026,0.0075,0.0065,0.0072,2.6641,Subject07,Cycling,95.24
241,585,1.1374,0.0032,0.0316,0.5764,0.5262,13.0909,0.001,0.0049,0.0096,0.0012,0.0042,0.0057,0.0109,0.0072,0.0009,0.0072,0.0114,0.0012,0.0027,0.0056,0.0075,0.0082,2.6641,Subject07,Cycling,95.24
241,600,1.1031,0.0038,0.0285,0.5448,0.5259,15.0909,0.0011,0.0046,0.0098,0.0013,0.0044,0.0059,0.0114,0.0071,0.0009,0.0074,0.0117,0.0012,0.0028,0.0047,0.0078,0.0069,2.6641,Subject07,Cycling,95.24
241,615,1.1819,0.0012,0.0528,0.5864,0.5415,15.0909,0.0012,0.0031,0.0074,0.0016,0.004,0.006,0.012,0.003,0.001,0.0052,0.0127,0.0013,0.0031,0.0033,0.0068,0.0061,2.6641,Subject07,Cycling,95.24
241,630,1.1256,0.001,0.0391,0.5634,0.522,10.5909,0.0012,0.0031,0.0081,0.0019,0.0042,0.0059,0.0118,0.0029,0.001,0.0046,0.0118,0.0012,0.0031,0.003,0.0077,0.0057,2.6641,Subject07,Cycling,95.24
241,645,1.1072,0.0011,0.0419,0.564,0.5002,10.0909,0.0013,0.003,0.0081,0.0015,0.0043,0.0062,0.0122,0.0027,0.001,0.0047,0.0124,0.0012,0.0029,0.0028,0.0077,0.0057,2.6641,Subject07,Cycling,95.24
242,720,1.1352,0.0014,0.0405,0.5798,0.5134,11.0909,0.0015,0.0038,0.0094,0.0042,0.0061,0.0061,0.0119,0.0036,0.0011,0.0071,0.0168,0.0017,0.0043,0.003,0.0069,0.01,4.1018,Subject07,Cycling,95.24
242,735,1.1565,0.002,0.0503,0.5838,0.5204,15.7576,0.0016,0.0035,0.0085,0.0033,0.0055,0.0056,0.0109,0.0026,0.0012,0.008,0.0162,0.0017,0.0043,0.0028,0.0066,0.0086,4.1018,Subject07,Cycling,95.24
242,750,1.1718,0.0017,0.0393,0.6034,0.5273,17.0909,0.0015,0.0036,0.0094,0.004,0.006,0.0063,0.0126,0.0042,0.0012,0.0074,0.0168,0.0017,0.0044,0.0026,0.0069,0.0081,4.1018,Subject07,Cycling,95.24
242,765,1.1656,0.0016,0.0472,0.6027,0.5141,20.2909,0.0015,0.0049,0.0109,0.0019,0.0062,0.0054,0.0135,0.0106,0.0012,0.0073,0.0175,0.002,0.0045,0.0025,0.0066,0.0088,4.1018,Subject07,Cycling,95.24
242,780,1.1844,0.0017,0.0462,0.5982,0.5382,22.0909,0.0015,0.0037,0.0098,0.0025,0.0061,0.0069,0.0135,0.0043,0.0011,0.0067,0.0155,0.0025,0.0044,0.003,0.0062,0.0067,4.1018,Subject07,Cycling,95.24
242,795,1.2111,0.0015,0.0486,0.6044,0.5566,20.6909,0.0015,0.0043,0.0105,0.003,0.0066,0.0066,0.0127,0.0046,0.001,0.0067,0.0152,0.0027,0.0043,0.0041,0.0066,0.0079,4.1018,Subject07,Cycling,95.24
242,810,1.1463,0.0019,0.0466,0.5789,0.5189,19.8909,0.0017,0.004,0.0098,0.0032,0.0061,0.007,0.0135,0.0049,0.0011,0.0065,0.0161,0.0023,0.0042,0.0047,0.0067,0.0068,4.1018,Subject07,Cycling,95.24
242,825,1.1686,0.0016,0.0506,0.5764,0.5401,18.8409,0.0016,0.004,0.0096,0.0026,0.0058,0.0066,0.013,0.0058,0.0011,0.0064,0.0149,0.0018,0.004,0.0043,0.0071,0.0076,4.1018,Subject07,Cycling,95.24
242,840,1.1574,0.0028,0.0376,0.5946,0.5223,19.6909,0.0015,0.0044,0.011,0.0021,0.0063,0.0069,0.0127,0.0066,0.0011,0.0064,0.0152,0.0016,0.0038,0.0037,0.0074,0.0077,4.1018,Subject07,Cycling,95.24
242,855,1.1426,0.0033,0.0223,0.5836,0.5334,18.8909,0.0012,0.0052,0.0108,0.0022,0.006,0.0064,0.0122,0.008,0.001,0.0081,0.0153,0.0015,0.0037,0.0056,0.006,0.0099,4.1018,Subject07,Cycling,95.24
243,870,1.1298,0.0034,0.0383,0.5745,0.5135,19.0909,0.0014,0.0055,0.0114,0.0017,0.0063,0.0068,0.0121,0.0089,0.001,0.007,0.0137,0.0016,0.0037,0.0057,0.0065,0.008,4.1018,Subject07,Cycling,95.24
243,885,1.1594,0.0028,0.0357,0.5816,0.5393,18.0909,0.0015,0.0047,0.0105,0.0018,0.0062,0.0062,0.0114,0.0075,0.0011,0.0082,0.016,0.0016,0.004,0.0046,0.0076,0.0088,4.1018,Subject07,Cycling,95.24
243,900,1.1279,0.0038,0.0294,0.586,0.5087,18.6909,0.0013,0.0048,0.0112,0.0017,0.0058,0.0059,0.012,0.0136,0.001,0.0074,0.0148,0.0015,0.0038,0.0058,0.0075,0.0096,4.1018,Subject07,Cycling,95.24
243,915,1.2025,0.0018,0.0525,0.6012,0.547,22.0909,0.0016,0.004,0.0097,0.0015,0.0056,0.0063,0.0125,0.0042,0.0012,0.0076,0.0164,0.0016,0.0043,0.0031,0.0066,0.008,4.1018,Subject07,Cycling,95.24
243,930,1.1811,0.0017,0.0475,0.5939,0.5381,19.4909,0.0017,0.0041,0.0101,0.0025,0.0061,0.0065,0.0125,0.005,0.0011,0.0062,0.0153,0.0018,0.0042,0.0037,0.0074,0.008,4.1018,Subject07,Cycling,95.24
243,945,1.1303,0.0015,0.0415,0.5795,0.5078,18.2909,0.0017,0.0039,0.0102,0.0018,0.006,0.0065,0.0128,0.0058,0.0011,0.0061,0.0149,0.0016,0.0041,0.0033,0.0084,0.0079,4.1018,Subject07,Cycling,95.24
243,960,1.1278,0.0019,0.0415,0.5927,0.4916,21.6909,0.0018,0.0043,0.0106,0.0016,0.0061,0.0063,0.0128,0.0055,0.0011,0.0065,0.0156,0.0016,0.0042,0.0029,0.0081,0.0076,4.1018,Subject07,Cycling,95.24
243,975,1.16,0.002,0.0524,0.5974,0.5082,21.2909,0.0016,0.0059,0.0134,0.0017,0.0071,0.0026,0.011,0.0146,0.001,0.0082,0.0186,0.0018,0.0046,0.0011,0.0022,0.0027,4.1018,Subject07,Cycling,95.24
243,990,1.2088,0.0019,0.0512,0.6286,0.5272,20.8909,0.0018,0.0042,0.01,0.0017,0.0061,0.006,0.0117,0.0056,0.0011,0.0072,0.0179,0.0017,0.0044,0.0024,0.0065,0.0096,4.1018,Subject07,Cycling,95.24
243,1005,1.1494,0.0036,0.0234,0.5918,0.5306,20.0909,0.0012,0.0048,0.0108,0.0017,0.0059,0.006,0.0112,0.0061,0.0009,0.0081,0.0152,0.0015,0.0037,0.0039,0.0065,0.0101,4.1018,Subject07,Cycling,95.24
244,1080,2.4515,0.0029,0.069,1.1813,1.1983,18.2909,0.0018,0.0098,0.0129,0.0087,0.0084,0.0212,0.0165,0.0235,0.0015,0.0117,0.02,0.0096,0.0066,0.0251,0.009,0.0264,5.1505,Subject07,Cycling,95.24
244,1095,2.2013,0.0032,0.0669,1.1013,1.03,21.0909,0.0017,0.0089,0.0124,0.0087,0.0083,0.0123,0.0139,0.0162,0.0013,0.0092,0.0172,0.0106,0.0059,0.0209,0.0078,0.0212,5.1505,Subject07,Cycling,95.24
244,1110,2.253,0.0038,0.0962,1.1284,1.0246,25.5909,0.0016,0.0086,0.0129,0.0063,0.008,0.0105,0.0165,0.0186,0.0013,0.0085,0.018,0.0065,0.0056,0.0186,0.0084,0.0161,5.1505,Subject07,Cycling,95.24
244,1125,2.1625,0.0044,0.1141,1.0736,0.9704,25.6909,0.0017,0.0064,0.012,0.0053,0.0075,0.0096,0.0159,0.0144,0.0013,0.0078,0.0178,0.0038,0.0053,0.0152,0.0089,0.0142,5.1505,Subject07,Cycling,95.24
244,1140,2.4082,0.0045,0.1147,1.1885,1.1004,20.7576,0.0017,0.0084,0.0128,0.0057,0.0081,0.0162,0.019,0.0223,0.0014,0.0091,0.019,0.0065,0.0059,0.0219,0.0096,0.0185,5.1505,Subject07,Cycling,95.24
244,1155,2.3036,0.005,0.1296,1.1342,1.0348,22.7576,0.0016,0.0058,0.0115,0.0052,0.0079,0.0136,0.0183,0.0167,0.0013,0.0078,0.0175,0.0048,0.0053,0.0185,0.0086,0.0159,5.1505,Subject07,Cycling,95.24
244,1170,2.27,0.0047,0.1314,1.1221,1.0118,24.8909,0.0016,0.0055,0.0116,0.0054,0.0075,0.0119,0.0186,0.0163,0.0013,0.0071,0.0187,0.0036,0.0051,0.0151,0.0096,0.014,5.1505,Subject07,Cycling,95.24
244,1185,2.2842,0.0078,0.1664,1.1097,1.0003,25.4909,0.0019,0.0052,0.0113,0.0053,0.0075,0.0113,0.0191,0.0139,0.0014,0.0065,0.0194,0.0055,0.0055,0.0214,0.0098,0.0151,5.1505,Subject07,Cycling,95.24
244,1200,2.2365,0.0069,0.1733,1.0725,0.9839,22.4242,0.0018,0.0045,0.0112,0.0043,0.0075,0.0103,0.0186,0.0151,0.0014,0.006,0.0178,0.0051,0.0048,0.0159,0.0092,0.0133,5.1505,Subject07,Cycling,95.24
244,1215,2.3108,0.0056,0.1644,1.1205,1.0203,25.2909,0.0017,0.0058,0.0115,0.0036,0.0073,0.0116,0.0192,0.0195,0.0014,0.0054,0.0165,0.0047,0.005,0.015,0.0098,0.0132,5.1505,Subject07,Cycling,95.24
245,1230,2.3147,0.0047,0.079,1.1782,1.0528,25.4909,0.0012,0.0081,0.0128,0.0026,0.007,0.0173,0.0205,0.0296,0.0009,0.0081,0.0163,0.0017,0.0045,0.0179,0.0103,0.0176,5.1505,Subject07,Cycling,95.24
245,1245,2.2211,0.0062,0.1399,1.0824,0.9926,25.0909,0.0016,0.006,0.0128,0.0026,0.0077,0.0108,0.0193,0.0196,0.0011,0.007,0.0171,0.0021,0.0047,0.0124,0.0105,0.015,5.1505,Subject07,Cycling,95.24
245,1260,2.2958,0.0048,0.1539,1.1242,1.0129,25.6909,0.0017,0.005,0.0108,0.004,0.0073,0.0105,0.0188,0.0171,0.0013,0.0069,0.0171,0.0024,0.0048,0.0126,0.0115,0.0147,5.1505,Subject07,Cycling,95.24
245,1275,2.1654,0.0052,0.1446,1.0591,0.9566,23.4909,0.0018,0.0054,0.0117,0.0044,0.0079,0.0108,0.0189,0.02,0.0012,0.0057,0.0162,0.0036,0.0047,0.0127,0.0121,0.0151,5.1505,Subject07,Cycling,95.24
245,1290,2.356,0.0051,0.1901,1.1305,1.0303,22.2909,0.0018,0.005,0.0115,0.0035,0.0073,0.012,0.0196,0.0183,0.0014,0.0058,0.0173,0.0038,0.005,0.0137,0.0114,0.0143,5.1505,Subject07,Cycling,95.24
245,1305,2.316,0.0057,0.0881,1.1651,1.0572,23.0909,0.0013,0.008,0.0126,0.0032,0.0068,0.0164,0.0203,0.0291,0.0009,0.0079,0.014,0.002,0.0038,0.0151,0.0117,0.0178,5.1505,Subject07,Cycling,95.24
245,1320,2.2619,0.0066,0.0995,1.1136,1.0423,21.2909,0.0014,0.0066,0.0124,0.0038,0.0072,0.013,0.0204,0.0222,0.001,0.0085,0.0163,0.0019,0.0041,0.0138,0.0113,0.0173,5.1505,Subject07,Cycling,95.24
245,1335,2.3649,0.0051,0.1739,1.142,1.0438,23.5909,0.0017,0.0055,0.0118,0.0043,0.0074,0.0103,0.019,0.0181,0.0012,0.0073,0.0172,0.0021,0.0047,0.0098,0.0112,0.014,5.1505,Subject07,Cycling,95.24
245,1350,2.2967,0.007,0.1505,1.103,1.0361,23.8909,0.0016,0.0056,0.012,0.0044,0.0078,0.0133,0.0197,0.0171,0.0013,0.0066,0.0175,0.002,0.0047,0.0109,0.0117,0.0144,5.1505,Subject07,Cycling,95.24
245,1365,2.3863,0.0058,0.1745,1.1515,1.0545,23.4909,0.0016,0.0046,0.0103,0.004,0.0068,0.0117,0.0197,0.0165,0.0013,0.0066,0.0176,0.0021,0.0047,0.0111,0.0119,0.0126,5.1505,Subject07,Cycling,95.24
246,1440,1.3097,0.0017,0.0785,0.6669,0.5626,21.0909,0.0022,0.0041,0.0111,0.0063,0.0074,0.0089,0.0178,0.0084,0.0013,0.0066,0.0202,0.0029,0.0051,0.0047,0.0071,0.013,5.5892,Subject07,Cycling,95.24
246,1455,1.2354,0.0018,0.0745,0.6393,0.5198,20.8909,0.0021,0.0041,0.0108,0.0049,0.0077,0.0073,0.014,0.0063,0.0013,0.0075,0.0183,0.0034,0.0053,0.0053,0.008,0.0114,5.5892,Subject07,Cycling,95.24
246,1470,1.165,0.005,0.0365,0.6081,0.5154,23.4909,0.0015,0.0053,0.0133,0.0019,0.0074,0.0071,0.0132,0.0094,0.0011,0.0078,0.0181,0.0022,0.0047,0.0053,0.0074,0.0111,5.5892,Subject07,Cycling,95.24
246,1485,1.3329,0.0033,0.0766,0.6868,0.5662,25.5909,0.002,0.0042,0.0109,0.0027,0.0066,0.0077,0.015,0.009,0.0013,0.008,0.0207,0.0024,0.0053,0.0042,0.0081,0.0116,5.5892,Subject07,Cycling,95.24
246,1500,1.2179,0.0015,0.0657,0.6147,0.5361,24.8909,0.0021,0.0055,0.0131,0.0025,0.0079,0.0072,0.0145,0.0063,0.0013,0.0075,0.0189,0.0023,0.0052,0.0042,0.0083,0.0075,5.5892,Subject07,Cycling,95.24
246,1515,1.2073,0.0012,0.0551,0.6202,0.5307,24.4909,0.002,0.0043,0.0107,0.0021,0.0066,0.0066,0.0134,0.0055,0.0012,0.0078,0.0196,0.002,0.0054,0.0036,0.0084,0.0085,5.5892,Subject07,Cycling,95.24
246,1530,1.2388,0.0024,0.0669,0.646,0.5235,28.0909,0.0021,0.0043,0.0118,0.0021,0.0075,0.0066,0.0128,0.0051,0.0012,0.0065,0.0178,0.0018,0.0048,0.003,0.0079,0.0061,5.5892,Subject07,Cycling,95.24
246,1545,1.2513,0.0026,0.0666,0.6518,0.5304,27.4909,0.0023,0.0047,0.0132,0.0023,0.0076,0.0078,0.0156,0.0072,0.0014,0.0085,0.0213,0.0019,0.0056,0.0034,0.0093,0.0094,5.5892,Subject07,Cycling,95.24
246,1560,1.3133,0.0016,0.0735,0.659,0.5792,26.6909,0.0019,0.0045,0.0112,0.0035,0.0068,0.0082,0.0166,0.0144,0.0013,0.0076,0.0206,0.0026,0.0054,0.0042,0.0092,0.0125,5.5892,Subject07,Cycling,95.24
246,1575,1.1956,0.0013,0.0612,0.6098,0.5233,24.2909,0.0022,0.0044,0.0113,0.0038,0.0071,0.0082,0.0163,0.0107,0.0013,0.0064,0.0169,0.003,0.0053,0.0045,0.0078,0.0096,5.5892,Subject07,Cycling,95.24
247,1590,1.245,0.0022,0.07,0.6341,0.5386,22.6909,0.0022,0.0045,0.0116,0.0026,0.007,0.0078,0.015,0.009,0.0013,0.0065,0.0171,0.0027,0.0049,0.0049,0.0076,0.0097,5.5892,Subject07,Cycling,95.24
247,1605,1.1944,0.0018,0.0605,0.6158,0.5162,25.3409,0.002,0.0043,0.0116,0.0022,0.0072,0.0067,0.0136,0.0089,0.0013,0.0066,0.0186,0.0021,0.0053,0.0031,0.0081,0.0081,5.5892,Subject07,Cycling,95.24
247,1620,1.0767,0.0021,0.0525,0.5646,0.4575,24.4242,0.0023,0.0058,0.0139,0.0024,0.0082,0.0042,0.0125,0.0171,0.0013,0.0085,0.0211,0.0025,0.0057,0.0043,0.0076,0.0118,5.5892,Subject07,Cycling,95.24
247,1635,1.1912,0.0041,0.0346,0.6251,0.5275,26.9242,0.0015,0.0064,0.0158,0.0019,0.0077,0.0062,0.0119,0.0169,0.001,0.0086,0.0192,0.0022,0.0047,0.0048,0.0066,0.0127,5.5892,Subject07,Cycling,95.24
247,1650,1.1549,0.0053,0.048,0.5972,0.5045,26.7576,0.0017,0.0052,0.0127,0.0018,0.0073,0.0065,0.0129,0.0146,0.0011,0.0073,0.0169,0.0022,0.0048,0.0049,0.0065,0.0099,5.5892,Subject07,Cycling,95.24
247,1665,1.1645,0.0025,0.0606,0.6107,0.4907,28.8909,0.0022,0.0045,0.0122,0.0027,0.0078,0.0061,0.012,0.0103,0.0014,0.0068,0.0186,0.0024,0.0053,0.0035,0.0076,0.0073,5.5892,Subject07,Cycling,95.24
247,1680,1.3686,0.0022,0.0692,0.695,0.6023,28.7576,0.0021,0.0047,0.0115,0.0029,0.0071,0.0079,0.0149,0.0137,0.0014,0.0074,0.0198,0.003,0.0058,0.0044,0.008,0.0165,5.5892,Subject07,Cycling,95.24
247,1695,1.324,0.0039,0.0619,0.6748,0.5834,29.6909,0.0018,0.0049,0.0129,0.0029,0.0075,0.0085,0.0159,0.0103,0.0013,0.008,0.0189,0.0023,0.0052,0.005,0.0105,0.0108,5.5892,Subject07,Cycling,95.24
247,1710,1.137,0.0047,0.039,0.5946,0.4987,27.5909,0.0014,0.0053,0.0123,0.0019,0.0066,0.007,0.0129,0.0113,0.001,0.0082,0.0184,0.0023,0.0048,0.0068,0.0076,0.0146,5.5892,Subject07,Cycling,95.24
247,1725,1.1189,0.006,0.0408,0.5869,0.4853,26.9242,0.0014,0.0058,0.0141,0.002,0.0073,0.0066,0.0127,0.0118,0.001,0.0099,0.0202,0.0023,0.0049,0.0058,0.0082,0.0143,5.5892,Subject07,Cycling,95.24
248,360,2.5263,0.0069,0.1302,1.1593,1.23,2.9,0.0022,0.0025,0.0045,0.0074,0.0041,0.0121,0.0085,0.0151,0.0022,0.0027,0.0054,0.0065,0.0038,0.0158,0.0112,0.0169,6.2833,Subject07,Incline,95.24
248,375,3.6005,0.0109,0.1728,1.7028,1.714,16.6,0.0022,0.0031,0.0059,0.0085,0.0046,0.0135,0.01,0.0163,0.0025,0.0035,0.0089,0.0078,0.0055,0.0156,0.0119,0.0149,6.2833,Subject07,Incline,95.24
248,390,3.7008,0.0113,0.1812,1.6511,1.8573,26,0.0023,0.0031,0.0056,0.0079,0.0047,0.0135,0.0098,0.0169,0.0025,0.0031,0.0072,0.0071,0.0055,0.015,0.0117,0.0145,6.2833,Subject07,Incline,95.24
248,405,3.6456,0.0097,0.1623,1.6778,1.7958,29.9,0.0023,0.003,0.0048,0.0076,0.0046,0.0129,0.0091,0.0162,0.0025,0.0031,0.0074,0.0076,0.0053,0.0154,0.0111,0.0143,6.2833,Subject07,Incline,95.24
248,420,3.641,0.0084,0.156,1.7044,1.7722,32.9,0.0023,0.0029,0.0051,0.007,0.0042,0.0136,0.0094,0.0157,0.0023,0.0031,0.0067,0.007,0.0052,0.0147,0.0112,0.0154,6.2833,Subject07,Incline,95.24
248,435,3.6873,0.009,0.1631,1.6397,1.8754,30.4,0.0023,0.0029,0.005,0.0076,0.0042,0.0121,0.0086,0.0138,0.0025,0.003,0.0072,0.007,0.0048,0.0144,0.0102,0.0121,6.2833,Subject07,Incline,95.24
248,450,3.6668,0.0085,0.1531,1.7542,1.751,29.5667,0.0023,0.0027,0.0044,0.007,0.0047,0.0128,0.0094,0.0139,0.0025,0.0031,0.007,0.0071,0.0051,0.0138,0.0105,0.0129,6.2833,Subject07,Incline,95.24
248,465,3.6953,0.0073,0.1522,1.649,1.8869,28.5667,0.0022,0.0028,0.0043,0.0072,0.0047,0.0123,0.0086,0.0157,0.0023,0.0029,0.006,0.0071,0.005,0.0153,0.0118,0.0145,6.2833,Subject07,Incline,95.24
248,480,3.6848,0.0084,0.1532,1.7417,1.7815,28.0667,0.0024,0.0028,0.0046,0.0071,0.0042,0.0128,0.009,0.0136,0.0024,0.0029,0.0065,0.0069,0.0048,0.0135,0.0105,0.0134,6.2833,Subject07,Incline,95.24
248,495,3.6727,0.0106,0.1554,1.6472,1.8596,26.7333,0.0023,0.0028,0.005,0.0075,0.0045,0.0119,0.0089,0.0144,0.0024,0.0031,0.0069,0.007,0.005,0.014,0.0105,0.0135,6.2833,Subject07,Incline,95.24
249,510,3.604,0.0087,0.158,1.6597,1.7775,26.65,0.0022,0.0027,0.0047,0.0067,0.0046,0.0129,0.0093,0.0167,0.0023,0.0031,0.0064,0.0065,0.0051,0.0144,0.0116,0.0158,6.2833,Subject07,Incline,95.24
249,525,3.6371,0.0104,0.1549,1.6893,1.7826,24,0.0022,0.0025,0.004,0.0075,0.0049,0.0136,0.009,0.0157,0.0023,0.0027,0.0055,0.0061,0.0054,0.0141,0.0112,0.0148,6.2833,Subject07,Incline,95.24
249,540,3.599,0.0115,0.155,1.612,1.8205,24.4,0.0022,0.0028,0.0048,0.0065,0.0044,0.0117,0.0086,0.0136,0.0024,0.003,0.0068,0.006,0.0047,0.0142,0.0107,0.0133,6.2833,Subject07,Incline,95.24
249,555,3.6995,0.0085,0.1668,1.6172,1.907,23.4,0.0022,0.0028,0.0048,0.007,0.0044,0.0116,0.0081,0.0133,0.0021,0.003,0.0072,0.0063,0.0049,0.0148,0.012,0.0125,6.2833,Subject07,Incline,95.24
249,570,3.665,0.0087,0.1662,1.6182,1.8719,25.9,0.0022,0.003,0.0048,0.0065,0.0046,0.0124,0.0088,0.0152,0.0022,0.003,0.0069,0.0063,0.0045,0.0134,0.0115,0.0133,6.2833,Subject07,Incline,95.24
249,585,3.7162,0.007,0.1594,1.7134,1.8364,25,0.0022,0.0028,0.0041,0.0071,0.0041,0.0128,0.0087,0.0144,0.0022,0.0028,0.0058,0.0071,0.0053,0.0131,0.0104,0.0123,6.2833,Subject07,Incline,95.24
249,600,3.5744,0.0088,0.1676,1.6237,1.7743,26.4,0.002,0.0026,0.0044,0.0063,0.0042,0.0122,0.0089,0.0159,0.0022,0.0029,0.0065,0.006,0.0047,0.0144,0.0108,0.014,6.2833,Subject07,Incline,95.24
249,615,3.7266,0.0108,0.1683,1.6096,1.9379,26.6,0.0021,0.0028,0.0045,0.0069,0.004,0.0122,0.0084,0.015,0.0021,0.0029,0.0068,0.0065,0.0046,0.0154,0.0119,0.0131,6.2833,Subject07,Incline,95.24
249,630,3.5635,0.0071,0.1633,1.6737,1.7194,28.4,0.0021,0.0028,0.0045,0.0061,0.0042,0.012,0.009,0.0147,0.0022,0.0032,0.0068,0.0063,0.0051,0.0156,0.0116,0.0153,6.2833,Subject07,Incline,95.24
249,645,3.6836,0.0097,0.1641,1.6655,1.8443,28,0.0022,0.0026,0.0044,0.0068,0.0043,0.0118,0.0081,0.0155,0.0024,0.0029,0.0063,0.0057,0.0047,0.0138,0.0102,0.0127,6.2833,Subject07,Incline,95.24
250,720,1.8213,0.0049,0.0835,0.9042,0.8287,26.4,0.0017,0.0027,0.0045,0.0039,0.0029,0.0112,0.0062,0.015,0.0016,0.0025,0.0058,0.0038,0.0028,0.0105,0.0069,0.0134,3.7189,Subject07,Incline,95.24
250,735,1.5586,0.0041,0.0671,0.7318,0.7556,20.65,0.0017,0.0027,0.0047,0.0031,0.0026,0.0099,0.0065,0.0145,0.0017,0.0025,0.0053,0.0026,0.0025,0.0117,0.0072,0.0118,3.7189,Subject07,Incline,95.24
250,750,1.5516,0.0036,0.0594,0.7953,0.6933,15.4,0.0022,0.0021,0.0036,0.0026,0.0031,0.0092,0.0055,0.0174,0.0021,0.002,0.004,0.0036,0.0026,0.0105,0.0059,0.015,3.7189,Subject07,Incline,95.24
250,765,1.6901,0.0044,0.0769,0.8351,0.7737,15,0.002,0.0023,0.0041,0.0028,0.0028,0.0093,0.005,0.0132,0.0018,0.002,0.0044,0.0026,0.0026,0.0107,0.0056,0.0114,3.7189,Subject07,Incline,95.24
250,780,1.5337,0.0055,0.0736,0.7635,0.6912,13.8,0.0021,0.0021,0.0039,0.0027,0.0029,0.0115,0.0056,0.0133,0.0024,0.0023,0.0053,0.0031,0.0027,0.0089,0.0063,0.0158,3.7189,Subject07,Incline,95.24
250,795,1.6479,0.0043,0.0781,0.7947,0.7707,12.7333,0.0018,0.0021,0.0037,0.0026,0.0029,0.0093,0.0054,0.0135,0.0017,0.0021,0.0052,0.0023,0.0025,0.0115,0.0066,0.0106,3.7189,Subject07,Incline,95.24
250,810,1.739,0.0057,0.1006,0.8399,0.7928,12.4,0.0017,0.0021,0.004,0.0029,0.0026,0.0107,0.0055,0.012,0.0017,0.0022,0.005,0.0028,0.0027,0.0107,0.0065,0.0123,3.7189,Subject07,Incline,95.24
250,825,1.5585,0.0042,0.0699,0.7583,0.7261,13.4,0.002,0.0021,0.0039,0.003,0.0024,0.0088,0.005,0.0176,0.0017,0.0024,0.0053,0.0031,0.0027,0.0098,0.0062,0.0155,3.7189,Subject07,Incline,95.24
250,840,1.6553,0.0056,0.0856,0.7894,0.7746,14.7333,0.0019,0.0022,0.0041,0.0028,0.0034,0.0099,0.0064,0.0143,0.0018,0.0025,0.0058,0.0029,0.0026,0.0108,0.0063,0.0124,3.7189,Subject07,Incline,95.24
250,855,1.6741,0.0066,0.0878,0.797,0.7827,14.6,0.0021,0.0022,0.0038,0.0036,0.0036,0.0114,0.0061,0.011,0.0019,0.0023,0.0053,0.0029,0.0028,0.01,0.0061,0.0121,3.7189,Subject07,Incline,95.24
251,870,1.6171,0.0036,0.0727,0.7505,0.7902,15.4,0.0018,0.0022,0.0041,0.003,0.0027,0.0092,0.0048,0.0138,0.0017,0.0022,0.005,0.0028,0.0028,0.0129,0.0062,0.012,3.7189,Subject07,Incline,95.24
251,885,1.6337,0.0048,0.0774,0.8011,0.7505,13.8,0.0017,0.0024,0.0045,0.0026,0.0027,0.0094,0.0052,0.0131,0.0016,0.0023,0.0055,0.0029,0.0029,0.0099,0.0054,0.0121,3.7189,Subject07,Incline,95.24
251,900,1.6774,0.0055,0.0865,0.8015,0.7839,13,0.0018,0.0024,0.0045,0.0032,0.0028,0.0103,0.0055,0.0138,0.0017,0.002,0.0046,0.0027,0.0026,0.0116,0.0061,0.0112,3.7189,Subject07,Incline,95.24
251,915,1.5916,0.006,0.0805,0.7819,0.7231,16.6,0.002,0.0022,0.0041,0.0027,0.0028,0.0117,0.0059,0.014,0.0023,0.0022,0.005,0.0032,0.0028,0.0112,0.0068,0.0137,3.7189,Subject07,Incline,95.24
251,930,1.6217,0.0041,0.0713,0.7761,0.7701,14.2,0.0018,0.0024,0.0045,0.0031,0.0027,0.0081,0.0048,0.0101,0.0017,0.0021,0.005,0.0029,0.0028,0.0118,0.0056,0.0112,3.7189,Subject07,Incline,95.24
251,945,1.5924,0.0047,0.0768,0.7316,0.7793,13.4,0.0018,0.0024,0.0046,0.0025,0.0027,0.0081,0.0051,0.0161,0.0015,0.0023,0.0054,0.0026,0.0027,0.0122,0.0066,0.0145,3.7189,Subject07,Incline,95.24
251,960,1.675,0.004,0.0772,0.8591,0.7346,13.7333,0.0018,0.0022,0.004,0.0027,0.003,0.0097,0.0054,0.0134,0.0017,0.0022,0.0053,0.003,0.0027,0.0112,0.006,0.0131,3.7189,Subject07,Incline,95.24
251,975,1.6807,0.0045,0.082,0.7675,0.8267,13.6,0.0018,0.0023,0.0041,0.003,0.003,0.0106,0.0053,0.0143,0.0017,0.0022,0.0052,0.0028,0.0028,0.0113,0.0067,0.014,3.7189,Subject07,Incline,95.24
251,990,1.5957,0.0045,0.0719,0.79,0.7294,12.8,0.0018,0.0023,0.0045,0.0026,0.0024,0.0082,0.0051,0.0148,0.0017,0.0021,0.0052,0.0026,0.0026,0.0118,0.0065,0.0123,3.7189,Subject07,Incline,95.24
251,1005,1.5876,0.0041,0.0753,0.7548,0.7535,14,0.0019,0.0021,0.0037,0.0026,0.0028,0.0086,0.0048,0.014,0.0018,0.0022,0.0048,0.0028,0.0027,0.0127,0.0075,0.0123,3.7189,Subject07,Incline,95.24
252,1080,0.8076,0.0057,0.0768,0.3361,0.389,14.9,0.0015,0.0017,0.0029,0.0039,0.0016,0.0078,0.005,0.0103,0.0021,0.002,0.0038,0.0021,0.0022,0.0079,0.0061,0.0085,0.2274,Subject07,Incline,95.24
252,1095,0.0756,0.0019,0.0218,0.0195,0.0325,12.8,0.0011,0.0011,0.0017,0.004,0.001,0.0048,0.0027,0.0085,0.001,0.0011,0.0014,0.0029,0.0014,0.0029,0.0037,0.0038,0.2274,Subject07,Incline,95.24
252,1110,0.1072,0.0046,0.0494,0.017,0.0362,7.9,0.0011,0.0012,0.0017,0.0045,0.0011,0.0092,0.0048,0.0023,0.0011,0.001,0.0013,0.0039,0.0014,0.0044,0.0022,0.0039,0.2274,Subject07,Incline,95.24
252,1125,0.0393,0.0016,0.0195,0.0116,0.0066,3.6,0.0013,0.0017,0.0022,0.003,0.0036,0.0027,0.0023,0.012,0.0012,0.0011,0.0013,0.0047,0.0019,0.0028,0.0026,0.01,0.2274,Subject07,Incline,95.24
252,1140,0.1089,0.0029,0.0302,0.0292,0.0466,5.4,0.0012,0.0011,0.0017,0.0039,0.001,0.0067,0.0036,0.0063,0.0012,0.0013,0.0017,0.0022,0.0015,0.0029,0.0033,0.0068,0.2274,Subject07,Incline,95.24
252,1155,0.0119,0.0002,0.0039,0.0049,0.0029,5.8,0.0011,0.001,0.0016,0.0028,0.0009,0.0084,0.0031,0.0028,0.0011,0.0014,0.0016,0.0011,0.0014,0.0015,0.0024,0.0055,0.2274,Subject07,Incline,95.24
252,1170,0.0264,0.0008,0.0105,0.0085,0.0065,5.15,0.0011,0.001,0.0016,0.0035,0.0009,0.0072,0.0024,0.0045,0.001,0.0011,0.0014,0.0028,0.0014,0.0035,0.0031,0.0094,0.2274,Subject07,Incline,95.24
252,1185,0.6453,0.0054,0.0811,0.2672,0.2916,4.8,0.0014,0.0014,0.0021,0.0027,0.0024,0.0057,0.0043,0.0095,0.0013,0.0015,0.0022,0.0028,0.0023,0.0064,0.0046,0.0147,0.2274,Subject07,Incline,95.24
252,1200,0.014,0.001,0.0061,0.0039,0.003,7.9,0.0011,0.001,0.0017,0.0017,0.0009,0.0048,0.002,0.0074,0.0011,0.001,0.0013,0.0041,0.0014,0.0016,0.0025,0.0135,0.2274,Subject07,Incline,95.24
252,1215,0.0177,0.0004,0.005,0.0064,0.0059,3.8,0.0012,0.0011,0.0017,0.0026,0.0009,0.0089,0.0045,0.0046,0.0011,0.001,0.0013,0.0024,0.0015,0.005,0.0044,0.0061,0.2274,Subject07,Incline,95.24
253,1230,0.022,0.0006,0.0078,0.0077,0.0059,1.6,0.0011,0.0013,0.0018,0.0023,0.0009,0.0081,0.0028,0.006,0.0011,0.0014,0.0018,0.0017,0.0015,0.0062,0.0028,0.0143,0.2274,Subject07,Incline,95.24
253,1245,0.027,0.001,0.0095,0.0079,0.0086,7.8,0.0012,0.0012,0.0018,0.004,0.0012,0.0068,0.0033,0.0065,0.0011,0.002,0.0021,0.0039,0.0018,0.0056,0.004,0.0092,0.2274,Subject07,Incline,95.24
253,1260,0.0173,0.0003,0.0045,0.0061,0.0065,6.65,0.0012,0.0011,0.0018,0.0021,0.001,0.0109,0.0041,0.0028,0.0011,0.0011,0.0013,0.0029,0.0014,0.0107,0.0047,0.0042,0.2274,Subject07,Incline,95.24
253,1275,0.0415,0.0017,0.0188,0.0108,0.0102,5.8,0.0011,0.0014,0.0018,0.0026,0.0009,0.0034,0.0025,0.0103,0.0011,0.0016,0.0022,0.0024,0.0015,0.0019,0.0023,0.0132,0.2274,Subject07,Incline,95.24
253,1290,0.023,0.0005,0.0072,0.0076,0.0077,5.8,0.0011,0.0031,0.0021,0.0012,0.001,0.0093,0.0042,0.0092,0.0011,0.0028,0.0022,0.0028,0.0016,0.0112,0.0041,0.0103,0.2274,Subject07,Incline,95.24
253,1305,0.0353,0.0017,0.0179,0.0078,0.008,4.9,0.0011,0.002,0.0019,0.0014,0.001,0.0107,0.0048,0.0048,0.0011,0.0013,0.0018,0.0027,0.0024,0.005,0.0038,0.0043,0.2274,Subject07,Incline,95.24
253,1320,0.0141,0.0003,0.0044,0.0048,0.0046,6.4,0.0011,0.001,0.0017,0.0019,0.0009,0.0099,0.0041,0.0038,0.0011,0.0011,0.0013,0.0022,0.0014,0.008,0.0042,0.0054,0.2274,Subject07,Incline,95.24
253,1335,0.0233,0.0003,0.007,0.0097,0.0063,7.9,0.0012,0.0011,0.0017,0.0028,0.0009,0.006,0.0026,0.0035,0.0011,0.0012,0.0018,0.0026,0.0014,0.0034,0.0027,0.0118,0.2274,Subject07,Incline,95.24
253,1350,0.0381,0.0014,0.0163,0.014,0.0064,3.8,0.0011,0.0011,0.0017,0.0027,0.0009,0.0082,0.004,0.0069,0.0011,0.0011,0.0014,0.0022,0.0013,0.0069,0.0041,0.0069,0.2274,Subject07,Incline,95.24
253,1365,0.0249,0.0006,0.0077,0.0065,0.0102,3.4,0.0012,0.0011,0.0017,0.0019,0.0009,0.0047,0.0034,0.0124,0.0011,0.0018,0.0027,0.0021,0.0016,0.006,0.0036,0.0137,0.2274,Subject07,Incline,95.24
254,1440,1.0848,0.005,0.0636,0.4934,0.5228,8.4,0.0019,0.0027,0.0056,0.0056,0.0039,0.0106,0.008,0.0087,0.0022,0.0027,0.0069,0.0057,0.0028,0.0128,0.0081,0.009,5.5512,Subject07,Incline,95.24
254,1455,1.2639,0.0054,0.0574,0.592,0.6092,20.2,0.0028,0.0025,0.0051,0.0049,0.0053,0.011,0.0069,0.0114,0.0031,0.0025,0.0066,0.0043,0.0034,0.0125,0.0082,0.0109,5.5512,Subject07,Incline,95.24
254,1470,1.1605,0.0048,0.0599,0.5431,0.5527,25.8,0.0026,0.0029,0.0062,0.0034,0.0048,0.0104,0.0073,0.013,0.0029,0.0029,0.0084,0.0034,0.0034,0.0125,0.0081,0.0125,5.5512,Subject07,Incline,95.24
254,1485,1.1318,0.0058,0.0577,0.565,0.5033,27.7333,0.0026,0.003,0.0062,0.0031,0.005,0.0106,0.0072,0.0118,0.0028,0.0027,0.0077,0.0032,0.0034,0.0124,0.0081,0.0131,5.5512,Subject07,Incline,95.24
254,1500,1.1506,0.0064,0.0594,0.5084,0.5764,28.6,0.0025,0.0028,0.006,0.0036,0.0048,0.0098,0.0071,0.0124,0.0031,0.0026,0.0079,0.0034,0.0035,0.0131,0.0085,0.0104,5.5512,Subject07,Incline,95.24
254,1515,1.1156,0.0058,0.0689,0.537,0.5039,29,0.0021,0.0036,0.0074,0.0038,0.0045,0.0119,0.008,0.0126,0.0022,0.003,0.008,0.0036,0.0036,0.0136,0.0091,0.0131,5.5512,Subject07,Incline,95.24
254,1530,1.1532,0.0059,0.0654,0.5425,0.5393,27,0.0023,0.0031,0.006,0.0033,0.005,0.0109,0.0085,0.0131,0.0028,0.0027,0.0078,0.0038,0.0034,0.0146,0.0083,0.0123,5.5512,Subject07,Incline,95.24
254,1545,1.1874,0.0058,0.073,0.5575,0.5511,27.4,0.002,0.0034,0.0069,0.0033,0.0043,0.0117,0.0077,0.0148,0.0021,0.003,0.0087,0.0046,0.0036,0.0144,0.0092,0.0153,5.5512,Subject07,Incline,95.24
254,1560,1.133,0.0068,0.0779,0.5487,0.4995,26.6,0.0021,0.003,0.0064,0.0032,0.0043,0.0104,0.0081,0.0112,0.0023,0.003,0.0084,0.0046,0.0039,0.0143,0.0097,0.013,5.5512,Subject07,Incline,95.24
254,1575,1.2272,0.0074,0.073,0.5334,0.6134,25.5667,0.0022,0.003,0.006,0.0047,0.0046,0.0114,0.0075,0.0175,0.0026,0.0026,0.0068,0.0046,0.0037,0.015,0.0095,0.0132,5.5512,Subject07,Incline,95.24
255,1590,1.2227,0.0073,0.0831,0.5792,0.5532,23.8,0.002,0.0033,0.0066,0.0034,0.0044,0.0114,0.008,0.0123,0.0021,0.0028,0.0083,0.0039,0.0033,0.0132,0.0098,0.0119,5.5512,Subject07,Incline,95.24
255,1605,1.1702,0.0063,0.0857,0.5584,0.5198,23.2,0.0018,0.0038,0.0081,0.0036,0.0043,0.0112,0.009,0.012,0.0018,0.0035,0.01,0.0045,0.0036,0.0135,0.0096,0.0114,5.5512,Subject07,Incline,95.24
255,1620,1.3067,0.0072,0.0783,0.6307,0.5905,22.5667,0.0024,0.003,0.0056,0.0054,0.0053,0.0126,0.0085,0.0141,0.0026,0.0033,0.0077,0.0044,0.0039,0.0142,0.0085,0.016,5.5512,Subject07,Incline,95.24
255,1635,1.261,0.0076,0.0761,0.5913,0.586,23.6,0.0022,0.0027,0.0059,0.0041,0.0053,0.0118,0.0087,0.0119,0.0025,0.0025,0.0067,0.0036,0.0037,0.0113,0.0071,0.0124,5.5512,Subject07,Incline,95.24
255,1650,1.2694,0.0073,0.0711,0.6084,0.5828,24.9,0.0024,0.0028,0.0059,0.0031,0.0053,0.0108,0.0078,0.0108,0.0026,0.0022,0.0063,0.0035,0.0036,0.0116,0.0073,0.0125,5.5512,Subject07,Incline,95.24
255,1665,1.2306,0.0069,0.0736,0.5641,0.5861,24.2,0.0023,0.0027,0.0061,0.0046,0.0051,0.0106,0.0074,0.0124,0.0025,0.0026,0.0069,0.0038,0.0038,0.0122,0.0074,0.0127,5.5512,Subject07,Incline,95.24
255,1680,1.2029,0.0064,0.0656,0.5859,0.5449,22.7333,0.0023,0.0027,0.0059,0.0052,0.0055,0.0114,0.0072,0.0105,0.0029,0.0022,0.0058,0.004,0.0037,0.0124,0.0075,0.0113,5.5512,Subject07,Incline,95.24
255,1695,1.2523,0.0068,0.0726,0.5622,0.6107,23.2333,0.0027,0.0028,0.0059,0.0044,0.0049,0.0101,0.0072,0.0131,0.0034,0.0028,0.0069,0.0035,0.0035,0.012,0.0077,0.015,5.5512,Subject07,Incline,95.24
255,1710,1.2889,0.0063,0.0746,0.6114,0.5967,22.5667,0.0021,0.0029,0.0062,0.0043,0.005,0.0105,0.0076,0.0109,0.0023,0.0025,0.0067,0.004,0.0033,0.0126,0.0085,0.0125,5.5512,Subject07,Incline,95.24
255,1725,1.276,0.0067,0.0697,0.5918,0.6078,23.2,0.0024,0.0026,0.005,0.0043,0.0053,0.01,0.0074,0.0121,0.0024,0.0023,0.0065,0.0038,0.0037,0.013,0.0072,0.0103,5.5512,Subject07,Incline,95.24
256,1800,2.972,0.013,0.1712,1.4231,1.3648,26.5667,0.0027,0.0039,0.008,0.0131,0.0081,0.0173,0.0144,0.0187,0.0031,0.0037,0.0108,0.0105,0.0065,0.0183,0.0146,0.0182,12.0594,Subject07,Incline,95.24
256,1815,2.9965,0.0136,0.1845,1.3879,1.4104,36.9,0.0028,0.0042,0.0088,0.0119,0.0082,0.0141,0.0122,0.0176,0.0032,0.0043,0.0126,0.0106,0.0072,0.0179,0.0142,0.0169,12.0594,Subject07,Incline,95.24
256,1830,2.9378,0.0131,0.1816,1.4004,1.3428,42.5667,0.0028,0.0038,0.0079,0.0126,0.0084,0.0161,0.0136,0.019,0.0036,0.004,0.012,0.0115,0.0071,0.02,0.0158,0.0171,12.0594,Subject07,Incline,95.24
256,1845,2.9256,0.0124,0.1838,1.4337,1.2958,45.7333,0.0028,0.0039,0.0079,0.0119,0.0081,0.0156,0.0138,0.017,0.0034,0.0039,0.0112,0.0099,0.0073,0.0171,0.0136,0.0166,12.0594,Subject07,Incline,95.24
256,1860,2.8922,0.0116,0.1814,1.3285,1.3707,48.0667,0.0028,0.004,0.0078,0.012,0.0087,0.0148,0.0125,0.0161,0.0032,0.0036,0.0106,0.0102,0.0074,0.0191,0.0136,0.0146,12.0594,Subject07,Incline,95.24
256,1875,3.0006,0.0141,0.198,1.4339,1.3545,51.4,0.0027,0.0037,0.0075,0.0119,0.0085,0.0154,0.0132,0.0163,0.0033,0.0038,0.0128,0.0107,0.0075,0.0178,0.0137,0.0153,12.0594,Subject07,Incline,95.24
256,1890,2.9562,0.0143,0.1853,1.4143,1.3423,53.0667,0.0028,0.0037,0.0078,0.0116,0.0085,0.015,0.0128,0.0157,0.0033,0.004,0.0121,0.0108,0.0081,0.0176,0.0143,0.0152,12.0594,Subject07,Incline,95.24
256,1905,3.0148,0.0154,0.207,1.3918,1.4006,53.6857,0.0027,0.0043,0.0083,0.0117,0.0081,0.0142,0.0126,0.018,0.0032,0.0038,0.0119,0.0108,0.007,0.0175,0.014,0.015,12.0594,Subject07,Incline,95.24
256,1920,3.0221,0.0176,0.2016,1.4322,1.3706,53.6857,0.0027,0.0039,0.0075,0.0115,0.0077,0.0147,0.0129,0.0165,0.0032,0.004,0.012,0.011,0.0081,0.0177,0.0145,0.015,12.0594,Subject07,Incline,95.24
256,1935,2.9595,0.0131,0.1849,1.4261,1.3355,55.9,0.0027,0.0034,0.0071,0.0119,0.0078,0.0153,0.0131,0.0153,0.0033,0.0035,0.0117,0.0108,0.0079,0.0167,0.0131,0.0137,12.0594,Subject07,Incline,95.24
257,1950,2.9527,0.0126,0.1838,1.3545,1.4017,57.4,0.0028,0.0036,0.0073,0.0116,0.0078,0.0137,0.0122,0.0157,0.0032,0.0035,0.0109,0.0102,0.0078,0.0171,0.0145,0.0129,12.0594,Subject07,Incline,95.24
257,1965,2.9649,0.0139,0.1857,1.3795,1.3858,55.8286,0.0027,0.0035,0.0072,0.0129,0.008,0.0153,0.0126,0.0158,0.0034,0.0035,0.0104,0.0109,0.0079,0.0165,0.0136,0.0137,12.0594,Subject07,Incline,95.24
257,1980,3.0352,0.0121,0.1993,1.4134,1.4104,57.4,0.0027,0.0038,0.0073,0.0114,0.0076,0.0153,0.0125,0.0155,0.003,0.0035,0.0113,0.0108,0.0076,0.0169,0.014,0.0133,12.0594,Subject07,Incline,95.24
257,1995,2.9421,0.0116,0.1926,1.3265,1.4114,58.275,0.0025,0.0038,0.0075,0.0118,0.0072,0.0143,0.0116,0.0163,0.0033,0.0035,0.011,0.0098,0.0078,0.0178,0.0141,0.0143,12.0594,Subject07,Incline,95.24
257,2010,3.0043,0.0129,0.1863,1.432,1.3732,59.8286,0.0027,0.0037,0.0073,0.0125,0.0078,0.0158,0.0139,0.017,0.0032,0.0035,0.0106,0.0108,0.008,0.0168,0.0136,0.0163,12.0594,Subject07,Incline,95.24
257,2025,2.9939,0.0144,0.201,1.344,1.4345,59.4,0.0028,0.0038,0.0075,0.0122,0.0081,0.0148,0.0129,0.0155,0.0033,0.0036,0.0108,0.0107,0.008,0.0174,0.0145,0.0149,12.0594,Subject07,Incline,95.24
257,2040,2.972,0.0127,0.1949,1.3804,1.3839,56.5429,0.0029,0.0035,0.0071,0.0115,0.0076,0.0152,0.0128,0.0154,0.0033,0.0036,0.0118,0.0111,0.0078,0.0161,0.0138,0.0133,12.0594,Subject07,Incline,95.24
257,2055,3.0168,0.0131,0.1943,1.3756,1.4338,56.5667,0.0029,0.0038,0.0078,0.0115,0.008,0.0152,0.0122,0.0157,0.0033,0.0035,0.0113,0.0112,0.0081,0.0173,0.0148,0.0143,12.0594,Subject07,Incline,95.24
257,2070,3.0078,0.0123,0.1969,1.361,1.4377,57.1143,0.0027,0.0039,0.008,0.0106,0.0073,0.0135,0.0119,0.0162,0.0031,0.0035,0.0117,0.0105,0.0078,0.0175,0.0149,0.0127,12.0594,Subject07,Incline,95.24
257,2085,2.9525,0.0129,0.1902,1.3818,1.3675,55.8286,0.0027,0.0036,0.0067,0.011,0.0076,0.0143,0.0119,0.0152,0.0034,0.0038,0.012,0.0106,0.0089,0.0165,0.0136,0.0129,12.0594,Subject07,Incline,95.24
258,360,3.3918,0.0072,0.1178,1.6151,1.6518,4.7872,0.002,0.0027,0.004,0.0047,0.0033,0.0105,0.008,0.0171,0.0016,0.0032,0.0048,0.0053,0.004,0.0167,0.0092,0.0171,3.1609,Subject07,Running,95.24
258,375,4.3198,0.0076,0.1581,2.0963,2.0579,19.5872,0.0018,0.0026,0.0042,0.0046,0.0035,0.0111,0.009,0.0231,0.0015,0.0032,0.0054,0.0054,0.0051,0.0156,0.0094,0.0189,3.1609,Subject07,Running,95.24
258,390,4.351,0.0062,0.1774,2.0143,2.1531,23.4539,0.0018,0.0027,0.0048,0.0048,0.0036,0.0107,0.0077,0.0192,0.0016,0.0032,0.0054,0.0051,0.0047,0.0149,0.0097,0.0175,3.1609,Subject07,Running,95.24
258,405,4.3697,0.007,0.1625,2.1194,2.0807,20.2872,0.0019,0.0027,0.0045,0.0046,0.0033,0.0108,0.0085,0.0184,0.0016,0.0034,0.0058,0.0049,0.0049,0.0139,0.0093,0.0182,3.1609,Subject07,Running,95.24
258,420,4.3356,0.0066,0.1534,2.0845,2.0911,17.7872,0.0018,0.0027,0.0046,0.0042,0.0036,0.0102,0.0084,0.0196,0.0015,0.0032,0.0052,0.0048,0.0047,0.013,0.0088,0.0163,3.1609,Subject07,Running,95.24
258,435,4.3311,0.0071,0.1621,2.0802,2.0817,14.9872,0.0018,0.0024,0.0039,0.004,0.0031,0.0101,0.0085,0.0191,0.0015,0.0031,0.005,0.0045,0.0049,0.0126,0.0084,0.0128,3.1609,Subject07,Running,95.24
258,450,4.3728,0.0073,0.1634,2.0529,2.1492,13.3872,0.0018,0.0025,0.0039,0.0041,0.003,0.0102,0.0079,0.0167,0.0015,0.003,0.0046,0.005,0.0043,0.0134,0.0091,0.0142,3.1609,Subject07,Running,95.24
258,465,4.3466,0.0074,0.1625,2.041,2.1358,13.9872,0.0018,0.0025,0.0039,0.0037,0.003,0.0103,0.008,0.0155,0.0015,0.0031,0.0049,0.0046,0.0045,0.0134,0.0089,0.0138,3.1609,Subject07,Running,95.24
258,480,4.2456,0.0072,0.1561,2.0233,2.059,12.6206,0.0018,0.0024,0.0038,0.0039,0.003,0.0103,0.0079,0.0174,0.0015,0.003,0.0048,0.0047,0.0044,0.0127,0.0083,0.0138,3.1609,Subject07,Running,95.24
258,495,4.3312,0.0073,0.1576,2.078,2.0883,11.1872,0.0018,0.0025,0.004,0.0039,0.003,0.0099,0.008,0.0188,0.0015,0.0031,0.0051,0.0044,0.0046,0.0124,0.0081,0.0147,3.1609,Subject07,Running,95.24
259,510,4.3289,0.0083,0.1534,2.085,2.0822,14.3872,0.0018,0.0024,0.0039,0.0039,0.0032,0.0102,0.0078,0.0165,0.0015,0.003,0.0047,0.0041,0.0043,0.0124,0.0082,0.0127,3.1609,Subject07,Running,95.24
259,525,4.3187,0.0077,0.1594,2.095,2.0566,15.3872,0.0017,0.0024,0.0038,0.0037,0.003,0.0094,0.0076,0.0161,0.0015,0.0028,0.0049,0.0042,0.0043,0.0124,0.0082,0.0124,3.1609,Subject07,Running,95.24
259,540,4.4017,0.0075,0.1553,2.156,2.0829,14.7872,0.0019,0.0023,0.0037,0.0036,0.0029,0.0103,0.0075,0.0138,0.0015,0.003,0.0045,0.0046,0.0044,0.0122,0.0081,0.0134,3.1609,Subject07,Running,95.24
259,555,4.244,0.0056,0.1555,2.031,2.0518,12.5872,0.0018,0.0025,0.0042,0.0039,0.0033,0.0093,0.0073,0.0149,0.0015,0.0031,0.0051,0.0039,0.0041,0.0122,0.0082,0.0128,3.1609,Subject07,Running,95.24
259,570,4.3752,0.006,0.1441,2.1573,2.0678,12.2872,0.0018,0.0024,0.0038,0.0038,0.0028,0.0095,0.0076,0.0138,0.0015,0.0031,0.005,0.0048,0.0043,0.0114,0.008,0.014,3.1609,Subject07,Running,95.24
259,585,4.3096,0.0071,0.1439,2.0791,2.0793,13.3872,0.0019,0.0023,0.0036,0.004,0.0031,0.0099,0.0079,0.0136,0.0015,0.003,0.0047,0.0044,0.0044,0.0123,0.0077,0.0142,3.1609,Subject07,Running,95.24
259,600,4.3169,0.0062,0.154,2.1182,2.0384,14.1872,0.0018,0.0024,0.0037,0.0037,0.0028,0.0101,0.0079,0.0152,0.0015,0.003,0.0049,0.0043,0.0045,0.013,0.009,0.0143,3.1609,Subject07,Running,95.24
259,615,4.4094,0.009,0.1513,2.1553,2.0939,14.7872,0.0019,0.0024,0.004,0.0042,0.003,0.0102,0.0078,0.0159,0.0015,0.003,0.0049,0.0045,0.0044,0.011,0.008,0.0129,3.1609,Subject07,Running,95.24
259,630,4.3333,0.0068,0.1553,2.051,2.1202,15.3872,0.0018,0.0023,0.004,0.004,0.0032,0.0095,0.0076,0.0169,0.0015,0.0028,0.0047,0.004,0.004,0.0123,0.0082,0.0121,3.1609,Subject07,Running,95.24
259,645,4.3555,0.0074,0.1552,2.1351,2.0579,16.6206,0.0018,0.0024,0.0038,0.0038,0.003,0.0103,0.008,0.0168,0.0015,0.003,0.0049,0.0047,0.004,0.0122,0.0083,0.0134,3.1609,Subject07,Running,95.24
260,720,7.5152,0.0292,0.3977,3.4453,3.643,20.3587,0.0045,0.007,0.0129,0.0104,0.0092,0.017,0.0167,0.0308,0.0027,0.0061,0.0161,0.0105,0.0078,0.0217,0.0165,0.0306,10.8107,Subject07,Running,95.24
260,735,8.4597,0.0454,0.4899,3.8081,4.1162,40.5872,0.0052,0.0067,0.0144,0.0103,0.0094,0.0175,0.0173,0.0327,0.0028,0.0062,0.0171,0.01,0.0082,0.0208,0.0175,0.0322,10.8107,Subject07,Running,95.24
260,750,8.5768,0.0443,0.5152,3.9315,4.0858,45.5872,0.0049,0.0066,0.0132,0.0099,0.0086,0.0169,0.0165,0.0322,0.0027,0.0058,0.0172,0.0102,0.0086,0.0199,0.0167,0.0317,10.8107,Subject07,Running,95.24
260,765,8.8332,0.0511,0.5177,4.0477,4.2166,46.3587,0.005,0.0073,0.0148,0.0095,0.0087,0.0171,0.0169,0.0319,0.0029,0.0059,0.0164,0.0099,0.0085,0.019,0.0177,0.0313,10.8107,Subject07,Running,95.24
260,780,8.8058,0.0559,0.5247,3.9913,4.2339,47.7872,0.0046,0.0062,0.0134,0.0097,0.0089,0.0162,0.0163,0.0309,0.0028,0.0056,0.015,0.0099,0.0083,0.019,0.0165,0.031,10.8107,Subject07,Running,95.24
260,795,8.7883,0.0499,0.5423,3.944,4.2521,50.9872,0.0047,0.0062,0.0133,0.0092,0.0086,0.0157,0.0158,0.0318,0.0029,0.0058,0.0148,0.0092,0.0082,0.0196,0.0166,0.0311,10.8107,Subject07,Running,95.24
260,810,8.9833,0.049,0.5754,4.1487,4.2102,51.9539,0.0043,0.0062,0.0142,0.009,0.0086,0.0164,0.0165,0.0316,0.0028,0.0056,0.0154,0.0101,0.0085,0.0187,0.0165,0.0301,10.8107,Subject07,Running,95.24
260,825,8.9557,0.0502,0.5616,4.0461,4.2978,52.9539,0.0044,0.0068,0.0134,0.0093,0.009,0.0161,0.0159,0.0321,0.003,0.006,0.0151,0.0107,0.0083,0.0187,0.0172,0.0312,10.8107,Subject07,Running,95.24
260,840,8.9128,0.0483,0.5401,4.0947,4.2297,50.7872,0.0045,0.0068,0.0133,0.0104,0.0096,0.016,0.0164,0.0332,0.0034,0.0067,0.016,0.0108,0.0083,0.0202,0.017,0.0342,10.8107,Subject07,Running,95.24
260,855,5.0522,0.0181,0.2894,2.3322,2.4126,51.3872,0.0028,0.0041,0.007,0.007,0.0057,0.0118,0.0119,0.0226,0.0023,0.0041,0.0081,0.0071,0.0053,0.0148,0.012,0.022,10.8107,Subject07,Running,95.24
261,870,0.452,0.0093,0.0708,0.2109,0.161,36.7872,0.0019,0.0016,0.0025,0.0061,0.0026,0.01,0.0079,0.005,0.0015,0.0019,0.0022,0.0078,0.0046,0.0076,0.0073,0.0049,10.8107,Subject07,Running,95.24
261,885,7.2152,0.0317,0.3446,3.3059,3.533,33.4539,0.0033,0.0048,0.01,0.008,0.0077,0.0143,0.0141,0.0242,0.0025,0.0047,0.0102,0.0086,0.0065,0.017,0.015,0.0229,10.8107,Subject07,Running,95.24
261,900,8.9725,0.0412,0.5103,4.0836,4.3374,39.6206,0.0034,0.0058,0.0131,0.0088,0.0084,0.0152,0.0154,0.0282,0.0028,0.0057,0.0134,0.01,0.0078,0.0171,0.0155,0.0276,10.8107,Subject07,Running,95.24
261,915,9.0052,0.0507,0.5694,4.0587,4.3263,44.6206,0.0031,0.0059,0.0136,0.0086,0.0086,0.0155,0.0154,0.0286,0.0026,0.0059,0.0152,0.0094,0.0079,0.0184,0.0168,0.0293,10.8107,Subject07,Running,95.24
261,930,9.2243,0.0496,0.593,4.1845,4.3972,50.6206,0.0032,0.0064,0.014,0.0085,0.0083,0.0155,0.0162,0.0291,0.0027,0.006,0.0145,0.0102,0.0083,0.0168,0.0166,0.0289,10.8107,Subject07,Running,95.24
261,945,9.439,0.0457,0.6085,4.4013,4.3836,55.1206,0.003,0.0064,0.0148,0.0087,0.0083,0.0153,0.0154,0.029,0.0028,0.0059,0.0151,0.0107,0.0084,0.018,0.0174,0.0295,10.8107,Subject07,Running,95.24
261,960,9.3954,0.0487,0.6443,4.3002,4.4021,56.1206,0.0029,0.0063,0.0141,0.0088,0.0082,0.0158,0.016,0.0295,0.0027,0.0061,0.0149,0.0104,0.0085,0.0181,0.0169,0.0297,10.8107,Subject07,Running,95.24
261,975,9.408,0.0488,0.6234,4.2723,4.4635,58.5015,0.0031,0.0067,0.015,0.0084,0.0085,0.0156,0.0154,0.0296,0.0027,0.0059,0.0149,0.0104,0.008,0.0183,0.0178,0.0298,10.8107,Subject07,Running,95.24
261,990,9.589,0.0644,0.6615,4.394,4.469,58.7872,0.0032,0.0068,0.0148,0.009,0.0085,0.0161,0.0151,0.0294,0.0029,0.0057,0.0143,0.0111,0.0079,0.0181,0.0181,0.0301,10.8107,Subject07,Running,95.24
261,1005,9.4917,0.0636,0.6658,4.3552,4.4071,58.4539,0.0029,0.0063,0.0141,0.0086,0.0082,0.0155,0.0144,0.0282,0.0029,0.0058,0.0148,0.01,0.0077,0.0192,0.0182,0.0282,10.8107,Subject07,Running,95.24
262,1080,12.7397,0.0623,0.8795,5.8334,5.9644,62.7872,0.0042,0.0071,0.0165,0.011,0.0096,0.0172,0.0164,0.0357,0.0035,0.0071,0.0177,0.0141,0.0096,0.0196,0.0197,0.0335,14.4348,Subject07,Running,95.24
262,1095,13.7011,0.0571,1.0173,6.2138,6.413,68.8872,0.0042,0.0076,0.0164,0.0114,0.0099,0.0174,0.0164,0.0353,0.0037,0.0072,0.018,0.0143,0.0099,0.0194,0.0192,0.0351,14.4348,Subject07,Running,95.24
262,1110,13.7339,0.0545,1.033,6.2929,6.3534,74.1622,0.0041,0.0072,0.0165,0.0112,0.0098,0.017,0.016,0.0353,0.0038,0.0072,0.0184,0.0148,0.0098,0.0196,0.0186,0.0336,14.4348,Subject07,Running,95.24
262,1125,13.8558,0.0816,1.0559,6.2714,6.4469,75.3872,0.0041,0.0078,0.0158,0.0114,0.0096,0.017,0.0157,0.034,0.0042,0.0069,0.0174,0.0142,0.0095,0.0199,0.019,0.0332,14.4348,Subject07,Running,95.24
262,1140,13.9395,0.0684,1.068,6.33,6.4731,75.565,0.004,0.0076,0.0157,0.0111,0.0094,0.0175,0.0161,0.034,0.0041,0.0068,0.0175,0.0148,0.0095,0.0201,0.0185,0.0336,14.4348,Subject07,Running,95.24
262,1155,13.5119,0.0781,1.0622,6.0894,6.2822,78.2872,0.0041,0.0071,0.0163,0.0107,0.0096,0.0167,0.0157,0.0343,0.0039,0.007,0.017,0.0133,0.0092,0.0196,0.0187,0.0318,14.4348,Subject07,Running,95.24
262,1170,13.6711,0.0886,1.089,6.1296,6.364,78.7872,0.0038,0.0072,0.016,0.0104,0.0096,0.0167,0.0157,0.033,0.004,0.0068,0.0165,0.0129,0.0092,0.0196,0.0185,0.0323,14.4348,Subject07,Running,95.24
262,1185,13.4859,0.078,1.0702,6.0707,6.267,79.565,0.0039,0.0072,0.0159,0.0105,0.0095,0.0162,0.0157,0.0341,0.004,0.007,0.0173,0.0133,0.0092,0.0194,0.0187,0.0321,14.4348,Subject07,Running,95.24
262,1200,13.5261,0.0839,1.0787,6.0805,6.283,80.3872,0.0039,0.007,0.0153,0.01,0.0091,0.0159,0.0153,0.0331,0.0041,0.007,0.0177,0.0124,0.0088,0.0203,0.0189,0.0303,14.4348,Subject07,Running,95.24
262,1215,13.8197,0.08,1.122,6.3528,6.265,81.4872,0.0039,0.0075,0.0161,0.0103,0.0091,0.0166,0.0154,0.0324,0.0039,0.0067,0.0173,0.0128,0.0088,0.0195,0.0185,0.0308,14.4348,Subject07,Running,95.24
263,1230,13.761,0.0819,1.0721,6.2404,6.3666,82.2317,0.0038,0.0073,0.0169,0.0104,0.0095,0.0168,0.015,0.0331,0.0037,0.0066,0.0165,0.0135,0.009,0.0194,0.0177,0.0308,14.4348,Subject07,Running,95.24
263,1245,13.7553,0.0781,1.0878,6.3505,6.2389,80.9301,0.0043,0.0069,0.0158,0.0102,0.0092,0.0157,0.0145,0.033,0.0042,0.0068,0.0168,0.0135,0.0086,0.019,0.0189,0.0305,14.4348,Subject07,Running,95.24
263,1260,13.2559,0.0855,1.0057,6.1002,6.0645,78.4539,0.0039,0.0069,0.0157,0.0101,0.0091,0.0159,0.0148,0.033,0.004,0.0065,0.017,0.0125,0.0085,0.019,0.0179,0.0308,14.4348,Subject07,Running,95.24
263,1275,13.0472,0.0941,1.022,5.9891,5.9421,77.2158,0.004,0.0065,0.0148,0.0097,0.0089,0.0158,0.0147,0.0317,0.004,0.0068,0.0166,0.0122,0.0084,0.0194,0.0182,0.0309,14.4348,Subject07,Running,95.24
263,1290,13.1276,0.1042,1.036,5.9922,5.9952,79.0372,0.0039,0.0069,0.0154,0.0098,0.0087,0.0154,0.0145,0.032,0.0039,0.0067,0.0166,0.0121,0.0081,0.0194,0.0187,0.0307,14.4348,Subject07,Running,95.24
263,1305,13.5,0.0931,1.0859,6.294,6.027,80.5372,0.0041,0.0072,0.0153,0.0096,0.0089,0.0157,0.0153,0.0322,0.0041,0.0067,0.0168,0.012,0.0081,0.0191,0.0187,0.0308,14.4348,Subject07,Running,95.24
263,1320,13.3634,0.0915,1.067,6.1097,6.0952,80.8983,0.0045,0.0066,0.0151,0.0097,0.0092,0.0163,0.0149,0.0323,0.0041,0.0066,0.0168,0.0122,0.0087,0.0193,0.0189,0.0312,14.4348,Subject07,Running,95.24
263,1335,13.2171,0.1002,1.0173,6.028,6.0715,81.3428,0.0039,0.0075,0.0164,0.0098,0.0092,0.0163,0.015,0.0328,0.0039,0.0064,0.0165,0.0117,0.008,0.0193,0.018,0.0319,14.4348,Subject07,Running,95.24
263,1350,13.2563,0.0899,1.0458,6.0574,6.0632,81.7872,0.0041,0.0068,0.0148,0.0108,0.0091,0.0159,0.0141,0.0319,0.0041,0.0066,0.0167,0.0122,0.0086,0.0194,0.0185,0.032,14.4348,Subject07,Running,95.24
263,1365,13.0153,0.0889,1.0402,5.9143,5.972,83.2872,0.0041,0.0066,0.0147,0.0102,0.0095,0.0158,0.0149,0.0319,0.0042,0.0063,0.0166,0.0117,0.0081,0.0189,0.0183,0.0311,14.4348,Subject07,Running,95.24
264,1440,6.9999,0.0213,0.4131,3.1058,3.4597,81.3587,0.003,0.0048,0.008,0.0071,0.0072,0.0139,0.0144,0.03,0.0027,0.0043,0.0086,0.009,0.0075,0.0184,0.0167,0.0302,9.5884,Subject07,Running,95.24
264,1455,6.9258,0.0195,0.2931,3.1583,3.455,72.9301,0.0032,0.005,0.0088,0.0066,0.007,0.0159,0.0169,0.0295,0.0028,0.0043,0.0096,0.0074,0.0071,0.0186,0.0165,0.028,9.5884,Subject07,Running,95.24
264,1470,6.8667,0.0198,0.316,3.1396,3.3913,67.7872,0.0029,0.0051,0.0094,0.0062,0.0068,0.0156,0.0164,0.0292,0.0028,0.0043,0.0106,0.0071,0.0072,0.0187,0.0172,0.0291,9.5884,Subject07,Running,95.24
264,1485,6.9151,0.0194,0.3664,3.1724,3.3569,65.7872,0.0029,0.0053,0.0096,0.0058,0.0066,0.0151,0.0177,0.0287,0.0027,0.0043,0.0116,0.0069,0.0073,0.018,0.0162,0.0278,9.5884,Subject07,Running,95.24
264,1500,6.8909,0.0212,0.3485,3.0955,3.4256,64.0372,0.0029,0.0056,0.0102,0.0061,0.0071,0.0148,0.017,0.0296,0.0027,0.0045,0.0121,0.0064,0.007,0.0186,0.017,0.0278,9.5884,Subject07,Running,95.24
264,1515,6.9694,0.0221,0.3464,3.142,3.4589,61.0729,0.0029,0.0047,0.0105,0.006,0.0071,0.0159,0.0165,0.0295,0.0027,0.0044,0.0119,0.0065,0.0067,0.0176,0.0159,0.0285,9.5884,Subject07,Running,95.24
264,1530,6.9371,0.0213,0.3536,3.2022,3.36,59.6622,0.0028,0.0048,0.0102,0.0056,0.0067,0.0155,0.0167,0.028,0.0027,0.0043,0.0119,0.0068,0.0071,0.0182,0.0166,0.0275,9.5884,Subject07,Running,95.24
264,1545,6.9957,0.0219,0.3719,3.1372,3.4648,60.2872,0.0031,0.005,0.01,0.0064,0.007,0.015,0.0167,0.0301,0.0027,0.0041,0.0112,0.0072,0.0071,0.0191,0.0161,0.0273,9.5884,Subject07,Running,95.24
264,1560,7.03,0.0228,0.3593,3.2107,3.4371,59.9301,0.0028,0.0053,0.0107,0.0062,0.0073,0.016,0.0172,0.029,0.0028,0.0042,0.0117,0.007,0.0071,0.018,0.0161,0.0284,9.5884,Subject07,Running,95.24
264,1575,6.8369,0.0209,0.3309,3.0762,3.4088,58.7872,0.0029,0.0052,0.0104,0.006,0.0071,0.0152,0.0157,0.028,0.0027,0.0042,0.0117,0.0074,0.0073,0.0184,0.0159,0.0272,9.5884,Subject07,Running,95.24
265,1590,7.0261,0.0227,0.3729,3.1105,3.5201,57.4539,0.003,0.0052,0.0111,0.0067,0.0073,0.0156,0.0158,0.0285,0.0028,0.0044,0.012,0.0075,0.007,0.018,0.0162,0.0264,9.5884,Subject07,Running,95.24
265,1605,6.9178,0.0223,0.3503,3.171,3.3742,58.2158,0.0027,0.0053,0.0108,0.0061,0.0071,0.0156,0.0166,0.0298,0.0029,0.0042,0.012,0.0074,0.0068,0.0184,0.0165,0.0266,9.5884,Subject07,Running,95.24
265,1620,6.968,0.0203,0.3589,3.1247,3.4642,59.4122,0.0029,0.0054,0.0105,0.0066,0.0073,0.0159,0.0168,0.0297,0.0027,0.0042,0.0109,0.0073,0.007,0.0181,0.016,0.0288,9.5884,Subject07,Running,95.24
265,1635,7.0151,0.0226,0.3602,3.2111,3.4211,59.8983,0.0028,0.0056,0.0111,0.0062,0.0073,0.0155,0.016,0.0282,0.0028,0.0044,0.0129,0.0071,0.0073,0.0179,0.0162,0.0279,9.5884,Subject07,Running,95.24
265,1650,6.9864,0.0224,0.3657,3.0963,3.5019,59.9539,0.0029,0.0057,0.0112,0.0063,0.0072,0.0153,0.0161,0.0291,0.0028,0.0045,0.012,0.0079,0.0072,0.0183,0.0166,0.0284,9.5884,Subject07,Running,95.24
265,1665,6.962,0.0207,0.3547,3.1831,3.4034,59.7872,0.0028,0.0054,0.0111,0.0059,0.007,0.0163,0.0165,0.0293,0.0028,0.0044,0.0126,0.0071,0.0072,0.0179,0.0163,0.0279,9.5884,Subject07,Running,95.24
265,1680,6.9756,0.0227,0.381,3.0665,3.5054,58.5015,0.0029,0.005,0.0111,0.0062,0.0073,0.0153,0.0159,0.0296,0.0029,0.0046,0.0136,0.0073,0.0072,0.0193,0.0174,0.0279,9.5884,Subject07,Running,95.24
265,1695,7.0095,0.0242,0.3685,3.1938,3.423,58.9122,0.003,0.0054,0.0109,0.0065,0.0074,0.0159,0.0152,0.0272,0.003,0.0047,0.0141,0.0076,0.0072,0.0179,0.0159,0.0274,9.5884,Subject07,Running,95.24
265,1710,7.0262,0.0229,0.3751,3.053,3.5752,59.7872,0.0029,0.0054,0.0112,0.0064,0.0074,0.0153,0.016,0.0289,0.0028,0.0045,0.0126,0.0071,0.0071,0.0175,0.0155,0.0285,9.5884,Subject07,Running,95.24
265,1725,7.0537,0.0249,0.3884,3.2068,3.4335,60.6622,0.0029,0.0056,0.0119,0.0063,0.0075,0.0162,0.0161,0.0276,0.0029,0.0048,0.0137,0.0079,0.0078,0.0174,0.0155,0.0269,9.5884,Subject07,Running,95.24
266,360,0.2866,0.002,0.0398,0.1231,0.1217,9.8125,0.0035,0.0068,0.013,0.0102,0.0096,0.0148,0.0194,0.025,0.0041,0.007,0.0155,0.0096,0.0069,0.0304,0.024,0.0146,5.7274,Subject07,Stairs,95.24
266,375,0.4254,0.0018,0.0462,0.2205,0.1569,9.6458,0.0051,0.0124,0.0251,0.0106,0.0155,0.02,0.0268,0.0387,0.0032,0.0088,0.0183,0.0083,0.0068,0.032,0.0253,0.0327,5.7274,Subject07,Stairs,95.24
266,390,0.289,0.0019,0.0316,0.1381,0.1174,19.9792,0.0046,0.0085,0.0164,0.0115,0.0125,0.0193,0.0223,0.0302,0.0039,0.0075,0.0185,0.0066,0.0062,0.0271,0.0227,0.0303,5.7274,Subject07,Stairs,95.24
266,405,0.2347,0.002,0.0361,0.0926,0.104,21.3792,0.0048,0.0062,0.013,0.0106,0.015,0.028,0.0297,0.0276,0.0041,0.0083,0.0227,0.0072,0.0072,0.026,0.024,0.0247,5.7274,Subject07,Stairs,95.24
266,420,0.2439,0.0018,0.0307,0.1173,0.0941,22.9792,0.0043,0.0075,0.0178,0.0103,0.0127,0.0218,0.0268,0.0297,0.0045,0.0063,0.0174,0.0084,0.0072,0.0321,0.0229,0.0235,5.7274,Subject07,Stairs,95.24
266,435,0.3168,0.0023,0.0361,0.155,0.1233,23.9792,0.0046,0.0069,0.0162,0.0069,0.0112,0.0201,0.0231,0.0234,0.0036,0.0054,0.0154,0.0065,0.006,0.0267,0.0211,0.0218,5.7274,Subject07,Stairs,95.24
266,450,0.3114,0.0022,0.0367,0.1336,0.1389,24.1792,0.0036,0.0088,0.0148,0.0069,0.0104,0.0209,0.0243,0.0227,0.003,0.0071,0.0133,0.0046,0.0044,0.0243,0.0198,0.0168,5.7274,Subject07,Stairs,95.24
266,465,0.2996,0.002,0.0358,0.1376,0.1242,22.7792,0.0035,0.0086,0.0135,0.008,0.0102,0.0199,0.0236,0.0313,0.0028,0.0097,0.0207,0.0055,0.0058,0.0233,0.0195,0.0341,5.7274,Subject07,Stairs,95.24
266,480,0.327,0.0023,0.0416,0.1331,0.15,21.3792,0.0038,0.0088,0.0154,0.009,0.0112,0.0174,0.0232,0.0346,0.0032,0.0085,0.0192,0.0063,0.0059,0.0333,0.0257,0.0337,5.7274,Subject07,Stairs,95.24
266,495,0.285,0.002,0.0385,0.1276,0.1169,20.4792,0.0039,0.0085,0.0177,0.0084,0.0118,0.0218,0.0257,0.0297,0.0035,0.0072,0.0197,0.0061,0.0062,0.0225,0.0213,0.0269,5.7274,Subject07,Stairs,95.24
267,510,0.2898,0.002,0.0347,0.1324,0.1206,20.6458,0.004,0.0072,0.015,0.0078,0.0104,0.016,0.0208,0.0352,0.0035,0.0062,0.0172,0.0067,0.0052,0.0319,0.0223,0.0253,5.7274,Subject07,Stairs,95.24
267,525,0.2476,0.0021,0.0335,0.1044,0.1076,21.5792,0.0049,0.0093,0.0191,0.0075,0.0134,0.0175,0.0227,0.0321,0.0034,0.0064,0.0159,0.0062,0.0053,0.0186,0.016,0.0273,5.7274,Subject07,Stairs,95.24
267,540,0.2932,0.0023,0.0366,0.1385,0.1158,22.5792,0.0045,0.0075,0.0153,0.0075,0.012,0.0172,0.0225,0.023,0.0033,0.0059,0.0145,0.0066,0.0057,0.0269,0.0225,0.0231,5.7274,Subject07,Stairs,95.24
267,555,0.3089,0.0024,0.0375,0.1289,0.1401,23.4792,0.0044,0.0065,0.0141,0.0082,0.0119,0.0223,0.0268,0.0253,0.0035,0.0072,0.0198,0.0064,0.0068,0.0269,0.0226,0.0305,5.7274,Subject07,Stairs,95.24
267,570,0.3556,0.0031,0.0418,0.1321,0.1786,22.6458,0.003,0.0078,0.012,0.0105,0.0085,0.0194,0.02,0.0301,0.0026,0.0092,0.0161,0.0062,0.0047,0.0292,0.0214,0.0313,5.7274,Subject07,Stairs,95.24
267,585,0.3685,0.0025,0.0471,0.1566,0.1623,22.1792,0.003,0.0079,0.015,0.0109,0.0094,0.0201,0.0198,0.0279,0.0021,0.0065,0.0139,0.0067,0.0049,0.03,0.0205,0.0237,5.7274,Subject07,Stairs,95.24
267,600,0.3808,0.0028,0.0471,0.1797,0.1512,22.3125,0.0032,0.0102,0.0171,0.0112,0.0102,0.0177,0.0202,0.0324,0.0024,0.0076,0.0151,0.0065,0.006,0.0248,0.0219,0.0292,5.7274,Subject07,Stairs,95.24
267,615,0.4595,0.0029,0.045,0.1726,0.239,22.5792,0.0034,0.0081,0.0146,0.0103,0.01,0.0212,0.0222,0.0307,0.0031,0.0063,0.017,0.0056,0.0064,0.0253,0.0262,0.0229,5.7274,Subject07,Stairs,95.24
267,630,0.3304,0.0023,0.0384,0.1467,0.143,22.5792,0.0036,0.007,0.0146,0.0095,0.0112,0.0201,0.024,0.0241,0.0029,0.0058,0.0142,0.0066,0.0056,0.0298,0.0244,0.0195,5.7274,Subject07,Stairs,95.24
267,645,0.346,0.0019,0.0405,0.1596,0.1441,23.6458,0.0044,0.0063,0.0134,0.0069,0.0106,0.0131,0.0149,0.0242,0.0033,0.005,0.0133,0.0049,0.0048,0.0216,0.0195,0.0189,5.7274,Subject07,Stairs,95.24
268,720,0.4235,0.0022,0.0456,0.2004,0.1753,22.9792,0.0054,0.0068,0.0182,0.0094,0.0148,0.0197,0.0264,0.0239,0.0041,0.0059,0.0186,0.0075,0.0059,0.0248,0.0212,0.0263,8.237,Subject07,Stairs,95.24
268,735,0.3797,0.0025,0.0444,0.1599,0.1728,26.9792,0.0063,0.0091,0.0225,0.0107,0.0153,0.0193,0.0263,0.0305,0.0047,0.0066,0.0187,0.0096,0.0072,0.0335,0.027,0.0275,8.237,Subject07,Stairs,95.24
268,750,0.3575,0.0024,0.0474,0.1547,0.153,29.6458,0.0057,0.008,0.0203,0.0097,0.0133,0.0204,0.022,0.0271,0.0051,0.0072,0.0216,0.0081,0.0086,0.0278,0.0234,0.0257,8.237,Subject07,Stairs,95.24
268,765,0.4619,0.0026,0.0559,0.2179,0.1855,34.8125,0.0055,0.0072,0.0177,0.0096,0.0127,0.0179,0.0221,0.0243,0.0046,0.0068,0.0206,0.0073,0.0064,0.0228,0.0177,0.0257,8.237,Subject07,Stairs,95.24
268,780,0.4405,0.0021,0.0512,0.1934,0.1938,38.1458,0.0056,0.0067,0.016,0.0095,0.0135,0.0188,0.02,0.0255,0.0046,0.0061,0.0192,0.0067,0.0061,0.0219,0.0191,0.0228,8.237,Subject07,Stairs,95.24
268,795,0.318,0.0026,0.0459,0.1431,0.1264,40.3792,0.0053,0.0072,0.0172,0.0096,0.0135,0.0179,0.0214,0.026,0.0054,0.0076,0.0231,0.0076,0.0072,0.028,0.0248,0.0231,8.237,Subject07,Stairs,95.24
268,810,0.3853,0.0026,0.0473,0.1598,0.1755,37.1458,0.0059,0.0073,0.0182,0.0086,0.0142,0.0174,0.0207,0.031,0.0048,0.0061,0.0199,0.0072,0.0063,0.0253,0.0212,0.0282,8.237,Subject07,Stairs,95.24
268,825,0.4335,0.0023,0.0507,0.216,0.1645,37.3125,0.005,0.0069,0.0166,0.0107,0.0134,0.0181,0.0232,0.0254,0.0043,0.0062,0.0213,0.0092,0.0074,0.0254,0.0249,0.022,8.237,Subject07,Stairs,95.24
268,840,0.426,0.003,0.0531,0.1741,0.1959,38.2649,0.0058,0.0077,0.0171,0.0113,0.0143,0.0195,0.0225,0.034,0.0049,0.0063,0.019,0.0069,0.0069,0.0271,0.0258,0.0241,8.237,Subject07,Stairs,95.24
268,855,0.4142,0.0026,0.0494,0.1659,0.1963,38.9792,0.0056,0.0077,0.0199,0.0087,0.0139,0.0181,0.0219,0.024,0.0044,0.0065,0.0199,0.0082,0.0072,0.028,0.0239,0.0231,8.237,Subject07,Stairs,95.24
269,870,0.3758,0.002,0.0503,0.1835,0.14,39.9792,0.0056,0.0083,0.0181,0.0106,0.0136,0.0223,0.0284,0.0284,0.0043,0.0067,0.0196,0.0084,0.0076,0.0286,0.0238,0.0245,8.237,Subject07,Stairs,95.24
269,885,0.4668,0.0029,0.0552,0.1867,0.222,36.1458,0.0053,0.0083,0.0192,0.0124,0.0135,0.0211,0.0277,0.0323,0.0042,0.0069,0.02,0.0069,0.0069,0.0265,0.0253,0.0268,8.237,Subject07,Stairs,95.24
269,900,0.3559,0.0022,0.0487,0.1535,0.1514,37.3125,0.0058,0.0075,0.0171,0.0102,0.0147,0.0226,0.029,0.0309,0.0047,0.009,0.0229,0.0086,0.0081,0.0309,0.0256,0.0312,8.237,Subject07,Stairs,95.24
269,915,0.4138,0.0024,0.0515,0.184,0.176,37.9792,0.0052,0.0078,0.0185,0.0094,0.0128,0.0198,0.0237,0.0284,0.0044,0.0071,0.0214,0.0069,0.0069,0.0262,0.0237,0.022,8.237,Subject07,Stairs,95.24
269,930,0.3572,0.0022,0.0476,0.1564,0.151,40.9792,0.0047,0.0077,0.0167,0.01,0.0123,0.0197,0.0244,0.0295,0.0044,0.0068,0.0219,0.0065,0.0064,0.0267,0.023,0.0249,8.237,Subject07,Stairs,95.24
269,945,0.3572,0.0023,0.0475,0.1528,0.1546,41.5506,0.005,0.0072,0.0172,0.0084,0.0122,0.0203,0.0252,0.0273,0.0044,0.0066,0.0198,0.0077,0.0064,0.0275,0.0233,0.0285,8.237,Subject07,Stairs,95.24
269,960,0.3722,0.002,0.0445,0.1578,0.1679,40.9792,0.0049,0.0079,0.0182,0.0089,0.0125,0.019,0.0241,0.0271,0.0046,0.0069,0.0203,0.0082,0.0068,0.0279,0.0257,0.0293,8.237,Subject07,Stairs,95.24
269,975,0.397,0.0023,0.0533,0.1845,0.1569,42.2649,0.0051,0.0075,0.0177,0.0089,0.0138,0.0182,0.0222,0.0248,0.0046,0.0067,0.0193,0.0067,0.0062,0.028,0.0236,0.024,8.237,Subject07,Stairs,95.24
269,990,0.4017,0.0022,0.0555,0.1767,0.1673,46.2649,0.0055,0.0068,0.0162,0.0103,0.0127,0.0173,0.0213,0.0263,0.0044,0.0066,0.0193,0.0067,0.0059,0.0232,0.0206,0.026,8.237,Subject07,Stairs,95.24
269,1005,0.3843,0.0024,0.0468,0.1615,0.1735,44.6458,0.0047,0.0078,0.0181,0.0096,0.0137,0.0214,0.0266,0.0268,0.0038,0.006,0.0187,0.0069,0.0071,0.0268,0.0257,0.025,8.237,Subject07,Stairs,95.24
270,1080,0.3843,0.0027,0.0477,0.1737,0.1602,40.6458,0.005,0.007,0.0156,0.0097,0.0127,0.018,0.022,0.032,0.0045,0.0066,0.019,0.0072,0.0079,0.0285,0.0261,0.0229,7.4027,Subject07,Stairs,95.24
270,1095,0.3222,0.0021,0.0433,0.1322,0.1447,41.1458,0.005,0.0078,0.0195,0.0079,0.0131,0.0165,0.0211,0.0285,0.0041,0.0065,0.0183,0.0067,0.0065,0.0256,0.0214,0.0249,7.4027,Subject07,Stairs,95.24
270,1110,0.3339,0.0023,0.0389,0.1395,0.1533,42.122,0.0051,0.0078,0.0171,0.008,0.0141,0.0223,0.0266,0.0255,0.0039,0.0063,0.0174,0.0067,0.0065,0.0239,0.0232,0.0261,7.4027,Subject07,Stairs,95.24
270,1125,0.3439,0.002,0.0437,0.1608,0.1375,40.3125,0.0047,0.0074,0.0168,0.01,0.0132,0.0197,0.0247,0.0249,0.0042,0.0074,0.0199,0.0063,0.0072,0.0249,0.0231,0.0294,7.4027,Subject07,Stairs,95.24
270,1140,0.3465,0.0022,0.0447,0.1425,0.1571,38.8125,0.0053,0.0072,0.0177,0.0082,0.0134,0.0194,0.0254,0.0246,0.0038,0.0058,0.0161,0.007,0.0073,0.0267,0.0244,0.0297,7.4027,Subject07,Stairs,95.24
270,1155,0.3405,0.002,0.0411,0.1423,0.1551,39.4077,0.005,0.0069,0.0156,0.008,0.0141,0.0236,0.0288,0.026,0.0039,0.0066,0.0186,0.0063,0.0071,0.0245,0.0251,0.0312,7.4027,Subject07,Stairs,95.24
270,1170,0.3145,0.0021,0.0428,0.1491,0.1205,41.4077,0.0048,0.0071,0.0162,0.0089,0.012,0.0186,0.0245,0.0308,0.0045,0.0065,0.0187,0.0065,0.007,0.0286,0.0264,0.0316,7.4027,Subject07,Stairs,95.24
270,1185,0.3695,0.0027,0.0485,0.1469,0.1714,41.2649,0.0049,0.0085,0.0184,0.0076,0.0129,0.0169,0.024,0.0257,0.004,0.0066,0.018,0.0064,0.0061,0.0284,0.024,0.0268,7.4027,Subject07,Stairs,95.24
270,1200,0.4106,0.0023,0.0475,0.1833,0.1774,42.9792,0.0044,0.0067,0.0139,0.009,0.0118,0.021,0.0245,0.0273,0.0039,0.0085,0.0225,0.0065,0.007,0.026,0.0209,0.0355,7.4027,Subject07,Stairs,95.24
270,1215,0.3695,0.0028,0.0509,0.1709,0.1449,41.8363,0.0045,0.0063,0.0138,0.0104,0.0132,0.0198,0.0252,0.0304,0.0045,0.0071,0.019,0.0061,0.0076,0.0313,0.0279,0.0246,7.4027,Subject07,Stairs,95.24
271,1230,0.371,0.0024,0.0481,0.1332,0.1873,43.8125,0.005,0.0079,0.0171,0.0094,0.0136,0.0185,0.0237,0.0307,0.0036,0.0052,0.0154,0.0063,0.0057,0.0271,0.0246,0.0232,7.4027,Subject07,Stairs,95.24
271,1245,0.3559,0.0021,0.0477,0.1589,0.1472,44.6458,0.0048,0.0054,0.0126,0.009,0.0124,0.0198,0.0258,0.0249,0.0043,0.0059,0.0178,0.0065,0.0064,0.0227,0.0228,0.0183,7.4027,Subject07,Stairs,95.24
271,1260,0.3238,0.002,0.0416,0.1298,0.1505,42.6458,0.0046,0.0062,0.0137,0.0098,0.0116,0.0166,0.022,0.0262,0.0042,0.0062,0.0183,0.006,0.006,0.0282,0.0258,0.0252,7.4027,Subject07,Stairs,95.24
271,1275,0.3488,0.0023,0.0484,0.1375,0.1606,42.6935,0.0046,0.0084,0.0189,0.0073,0.0125,0.0167,0.0227,0.0236,0.0039,0.0063,0.017,0.0063,0.0063,0.0292,0.0256,0.0282,7.4027,Subject07,Stairs,95.24
271,1290,0.3563,0.0025,0.0464,0.1612,0.1461,41.4792,0.0054,0.0067,0.0151,0.0097,0.0137,0.0217,0.0254,0.0293,0.0046,0.007,0.0207,0.0069,0.0074,0.0255,0.0237,0.0261,7.4027,Subject07,Stairs,95.24
271,1305,0.3357,0.0023,0.0434,0.1472,0.1429,40.8125,0.0043,0.0072,0.0156,0.0081,0.0122,0.0183,0.0239,0.0267,0.0038,0.0054,0.0161,0.0058,0.0061,0.028,0.0261,0.0244,7.4027,Subject07,Stairs,95.24
271,1320,0.3739,0.0024,0.0461,0.1535,0.1719,41.3125,0.005,0.0061,0.0147,0.0092,0.0141,0.0198,0.0287,0.0274,0.0037,0.0056,0.0164,0.0073,0.0058,0.0252,0.0251,0.0216,7.4027,Subject07,Stairs,95.24
271,1335,0.3436,0.002,0.0418,0.1332,0.1666,41.2649,0.0045,0.007,0.0154,0.0098,0.0125,0.0224,0.0256,0.0276,0.0035,0.006,0.0188,0.0066,0.0067,0.0243,0.0266,0.0245,7.4027,Subject07,Stairs,95.24
271,1350,0.3117,0.0021,0.0416,0.1442,0.1238,40.3125,0.0047,0.0068,0.0143,0.0095,0.0114,0.0192,0.0258,0.0258,0.004,0.0058,0.0181,0.0054,0.0056,0.0247,0.0251,0.0236,7.4027,Subject07,Stairs,95.24
271,1365,0.341,0.0025,0.0458,0.1316,0.1611,41.4792,0.0049,0.0071,0.0162,0.0095,0.0143,0.0204,0.0265,0.0229,0.0039,0.005,0.015,0.0074,0.0057,0.0296,0.0274,0.0206,7.4027,Subject07,Stairs,95.24
272,360,1.7087,0.0031,0.0591,0.8429,0.8037,0,0.002,0.0025,0.0034,0.0067,0.0039,0.0114,0.0083,0.0129,0.0017,0.0025,0.0037,0.0059,0.0038,0.0126,0.009,0.0149,3.476,Subject07,Walking,95.24
272,375,4.0516,0.0066,0.1441,1.9118,1.9891,8.75,0.002,0.0031,0.0048,0.0071,0.0047,0.0134,0.0102,0.0217,0.0019,0.0029,0.0049,0.0061,0.0052,0.0167,0.0115,0.0213,3.476,Subject07,Walking,95.24
272,390,4.1294,0.0069,0.148,2.0359,1.9385,13.8,0.0019,0.0027,0.0043,0.0062,0.004,0.0121,0.0092,0.0185,0.0017,0.0031,0.0053,0.0057,0.0052,0.0143,0.0093,0.0195,3.476,Subject07,Walking,95.24
272,405,4.0966,0.0067,0.1631,1.8894,2.0374,12.2,0.0019,0.0027,0.0042,0.006,0.0037,0.0117,0.0087,0.0173,0.0017,0.0027,0.0047,0.0055,0.0047,0.0151,0.0105,0.0173,3.476,Subject07,Walking,95.24
272,420,4.2546,0.0082,0.161,2.0642,2.0212,12,0.0017,0.0024,0.0038,0.005,0.0033,0.0119,0.0082,0.0136,0.0016,0.0028,0.0051,0.006,0.0052,0.0137,0.0089,0.0169,3.476,Subject07,Walking,95.24
272,435,4.1879,0.0083,0.1607,1.8919,2.127,11,0.0019,0.0027,0.0041,0.0059,0.004,0.012,0.0085,0.0175,0.0017,0.0028,0.0048,0.0055,0.0043,0.0145,0.0102,0.0161,3.476,Subject07,Walking,95.24
272,450,4.1579,0.0079,0.1589,1.9892,2.0019,9.2,0.0018,0.0025,0.0037,0.0051,0.0036,0.0115,0.0086,0.0149,0.0016,0.0027,0.005,0.0058,0.005,0.014,0.009,0.0174,3.476,Subject07,Walking,95.24
272,465,4.2609,0.0086,0.1555,1.9782,2.1186,8.5,0.0018,0.0024,0.004,0.006,0.0039,0.0121,0.0081,0.0163,0.0016,0.0025,0.0042,0.0057,0.0046,0.0134,0.009,0.0144,3.476,Subject07,Walking,95.24
272,480,4.129,0.0079,0.1527,2.0313,1.9372,9,0.0019,0.0024,0.004,0.005,0.0038,0.0122,0.009,0.0174,0.0016,0.0029,0.0052,0.0054,0.0046,0.0139,0.0096,0.0188,3.476,Subject07,Walking,95.24
272,495,4.2609,0.0079,0.1613,1.9377,2.1541,8.25,0.0017,0.0022,0.0036,0.0052,0.0034,0.0113,0.0079,0.0137,0.0015,0.0024,0.0047,0.0052,0.0046,0.0134,0.0096,0.0129,3.476,Subject07,Walking,95.24
273,510,4.1901,0.0062,0.1581,1.984,2.0418,7.6,0.0017,0.0022,0.004,0.0044,0.0033,0.0117,0.0082,0.0172,0.0016,0.0024,0.0046,0.0053,0.0047,0.0145,0.0095,0.0147,3.476,Subject07,Walking,95.24
273,525,4.2067,0.0073,0.1609,2.0164,2.0221,5.6,0.0017,0.0023,0.0038,0.005,0.0034,0.0117,0.0085,0.0147,0.0016,0.0026,0.0046,0.0054,0.0048,0.0126,0.0095,0.0135,3.476,Subject07,Walking,95.24
273,540,4.1869,0.0094,0.1654,1.9051,2.107,5.5,0.0017,0.0023,0.0036,0.005,0.0035,0.0117,0.0071,0.0134,0.0016,0.0025,0.0046,0.0048,0.0043,0.0137,0.0094,0.0134,3.476,Subject07,Walking,95.24
273,555,4.2463,0.0077,0.1805,1.9639,2.0942,6.2,0.0017,0.0022,0.0038,0.0043,0.0031,0.0113,0.0076,0.0134,0.0014,0.0026,0.0047,0.0047,0.0048,0.0131,0.0085,0.0138,3.476,Subject07,Walking,95.24
273,570,4.2974,0.0078,0.1589,2.1025,2.0282,4.2,0.0017,0.0023,0.0036,0.0044,0.0032,0.0112,0.0077,0.0125,0.0016,0.0026,0.0048,0.0055,0.0046,0.0122,0.0086,0.015,3.476,Subject07,Walking,95.24
273,585,4.2696,0.0103,0.1586,1.9379,2.1628,5.4,0.0017,0.0024,0.0038,0.0051,0.0033,0.0108,0.0074,0.0137,0.0016,0.0025,0.0047,0.0048,0.0043,0.0127,0.0096,0.0129,3.476,Subject07,Walking,95.24
273,600,4.2569,0.0077,0.17,1.9914,2.0878,5,0.0018,0.0022,0.0036,0.0046,0.0032,0.0115,0.0073,0.0155,0.0019,0.0025,0.0044,0.0047,0.0042,0.0127,0.0087,0.0146,3.476,Subject07,Walking,95.24
273,615,4.2638,0.0095,0.1836,2.0295,2.0413,6.4,0.0017,0.0022,0.0035,0.0046,0.0029,0.0115,0.0075,0.0118,0.0015,0.0025,0.0044,0.0046,0.0044,0.0127,0.0087,0.0124,3.476,Subject07,Walking,95.24
273,630,4.209,0.01,0.1709,2.0177,2.0104,4.6,0.0017,0.0023,0.0037,0.0045,0.003,0.0109,0.0078,0.0132,0.0016,0.0025,0.005,0.0049,0.0044,0.0138,0.0096,0.0137,3.476,Subject07,Walking,95.24
273,645,4.2476,0.0082,0.1665,1.98,2.0929,3.75,0.0016,0.0021,0.0036,0.0049,0.0031,0.011,0.0072,0.0133,0.0015,0.0024,0.0044,0.0047,0.0042,0.0131,0.0088,0.0121,3.476,Subject07,Walking,95.24
274,720,2.9874,0.005,0.1139,1.5414,1.3271,5.3333,0.0016,0.002,0.0029,0.0031,0.0019,0.011,0.0069,0.0131,0.0015,0.0019,0.0039,0.0038,0.0032,0.012,0.0086,0.0116,2.746,Subject07,Walking,95.24
274,735,2.939,0.005,0.1242,1.4792,1.3306,2,0.0016,0.0016,0.0028,0.003,0.0024,0.0111,0.006,0.0134,0.0016,0.0019,0.0041,0.0033,0.0031,0.0116,0.0081,0.0116,2.746,Subject07,Walking,95.24
274,750,2.9256,0.0066,0.1305,1.4558,1.3327,1,0.0016,0.0016,0.0027,0.0028,0.0021,0.0117,0.0069,0.0149,0.0014,0.0018,0.0038,0.0035,0.0034,0.0115,0.0079,0.0106,2.746,Subject07,Walking,95.24
274,765,3.1956,0.0058,0.1367,1.5402,1.5128,0,0.0016,0.0017,0.0027,0.003,0.0021,0.0099,0.0062,0.0125,0.0015,0.002,0.0042,0.0035,0.0034,0.0121,0.0078,0.0107,2.746,Subject07,Walking,95.24
274,780,3.0821,0.0081,0.1362,1.5425,1.3953,2.8,0.0017,0.002,0.0032,0.0035,0.0024,0.0099,0.0065,0.0138,0.0015,0.0021,0.0043,0.0033,0.0034,0.0103,0.0067,0.0122,2.746,Subject07,Walking,95.24
274,795,3.0942,0.0069,0.122,1.5015,1.4638,2.8,0.0017,0.0018,0.003,0.0038,0.0024,0.0106,0.0061,0.012,0.0015,0.002,0.0039,0.0039,0.0034,0.0116,0.0074,0.0136,2.746,Subject07,Walking,95.24
274,810,3.1575,0.0064,0.1219,1.5253,1.5038,2.5,0.0016,0.0018,0.003,0.0034,0.0021,0.0086,0.0058,0.0131,0.0014,0.0021,0.0042,0.0037,0.0035,0.0108,0.0068,0.0132,2.746,Subject07,Walking,95.24
274,825,3.0969,0.0062,0.1289,1.5507,1.411,5.6667,0.0017,0.0016,0.0026,0.0034,0.0023,0.0102,0.0059,0.0138,0.0019,0.0019,0.0039,0.0036,0.0034,0.0116,0.0072,0.0129,2.746,Subject07,Walking,95.24
274,840,3.1943,0.0088,0.1297,1.5141,1.5417,5.25,0.0016,0.0018,0.0029,0.0036,0.0023,0.0098,0.0057,0.0125,0.0015,0.002,0.004,0.0035,0.0035,0.0119,0.007,0.0109,2.746,Subject07,Walking,95.24
274,855,3.1552,0.0055,0.135,1.4892,1.5255,2.4,0.0016,0.0017,0.0028,0.003,0.0022,0.0107,0.006,0.0128,0.0015,0.0019,0.0041,0.0033,0.0039,0.0118,0.0068,0.0134,2.746,Subject07,Walking,95.24
275,870,3.112,0.0076,0.1349,1.4924,1.4772,3,0.0017,0.0019,0.0033,0.0037,0.0023,0.0089,0.0062,0.012,0.0015,0.002,0.0042,0.0039,0.0033,0.0117,0.0085,0.0104,2.746,Subject07,Walking,95.24
275,885,3.2015,0.008,0.1272,1.5303,1.536,4.4,0.0016,0.0018,0.0032,0.0034,0.0021,0.0093,0.0057,0.0112,0.0014,0.0021,0.0043,0.0037,0.0037,0.0106,0.0069,0.0111,2.746,Subject07,Walking,95.24
275,900,3.1578,0.0078,0.1344,1.5296,1.4859,1.6667,0.0016,0.002,0.0031,0.0037,0.0022,0.0088,0.0063,0.0119,0.0014,0.0023,0.0043,0.0037,0.0037,0.0126,0.0073,0.0127,2.746,Subject07,Walking,95.24
275,915,3.1051,0.0073,0.1354,1.472,1.4904,1.8,0.0016,0.0019,0.0033,0.0034,0.0022,0.009,0.0059,0.0131,0.0016,0.0021,0.0045,0.0034,0.0037,0.01,0.006,0.0119,2.746,Subject07,Walking,95.24
275,930,3.2464,0.0067,0.1429,1.5434,1.5533,3.4,0.0016,0.002,0.0032,0.0034,0.0022,0.0094,0.0056,0.0131,0.0014,0.0021,0.0042,0.0033,0.0038,0.0106,0.0063,0.013,2.746,Subject07,Walking,95.24
275,945,3.1953,0.0081,0.1263,1.5094,1.5515,2.6,0.0016,0.0021,0.0034,0.0037,0.002,0.009,0.0059,0.0124,0.0015,0.0021,0.0043,0.0036,0.0032,0.0113,0.0083,0.0105,2.746,Subject07,Walking,95.24
275,960,3.0987,0.006,0.1313,1.5124,1.4489,4.25,0.0016,0.0018,0.0031,0.0032,0.0019,0.009,0.0056,0.012,0.0018,0.0021,0.0043,0.0034,0.0034,0.0106,0.0058,0.0114,2.746,Subject07,Walking,95.24
275,975,3.1948,0.0071,0.1373,1.546,1.5044,6.4,0.0016,0.0019,0.0032,0.0037,0.0023,0.01,0.0059,0.0134,0.0014,0.0021,0.004,0.0034,0.0039,0.0099,0.0063,0.0107,2.746,Subject07,Walking,95.24
275,990,3.1567,0.0078,0.1269,1.4988,1.5232,7.6,0.0018,0.0019,0.0032,0.0039,0.0024,0.0093,0.0064,0.0121,0.0015,0.0021,0.0042,0.0037,0.0033,0.0128,0.0075,0.0099,2.746,Subject07,Walking,95.24
275,1005,3.0873,0.0076,0.1291,1.4345,1.5161,5.8,0.0016,0.0019,0.0032,0.0035,0.0023,0.0103,0.0061,0.0118,0.0014,0.0021,0.0042,0.0038,0.0037,0.0124,0.008,0.0101,2.746,Subject07,Walking,95.24
276,1080,2.021,0.0043,0.0757,1.0198,0.9211,2.6,0.0017,0.0018,0.0027,0.0028,0.0021,0.01,0.0057,0.0148,0.0017,0.002,0.004,0.0026,0.0024,0.0096,0.0062,0.0116,2.2496,Subject07,Walking,95.24
276,1095,1.6567,0.0031,0.0755,0.8288,0.7494,0.2,0.0016,0.0023,0.0025,0.003,0.0015,0.009,0.006,0.0142,0.0015,0.0018,0.0034,0.0023,0.0022,0.0112,0.0072,0.0123,2.2496,Subject07,Walking,95.24
276,1110,1.6506,0.0035,0.071,0.7792,0.7968,0.6,0.0016,0.002,0.0027,0.0023,0.0017,0.0098,0.006,0.0138,0.0015,0.0018,0.0034,0.0024,0.0023,0.0095,0.006,0.0154,2.2496,Subject07,Walking,95.24
276,1125,1.8425,0.0048,0.078,0.9468,0.8129,1.4,0.0019,0.0018,0.0025,0.0038,0.0031,0.0085,0.0059,0.0137,0.0017,0.0022,0.0037,0.003,0.0025,0.0118,0.0068,0.0148,2.2496,Subject07,Walking,95.24
276,1140,1.562,0.0037,0.0575,0.7683,0.7325,0.2,0.0022,0.0018,0.0023,0.005,0.0046,0.0103,0.0065,0.0138,0.002,0.0018,0.0029,0.004,0.0022,0.0098,0.0061,0.015,2.2496,Subject07,Walking,95.24
276,1155,1.7161,0.0037,0.075,0.8817,0.7558,0.4,0.0016,0.0021,0.0026,0.0032,0.0021,0.0077,0.0057,0.0126,0.0016,0.0019,0.0037,0.0027,0.0022,0.0109,0.0064,0.0127,2.2496,Subject07,Walking,95.24
276,1170,1.8199,0.0032,0.0662,0.92,0.8305,3,0.0017,0.002,0.0026,0.0025,0.0025,0.0087,0.0055,0.015,0.0016,0.002,0.0037,0.0024,0.0022,0.0081,0.0049,0.0155,2.2496,Subject07,Walking,95.24
276,1185,1.9026,0.0028,0.0691,1.0207,0.81,2.4,0.0016,0.0023,0.003,0.0023,0.0018,0.007,0.0053,0.0147,0.0014,0.0021,0.0043,0.0024,0.0024,0.0088,0.005,0.017,2.2496,Subject07,Walking,95.24
276,1200,1.9663,0.0037,0.079,0.9557,0.9279,3,0.0017,0.002,0.0029,0.0024,0.002,0.0085,0.0051,0.0122,0.0015,0.002,0.0042,0.0024,0.0025,0.0092,0.0056,0.0117,2.2496,Subject07,Walking,95.24
276,1215,1.8443,0.0041,0.0712,0.8583,0.9107,2.4,0.0019,0.0018,0.0024,0.0036,0.0034,0.0105,0.0057,0.013,0.0016,0.0017,0.0031,0.0026,0.0021,0.01,0.0061,0.0139,2.2496,Subject07,Walking,95.24
277,1230,1.8714,0.0047,0.0821,0.9402,0.8443,1.75,0.0016,0.0021,0.0029,0.0026,0.0019,0.0082,0.005,0.0128,0.0014,0.0019,0.0037,0.0021,0.0022,0.0098,0.006,0.0116,2.2496,Subject07,Walking,95.24
277,1245,1.8261,0.0042,0.0746,0.8724,0.8749,2,0.0017,0.0019,0.0027,0.0019,0.002,0.0096,0.0052,0.0138,0.0015,0.0019,0.0038,0.0019,0.0022,0.0117,0.0067,0.0135,2.2496,Subject07,Walking,95.24
277,1260,1.7693,0.0041,0.0744,0.8465,0.8443,0.2,0.0017,0.0018,0.0027,0.0022,0.0019,0.0099,0.0051,0.0139,0.0018,0.0018,0.0037,0.0026,0.0023,0.0104,0.0063,0.0115,2.2496,Subject07,Walking,95.24
277,1275,1.7827,0.004,0.0761,0.922,0.7807,1.25,0.0017,0.0019,0.0029,0.0023,0.002,0.0087,0.0047,0.0143,0.0014,0.0021,0.0035,0.002,0.0022,0.0102,0.0059,0.0139,2.2496,Subject07,Walking,95.24
277,1290,1.926,0.0045,0.081,0.9662,0.8742,-2,0.0018,0.0016,0.0023,0.0026,0.0022,0.0094,0.0056,0.012,0.0014,0.0018,0.0034,0.0023,0.0022,0.0112,0.0057,0.0133,2.2496,Subject07,Walking,95.24
277,1305,1.7781,0.0041,0.0875,0.8647,0.8218,2.6,0.0017,0.0017,0.0026,0.0023,0.0022,0.0106,0.0048,0.0153,0.0016,0.0018,0.0033,0.0025,0.0024,0.0093,0.0052,0.0136,2.2496,Subject07,Walking,95.24
277,1320,1.8559,0.0041,0.0953,0.9245,0.832,0.5,0.0017,0.0018,0.0027,0.0026,0.002,0.0101,0.0048,0.0145,0.0015,0.0019,0.0033,0.0022,0.0023,0.0094,0.0062,0.0111,2.2496,Subject07,Walking,95.24
277,1335,1.9848,0.005,0.0863,0.916,0.9775,1,0.0017,0.002,0.0028,0.0028,0.0022,0.0096,0.0048,0.011,0.0013,0.0018,0.0038,0.0023,0.0025,0.0094,0.005,0.0098,2.2496,Subject07,Walking,95.24
277,1350,2.0037,0.0052,0.0937,0.9784,0.9264,-0.5,0.0015,0.0021,0.0029,0.0024,0.0018,0.0088,0.0047,0.0134,0.0014,0.002,0.004,0.0021,0.0024,0.01,0.006,0.0115,2.2496,Subject07,Walking,95.24
277,1365,1.746,0.0039,0.0816,0.8051,0.8554,-0.75,0.0016,0.002,0.0028,0.0026,0.002,0.0083,0.0056,0.0125,0.0014,0.002,0.004,0.002,0.0024,0.01,0.005,0.0134,2.2496,Subject07,Walking,95.24
278,360,2.1973,0.0065,0.0813,1.1281,0.9814,8.727,0.0039,0.0045,0.0136,0.0113,0.0071,0.0159,0.0106,0.03,0.0031,0.0062,0.0125,0.0109,0.0077,0.014,0.0134,0.0211,2.2197,Subject08,Backwards,65.76
278,375,2.3189,0.0063,0.0819,1.112,1.1187,17.7556,0.0037,0.0046,0.0156,0.0077,0.0074,0.0179,0.0117,0.0279,0.0027,0.0061,0.0128,0.0106,0.0078,0.0148,0.0133,0.0182,2.2197,Subject08,Backwards,65.76
278,390,2.2888,0.0058,0.0806,1.1989,1.0035,17.7556,0.0035,0.004,0.0132,0.0089,0.0063,0.0169,0.0113,0.0286,0.0023,0.0068,0.011,0.0086,0.0085,0.0157,0.0126,0.0167,2.2197,Subject08,Backwards,65.76
278,405,2.2532,0.0053,0.0785,1.1317,1.0377,15.3556,0.0035,0.0038,0.0126,0.009,0.0061,0.0163,0.0114,0.0273,0.0026,0.0059,0.011,0.0093,0.0081,0.015,0.0124,0.0168,2.2197,Subject08,Backwards,65.76
278,420,2.1652,0.0058,0.0759,1.0975,0.986,12.5556,0.0032,0.0043,0.0138,0.0077,0.0063,0.0154,0.0102,0.0328,0.0024,0.0062,0.0115,0.01,0.0069,0.0141,0.0106,0.0174,2.2197,Subject08,Backwards,65.76
278,435,2.196,0.0041,0.0726,1.1125,1.0068,12.3556,0.0034,0.0046,0.0141,0.0102,0.0066,0.0129,0.0097,0.0319,0.0024,0.0069,0.0121,0.0089,0.0076,0.013,0.0097,0.0208,2.2197,Subject08,Backwards,65.76
278,450,2.1125,0.0048,0.071,1.0817,0.955,11.5556,0.003,0.0043,0.0124,0.0089,0.0057,0.0134,0.0098,0.0292,0.0023,0.0068,0.0114,0.0073,0.0067,0.0138,0.01,0.0174,2.2197,Subject08,Backwards,65.76
278,465,2.082,0.004,0.0806,1.0318,0.9656,13.3556,0.003,0.0037,0.0122,0.0087,0.0054,0.0146,0.0106,0.027,0.0023,0.0068,0.0104,0.0075,0.0072,0.0137,0.0106,0.0208,2.2197,Subject08,Backwards,65.76
278,480,2.0906,0.0042,0.0772,1.0791,0.93,11.1556,0.0026,0.004,0.0125,0.0099,0.0059,0.0138,0.0101,0.0269,0.0022,0.0068,0.0122,0.0079,0.0067,0.0135,0.0105,0.0195,2.2197,Subject08,Backwards,65.76
278,495,2.0415,0.0054,0.0848,1.0327,0.9185,10.9889,0.0025,0.0039,0.0116,0.0077,0.0054,0.0151,0.0106,0.025,0.0019,0.0062,0.0107,0.0072,0.0056,0.0138,0.0097,0.0189,2.2197,Subject08,Backwards,65.76
279,510,2.1273,0.0044,0.0834,1.0807,0.9588,11.3556,0.0023,0.0043,0.0139,0.0068,0.0065,0.0146,0.0096,0.0285,0.0016,0.0079,0.0111,0.0064,0.006,0.0116,0.0079,0.0211,2.2197,Subject08,Backwards,65.76
279,525,2.085,0.0046,0.0838,1.0679,0.9287,11.9556,0.0024,0.0043,0.0145,0.0092,0.0066,0.0129,0.0088,0.0307,0.0016,0.0075,0.0117,0.0071,0.0061,0.0128,0.0101,0.0209,2.2197,Subject08,Backwards,65.76
279,540,1.9769,0.0055,0.0856,0.9863,0.8995,10.4889,0.0024,0.0047,0.0149,0.0067,0.0065,0.0134,0.0082,0.0367,0.0015,0.0069,0.0115,0.006,0.0054,0.0115,0.0087,0.0222,2.2197,Subject08,Backwards,65.76
279,555,1.9692,0.0051,0.0798,1.0012,0.8832,9.6556,0.0023,0.0045,0.0144,0.0065,0.0061,0.0137,0.0085,0.0315,0.0017,0.0065,0.0124,0.0066,0.0056,0.0112,0.0083,0.0236,2.2197,Subject08,Backwards,65.76
279,570,2.0463,0.005,0.0913,1.0429,0.9072,12.3222,0.0022,0.0043,0.0148,0.0059,0.0063,0.0139,0.0081,0.0328,0.0016,0.0059,0.0112,0.0047,0.0046,0.0116,0.0088,0.0224,2.2197,Subject08,Backwards,65.76
279,585,2.0069,0.0046,0.0876,1.006,0.9087,12.8222,0.0022,0.0044,0.0158,0.0047,0.0065,0.0133,0.0088,0.0336,0.0016,0.0058,0.0106,0.0055,0.0047,0.0103,0.0078,0.0198,2.2197,Subject08,Backwards,65.76
279,600,1.9624,0.0045,0.0875,0.9381,0.9323,17.1556,0.0021,0.0042,0.0144,0.0052,0.0063,0.0136,0.0086,0.026,0.0014,0.0069,0.0106,0.0035,0.0041,0.0105,0.0074,0.0205,2.2197,Subject08,Backwards,65.76
279,615,1.9861,0.0043,0.0824,0.9943,0.905,16.3222,0.0021,0.004,0.0155,0.004,0.0066,0.013,0.008,0.0317,0.0015,0.0057,0.01,0.0032,0.0043,0.0106,0.0072,0.0194,2.2197,Subject08,Backwards,65.76
279,630,1.946,0.0049,0.088,0.9562,0.8969,12.3556,0.0021,0.0042,0.014,0.0065,0.0063,0.015,0.0089,0.0311,0.0014,0.0066,0.0109,0.0043,0.0043,0.0109,0.0085,0.0212,2.2197,Subject08,Backwards,65.76
279,645,1.9774,0.0046,0.0867,0.9739,0.9122,12.9556,0.0021,0.0047,0.0141,0.0065,0.0063,0.0139,0.0089,0.0286,0.0016,0.0076,0.012,0.0055,0.0053,0.0112,0.0084,0.0274,2.2197,Subject08,Backwards,65.76
280,720,0.8518,0.0026,0.0441,0.4045,0.4007,9.3556,0.002,0.0032,0.0099,0.0053,0.0045,0.0122,0.009,0.0212,0.0014,0.0052,0.0068,0.0037,0.0035,0.0074,0.0066,0.0211,1.6366,Subject08,Backwards,65.76
280,735,0.9387,0.0019,0.0414,0.4564,0.439,4.7556,0.0019,0.0035,0.0116,0.0055,0.0053,0.0112,0.0083,0.025,0.0013,0.0057,0.0085,0.0043,0.0042,0.0065,0.0074,0.0237,1.6366,Subject08,Backwards,65.76
280,750,0.8965,0.0023,0.0453,0.4311,0.4179,5.3556,0.0019,0.0039,0.0109,0.0052,0.0053,0.0112,0.0079,0.0232,0.0014,0.0058,0.0084,0.003,0.0034,0.0073,0.0071,0.0189,1.6366,Subject08,Backwards,65.76
280,765,0.884,0.0023,0.048,0.3737,0.46,1.5556,0.0018,0.0034,0.011,0.004,0.0047,0.0107,0.0072,0.0301,0.0013,0.0059,0.0075,0.0033,0.0036,0.0074,0.007,0.0212,1.6366,Subject08,Backwards,65.76
280,780,0.8391,0.0017,0.0471,0.3993,0.3909,5.1556,0.0018,0.0037,0.0121,0.0031,0.0046,0.0107,0.0079,0.0253,0.0013,0.0051,0.0069,0.0027,0.0033,0.0077,0.0071,0.0189,1.6366,Subject08,Backwards,65.76
280,795,0.9448,0.0025,0.0521,0.4623,0.4279,11.5556,0.0019,0.0036,0.0127,0.0031,0.0052,0.0102,0.0077,0.0301,0.0013,0.0048,0.0077,0.0031,0.004,0.0088,0.0078,0.02,1.6366,Subject08,Backwards,65.76
280,810,0.947,0.0026,0.0584,0.4271,0.459,14.5556,0.0018,0.0043,0.0114,0.0029,0.0043,0.0097,0.0077,0.0224,0.0012,0.0056,0.0072,0.003,0.0034,0.0089,0.0062,0.0163,1.6366,Subject08,Backwards,65.76
280,825,0.8735,0.0022,0.0548,0.3915,0.425,7.6556,0.0019,0.0048,0.0107,0.0037,0.0045,0.01,0.008,0.0274,0.0012,0.0062,0.008,0.004,0.0039,0.0096,0.0081,0.0245,1.6366,Subject08,Backwards,65.76
280,840,0.9025,0.002,0.0497,0.4009,0.4499,8.7556,0.0018,0.0036,0.0105,0.0041,0.0051,0.0087,0.0087,0.0263,0.0013,0.0052,0.0082,0.004,0.0042,0.0079,0.008,0.0228,1.6366,Subject08,Backwards,65.76
280,855,0.8882,0.0017,0.042,0.4396,0.4049,7.1556,0.0019,0.0035,0.0113,0.0046,0.0051,0.0088,0.0083,0.023,0.0013,0.0064,0.0091,0.0032,0.0042,0.0059,0.008,0.0255,1.6366,Subject08,Backwards,65.76
281,870,0.8544,0.0025,0.0495,0.3637,0.4387,5.5556,0.0019,0.0037,0.0098,0.0034,0.004,0.0114,0.0082,0.0268,0.0015,0.0054,0.0084,0.0034,0.0043,0.0081,0.0079,0.0194,1.6366,Subject08,Backwards,65.76
281,885,0.7994,0.0019,0.0473,0.3369,0.4132,2.1556,0.0019,0.0041,0.0117,0.0029,0.0045,0.0112,0.0082,0.0306,0.0014,0.0055,0.0068,0.0024,0.003,0.0054,0.0063,0.0225,1.6366,Subject08,Backwards,65.76
281,900,0.8344,0.0018,0.0468,0.4233,0.3624,10.7556,0.0019,0.0038,0.0107,0.0034,0.0042,0.0084,0.0073,0.0275,0.0012,0.0066,0.0068,0.0028,0.0033,0.0081,0.0075,0.0194,1.6366,Subject08,Backwards,65.76
281,915,0.9361,0.0023,0.0475,0.4187,0.4675,5.1556,0.0018,0.0037,0.0094,0.0038,0.0042,0.012,0.0094,0.0197,0.0013,0.0053,0.0068,0.003,0.0038,0.0111,0.0087,0.021,1.6366,Subject08,Backwards,65.76
281,930,0.865,0.0018,0.0477,0.4218,0.3937,4.3556,0.0019,0.0041,0.012,0.0034,0.0047,0.0102,0.0092,0.027,0.0012,0.007,0.0089,0.0039,0.0044,0.0065,0.0065,0.0238,1.6366,Subject08,Backwards,65.76
281,945,0.8582,0.002,0.0454,0.4158,0.395,7.3556,0.0019,0.0034,0.0108,0.0028,0.0045,0.0092,0.0078,0.0253,0.0012,0.0061,0.0086,0.0031,0.0038,0.0079,0.0074,0.0162,1.6366,Subject08,Backwards,65.76
281,960,0.8751,0.0018,0.0549,0.4488,0.3695,3.6556,0.0018,0.0044,0.0117,0.0031,0.0047,0.0086,0.0073,0.0281,0.0012,0.0059,0.0077,0.0029,0.0035,0.0098,0.0072,0.0159,1.6366,Subject08,Backwards,65.76
281,975,0.9064,0.002,0.0495,0.4034,0.4515,11.1556,0.0018,0.0046,0.01,0.0032,0.0042,0.0124,0.0092,0.0233,0.0013,0.005,0.0079,0.0038,0.0035,0.0107,0.0085,0.0178,1.6366,Subject08,Backwards,65.76
281,990,0.886,0.002,0.0537,0.4116,0.4187,8.6556,0.0018,0.0046,0.0103,0.0032,0.0043,0.0102,0.0084,0.0252,0.0013,0.0059,0.0085,0.0031,0.0038,0.0096,0.0084,0.0198,1.6366,Subject08,Backwards,65.76
281,1005,0.8252,0.0022,0.0502,0.4085,0.3643,9.9556,0.0019,0.0042,0.0102,0.0027,0.0043,0.0094,0.0086,0.0242,0.0013,0.0056,0.0082,0.003,0.0032,0.0081,0.0072,0.0181,1.6366,Subject08,Backwards,65.76
282,360,3.2693,0.0058,0.12,1.5543,1.5893,6.6909,0.0156,0.0127,0.0411,0.0288,0.0175,0.0379,0.0122,0.0319,0.0027,0.0116,0.0412,0.0129,0.0122,0.0338,0.0212,0.0216,5.5294,Subject08,Cycling,65.76
282,375,3.3316,0.0133,0.1413,1.572,1.605,19.2909,0.016,0.0129,0.0376,0.0307,0.0166,0.0353,0.0099,0.0314,0.0027,0.012,0.044,0.0123,0.013,0.0316,0.0226,0.0276,5.5294,Subject08,Cycling,65.76
282,390,3.2859,0.0113,0.1247,1.5538,1.5961,21.3576,0.0165,0.0124,0.037,0.0312,0.0161,0.0392,0.0097,0.0408,0.0025,0.0124,0.0401,0.0109,0.012,0.0289,0.0191,0.0244,5.5294,Subject08,Cycling,65.76
282,405,3.2658,0.012,0.1153,1.5183,1.6201,19.6909,0.0167,0.0122,0.0374,0.0285,0.0156,0.0353,0.0116,0.0442,0.0027,0.0119,0.0411,0.0093,0.0131,0.0307,0.0207,0.0329,5.5294,Subject08,Cycling,65.76
282,420,3.1975,0.0113,0.1268,1.5785,1.4809,23.0242,0.0148,0.0108,0.0298,0.028,0.0134,0.0335,0.0152,0.0205,0.0028,0.0102,0.0386,0.0131,0.0117,0.0289,0.02,0.0299,5.5294,Subject08,Cycling,65.76
282,435,2.9028,0.0049,0.0965,1.4134,1.388,25.5242,0.0149,0.0088,0.0308,0.0307,0.0147,0.0329,0.0131,0.0232,0.0024,0.0093,0.0365,0.0092,0.0111,0.0289,0.0201,0.0203,5.5294,Subject08,Cycling,65.76
282,450,2.9707,0.009,0.1095,1.4068,1.4454,24.8909,0.0164,0.0117,0.0351,0.0236,0.0147,0.0359,0.0128,0.032,0.003,0.0111,0.0408,0.0086,0.0124,0.0332,0.0202,0.0236,5.5294,Subject08,Cycling,65.76
282,465,3.1222,0.0094,0.1021,1.4678,1.5429,24.6909,0.0163,0.0118,0.0299,0.0249,0.013,0.0371,0.0133,0.0195,0.003,0.0101,0.037,0.0118,0.0119,0.0314,0.018,0.0184,5.5294,Subject08,Cycling,65.76
282,480,2.9271,0.0104,0.0956,1.3995,1.4215,24.5481,0.0154,0.014,0.0293,0.0248,0.0129,0.0355,0.0139,0.0165,0.0029,0.011,0.0419,0.0108,0.0124,0.0327,0.0193,0.0187,5.5294,Subject08,Cycling,65.76
282,495,3.0211,0.0115,0.1024,1.4327,1.4746,27.6909,0.0156,0.0122,0.0325,0.0187,0.0135,0.0392,0.0225,0.0242,0.0032,0.0095,0.0355,0.0075,0.0127,0.035,0.029,0.0268,5.5294,Subject08,Cycling,65.76
283,510,2.8105,0.0068,0.0729,1.3447,1.386,32.3576,0.0149,0.0144,0.0307,0.0181,0.0131,0.0404,0.0224,0.0183,0.003,0.0091,0.0316,0.0073,0.0127,0.0334,0.0332,0.0216,5.5294,Subject08,Cycling,65.76
283,525,2.9556,0.0066,0.0756,1.4052,1.4681,30.6909,0.015,0.0139,0.0273,0.0193,0.0121,0.0447,0.0215,0.0181,0.003,0.0081,0.0316,0.0109,0.0115,0.0358,0.0284,0.0236,5.5294,Subject08,Cycling,65.76
283,540,2.9245,0.0074,0.0783,1.4243,1.4145,30.8576,0.0144,0.0134,0.0275,0.0181,0.0119,0.0422,0.0223,0.016,0.0028,0.0081,0.035,0.0135,0.0126,0.0335,0.0283,0.0205,5.5294,Subject08,Cycling,65.76
283,555,2.8158,0.007,0.0799,1.3725,1.3565,31.0242,0.0152,0.0144,0.0266,0.0169,0.0116,0.0383,0.0217,0.014,0.0028,0.0087,0.0336,0.0134,0.0115,0.0317,0.0265,0.0159,5.5294,Subject08,Cycling,65.76
283,570,2.9222,0.0065,0.0859,1.4159,1.414,30.8576,0.0149,0.0131,0.0295,0.0188,0.0127,0.0427,0.0237,0.0183,0.0028,0.0086,0.0329,0.0113,0.0137,0.0332,0.0311,0.022,5.5294,Subject08,Cycling,65.76
283,585,2.7199,0.0041,0.0649,1.3233,1.3276,33.6909,0.0149,0.0132,0.0301,0.0191,0.0127,0.0399,0.0214,0.0158,0.0025,0.008,0.0347,0.0145,0.0141,0.0303,0.0309,0.0176,5.5294,Subject08,Cycling,65.76
283,600,2.796,0.0046,0.0726,1.3652,1.3537,33.5242,0.0146,0.0126,0.0305,0.0228,0.0141,0.0433,0.0231,0.0195,0.0026,0.0087,0.0338,0.0158,0.0125,0.0334,0.0271,0.0198,5.5294,Subject08,Cycling,65.76
283,615,2.8356,0.0057,0.0706,1.3651,1.3941,29.0242,0.0152,0.0123,0.0267,0.0265,0.0131,0.0442,0.0213,0.0217,0.0026,0.0088,0.0314,0.015,0.0131,0.0327,0.0291,0.0248,5.5294,Subject08,Cycling,65.76
283,630,2.9295,0.0065,0.0836,1.417,1.4223,30.2623,0.0158,0.009,0.0289,0.0275,0.0128,0.0407,0.0114,0.0231,0.0026,0.0092,0.0339,0.0149,0.0118,0.0364,0.02,0.0263,5.5294,Subject08,Cycling,65.76
283,645,3.0791,0.0084,0.0963,1.4711,1.5033,31.0242,0.0149,0.0106,0.0289,0.0248,0.0128,0.0402,0.0139,0.0249,0.0029,0.0084,0.0402,0.0146,0.0139,0.0345,0.025,0.0261,5.5294,Subject08,Cycling,65.76
284,720,1.5543,0.0014,0.044,0.7373,0.7716,30.5242,0.0154,0.0114,0.0359,0.0104,0.0147,0.0268,0.0127,0.0031,0.0039,0.0091,0.0406,0.0093,0.0137,0.0228,0.0195,0.0056,4.5208,Subject08,Cycling,65.76
284,735,1.6547,0.0012,0.0473,0.7849,0.8213,27.6909,0.0147,0.0116,0.0379,0.0096,0.0149,0.0274,0.0125,0.0023,0.0035,0.0082,0.041,0.0096,0.0129,0.0245,0.0189,0.003,4.5208,Subject08,Cycling,65.76
284,750,1.5965,0.0017,0.0473,0.7335,0.814,28.4052,0.0144,0.0104,0.0346,0.0066,0.0145,0.0243,0.011,0.0034,0.0034,0.0084,0.0399,0.0105,0.0164,0.024,0.0188,0.0025,4.5208,Subject08,Cycling,65.76
284,765,1.6375,0.0017,0.0463,0.7747,0.8149,31.3576,0.0187,0.0086,0.0367,0.0071,0.0146,0.0262,0.0111,0.0099,0.0029,0.01,0.0422,0.008,0.0164,0.0275,0.0165,0.0074,4.5208,Subject08,Cycling,65.76
284,780,1.6753,0.0011,0.0505,0.7777,0.846,31.0242,0.0198,0.0088,0.036,0.01,0.0149,0.0254,0.0082,0.0106,0.003,0.0109,0.0415,0.0056,0.0178,0.0273,0.0138,0.008,4.5208,Subject08,Cycling,65.76
284,795,1.7196,0.001,0.0528,0.7948,0.871,34.0242,0.0189,0.0084,0.0404,0.0101,0.0168,0.0273,0.0096,0.0136,0.0029,0.0104,0.0441,0.0067,0.0197,0.027,0.0136,0.0093,4.5208,Subject08,Cycling,65.76
284,810,1.7581,0.001,0.0496,0.8357,0.8717,31.1909,0.0186,0.0086,0.0354,0.013,0.0156,0.024,0.0078,0.0118,0.0029,0.0103,0.0409,0.0069,0.0174,0.0258,0.014,0.0098,4.5208,Subject08,Cycling,65.76
284,825,1.7103,0.0009,0.048,0.7938,0.8675,30.0242,0.0173,0.0086,0.0394,0.012,0.0156,0.0236,0.0083,0.0105,0.0028,0.0098,0.0394,0.0085,0.0141,0.0217,0.013,0.0085,4.5208,Subject08,Cycling,65.76
284,840,1.7225,0.001,0.0515,0.8188,0.8513,29.5242,0.019,0.0079,0.0355,0.0154,0.0148,0.0251,0.0084,0.0124,0.0031,0.0105,0.0444,0.007,0.0137,0.025,0.0131,0.0079,4.5208,Subject08,Cycling,65.76
284,855,1.6874,0.0008,0.0494,0.788,0.8492,32.4052,0.0178,0.0076,0.0361,0.0143,0.0154,0.0257,0.0084,0.0125,0.0029,0.0107,0.0429,0.0072,0.0148,0.0291,0.0146,0.0103,4.5208,Subject08,Cycling,65.76
285,870,1.6656,0.0006,0.0407,0.7632,0.8611,31.6909,0.017,0.0084,0.0384,0.0141,0.0166,0.0253,0.0087,0.0101,0.0027,0.0103,0.0401,0.0084,0.0151,0.0262,0.0132,0.0088,4.5208,Subject08,Cycling,65.76
285,885,1.7196,0.0008,0.0453,0.7903,0.8832,33.6909,0.0169,0.008,0.0362,0.0119,0.015,0.0231,0.0088,0.0109,0.0028,0.0104,0.0444,0.008,0.0157,0.0268,0.0137,0.0098,4.5208,Subject08,Cycling,65.76
285,900,1.7295,0.001,0.0499,0.8142,0.8644,31.8576,0.0169,0.0085,0.0373,0.0159,0.0154,0.0253,0.0072,0.0069,0.0024,0.0099,0.0384,0.0091,0.014,0.0245,0.0127,0.0135,4.5208,Subject08,Cycling,65.76
285,915,1.7379,0.0007,0.0467,0.8167,0.8737,34.5242,0.0185,0.0083,0.0342,0.0132,0.0155,0.0232,0.0069,0.0085,0.0024,0.011,0.0428,0.0113,0.0195,0.0225,0.0103,0.0091,4.5208,Subject08,Cycling,65.76
285,930,1.7105,0.001,0.0515,0.7868,0.8712,30.3576,0.017,0.0082,0.0371,0.0132,0.0154,0.0241,0.0075,0.0103,0.0025,0.0101,0.0392,0.0109,0.0178,0.0263,0.0111,0.0103,4.5208,Subject08,Cycling,65.76
285,945,1.7034,0.001,0.0468,0.8022,0.8535,30.0242,0.0177,0.0088,0.0356,0.0143,0.0154,0.0249,0.0085,0.0133,0.0025,0.0103,0.0413,0.0073,0.0151,0.0224,0.0137,0.011,4.5208,Subject08,Cycling,65.76
285,960,1.7306,0.0011,0.0545,0.8174,0.8575,29.9766,0.0167,0.0087,0.0391,0.0157,0.0168,0.0238,0.0081,0.013,0.0024,0.0108,0.0419,0.0073,0.013,0.0247,0.014,0.012,4.5208,Subject08,Cycling,65.76
285,975,1.8338,0.0009,0.0516,0.8578,0.9235,32.3576,0.0175,0.0094,0.0371,0.0172,0.0164,0.0248,0.0079,0.0131,0.0025,0.0121,0.0441,0.0132,0.0182,0.0267,0.0126,0.0112,4.5208,Subject08,Cycling,65.76
285,990,1.7275,0.0006,0.0431,0.7959,0.8878,34.3576,0.0156,0.0097,0.0381,0.0177,0.0161,0.0264,0.0077,0.0133,0.0025,0.011,0.0412,0.0117,0.0178,0.0252,0.0108,0.0087,4.5208,Subject08,Cycling,65.76
285,1005,1.7485,0.0006,0.0458,0.8288,0.8733,33.8576,0.016,0.0093,0.0393,0.0133,0.0162,0.0252,0.0077,0.0144,0.0025,0.0096,0.0413,0.0101,0.0179,0.0258,0.012,0.0084,4.5208,Subject08,Cycling,65.76
286,1080,1.6393,0.0009,0.0462,0.7914,0.8009,29.5242,0.0186,0.0064,0.0237,0.0153,0.0105,0.0253,0.0073,0.0106,0.0019,0.0084,0.0276,0.0155,0.0098,0.0271,0.0088,0.0087,3.1603,Subject08,Cycling,65.76
286,1095,1.6245,0.0009,0.0476,0.7855,0.7905,27.1909,0.0189,0.0061,0.0267,0.0135,0.0108,0.0246,0.0075,0.0112,0.0019,0.0079,0.0242,0.0083,0.0079,0.0247,0.0093,0.0094,3.1603,Subject08,Cycling,65.76
286,1110,1.6708,0.0009,0.0539,0.8019,0.8142,27.5242,0.0186,0.0063,0.0256,0.0136,0.0108,0.0242,0.0068,0.0118,0.0018,0.0074,0.027,0.0073,0.0098,0.0254,0.0104,0.01,3.1603,Subject08,Cycling,65.76
286,1125,1.7088,0.001,0.0579,0.8176,0.8323,24.1195,0.0186,0.0063,0.0274,0.016,0.0119,0.0222,0.0069,0.0139,0.0017,0.0088,0.0278,0.0055,0.0099,0.0244,0.0113,0.0116,3.1603,Subject08,Cycling,65.76
286,1140,1.7516,0.001,0.0555,0.8322,0.8628,23.2909,0.019,0.0062,0.0253,0.0183,0.011,0.0218,0.0063,0.0145,0.0017,0.0086,0.0264,0.0067,0.0088,0.0268,0.0111,0.0121,3.1603,Subject08,Cycling,65.76
286,1155,1.6807,0.0011,0.0493,0.799,0.8314,26.2623,0.0195,0.0064,0.0241,0.019,0.0104,0.0202,0.0051,0.0105,0.0016,0.0095,0.0276,0.0076,0.0103,0.0248,0.0103,0.0104,3.1603,Subject08,Cycling,65.76
286,1170,1.6459,0.0009,0.0525,0.7753,0.8172,24.0242,0.0168,0.0079,0.0281,0.0128,0.0115,0.0209,0.0063,0.0142,0.0016,0.0084,0.0271,0.0078,0.0098,0.0238,0.0098,0.0098,3.1603,Subject08,Cycling,65.76
286,1185,1.6683,0.0008,0.0473,0.7924,0.8278,22.8576,0.0146,0.0087,0.0275,0.0153,0.0113,0.0235,0.0059,0.0103,0.0016,0.0085,0.0265,0.0098,0.0107,0.0216,0.0093,0.0075,3.1603,Subject08,Cycling,65.76
286,1200,1.6756,0.0008,0.0474,0.7868,0.8406,22.3576,0.0152,0.0061,0.0238,0.0135,0.0107,0.0234,0.0075,0.0129,0.0017,0.0087,0.0251,0.0079,0.009,0.0242,0.0085,0.0089,3.1603,Subject08,Cycling,65.76
286,1215,1.6906,0.0008,0.0496,0.8151,0.8251,22.1909,0.0197,0.0069,0.0249,0.0161,0.0115,0.0241,0.007,0.0115,0.0018,0.0085,0.0252,0.0093,0.0097,0.0259,0.0088,0.0096,3.1603,Subject08,Cycling,65.76
287,1230,1.6798,0.0007,0.0447,0.7862,0.8481,23.3576,0.0176,0.0069,0.0302,0.0149,0.0125,0.0236,0.0068,0.0135,0.0018,0.0074,0.0245,0.0061,0.0089,0.0251,0.0106,0.0118,3.1603,Subject08,Cycling,65.76
287,1245,1.7571,0.001,0.0445,0.8302,0.8815,21.5242,0.0177,0.007,0.0273,0.0193,0.0113,0.0245,0.0066,0.0208,0.0019,0.008,0.0257,0.0086,0.0092,0.0254,0.0105,0.0131,3.1603,Subject08,Cycling,65.76
287,1260,1.6713,0.0008,0.0393,0.8113,0.8199,19.1909,0.0185,0.0077,0.0268,0.02,0.0115,0.0227,0.0056,0.0159,0.0018,0.0074,0.0237,0.0139,0.0106,0.0265,0.0093,0.0105,3.1603,Subject08,Cycling,65.76
287,1275,1.6671,0.0007,0.0402,0.7835,0.8427,18.8576,0.0178,0.007,0.0294,0.0159,0.0125,0.0237,0.0058,0.0156,0.0018,0.0076,0.0239,0.0109,0.0102,0.026,0.0101,0.0109,3.1603,Subject08,Cycling,65.76
287,1290,1.6901,0.0007,0.0486,0.788,0.8528,19.6909,0.0152,0.0066,0.0286,0.0168,0.0123,0.026,0.007,0.0171,0.0018,0.0083,0.0266,0.0083,0.0097,0.0256,0.0109,0.0124,3.1603,Subject08,Cycling,65.76
287,1305,1.7012,0.0009,0.048,0.7991,0.8532,21.2909,0.0167,0.0074,0.0326,0.0161,0.0132,0.0235,0.007,0.0172,0.0018,0.0074,0.0246,0.008,0.0078,0.0244,0.0094,0.0091,3.1603,Subject08,Cycling,65.76
287,1320,1.6761,0.0007,0.047,0.768,0.8603,18.5481,0.0169,0.0073,0.0311,0.0154,0.0127,0.0238,0.0065,0.014,0.0019,0.0075,0.0255,0.0086,0.009,0.0246,0.009,0.0058,3.1603,Subject08,Cycling,65.76
287,1335,1.6497,0.001,0.0491,0.7573,0.8423,19.1909,0.017,0.0079,0.0312,0.0142,0.0129,0.0213,0.0061,0.0094,0.0018,0.0077,0.0278,0.0075,0.009,0.0225,0.0096,0.0057,3.1603,Subject08,Cycling,65.76
287,1350,1.6753,0.0008,0.0415,0.7829,0.8502,22.5242,0.0173,0.0086,0.0317,0.019,0.0137,0.0246,0.0061,0.0152,0.0019,0.0074,0.0258,0.0074,0.0093,0.026,0.0112,0.0091,3.1603,Subject08,Cycling,65.76
287,1365,1.6624,0.0008,0.0444,0.7791,0.8381,18.5242,0.0165,0.0079,0.0288,0.0152,0.0125,0.0233,0.0062,0.0124,0.0019,0.008,0.0269,0.0087,0.0106,0.023,0.012,0.0096,3.1603,Subject08,Cycling,65.76
288,1440,1.6424,0.0006,0.0405,0.7992,0.8021,20.5481,0.0156,0.0093,0.0423,0.0152,0.0172,0.0286,0.0124,0.0212,0.0029,0.011,0.0493,0.0102,0.0181,0.0255,0.0169,0.0195,5.6137,Subject08,Cycling,65.76
288,1455,1.7363,0.0005,0.0396,0.849,0.8473,21.5242,0.0152,0.0097,0.0437,0.015,0.0182,0.0272,0.0122,0.0182,0.0032,0.0109,0.0476,0.0111,0.018,0.0258,0.0158,0.0167,5.6137,Subject08,Cycling,65.76
288,1470,1.6898,0.0006,0.0422,0.8173,0.8296,22.3576,0.0163,0.0096,0.0465,0.0152,0.0184,0.0226,0.0107,0.0175,0.0029,0.0117,0.0496,0.0109,0.0183,0.0247,0.0148,0.0118,5.6137,Subject08,Cycling,65.76
288,1485,1.7471,0.0008,0.0405,0.8241,0.8817,27.3576,0.0167,0.0109,0.0483,0.0165,0.0197,0.0257,0.0105,0.0184,0.0029,0.0104,0.0465,0.0103,0.0173,0.0261,0.0141,0.0105,5.6137,Subject08,Cycling,65.76
288,1500,1.7269,0.0007,0.0424,0.8037,0.88,29.0659,0.0163,0.0106,0.0471,0.0151,0.0194,0.0236,0.0105,0.0159,0.0029,0.0104,0.0447,0.0119,0.0145,0.024,0.0115,0.0082,5.6137,Subject08,Cycling,65.76
288,1515,1.69,0.0007,0.0439,0.7854,0.86,31.9766,0.0168,0.0116,0.0501,0.0145,0.0197,0.0239,0.0108,0.0146,0.0031,0.0124,0.0516,0.0137,0.0191,0.0224,0.0112,0.0073,5.6137,Subject08,Cycling,65.76
288,1530,1.7232,0.0007,0.0429,0.7933,0.8863,32.8338,0.018,0.0111,0.0445,0.0161,0.0176,0.0199,0.007,0.0081,0.0031,0.0122,0.0477,0.0176,0.0207,0.0223,0.0094,0.0064,5.6137,Subject08,Cycling,65.76
288,1545,1.7339,0.0008,0.0485,0.8083,0.8763,35.6909,0.019,0.0117,0.0494,0.018,0.0197,0.0205,0.0078,0.0104,0.003,0.0124,0.0542,0.0126,0.0222,0.0254,0.0119,0.0098,5.6137,Subject08,Cycling,65.76
288,1560,1.738,0.0006,0.0451,0.805,0.8872,37.8338,0.0206,0.0128,0.0483,0.0155,0.0194,0.0207,0.0091,0.0157,0.0031,0.0121,0.0495,0.0157,0.0214,0.0247,0.0125,0.0114,5.6137,Subject08,Cycling,65.76
288,1575,1.8137,0.0007,0.0434,0.867,0.9026,37.1195,0.0206,0.0142,0.0509,0.0178,0.0198,0.0213,0.0086,0.0154,0.0032,0.0125,0.0505,0.0175,0.0221,0.0257,0.0134,0.0112,5.6137,Subject08,Cycling,65.76
289,1590,1.7568,0.0007,0.04,0.8319,0.8842,36.9766,0.0182,0.0128,0.0491,0.0186,0.0196,0.0219,0.0084,0.013,0.0032,0.0121,0.0501,0.0176,0.0235,0.0266,0.013,0.0114,5.6137,Subject08,Cycling,65.76
289,1605,1.7687,0.0007,0.0412,0.8219,0.9049,42.6909,0.0199,0.0132,0.0513,0.0199,0.0209,0.024,0.0087,0.0176,0.0031,0.0115,0.0494,0.0177,0.0229,0.0269,0.013,0.0128,5.6137,Subject08,Cycling,65.76
289,1620,1.7533,0.0008,0.0401,0.8383,0.8742,39.6909,0.0209,0.0122,0.0502,0.0214,0.0205,0.0261,0.0094,0.0209,0.0032,0.013,0.0529,0.0151,0.0211,0.0264,0.0136,0.0118,5.6137,Subject08,Cycling,65.76
289,1635,1.7822,0.0007,0.0445,0.8516,0.8853,39.6909,0.0199,0.0124,0.0443,0.0206,0.0198,0.0259,0.0081,0.0178,0.0028,0.0129,0.052,0.0173,0.0208,0.0253,0.0126,0.0134,5.6137,Subject08,Cycling,65.76
289,1650,1.7354,0.001,0.0462,0.8383,0.8499,39.9766,0.0181,0.0119,0.0452,0.0252,0.0194,0.0226,0.0077,0.0127,0.003,0.0137,0.0518,0.0162,0.021,0.0239,0.0122,0.011,5.6137,Subject08,Cycling,65.76
289,1665,1.7262,0.0007,0.0475,0.8179,0.8601,42.4052,0.0188,0.0133,0.0479,0.0175,0.0197,0.02,0.0071,0.0155,0.0027,0.0128,0.0547,0.0177,0.0212,0.0225,0.01,0.009,5.6137,Subject08,Cycling,65.76
289,1680,1.7111,0.0006,0.0423,0.798,0.8702,43.4409,0.018,0.0132,0.0515,0.0212,0.021,0.0226,0.0091,0.0174,0.0031,0.0131,0.0548,0.015,0.0207,0.0232,0.0118,0.0119,5.6137,Subject08,Cycling,65.76
289,1695,1.736,0.0009,0.0397,0.8303,0.8651,43.1909,0.0206,0.0139,0.0495,0.0204,0.0207,0.0229,0.0082,0.0193,0.0028,0.0127,0.0482,0.0165,0.0221,0.0263,0.0137,0.0121,5.6137,Subject08,Cycling,65.76
289,1710,1.7369,0.0006,0.0436,0.8133,0.8794,45.5481,0.0207,0.0167,0.046,0.0202,0.0204,0.0215,0.0067,0.0153,0.0027,0.0134,0.0485,0.0171,0.022,0.0212,0.0101,0.0098,5.6137,Subject08,Cycling,65.76
289,1725,1.6588,0.0008,0.045,0.7817,0.8313,43.1909,0.0175,0.0154,0.0485,0.02,0.0194,0.0205,0.0052,0.0104,0.0028,0.013,0.0451,0.0201,0.0197,0.0198,0.007,0.0074,5.6137,Subject08,Cycling,65.76
290,360,3.4387,0.0044,0.1125,1.6359,1.6859,12.513,0.0039,0.0026,0.0085,0.0091,0.0048,0.0223,0.0189,0.0302,0.0024,0.0028,0.0092,0.0086,0.0064,0.0191,0.019,0.0145,5.2712,Subject08,Incline,65.76
290,375,4.1584,0.0048,0.1341,1.998,2.0215,27.513,0.0038,0.0024,0.0072,0.0102,0.0044,0.0241,0.0202,0.0336,0.0025,0.0028,0.0082,0.0093,0.0075,0.02,0.0209,0.0156,5.2712,Subject08,Incline,65.76
290,390,4.0454,0.0046,0.1396,1.9599,1.9413,30.5797,0.0033,0.0023,0.0066,0.0102,0.0041,0.027,0.0206,0.0315,0.0024,0.0027,0.0075,0.0099,0.0073,0.0213,0.0222,0.0164,5.2712,Subject08,Incline,65.76
290,405,4.083,0.0043,0.1356,2.0009,1.9422,29.913,0.0034,0.002,0.0059,0.01,0.0038,0.0279,0.0201,0.0302,0.0024,0.0024,0.0065,0.0095,0.0075,0.0202,0.0212,0.0159,5.2712,Subject08,Incline,65.76
290,420,4.0529,0.0047,0.1328,1.9152,2.0002,28.713,0.0035,0.0022,0.0061,0.009,0.004,0.0261,0.0205,0.0323,0.0025,0.0025,0.0069,0.0089,0.007,0.0198,0.0217,0.0165,5.2712,Subject08,Incline,65.76
290,435,4.1094,0.0045,0.1313,2.0267,1.9468,33.413,0.0033,0.0021,0.0053,0.0102,0.0035,0.0259,0.02,0.0314,0.0025,0.0023,0.0062,0.0091,0.0076,0.0202,0.0197,0.0158,5.2712,Subject08,Incline,65.76
290,450,4.0728,0.0045,0.1338,1.9827,1.9518,32.713,0.0032,0.002,0.0057,0.0096,0.0036,0.0276,0.0209,0.03,0.0023,0.0022,0.0057,0.0094,0.007,0.0202,0.0211,0.0159,5.2712,Subject08,Incline,65.76
290,465,4.0838,0.0044,0.1402,1.9397,1.9995,34.663,0.0031,0.0021,0.0055,0.0106,0.0036,0.0266,0.0196,0.0326,0.0021,0.0023,0.0064,0.0091,0.0076,0.0212,0.0212,0.0156,5.2712,Subject08,Incline,65.76
290,480,4.1281,0.0046,0.1419,2.037,1.9447,34.913,0.0034,0.0023,0.0067,0.0094,0.0042,0.0271,0.0203,0.0317,0.0023,0.0024,0.0067,0.0092,0.0077,0.0184,0.0191,0.0162,5.2712,Subject08,Incline,65.76
290,495,4.0971,0.0047,0.1418,1.9217,2.0289,35.713,0.0035,0.0021,0.0059,0.0096,0.0038,0.0248,0.0201,0.0302,0.0023,0.0023,0.0065,0.0087,0.0066,0.0197,0.0218,0.0153,5.2712,Subject08,Incline,65.76
291,510,4.0947,0.0042,0.1423,2.0288,1.9194,28.713,0.0034,0.0019,0.0052,0.0096,0.0034,0.0263,0.0196,0.0289,0.0024,0.0023,0.0062,0.0089,0.0074,0.0196,0.019,0.0156,5.2712,Subject08,Incline,65.76
291,525,4.1409,0.0042,0.1345,1.9654,2.0368,29.0559,0.0036,0.0019,0.005,0.0106,0.0035,0.0253,0.0186,0.029,0.0023,0.0022,0.0055,0.0083,0.007,0.0203,0.0192,0.0148,5.2712,Subject08,Incline,65.76
291,540,4.1685,0.0039,0.1353,2.0723,1.957,34.0797,0.0033,0.0019,0.0051,0.0097,0.0033,0.027,0.0195,0.0299,0.0024,0.0022,0.0058,0.0086,0.0071,0.0199,0.0187,0.0151,5.2712,Subject08,Incline,65.76
291,555,4.156,0.0043,0.135,1.9601,2.0565,34.913,0.0031,0.0021,0.005,0.0094,0.0036,0.0255,0.0184,0.0282,0.0023,0.0024,0.0061,0.0081,0.0066,0.0207,0.0206,0.0168,5.2712,Subject08,Incline,65.76
291,570,4.1157,0.0043,0.1341,2.0332,1.9441,40.313,0.0032,0.002,0.0049,0.0093,0.0033,0.0268,0.0178,0.0287,0.0024,0.0022,0.0057,0.009,0.0073,0.0191,0.0181,0.0142,5.2712,Subject08,Incline,65.76
291,585,4.1211,0.0051,0.1381,1.9471,2.0309,36.413,0.0033,0.0021,0.0051,0.009,0.0037,0.0233,0.0177,0.0268,0.0023,0.0022,0.006,0.0083,0.007,0.0184,0.018,0.0138,5.2712,Subject08,Incline,65.76
291,600,4.1731,0.0044,0.1401,2.0424,1.9862,35.5797,0.0032,0.0019,0.0049,0.0091,0.0035,0.024,0.019,0.0274,0.0023,0.0022,0.0061,0.0089,0.0076,0.0187,0.0187,0.0142,5.2712,Subject08,Incline,65.76
291,615,4.1258,0.0044,0.1369,1.9255,2.059,37.113,0.0035,0.0021,0.0054,0.0097,0.0035,0.0237,0.0183,0.0293,0.0023,0.0022,0.0059,0.0087,0.0071,0.0199,0.0197,0.0144,5.2712,Subject08,Incline,65.76
291,630,4.086,0.0043,0.1505,1.9559,1.9752,37.513,0.0031,0.0022,0.0053,0.0084,0.0036,0.0256,0.0182,0.0273,0.0022,0.0025,0.0064,0.0092,0.0077,0.0201,0.0194,0.0161,5.2712,Subject08,Incline,65.76
291,645,4.0939,0.0051,0.142,1.9197,2.0271,35.913,0.0036,0.002,0.0054,0.0093,0.0037,0.023,0.0177,0.0293,0.0023,0.0022,0.0065,0.008,0.0069,0.0194,0.0194,0.015,5.2712,Subject08,Incline,65.76
292,720,2.0155,0.0037,0.0653,0.9018,1.0447,40.913,0.003,0.0019,0.0058,0.008,0.0029,0.0189,0.0125,0.0237,0.0018,0.0022,0.0056,0.0065,0.005,0.0143,0.0129,0.0111,2.9647,Subject08,Incline,65.76
292,735,1.6521,0.0043,0.0538,0.7393,0.8547,34.7464,0.0031,0.0017,0.005,0.0073,0.0026,0.0194,0.0123,0.0196,0.0017,0.0022,0.0053,0.0052,0.0038,0.0137,0.0114,0.0104,2.9647,Subject08,Incline,65.76
292,750,1.668,0.0033,0.0536,0.7629,0.8482,32.5797,0.003,0.0018,0.0053,0.0057,0.0024,0.0203,0.0121,0.024,0.0019,0.0022,0.0054,0.0058,0.0033,0.0143,0.01,0.0119,2.9647,Subject08,Incline,65.76
292,765,1.5543,0.0025,0.0582,0.7553,0.7384,28.413,0.0036,0.0017,0.0044,0.0068,0.0024,0.0206,0.0128,0.0224,0.0024,0.0019,0.0045,0.0055,0.0037,0.0163,0.0104,0.0116,2.9647,Subject08,Incline,65.76
292,780,1.5835,0.0028,0.0552,0.7107,0.8148,23.413,0.0035,0.0017,0.0046,0.0078,0.0024,0.0192,0.0118,0.0236,0.0027,0.002,0.0052,0.0058,0.0033,0.0154,0.0108,0.0113,2.9647,Subject08,Incline,65.76
292,795,1.5847,0.0033,0.0532,0.7274,0.8008,25.913,0.0037,0.0019,0.0048,0.0073,0.0025,0.0173,0.012,0.021,0.0025,0.0021,0.0054,0.0049,0.0038,0.0143,0.0098,0.0107,2.9647,Subject08,Incline,65.76
292,810,1.6328,0.0036,0.0486,0.7704,0.8102,28.113,0.0038,0.0019,0.0052,0.0068,0.0027,0.0198,0.0123,0.0191,0.0024,0.0022,0.0051,0.0051,0.0038,0.0128,0.0094,0.0098,2.9647,Subject08,Incline,65.76
292,825,1.5747,0.0033,0.0524,0.7459,0.773,27.713,0.0035,0.0019,0.0051,0.007,0.0027,0.0196,0.0115,0.0199,0.0026,0.0022,0.0053,0.0056,0.004,0.0141,0.0093,0.0097,2.9647,Subject08,Incline,65.76
292,840,1.6056,0.0038,0.0475,0.7874,0.7669,24.0797,0.0039,0.0019,0.0054,0.0071,0.0027,0.0195,0.0115,0.0202,0.0024,0.0022,0.0056,0.0059,0.0044,0.0133,0.0092,0.0099,2.9647,Subject08,Incline,65.76
292,855,1.5746,0.0034,0.0507,0.7484,0.7721,27.0797,0.0035,0.0018,0.0053,0.0058,0.0026,0.0188,0.0115,0.0195,0.0021,0.0022,0.0059,0.0043,0.0042,0.0135,0.0091,0.0102,2.9647,Subject08,Incline,65.76
293,870,1.5212,0.003,0.0466,0.7231,0.7485,27.0797,0.0035,0.0017,0.0054,0.0057,0.0025,0.0203,0.013,0.02,0.0025,0.0018,0.0048,0.0052,0.0038,0.0142,0.0104,0.0089,2.9647,Subject08,Incline,65.76
293,885,1.5448,0.0032,0.0479,0.7505,0.7432,30.913,0.0035,0.0018,0.0053,0.0055,0.0029,0.0193,0.0123,0.0221,0.0023,0.002,0.0051,0.0046,0.0041,0.0156,0.0108,0.0091,2.9647,Subject08,Incline,65.76
293,900,1.6135,0.0037,0.044,0.7526,0.8132,30.413,0.0038,0.0019,0.0062,0.0059,0.003,0.019,0.0132,0.0199,0.0026,0.0019,0.0049,0.0058,0.0042,0.0144,0.0109,0.0081,2.9647,Subject08,Incline,65.76
293,915,1.6037,0.0047,0.0476,0.8166,0.7348,27.6273,0.0034,0.002,0.0063,0.0054,0.003,0.0173,0.0121,0.0169,0.0022,0.002,0.0057,0.0053,0.0045,0.0123,0.0091,0.0087,2.9647,Subject08,Incline,65.76
293,930,1.6354,0.0046,0.0484,0.7333,0.8491,27.313,0.0037,0.002,0.0068,0.006,0.0034,0.018,0.0121,0.0181,0.0021,0.0023,0.0067,0.0049,0.0049,0.0113,0.0096,0.0092,2.9647,Subject08,Incline,65.76
293,945,1.6651,0.0044,0.0468,0.7548,0.8591,27.1988,0.0032,0.0019,0.0061,0.0058,0.0032,0.0179,0.0125,0.0194,0.0019,0.0022,0.006,0.005,0.0051,0.0115,0.0097,0.0086,2.9647,Subject08,Incline,65.76
293,960,1.6741,0.0049,0.0496,0.7897,0.8299,28.313,0.0031,0.002,0.0068,0.0052,0.003,0.0168,0.0137,0.0174,0.0018,0.0025,0.0067,0.005,0.0048,0.0111,0.0103,0.0088,2.9647,Subject08,Incline,65.76
293,975,1.5638,0.0041,0.0486,0.7483,0.7628,26.2464,0.0033,0.002,0.0065,0.0062,0.0031,0.0188,0.0121,0.0202,0.002,0.0022,0.0057,0.0048,0.0042,0.0129,0.0097,0.0091,2.9647,Subject08,Incline,65.76
293,990,1.586,0.0034,0.0472,0.7448,0.7906,27.2464,0.0032,0.0018,0.0052,0.006,0.0026,0.0192,0.0121,0.0203,0.0026,0.002,0.0055,0.0057,0.004,0.014,0.0116,0.0094,2.9647,Subject08,Incline,65.76
293,1005,1.5529,0.0032,0.0461,0.7438,0.7597,29.2464,0.0035,0.0017,0.0051,0.0056,0.0026,0.0199,0.0135,0.0188,0.0023,0.0019,0.0048,0.0056,0.0044,0.0136,0.011,0.0088,2.9647,Subject08,Incline,65.76
294,1080,0.6157,0.0036,0.0483,0.2853,0.2785,20.0797,0.0026,0.0017,0.0042,0.0042,0.0024,0.0067,0.0062,0.0081,0.0026,0.0018,0.0033,0.0058,0.0059,0.0074,0.0072,0.0069,0.1414,Subject08,Incline,65.76
294,1095,0.0775,0.0005,0.0084,0.0406,0.0279,25.413,0.0014,0.0012,0.0019,0.0016,0.0012,0.0044,0.0018,0.0057,0.001,0.0014,0.0013,0.0045,0.002,0.0061,0.0026,0.0029,0.1414,Subject08,Incline,65.76
294,1110,0.0074,0.0001,0.0025,0.0027,0.0021,20.663,0.0013,0.0011,0.0017,0.001,0.001,0.0074,0.0011,0.0012,0.001,0.0009,0.001,0.0036,0.0013,0.0114,0.0032,0.001,0.1414,Subject08,Incline,65.76
294,1125,0.0186,0.0007,0.0082,0.0046,0.0051,15.913,0.0013,0.0013,0.0024,0.0022,0.0014,0.0045,0.0027,0.0027,0.001,0.0015,0.0017,0.0016,0.0015,0.0056,0.0047,0.0027,0.1414,Subject08,Incline,65.76
294,1140,0.0134,0.0003,0.0042,0.0059,0.003,11.313,0.0013,0.0011,0.0017,0.0015,0.001,0.0037,0.0012,0.003,0.001,0.0011,0.0013,0.0023,0.0013,0.0043,0.002,0.0015,0.1414,Subject08,Incline,65.76
294,1155,0.0074,0.0001,0.0024,0.0027,0.0022,15.113,0.0013,0.0011,0.0017,0.001,0.001,0.0082,0.0011,0.0021,0.001,0.0009,0.001,0.0015,0.0013,0.0056,0.0013,0.001,0.1414,Subject08,Incline,65.76
294,1170,0.0074,0.0001,0.0024,0.0027,0.0022,18.163,0.0013,0.0011,0.0017,0.001,0.0009,0.0035,0.001,0.0022,0.0009,0.0009,0.0009,0.002,0.0013,0.0064,0.0012,0.001,0.1414,Subject08,Incline,65.76
294,1185,0.0073,0.0001,0.0024,0.0027,0.0021,15.113,0.0013,0.001,0.0017,0.001,0.0009,0.0021,0.001,0.0015,0.0009,0.0008,0.0009,0.0011,0.0013,0.0061,0.0013,0.0009,0.1414,Subject08,Incline,65.76
294,1200,0.0075,0.0001,0.0024,0.0028,0.0022,17.313,0.0013,0.001,0.0017,0.001,0.0009,0.0029,0.001,0.0019,0.0009,0.0008,0.0009,0.0009,0.0013,0.0066,0.0018,0.0009,0.1414,Subject08,Incline,65.76
294,1215,0.1328,0.0006,0.0082,0.0418,0.0821,19.413,0.0015,0.0011,0.002,0.0019,0.0011,0.0046,0.0022,0.0054,0.0009,0.0016,0.0014,0.001,0.0017,0.0066,0.0019,0.0024,0.1414,Subject08,Incline,65.76
295,1230,0.2821,0.0021,0.0327,0.1484,0.0989,24.413,0.0017,0.0014,0.003,0.0017,0.0016,0.0032,0.0034,0.0146,0.0012,0.0012,0.0018,0.0044,0.0023,0.0045,0.0022,0.0051,0.1414,Subject08,Incline,65.76
295,1245,0.0103,0.0002,0.0035,0.0041,0.0024,15.513,0.0013,0.0011,0.0017,0.001,0.0009,0.0018,0.0023,0.0039,0.0009,0.0013,0.0019,0.0026,0.0017,0.0036,0.0022,0.0033,0.1414,Subject08,Incline,65.76
295,1260,0.0082,0.0002,0.0028,0.0028,0.0024,10.663,0.0013,0.001,0.0017,0.001,0.001,0.0025,0.0015,0.009,0.0009,0.0009,0.0011,0.0031,0.0013,0.0037,0.0014,0.0034,0.1414,Subject08,Incline,65.76
295,1275,0.0078,0.0001,0.0024,0.0027,0.0026,8.5797,0.0013,0.001,0.0017,0.0011,0.0011,0.0016,0.0012,0.012,0.0009,0.0008,0.0009,0.0021,0.0013,0.005,0.0011,0.0018,0.1414,Subject08,Incline,65.76
295,1290,0.0113,0.0003,0.0041,0.004,0.003,7.663,0.0013,0.0012,0.002,0.0011,0.0011,0.005,0.0019,0.0042,0.0009,0.0019,0.0032,0.0018,0.0024,0.0038,0.0017,0.004,0.1414,Subject08,Incline,65.76
295,1305,0.0075,0.0001,0.0023,0.0025,0.0026,7.5797,0.0013,0.001,0.0017,0.001,0.001,0.0032,0.0011,0.0056,0.0009,0.0014,0.0024,0.001,0.0016,0.0039,0.0033,0.001,0.1414,Subject08,Incline,65.76
295,1320,0.0079,0.0001,0.0024,0.0026,0.0027,8.663,0.0013,0.001,0.0017,0.001,0.0009,0.0042,0.0011,0.0076,0.0009,0.0015,0.0025,0.001,0.0017,0.0028,0.003,0.0011,0.1414,Subject08,Incline,65.76
295,1335,0.0078,0.0001,0.0025,0.0027,0.0025,6.2464,0.0013,0.001,0.0017,0.001,0.0009,0.0032,0.0011,0.0119,0.0009,0.0015,0.0028,0.001,0.0018,0.0022,0.0029,0.0017,0.1414,Subject08,Incline,65.76
295,1350,0.0073,0.0001,0.0024,0.0026,0.0022,8.163,0.0013,0.001,0.0017,0.001,0.0009,0.0061,0.0011,0.0029,0.0009,0.0013,0.0021,0.001,0.0016,0.0054,0.0043,0.0009,0.1414,Subject08,Incline,65.76
295,1365,0.009,0.0002,0.0026,0.0026,0.0037,14.2464,0.0014,0.0017,0.0037,0.0026,0.0016,0.0062,0.0022,0.0036,0.0009,0.0014,0.0022,0.0013,0.0017,0.0041,0.0048,0.0009,0.1414,Subject08,Incline,65.76
296,1440,1.0859,0.0027,0.055,0.4951,0.533,17.413,0.0047,0.0025,0.0087,0.0082,0.004,0.0203,0.0139,0.0218,0.0026,0.0024,0.0089,0.0049,0.0046,0.0161,0.013,0.0112,4.6158,Subject08,Incline,65.76
296,1455,1.3574,0.0037,0.0598,0.5701,0.7238,31.0797,0.0052,0.0026,0.0095,0.0084,0.0047,0.0209,0.0152,0.0239,0.0034,0.0026,0.0104,0.0064,0.0051,0.0161,0.0137,0.0117,4.6158,Subject08,Incline,65.76
296,1470,1.3554,0.003,0.0609,0.596,0.6955,33.113,0.0057,0.0027,0.0093,0.0104,0.0051,0.0208,0.0148,0.0222,0.0036,0.0027,0.0093,0.0066,0.0054,0.0146,0.0124,0.0103,4.6158,Subject08,Incline,65.76
296,1485,1.3077,0.0033,0.0575,0.5687,0.6782,34.413,0.0054,0.0023,0.0079,0.0113,0.0042,0.0212,0.0158,0.0212,0.0042,0.0025,0.009,0.0071,0.0051,0.0151,0.0116,0.0099,4.6158,Subject08,Incline,65.76
296,1500,1.3671,0.0036,0.059,0.588,0.7164,34.913,0.0054,0.0024,0.009,0.0112,0.0046,0.0215,0.0155,0.0235,0.0033,0.0024,0.0077,0.0074,0.0044,0.0155,0.0129,0.0107,4.6158,Subject08,Incline,65.76
296,1515,1.2705,0.0034,0.0609,0.6109,0.5953,34.113,0.0052,0.0023,0.0084,0.009,0.0042,0.0224,0.0174,0.0236,0.004,0.0024,0.0081,0.0071,0.0047,0.0169,0.0141,0.0101,4.6158,Subject08,Incline,65.76
296,1530,1.2564,0.0034,0.0575,0.5652,0.6303,34.513,0.0055,0.0024,0.0087,0.0097,0.0045,0.0214,0.0157,0.0253,0.0035,0.0026,0.0088,0.006,0.0048,0.0156,0.0125,0.0105,4.6158,Subject08,Incline,65.76
296,1545,1.3201,0.0042,0.0594,0.5878,0.6687,29.413,0.0052,0.0023,0.0082,0.0103,0.0043,0.0245,0.0175,0.0243,0.0035,0.0024,0.0079,0.006,0.0049,0.015,0.0124,0.0103,4.6158,Subject08,Incline,65.76
296,1560,1.4009,0.0037,0.0668,0.6406,0.6898,31.0797,0.0051,0.0023,0.0076,0.0111,0.0041,0.0232,0.0152,0.0258,0.0037,0.0026,0.0089,0.0065,0.0054,0.0134,0.0109,0.0124,4.6158,Subject08,Incline,65.76
296,1575,1.3489,0.004,0.0631,0.5918,0.6901,30.413,0.0054,0.0021,0.0076,0.0109,0.004,0.0216,0.0153,0.0232,0.0039,0.0026,0.0081,0.0058,0.005,0.0158,0.0115,0.0108,4.6158,Subject08,Incline,65.76
297,1590,1.2808,0.0032,0.0604,0.5858,0.6315,33.513,0.0061,0.002,0.007,0.0114,0.0042,0.0227,0.016,0.0239,0.004,0.0024,0.0073,0.0063,0.005,0.0146,0.0118,0.0102,4.6158,Subject08,Incline,65.76
297,1605,1.2518,0.004,0.0569,0.5756,0.6154,34.313,0.0048,0.0023,0.0083,0.0082,0.0046,0.0247,0.0168,0.0259,0.0031,0.0026,0.008,0.0057,0.0045,0.0146,0.0119,0.0112,4.6158,Subject08,Incline,65.76
297,1620,1.3392,0.0046,0.0575,0.63,0.6472,33.713,0.0054,0.0023,0.0084,0.0082,0.0044,0.0213,0.0152,0.023,0.0032,0.0027,0.0091,0.0066,0.0052,0.0142,0.0122,0.0112,4.6158,Subject08,Incline,65.76
297,1635,1.4024,0.0051,0.0649,0.632,0.7004,33.913,0.0052,0.0023,0.0086,0.0085,0.0046,0.0211,0.0149,0.0235,0.0034,0.0029,0.0099,0.0058,0.0054,0.0144,0.0118,0.0096,4.6158,Subject08,Incline,65.76
297,1650,1.3175,0.0047,0.0537,0.6023,0.6568,39.113,0.005,0.0025,0.0086,0.008,0.0044,0.0233,0.0164,0.0232,0.0027,0.0029,0.0086,0.0056,0.0052,0.014,0.0115,0.0119,4.6158,Subject08,Incline,65.76
297,1665,1.3817,0.0049,0.0559,0.608,0.7128,38.513,0.0052,0.0024,0.0089,0.0087,0.005,0.0221,0.0168,0.0229,0.0032,0.0028,0.0086,0.0062,0.0051,0.0137,0.011,0.0101,4.6158,Subject08,Incline,65.76
297,1680,1.3324,0.0056,0.0576,0.6187,0.6506,35.913,0.0051,0.0023,0.0084,0.0074,0.0042,0.0223,0.0158,0.0209,0.0031,0.0027,0.0091,0.0071,0.005,0.0155,0.0138,0.0102,4.6158,Subject08,Incline,65.76
297,1695,1.3545,0.0054,0.0594,0.5863,0.7034,37.2464,0.005,0.0026,0.0094,0.0083,0.0049,0.0197,0.0153,0.0222,0.0028,0.0028,0.0087,0.0059,0.0047,0.0154,0.013,0.0104,4.6158,Subject08,Incline,65.76
297,1710,1.3342,0.005,0.0626,0.6011,0.6655,35.113,0.0047,0.0028,0.0095,0.0094,0.0047,0.0208,0.0161,0.0223,0.0026,0.0032,0.0105,0.0068,0.0049,0.0155,0.0143,0.0122,4.6158,Subject08,Incline,65.76
297,1725,1.3084,0.0045,0.0556,0.6053,0.643,35.913,0.0045,0.0027,0.0106,0.0086,0.0049,0.02,0.0166,0.0199,0.0024,0.0033,0.0115,0.0059,0.005,0.014,0.0135,0.0123,4.6158,Subject08,Incline,65.76
298,1800,3.1085,0.0053,0.1435,1.4232,1.5364,40.0797,0.0053,0.0033,0.0114,0.0135,0.0077,0.0305,0.0229,0.0348,0.0039,0.0035,0.0135,0.0126,0.0086,0.0226,0.0236,0.0188,9.5841,Subject08,Incline,65.76
298,1815,3.2723,0.0051,0.1615,1.532,1.5736,49.5797,0.0054,0.0034,0.0112,0.013,0.0081,0.0309,0.0238,0.0316,0.004,0.0038,0.0144,0.0143,0.009,0.0229,0.0225,0.0182,9.5841,Subject08,Incline,65.76
298,1830,3.3633,0.0059,0.1644,1.4831,1.7099,54.5797,0.0054,0.0035,0.0126,0.0131,0.0087,0.0266,0.0203,0.0303,0.0044,0.0038,0.0148,0.0105,0.0085,0.0214,0.0241,0.0166,9.5841,Subject08,Incline,65.76
298,1845,3.391,0.0063,0.1543,1.5875,1.6428,61.2464,0.0056,0.0033,0.0123,0.0116,0.0088,0.0264,0.0235,0.029,0.0048,0.0035,0.0139,0.0108,0.0086,0.0218,0.0234,0.0155,9.5841,Subject08,Incline,65.76
298,1860,3.4302,0.0056,0.1674,1.5988,1.6584,63.313,0.0053,0.0035,0.0126,0.0122,0.0092,0.0265,0.0225,0.0272,0.0044,0.0038,0.015,0.011,0.0085,0.0214,0.0226,0.0162,9.5841,Subject08,Incline,65.76
298,1875,3.3661,0.0052,0.1794,1.5402,1.6414,65.113,0.0058,0.0038,0.0132,0.0124,0.0086,0.0276,0.0228,0.0294,0.0041,0.004,0.0157,0.0125,0.0087,0.0234,0.0276,0.0184,9.5841,Subject08,Incline,65.76
298,1890,3.4335,0.0053,0.1811,1.5594,1.6878,66.2464,0.0052,0.0037,0.0125,0.0121,0.0088,0.0252,0.0225,0.0278,0.0042,0.0039,0.0171,0.0117,0.0083,0.0213,0.0237,0.0158,9.5841,Subject08,Incline,65.76
298,1905,3.4754,0.006,0.1801,1.6224,1.6668,70.7464,0.0057,0.0038,0.0129,0.0128,0.0091,0.0282,0.0228,0.027,0.0045,0.0039,0.016,0.0125,0.0089,0.0205,0.0251,0.0166,9.5841,Subject08,Incline,65.76
298,1920,3.4683,0.0058,0.1742,1.6053,1.683,70.313,0.0054,0.0036,0.0114,0.0122,0.0083,0.0252,0.0214,0.0252,0.0048,0.004,0.016,0.0121,0.0081,0.0222,0.0256,0.0155,9.5841,Subject08,Incline,65.76
298,1935,3.4499,0.0064,0.1749,1.5753,1.6933,71.913,0.0053,0.0037,0.0125,0.0118,0.0087,0.0267,0.022,0.0272,0.0047,0.0038,0.0148,0.0123,0.0085,0.0224,0.025,0.016,9.5841,Subject08,Incline,65.76
299,1950,3.3935,0.0065,0.1733,1.5481,1.6657,72.913,0.0054,0.0036,0.0126,0.0134,0.0089,0.0261,0.0216,0.0235,0.0047,0.0037,0.0148,0.0133,0.0084,0.0222,0.025,0.0154,9.5841,Subject08,Incline,65.76
299,1965,3.3881,0.0062,0.1775,1.5383,1.6659,74.7464,0.0054,0.0036,0.0128,0.0134,0.009,0.0258,0.0224,0.025,0.0045,0.004,0.0168,0.0131,0.0087,0.0222,0.0247,0.0155,9.5841,Subject08,Incline,65.76
299,1980,3.3907,0.0064,0.1755,1.5911,1.6177,77.2464,0.0055,0.0035,0.0133,0.0125,0.009,0.0265,0.0228,0.0258,0.0045,0.004,0.0161,0.0115,0.0082,0.0208,0.024,0.0148,9.5841,Subject08,Incline,65.76
299,1995,3.4235,0.0065,0.1842,1.5863,1.6465,76.913,0.0052,0.0035,0.0128,0.012,0.0085,0.0269,0.0245,0.0242,0.0043,0.004,0.015,0.0135,0.0082,0.0217,0.0257,0.0154,9.5841,Subject08,Incline,65.76
299,2010,3.4883,0.0065,0.1839,1.5719,1.726,77.713,0.005,0.0037,0.013,0.0118,0.009,0.0257,0.0216,0.0266,0.0042,0.004,0.0161,0.011,0.0082,0.0215,0.0256,0.0147,9.5841,Subject08,Incline,65.76
299,2025,3.4341,0.0062,0.179,1.5727,1.6762,79.913,0.0054,0.0035,0.0117,0.0126,0.0085,0.0261,0.0234,0.0249,0.0039,0.0039,0.0151,0.0113,0.0076,0.0211,0.0249,0.0151,9.5841,Subject08,Incline,65.76
299,2040,3.4127,0.0057,0.1844,1.5889,1.6337,80.5797,0.005,0.0034,0.012,0.0122,0.0085,0.026,0.023,0.0244,0.0043,0.0039,0.0158,0.0112,0.0084,0.0202,0.0223,0.0143,9.5841,Subject08,Incline,65.76
299,2055,3.4355,0.0065,0.1825,1.5477,1.6988,79.5797,0.0053,0.0036,0.0127,0.0128,0.0089,0.0236,0.0213,0.025,0.0045,0.0041,0.0176,0.0127,0.009,0.0213,0.0256,0.0142,9.5841,Subject08,Incline,65.76
299,2070,3.3802,0.005,0.1886,1.5156,1.6711,80.913,0.0051,0.0038,0.0128,0.013,0.0092,0.0264,0.023,0.0289,0.0038,0.0041,0.016,0.0135,0.0087,0.0213,0.0255,0.0156,9.5841,Subject08,Incline,65.76
299,2085,3.3764,0.0066,0.1792,1.543,1.6475,81.7702,0.0052,0.0035,0.0125,0.0121,0.0089,0.0252,0.0225,0.0241,0.0041,0.004,0.0158,0.012,0.0087,0.0214,0.0255,0.0139,9.5841,Subject08,Incline,65.76
300,360,3.319,0.003,0.1125,1.7051,1.4984,5.1218,0.0032,0.002,0.0079,0.006,0.0031,0.0248,0.0149,0.0271,0.0021,0.0027,0.007,0.0068,0.0053,0.0182,0.0166,0.0186,2.7238,Subject08,Running,65.76
300,375,4.4774,0.0033,0.1567,2.2051,2.1124,24.0718,0.0031,0.002,0.0079,0.0075,0.0034,0.0244,0.015,0.0297,0.0022,0.0027,0.0072,0.0071,0.0053,0.0227,0.0209,0.0169,2.7238,Subject08,Running,65.76
300,390,4.4318,0.0034,0.1345,2.2322,2.0617,23.6718,0.0032,0.0019,0.0069,0.0073,0.003,0.0226,0.0136,0.0269,0.0022,0.0025,0.007,0.0067,0.0053,0.0225,0.0196,0.0167,2.7238,Subject08,Running,65.76
300,405,4.4106,0.0032,0.1306,2.2694,2.0074,17.4718,0.0031,0.0021,0.0069,0.0082,0.0031,0.0254,0.0155,0.0312,0.0022,0.0026,0.0071,0.0078,0.0057,0.0203,0.0202,0.0176,2.7238,Subject08,Running,65.76
300,420,4.3424,0.0029,0.1454,2.138,2.0561,9.0385,0.0033,0.0019,0.0068,0.0083,0.003,0.0235,0.0135,0.03,0.0021,0.0025,0.0065,0.0074,0.0052,0.0214,0.0212,0.0179,2.7238,Subject08,Running,65.76
300,435,4.4167,0.0029,0.155,2.2142,2.0445,8.0718,0.0029,0.0018,0.006,0.0074,0.0028,0.0245,0.0141,0.0252,0.002,0.0025,0.0065,0.0067,0.0053,0.022,0.0204,0.0163,2.7238,Subject08,Running,65.76
300,450,4.4654,0.0031,0.1434,2.2998,2.019,14.8718,0.0031,0.0019,0.0065,0.0082,0.0029,0.0225,0.0136,0.026,0.0021,0.0025,0.0063,0.0067,0.0054,0.0199,0.0177,0.0171,2.7238,Subject08,Running,65.76
300,465,4.4078,0.0032,0.145,2.1879,2.0718,8.3718,0.0029,0.0019,0.0066,0.0073,0.003,0.0216,0.0141,0.0289,0.002,0.0027,0.0069,0.0066,0.0054,0.0201,0.0197,0.0156,2.7238,Subject08,Running,65.76
300,480,4.4819,0.0031,0.1353,2.2355,2.1081,4.2718,0.0029,0.0018,0.0065,0.0067,0.0028,0.0212,0.0124,0.0257,0.0021,0.0025,0.006,0.0061,0.0049,0.0205,0.0187,0.0152,2.7238,Subject08,Running,65.76
300,495,4.4677,0.0037,0.1336,2.3249,2.0056,5.6718,0.0027,0.0017,0.0058,0.0069,0.0026,0.0208,0.013,0.0236,0.0021,0.0023,0.0059,0.0065,0.0051,0.0202,0.0167,0.0151,2.7238,Subject08,Running,65.76
301,510,4.4104,0.0031,0.1329,2.2141,2.0604,5.6218,0.0029,0.0018,0.0069,0.0075,0.0029,0.0217,0.0126,0.0255,0.002,0.0023,0.0056,0.0065,0.0049,0.0192,0.0179,0.0155,2.7238,Subject08,Running,65.76
301,525,4.4615,0.0031,0.1332,2.2484,2.0769,9.4718,0.0029,0.0019,0.0064,0.0066,0.0028,0.0211,0.0128,0.0269,0.0021,0.0025,0.0061,0.0064,0.005,0.019,0.0184,0.0143,2.7238,Subject08,Running,65.76
301,540,4.4527,0.0034,0.1445,2.3004,2.0045,9.1218,0.0028,0.0018,0.006,0.0068,0.0028,0.0224,0.0125,0.0253,0.0021,0.0024,0.0066,0.0067,0.0052,0.0188,0.0165,0.0158,2.7238,Subject08,Running,65.76
301,555,4.4506,0.0031,0.1296,2.2799,2.0379,3.3718,0.0028,0.0019,0.0068,0.0081,0.003,0.0206,0.0123,0.0252,0.0021,0.0026,0.0065,0.0067,0.0053,0.0184,0.0179,0.0167,2.7238,Subject08,Running,65.76
301,570,4.3711,0.003,0.1291,2.2277,2.0113,8.3718,0.0028,0.0021,0.0071,0.0073,0.0031,0.0216,0.0133,0.0289,0.0021,0.0026,0.0063,0.0066,0.0054,0.0186,0.0181,0.016,2.7238,Subject08,Running,65.76
301,585,4.5002,0.0031,0.1353,2.2662,2.0956,10.0385,0.003,0.0019,0.0062,0.0079,0.0028,0.0211,0.0121,0.0244,0.0021,0.0025,0.0062,0.0067,0.0051,0.0204,0.0183,0.0153,2.7238,Subject08,Running,65.76
301,600,4.4872,0.0035,0.15,2.3142,2.0195,10.8718,0.0026,0.0018,0.0061,0.007,0.0028,0.0205,0.0129,0.025,0.002,0.0026,0.0062,0.0066,0.0051,0.0182,0.0178,0.0165,2.7238,Subject08,Running,65.76
301,615,4.4841,0.0032,0.1339,2.297,2.05,13.2718,0.0027,0.0018,0.0062,0.0064,0.0027,0.0208,0.0132,0.0235,0.002,0.0024,0.0059,0.0061,0.0051,0.0189,0.017,0.015,2.7238,Subject08,Running,65.76
301,630,4.4497,0.0035,0.1379,2.2361,2.0723,8.7051,0.003,0.0018,0.0062,0.0072,0.0027,0.0221,0.0122,0.0232,0.0021,0.0023,0.0055,0.0063,0.0047,0.0197,0.0169,0.0136,2.7238,Subject08,Running,65.76
301,645,4.5239,0.0037,0.1393,2.2751,2.1058,10.6718,0.003,0.0019,0.0068,0.007,0.0029,0.02,0.0117,0.0248,0.0021,0.0025,0.0061,0.0068,0.0052,0.0183,0.0178,0.0154,2.7238,Subject08,Running,65.76
302,720,7.3113,0.0229,0.532,3.4622,3.2942,18.0385,0.0107,0.0074,0.0186,0.0216,0.0087,0.0264,0.0158,0.0324,0.0047,0.0095,0.0199,0.016,0.0118,0.0288,0.0235,0.0263,8.3235,Subject08,Running,65.76
302,735,8.5325,0.0329,0.7021,4.0228,3.7747,37.3718,0.0111,0.0084,0.0222,0.0222,0.0094,0.0258,0.0146,0.0297,0.0051,0.0109,0.0206,0.0184,0.0125,0.0273,0.0234,0.024,8.3235,Subject08,Running,65.76
302,750,8.648,0.0397,0.7845,4.1069,3.717,45.2051,0.0093,0.0083,0.0209,0.021,0.0088,0.0255,0.0147,0.0288,0.0048,0.0101,0.018,0.0184,0.0136,0.0276,0.0214,0.0213,8.3235,Subject08,Running,65.76
302,765,8.8366,0.0418,0.8311,4.1604,3.8033,43.8718,0.0089,0.0096,0.0212,0.0216,0.0087,0.0258,0.014,0.0279,0.005,0.0105,0.0173,0.0189,0.0136,0.0279,0.0215,0.0212,8.3235,Subject08,Running,65.76
302,780,8.9439,0.0456,0.8676,4.1384,3.8923,47.4432,0.0096,0.0098,0.0227,0.0228,0.0097,0.0251,0.0145,0.028,0.0045,0.0097,0.0162,0.0178,0.0123,0.0282,0.0199,0.0215,8.3235,Subject08,Running,65.76
302,795,8.8867,0.0448,0.8217,4.1526,3.8676,49.2051,0.009,0.0088,0.0222,0.0208,0.0093,0.027,0.0146,0.026,0.0049,0.0091,0.0184,0.0175,0.012,0.0272,0.0207,0.0198,8.3235,Subject08,Running,65.76
302,810,8.9139,0.0447,0.8012,4.2592,3.8088,50.0147,0.0088,0.0079,0.0197,0.018,0.0087,0.0251,0.0138,0.0244,0.0045,0.0078,0.0179,0.0164,0.0116,0.0272,0.0211,0.0183,8.3235,Subject08,Running,65.76
302,825,8.8871,0.0454,0.829,4.1234,3.8894,47.2718,0.0082,0.0081,0.0211,0.0182,0.009,0.0275,0.0141,0.0224,0.0048,0.0073,0.0156,0.0168,0.0114,0.0262,0.0203,0.0184,8.3235,Subject08,Running,65.76
302,840,8.8293,0.0467,0.8216,4.1788,3.7823,48.4432,0.0088,0.008,0.0204,0.0174,0.0091,0.0259,0.0142,0.0243,0.0046,0.0077,0.0189,0.0167,0.0116,0.0273,0.021,0.0189,8.3235,Subject08,Running,65.76
302,855,8.9038,0.0529,0.8424,4.1078,3.9008,53.0385,0.0086,0.0077,0.0195,0.0182,0.0089,0.0262,0.0142,0.0232,0.0047,0.0076,0.0177,0.0176,0.0113,0.0265,0.0197,0.0199,8.3235,Subject08,Running,65.76
303,870,8.8941,0.0527,0.8149,4.2105,3.816,53.0385,0.0082,0.0079,0.0186,0.0187,0.0084,0.0263,0.015,0.0203,0.0046,0.0073,0.0164,0.0173,0.0111,0.0276,0.0196,0.0188,8.3235,Subject08,Running,65.76
303,885,8.9541,0.0527,0.818,4.1788,3.9047,57.8718,0.0083,0.0075,0.0193,0.0202,0.0082,0.0276,0.0152,0.0208,0.0044,0.0074,0.016,0.0165,0.0111,0.0263,0.0191,0.0198,8.3235,Subject08,Running,65.76
303,900,8.9731,0.0561,0.8439,4.2048,3.8682,58.8718,0.0078,0.0082,0.0189,0.0205,0.0081,0.0279,0.0139,0.0195,0.0047,0.0072,0.0176,0.0169,0.0111,0.0277,0.0193,0.0195,8.3235,Subject08,Running,65.76
303,915,9.0436,0.0579,0.7936,4.2774,3.9146,52.8718,0.0079,0.0083,0.0184,0.0191,0.0084,0.0264,0.0139,0.0192,0.0045,0.007,0.0175,0.0171,0.0107,0.0266,0.0196,0.0188,8.3235,Subject08,Running,65.76
303,930,8.9068,0.0554,0.8177,4.1866,3.8472,53.8718,0.0081,0.0076,0.02,0.0208,0.0087,0.0264,0.0145,0.0195,0.0043,0.0068,0.0179,0.0155,0.0114,0.0262,0.0199,0.0195,8.3235,Subject08,Running,65.76
303,945,8.8591,0.0527,0.8061,4.111,3.8894,57.7051,0.0073,0.0082,0.0213,0.0198,0.0084,0.0263,0.0146,0.0212,0.004,0.0067,0.0168,0.0156,0.0111,0.0274,0.0201,0.0198,8.3235,Subject08,Running,65.76
303,960,8.8343,0.056,0.8359,4.1517,3.7907,63.0147,0.0072,0.0086,0.0202,0.0184,0.0083,0.0277,0.0138,0.0214,0.004,0.006,0.0157,0.0159,0.0107,0.0274,0.0211,0.0207,8.3235,Subject08,Running,65.76
303,975,8.9476,0.0599,0.8329,4.2049,3.8499,63.5861,0.0072,0.0081,0.0193,0.0192,0.0081,0.0277,0.0141,0.0178,0.004,0.006,0.0161,0.0169,0.0106,0.0285,0.0205,0.0189,8.3235,Subject08,Running,65.76
303,990,8.943,0.0573,0.8514,4.1727,3.8615,64.5861,0.0065,0.0084,0.0211,0.0185,0.0086,0.0283,0.0146,0.0183,0.004,0.0059,0.0159,0.0169,0.0104,0.028,0.0192,0.0188,8.3235,Subject08,Running,65.76
303,1005,9.0944,0.0611,0.8363,4.3028,3.8942,65.7289,0.0069,0.0087,0.0197,0.0216,0.0087,0.0276,0.0139,0.0191,0.0042,0.0059,0.0155,0.0171,0.0101,0.0292,0.0197,0.0186,8.3235,Subject08,Running,65.76
304,1080,7.5289,0.0615,0.8332,3.4593,3.1749,62.2051,0.006,0.0065,0.0191,0.0195,0.0081,0.0273,0.0138,0.0163,0.0038,0.0052,0.0142,0.0137,0.01,0.0282,0.0188,0.0155,7.2291,Subject08,Running,65.76
304,1095,7.5255,0.061,0.8608,3.3642,3.2396,64.7051,0.0057,0.0064,0.0187,0.0199,0.0081,0.0272,0.0138,0.0169,0.0037,0.0056,0.0143,0.0144,0.0097,0.0287,0.0187,0.017,7.2291,Subject08,Running,65.76
304,1110,7.4892,0.0625,0.8468,3.4364,3.1436,60.8718,0.0051,0.006,0.0185,0.0179,0.0076,0.0266,0.0126,0.0165,0.0038,0.0051,0.0147,0.0141,0.0101,0.029,0.0194,0.0155,7.2291,Subject08,Running,65.76
304,1125,7.5332,0.0662,0.8735,3.3679,3.2256,61.3718,0.0055,0.006,0.0182,0.0194,0.0078,0.0285,0.0132,0.0151,0.0036,0.005,0.0123,0.0141,0.0094,0.0282,0.0178,0.0151,7.2291,Subject08,Running,65.76
304,1140,7.4365,0.0681,0.8255,3.4023,3.1407,62.3004,0.0052,0.0057,0.0181,0.019,0.0075,0.0263,0.0127,0.0148,0.0038,0.0051,0.0132,0.0141,0.0092,0.0287,0.0191,0.0151,7.2291,Subject08,Running,65.76
304,1155,7.4739,0.0627,0.8433,3.356,3.2119,62.7289,0.0062,0.0065,0.0202,0.0203,0.0078,0.0275,0.0133,0.0153,0.0038,0.0048,0.0136,0.0147,0.0097,0.0272,0.0184,0.0158,7.2291,Subject08,Running,65.76
304,1170,7.3228,0.0605,0.8251,3.3458,3.0913,59.5385,0.0055,0.0064,0.0185,0.0192,0.0075,0.0257,0.0133,0.0176,0.0035,0.0049,0.0137,0.0132,0.0097,0.0289,0.0193,0.0171,7.2291,Subject08,Running,65.76
304,1185,7.347,0.0666,0.8056,3.3342,3.1406,60.4432,0.0051,0.0066,0.0187,0.018,0.0078,0.0277,0.0128,0.0151,0.0036,0.0046,0.0128,0.0141,0.0095,0.0289,0.0177,0.0165,7.2291,Subject08,Running,65.76
304,1200,7.338,0.0618,0.7554,3.3591,3.1617,61.8718,0.0049,0.0061,0.0191,0.0192,0.0076,0.0276,0.0129,0.0164,0.0034,0.0047,0.0128,0.0142,0.0091,0.0285,0.0192,0.0164,7.2291,Subject08,Running,65.76
304,1215,7.2893,0.0628,0.7994,3.3158,3.1112,60.3004,0.005,0.0063,0.0176,0.0171,0.0072,0.0274,0.013,0.0166,0.0037,0.0049,0.0139,0.0145,0.0093,0.0279,0.0194,0.0171,7.2291,Subject08,Running,65.76
305,1230,7.2221,0.0655,0.7578,3.2768,3.122,60.3718,0.0052,0.006,0.0189,0.0178,0.0075,0.0278,0.0134,0.0154,0.0033,0.0047,0.0136,0.0135,0.0096,0.0273,0.0181,0.0168,7.2291,Subject08,Running,65.76
305,1245,7.3242,0.063,0.7853,3.3771,3.0988,63.1575,0.005,0.0059,0.0177,0.0183,0.0071,0.0269,0.0127,0.0171,0.0035,0.0049,0.0138,0.014,0.0097,0.0291,0.0195,0.0157,7.2291,Subject08,Running,65.76
305,1260,7.3679,0.0644,0.808,3.3005,3.1951,61.4432,0.0053,0.0061,0.0172,0.0182,0.0074,0.0272,0.013,0.0136,0.0037,0.0047,0.0137,0.0143,0.0099,0.0277,0.0188,0.0166,7.2291,Subject08,Running,65.76
305,1275,7.3599,0.0627,0.7831,3.3197,3.1944,60.5861,0.005,0.0064,0.0186,0.0207,0.0077,0.0259,0.013,0.0159,0.0035,0.0045,0.013,0.013,0.0095,0.029,0.0193,0.0161,7.2291,Subject08,Running,65.76
305,1290,7.378,0.0607,0.7716,3.4158,3.1299,59.7289,0.0056,0.007,0.0193,0.0199,0.0079,0.0264,0.0128,0.0175,0.0035,0.0047,0.0129,0.0138,0.0096,0.0296,0.0191,0.0157,7.2291,Subject08,Running,65.76
305,1305,7.2729,0.0571,0.7796,3.3319,3.1043,61.0147,0.0054,0.0065,0.0179,0.0196,0.0077,0.0265,0.0133,0.0159,0.0036,0.0046,0.0133,0.0136,0.0097,0.0285,0.018,0.0153,7.2291,Subject08,Running,65.76
305,1320,7.3191,0.0654,0.7568,3.3479,3.1489,64.5861,0.0054,0.0062,0.0183,0.0185,0.0077,0.0259,0.0132,0.0172,0.0034,0.0044,0.013,0.0131,0.0088,0.0291,0.0184,0.0162,7.2291,Subject08,Running,65.76
305,1335,7.4361,0.0641,0.8204,3.4034,3.1482,63.8718,0.0049,0.0067,0.0182,0.0176,0.0075,0.0272,0.0123,0.0189,0.0036,0.0046,0.0129,0.0146,0.0089,0.0305,0.0185,0.017,7.2291,Subject08,Running,65.76
305,1350,7.325,0.0636,0.759,3.3415,3.161,62.7289,0.0049,0.0061,0.0186,0.0185,0.0079,0.0278,0.0126,0.016,0.0033,0.0043,0.012,0.0136,0.0085,0.0277,0.0171,0.0162,7.2291,Subject08,Running,65.76
305,1365,7.4653,0.0753,0.8437,3.4057,3.1406,59.8718,0.0055,0.0064,0.019,0.0186,0.0076,0.0245,0.0121,0.0168,0.0036,0.0047,0.0135,0.0142,0.0087,0.0307,0.019,0.0171,7.2291,Subject08,Running,65.76
306,1440,10.8431,0.0793,1.0263,4.9439,4.7935,64.2468,0.0074,0.0086,0.0206,0.0207,0.0085,0.0279,0.014,0.0251,0.0046,0.0061,0.0173,0.0167,0.0095,0.0308,0.0197,0.0235,10.5193,Subject08,Running,65.76
306,1455,11.4152,0.0774,1.0793,5.2703,4.9882,69.1575,0.0074,0.0099,0.0209,0.0212,0.0087,0.0268,0.0139,0.0241,0.0049,0.0066,0.0187,0.0171,0.0102,0.0318,0.0199,0.0226,10.5193,Subject08,Running,65.76
306,1470,11.6617,0.0834,1.1255,5.4267,5.0262,72.4432,0.0085,0.0106,0.0204,0.0212,0.0088,0.0267,0.0132,0.0168,0.005,0.0064,0.017,0.0181,0.0098,0.0326,0.0194,0.0218,10.5193,Subject08,Running,65.76
306,1485,11.6815,0.0766,1.0959,5.4792,5.0298,78.8718,0.0082,0.0112,0.021,0.0195,0.0091,0.027,0.0132,0.0194,0.0049,0.0066,0.0175,0.0175,0.0096,0.0316,0.0198,0.0215,10.5193,Subject08,Running,65.76
306,1500,11.8079,0.0732,1.1355,5.4536,5.1457,79.7289,0.008,0.0111,0.022,0.0203,0.0094,0.0278,0.0136,0.0195,0.0045,0.0066,0.0175,0.0175,0.01,0.0315,0.0207,0.0213,10.5193,Subject08,Running,65.76
306,1515,11.9571,0.0762,1.1655,5.5592,5.1562,78.8718,0.0082,0.0106,0.0216,0.0201,0.0091,0.0267,0.0135,0.0155,0.0048,0.0062,0.0174,0.0175,0.0093,0.0297,0.0198,0.0212,10.5193,Subject08,Running,65.76
306,1530,12.0391,0.0835,1.26,5.4341,5.2615,81.0147,0.0076,0.0108,0.0209,0.022,0.0088,0.0265,0.0137,0.0159,0.0045,0.0062,0.0167,0.0176,0.0097,0.0313,0.0204,0.0218,10.5193,Subject08,Running,65.76
306,1545,12.1599,0.0719,1.2272,5.6443,5.2164,83.0718,0.0078,0.0095,0.0202,0.0208,0.0085,0.0255,0.0129,0.0122,0.0046,0.006,0.0181,0.0165,0.0097,0.03,0.0202,0.0208,10.5193,Subject08,Running,65.76
306,1560,12.11,0.0823,1.2484,5.5062,5.2731,81.0147,0.0079,0.0108,0.0222,0.0226,0.0091,0.0276,0.0135,0.0144,0.0046,0.0063,0.0188,0.0163,0.0099,0.0309,0.0204,0.0216,10.5193,Subject08,Running,65.76
306,1575,12.166,0.0782,1.2093,5.6865,5.1919,81.4968,0.0082,0.0108,0.0206,0.0221,0.0087,0.0271,0.0133,0.0166,0.0045,0.0061,0.018,0.0168,0.0096,0.0312,0.0189,0.0198,10.5193,Subject08,Running,65.76
307,1590,12.1029,0.0898,1.2285,5.5888,5.1958,83.3162,0.0085,0.0107,0.0205,0.0221,0.0088,0.0271,0.0132,0.0133,0.0051,0.0061,0.0167,0.0164,0.0099,0.0304,0.0195,0.0205,10.5193,Subject08,Running,65.76
307,1605,12.2079,0.0806,1.2202,5.4956,5.4115,85.3004,0.0086,0.0107,0.0219,0.0239,0.0088,0.0274,0.014,0.0142,0.0046,0.006,0.0167,0.0175,0.0098,0.0303,0.0193,0.0204,10.5193,Subject08,Running,65.76
307,1620,12.2856,0.0845,1.2023,5.627,5.3719,84.8718,0.0082,0.011,0.0204,0.0225,0.009,0.0269,0.0137,0.0164,0.0048,0.0063,0.0173,0.018,0.0093,0.0315,0.0203,0.0217,10.5193,Subject08,Running,65.76
307,1635,12.051,0.0735,1.1348,5.6387,5.204,85.0147,0.0079,0.0096,0.0224,0.021,0.0087,0.0268,0.0135,0.016,0.005,0.0062,0.0168,0.0174,0.01,0.0307,0.0206,0.0208,10.5193,Subject08,Running,65.76
307,1650,12.1808,0.069,1.2228,5.6903,5.1988,86.7289,0.0083,0.0102,0.0213,0.0212,0.0085,0.0274,0.0128,0.0135,0.0049,0.0061,0.0192,0.0162,0.01,0.0295,0.0199,0.0204,10.5193,Subject08,Running,65.76
307,1665,12.2281,0.0776,1.2387,5.5971,5.3146,85.7289,0.0088,0.0098,0.0222,0.0222,0.0086,0.0272,0.0139,0.0107,0.0048,0.0061,0.0162,0.0163,0.01,0.0296,0.0191,0.0202,10.5193,Subject08,Running,65.76
307,1680,12.3317,0.0785,1.223,5.7043,5.3259,85.2468,0.0083,0.0105,0.0217,0.022,0.0088,0.0277,0.0135,0.012,0.0049,0.006,0.0168,0.016,0.0099,0.0304,0.0191,0.02,10.5193,Subject08,Running,65.76
307,1695,12.173,0.0823,1.2606,5.6255,5.2046,85.9968,0.0081,0.0098,0.0184,0.0203,0.0081,0.0271,0.0137,0.0156,0.0045,0.0063,0.0169,0.0173,0.0104,0.0308,0.0202,0.0207,10.5193,Subject08,Running,65.76
307,1710,12.2097,0.0826,1.2344,5.5688,5.3239,86.9829,0.0078,0.0102,0.0227,0.0201,0.0087,0.0278,0.0138,0.017,0.0046,0.0059,0.0183,0.0176,0.0101,0.0313,0.0196,0.0227,10.5193,Subject08,Running,65.76
307,1725,12.3394,0.0685,1.2094,5.7116,5.3499,85.3004,0.0093,0.0102,0.021,0.0222,0.0086,0.0273,0.0142,0.0153,0.0053,0.0062,0.0172,0.0184,0.0103,0.0305,0.0195,0.0205,10.5193,Subject08,Running,65.76
308,360,0.6605,0.0012,0.039,0.2789,0.3414,4.0185,0.0139,0.0139,0.0443,0.0117,0.0195,0.0342,0.0266,0.067,0.0087,0.0126,0.0392,0.0101,0.0197,0.0414,0.0327,0.0479,4.8847,Subject08,Stairs,65.76
308,375,0.58,0.0014,0.0285,0.2004,0.3496,5.1019,0.0151,0.0125,0.0457,0.0135,0.0199,0.044,0.0295,0.0533,0.0082,0.014,0.0382,0.0108,0.0223,0.035,0.0346,0.0552,4.8847,Subject08,Stairs,65.76
308,390,0.644,0.0014,0.0332,0.2904,0.319,14.0661,0.0146,0.0114,0.0445,0.0113,0.0195,0.038,0.0294,0.0393,0.0079,0.0116,0.0343,0.0091,0.0181,0.0375,0.0328,0.0393,4.8847,Subject08,Stairs,65.76
308,405,0.5785,0.0009,0.0283,0.2679,0.2813,16.1519,0.0135,0.012,0.0414,0.011,0.0183,0.0345,0.0274,0.0568,0.0093,0.0105,0.0332,0.0106,0.0171,0.0419,0.0332,0.0387,4.8847,Subject08,Stairs,65.76
308,420,0.5704,0.001,0.035,0.2552,0.2792,26.0185,0.0112,0.0124,0.0454,0.0115,0.019,0.0334,0.0254,0.0577,0.0076,0.0134,0.0361,0.0109,0.0182,0.0372,0.0318,0.0589,4.8847,Subject08,Stairs,65.76
308,435,0.6103,0.0021,0.0369,0.2715,0.2998,23.8519,0.01,0.0131,0.0438,0.0094,0.0186,0.0352,0.0246,0.0537,0.0067,0.0115,0.0347,0.01,0.0171,0.0368,0.0301,0.0353,4.8847,Subject08,Stairs,65.76
308,450,0.6482,0.0019,0.0334,0.2921,0.3207,24.7804,0.0115,0.0105,0.0367,0.0103,0.0166,0.0375,0.028,0.0517,0.008,0.0114,0.0346,0.0099,0.0174,0.0347,0.0341,0.0467,4.8847,Subject08,Stairs,65.76
308,465,0.5357,0.0013,0.0332,0.2583,0.2429,24.5185,0.0107,0.0124,0.0445,0.0082,0.0199,0.0362,0.028,0.0504,0.0062,0.0103,0.0333,0.0091,0.0169,0.0334,0.028,0.0357,4.8847,Subject08,Stairs,65.76
308,480,0.5874,0.0017,0.0318,0.273,0.2809,23.0185,0.0125,0.0099,0.0372,0.0102,0.0163,0.0301,0.0224,0.0464,0.0083,0.0092,0.0274,0.009,0.0138,0.0303,0.0269,0.0306,4.8847,Subject08,Stairs,65.76
308,495,0.5019,0.0013,0.0313,0.2131,0.2563,27.6852,0.0141,0.0107,0.0395,0.0096,0.0174,0.0328,0.0283,0.055,0.0087,0.0117,0.0379,0.0095,0.0177,0.0352,0.0318,0.0395,4.8847,Subject08,Stairs,65.76
309,510,0.5416,0.0013,0.0297,0.2627,0.2478,27.8519,0.0134,0.0101,0.0409,0.0103,0.0178,0.031,0.0232,0.0461,0.007,0.0116,0.0324,0.0074,0.0151,0.0316,0.0246,0.0379,4.8847,Subject08,Stairs,65.76
309,525,0.585,0.001,0.0339,0.2595,0.2906,25.1019,0.0132,0.0094,0.0373,0.0096,0.0171,0.031,0.0214,0.0392,0.0083,0.0094,0.0328,0.0085,0.0148,0.0272,0.0232,0.0307,4.8847,Subject08,Stairs,65.76
309,540,0.482,0.0011,0.031,0.2287,0.2213,28.1852,0.0119,0.0107,0.0373,0.0094,0.0159,0.0334,0.0267,0.0437,0.007,0.0087,0.0281,0.0089,0.0148,0.0349,0.029,0.0312,4.8847,Subject08,Stairs,65.76
309,555,0.5982,0.0014,0.0317,0.2797,0.2854,28.7804,0.0172,0.0127,0.0465,0.009,0.0192,0.0307,0.0223,0.049,0.0064,0.0103,0.0307,0.0082,0.0152,0.0303,0.024,0.0363,4.8847,Subject08,Stairs,65.76
309,570,0.5627,0.0022,0.0314,0.2344,0.2947,29.0661,0.0093,0.011,0.0367,0.0086,0.016,0.0335,0.0248,0.0451,0.0052,0.0106,0.0324,0.008,0.0148,0.0343,0.0292,0.0304,4.8847,Subject08,Stairs,65.76
309,585,0.5242,0.0017,0.0299,0.2292,0.2635,28.5185,0.011,0.0117,0.0408,0.0089,0.0188,0.0324,0.026,0.0487,0.0058,0.0109,0.0345,0.0086,0.0154,0.0319,0.0301,0.0339,4.8847,Subject08,Stairs,65.76
309,600,0.589,0.0015,0.0316,0.2607,0.2952,29.3519,0.012,0.0103,0.0353,0.009,0.0154,0.0344,0.0236,0.0495,0.0069,0.0102,0.0294,0.0086,0.0147,0.0359,0.0335,0.031,4.8847,Subject08,Stairs,65.76
309,615,0.5739,0.0014,0.0301,0.2403,0.3021,29.7519,0.0115,0.0131,0.0419,0.0096,0.0187,0.0364,0.0279,0.0487,0.0055,0.011,0.0307,0.0087,0.015,0.0385,0.0326,0.0299,4.8847,Subject08,Stairs,65.76
309,630,0.6026,0.0024,0.0339,0.2508,0.3154,32.209,0.0125,0.0114,0.0433,0.0096,0.0192,0.0358,0.03,0.0577,0.0074,0.01,0.0307,0.0097,0.0155,0.0309,0.0303,0.0333,4.8847,Subject08,Stairs,65.76
309,645,0.5861,0.0013,0.0323,0.2451,0.3074,29.6019,0.0128,0.0108,0.0356,0.0097,0.017,0.0413,0.0282,0.0595,0.0084,0.0113,0.0349,0.0094,0.0175,0.0347,0.0299,0.036,4.8847,Subject08,Stairs,65.76
310,720,0.4591,0.0015,0.0303,0.2264,0.2009,31.7269,0.0084,0.0093,0.0263,0.006,0.0125,0.0341,0.0219,0.0465,0.0044,0.0089,0.0279,0.0068,0.0137,0.0403,0.0283,0.0264,3.5668,Subject08,Stairs,65.76
310,735,0.4994,0.0016,0.0344,0.2021,0.2613,32.4947,0.0107,0.01,0.0364,0.0064,0.0154,0.0299,0.0237,0.0311,0.0031,0.0086,0.0237,0.0066,0.0122,0.0352,0.0259,0.0208,3.5668,Subject08,Stairs,65.76
310,750,0.4672,0.001,0.0273,0.2369,0.202,31.6852,0.0081,0.0086,0.025,0.0077,0.0124,0.0415,0.0242,0.0354,0.0036,0.0087,0.0261,0.0073,0.013,0.0385,0.0274,0.0206,3.5668,Subject08,Stairs,65.76
310,765,0.4402,0.0011,0.0309,0.1843,0.224,29.4947,0.007,0.0076,0.0246,0.0086,0.0115,0.0283,0.0203,0.0525,0.0055,0.0088,0.0232,0.0069,0.0111,0.0433,0.0289,0.0307,3.5668,Subject08,Stairs,65.76
310,780,0.4483,0.001,0.028,0.1898,0.2294,26.8519,0.0101,0.011,0.0393,0.0119,0.0168,0.0338,0.0215,0.0513,0.0051,0.0095,0.0251,0.0081,0.0126,0.0317,0.0221,0.042,3.5668,Subject08,Stairs,65.76
310,795,0.4647,0.0008,0.0286,0.2377,0.1977,26.7804,0.0089,0.0096,0.0292,0.0085,0.0132,0.0279,0.0191,0.0326,0.0045,0.0093,0.0247,0.0075,0.0125,0.0287,0.0187,0.0259,3.5668,Subject08,Stairs,65.76
310,810,0.375,0.0009,0.0227,0.1703,0.1811,24.6852,0.008,0.0074,0.0271,0.0071,0.0134,0.0271,0.0197,0.0216,0.0038,0.0081,0.0238,0.0064,0.0114,0.0293,0.0245,0.0201,3.5668,Subject08,Stairs,65.76
310,825,0.3898,0.0008,0.0228,0.1796,0.1866,24.6376,0.0068,0.0101,0.0305,0.0053,0.0141,0.0235,0.0198,0.0256,0.0033,0.0098,0.0295,0.0058,0.0141,0.0304,0.0286,0.0206,3.5668,Subject08,Stairs,65.76
310,840,0.3944,0.001,0.0239,0.2032,0.1663,26.1852,0.0064,0.0081,0.0272,0.0048,0.0125,0.0291,0.0238,0.0326,0.0038,0.0081,0.0226,0.0062,0.0112,0.03,0.0219,0.0188,3.5668,Subject08,Stairs,65.76
310,855,0.4266,0.0011,0.0265,0.1915,0.2075,25.4947,0.0078,0.0083,0.0274,0.006,0.0129,0.0288,0.0219,0.0313,0.004,0.0086,0.0223,0.0053,0.0119,0.0273,0.0213,0.0249,3.5668,Subject08,Stairs,65.76
311,870,0.3455,0.0008,0.0214,0.1441,0.1791,27.4947,0.0072,0.0083,0.0262,0.0052,0.0131,0.0284,0.0214,0.0239,0.0033,0.0067,0.0207,0.0052,0.0106,0.0326,0.0258,0.0159,3.5668,Subject08,Stairs,65.76
311,885,0.4103,0.0015,0.0258,0.1897,0.1933,26.6852,0.0073,0.0074,0.0242,0.0061,0.0114,0.0255,0.0211,0.0253,0.0036,0.0068,0.0219,0.0047,0.0106,0.0325,0.0258,0.0173,3.5668,Subject08,Stairs,65.76
311,900,0.3763,0.0013,0.0222,0.1824,0.1705,29.9233,0.0069,0.0081,0.0299,0.0068,0.0139,0.0352,0.0246,0.0351,0.0042,0.0082,0.0267,0.0069,0.0124,0.0336,0.0256,0.0179,3.5668,Subject08,Stairs,65.76
311,915,0.4156,0.0017,0.0293,0.1684,0.2163,25.9233,0.008,0.0071,0.0263,0.0085,0.0127,0.0331,0.0215,0.0275,0.0036,0.0085,0.0225,0.0066,0.0109,0.0309,0.0231,0.0225,3.5668,Subject08,Stairs,65.76
311,930,0.419,0.0015,0.023,0.1835,0.2111,22.209,0.0071,0.007,0.0251,0.0051,0.0124,0.0303,0.0238,0.0276,0.0031,0.0067,0.0206,0.0051,0.0107,0.0358,0.0287,0.0157,3.5668,Subject08,Stairs,65.76
311,945,0.4058,0.0011,0.0232,0.1924,0.1891,21.1852,0.0065,0.007,0.0248,0.0049,0.0121,0.0262,0.0217,0.0296,0.0042,0.0081,0.0232,0.0054,0.0109,0.0327,0.0263,0.0259,3.5668,Subject08,Stairs,65.76
311,960,0.352,0.0009,0.0222,0.1476,0.1814,22.209,0.0076,0.0079,0.0271,0.0064,0.0125,0.0282,0.0209,0.0328,0.0037,0.0072,0.0198,0.0057,0.0107,0.0333,0.0243,0.021,3.5668,Subject08,Stairs,65.76
311,975,0.3846,0.0009,0.0231,0.158,0.2026,25.0661,0.0074,0.0082,0.0309,0.0062,0.0141,0.0279,0.0188,0.0319,0.004,0.0079,0.0209,0.0054,0.0109,0.0263,0.0222,0.0308,3.5668,Subject08,Stairs,65.76
311,990,0.4122,0.0009,0.0255,0.1977,0.1882,25.9233,0.0061,0.0066,0.0245,0.0052,0.0114,0.0257,0.0212,0.027,0.0038,0.0074,0.0216,0.0056,0.0115,0.0337,0.0268,0.0217,3.5668,Subject08,Stairs,65.76
311,1005,0.374,0.0008,0.0265,0.1737,0.173,27.209,0.0079,0.0084,0.0295,0.0055,0.0136,0.0308,0.0262,0.0274,0.0038,0.0081,0.0229,0.0057,0.0117,0.0333,0.0282,0.0174,3.5668,Subject08,Stairs,65.76
312,1080,0.5492,0.0019,0.0287,0.2128,0.3058,22.9769,0.0096,0.0102,0.0352,0.0068,0.0158,0.0351,0.0241,0.038,0.0058,0.0108,0.0305,0.0076,0.0143,0.0342,0.0284,0.0285,4.6459,Subject08,Stairs,65.76
312,1095,0.5173,0.002,0.0305,0.2332,0.2516,22.5185,0.0104,0.0119,0.0346,0.0083,0.0163,0.0314,0.0277,0.0598,0.0067,0.0118,0.0314,0.0077,0.0162,0.0342,0.0309,0.0319,4.6459,Subject08,Stairs,65.76
312,1110,0.5,0.0016,0.0323,0.2478,0.2183,31.0185,0.0097,0.011,0.043,0.0083,0.0193,0.0304,0.0252,0.0308,0.0051,0.01,0.0256,0.0082,0.0139,0.0362,0.0298,0.0275,4.6459,Subject08,Stairs,65.76
312,1125,0.5335,0.0012,0.0276,0.2305,0.2741,31.2269,0.0098,0.0096,0.0335,0.0068,0.0157,0.0326,0.0252,0.0342,0.0042,0.0108,0.028,0.0069,0.0133,0.0266,0.029,0.0315,4.6459,Subject08,Stairs,65.76
312,1140,0.5323,0.0013,0.0275,0.2265,0.277,29.3519,0.0106,0.0092,0.0333,0.0072,0.0152,0.0364,0.0247,0.0369,0.0048,0.0103,0.032,0.0068,0.0147,0.0312,0.0288,0.0388,4.6459,Subject08,Stairs,65.76
312,1155,0.5007,0.0014,0.0308,0.2148,0.2536,29.4947,0.0078,0.0092,0.0335,0.006,0.0158,0.0282,0.0197,0.0327,0.0052,0.0092,0.0282,0.0059,0.0134,0.0319,0.0301,0.0229,4.6459,Subject08,Stairs,65.76
312,1170,0.5348,0.0013,0.0311,0.2409,0.2615,31.9233,0.0097,0.0117,0.0385,0.0078,0.0164,0.0293,0.0235,0.0469,0.0043,0.0105,0.0276,0.0074,0.0145,0.0374,0.0298,0.0321,4.6459,Subject08,Stairs,65.76
312,1185,0.5097,0.0019,0.0308,0.2435,0.2335,31.209,0.0095,0.011,0.0408,0.0068,0.0177,0.0307,0.0258,0.0291,0.005,0.0093,0.0252,0.0075,0.0132,0.0365,0.035,0.0238,4.6459,Subject08,Stairs,65.76
312,1200,0.5802,0.0019,0.0303,0.2202,0.3278,31.8519,0.0095,0.0091,0.0324,0.0071,0.0155,0.0299,0.023,0.033,0.0053,0.0099,0.0264,0.0063,0.0129,0.0308,0.027,0.0265,4.6459,Subject08,Stairs,65.76
312,1215,0.5084,0.001,0.0298,0.2063,0.2713,33.6852,0.0103,0.0088,0.0298,0.0093,0.0142,0.0354,0.0255,0.0383,0.0065,0.0102,0.0331,0.0066,0.0149,0.0311,0.028,0.0259,4.6459,Subject08,Stairs,65.76
313,1230,0.5432,0.0012,0.031,0.2348,0.2761,33.6019,0.01,0.0098,0.0329,0.0058,0.0145,0.0308,0.0224,0.0326,0.0047,0.0095,0.0279,0.0063,0.0135,0.0353,0.0346,0.0239,4.6459,Subject08,Stairs,65.76
313,1245,0.5655,0.0011,0.0303,0.2544,0.2797,32.3519,0.0101,0.0109,0.0412,0.007,0.0186,0.0295,0.0239,0.0339,0.005,0.0096,0.0272,0.0076,0.014,0.03,0.0305,0.0306,4.6459,Subject08,Stairs,65.76
313,1260,0.5757,0.0013,0.0328,0.2452,0.2964,33.9233,0.0082,0.0107,0.0342,0.0061,0.0148,0.0332,0.0257,0.0362,0.0047,0.0103,0.0276,0.0068,0.0139,0.0333,0.0291,0.0305,4.6459,Subject08,Stairs,65.76
313,1275,0.4911,0.0012,0.0276,0.2118,0.2505,32.2269,0.0094,0.0101,0.0378,0.0065,0.0171,0.0314,0.0243,0.0393,0.0049,0.0117,0.034,0.0067,0.0147,0.0303,0.0287,0.028,4.6459,Subject08,Stairs,65.76
313,1290,0.528,0.0018,0.0301,0.2503,0.2458,32.9233,0.0092,0.0091,0.028,0.0066,0.0135,0.0311,0.0252,0.0313,0.0049,0.0096,0.0301,0.0065,0.0131,0.0316,0.0323,0.024,4.6459,Subject08,Stairs,65.76
313,1305,0.5081,0.0019,0.0291,0.2213,0.2558,32.209,0.0096,0.0097,0.0358,0.0078,0.0161,0.0307,0.0254,0.0416,0.0047,0.01,0.0276,0.0074,0.0135,0.0366,0.031,0.0302,4.6459,Subject08,Stairs,65.76
313,1320,0.5382,0.0026,0.033,0.2257,0.277,31.9233,0.0097,0.0106,0.0359,0.007,0.0165,0.0302,0.0207,0.0407,0.0048,0.0117,0.0343,0.0068,0.0149,0.0262,0.0281,0.0331,4.6459,Subject08,Stairs,65.76
313,1335,0.5228,0.0024,0.0301,0.213,0.2772,33.7804,0.0109,0.0099,0.0342,0.0072,0.0159,0.0304,0.024,0.0414,0.0066,0.011,0.028,0.0066,0.0144,0.0288,0.0265,0.0266,4.6459,Subject08,Stairs,65.76
313,1350,0.5352,0.0013,0.0284,0.2402,0.2653,35.7804,0.0114,0.0094,0.0345,0.0086,0.0161,0.0297,0.0249,0.0368,0.0052,0.0104,0.0296,0.0074,0.0143,0.0315,0.0305,0.0345,4.6459,Subject08,Stairs,65.76
313,1365,0.4983,0.0014,0.0295,0.2284,0.239,38.9233,0.0109,0.0089,0.0351,0.0058,0.0156,0.0276,0.0226,0.0352,0.0049,0.0092,0.028,0.0066,0.0135,0.0296,0.0284,0.0335,4.6459,Subject08,Stairs,65.76
314,360,2.6318,0.0032,0.1002,1.3223,1.206,4.2,0.0023,0.0019,0.0061,0.0043,0.0028,0.0192,0.0157,0.0261,0.0014,0.002,0.0042,0.006,0.0064,0.0127,0.0122,0.0096,2.071,Subject08,Walking,65.76
314,375,3.2179,0.0037,0.12,1.6025,1.4917,15.2,0.0025,0.0017,0.0052,0.0052,0.0027,0.0191,0.0147,0.0247,0.0016,0.002,0.0048,0.0055,0.0063,0.015,0.0149,0.0103,2.071,Subject08,Walking,65.76
314,390,3.2837,0.0033,0.123,1.5946,1.5627,5.6,0.0022,0.0017,0.0054,0.0044,0.0028,0.0182,0.0153,0.0253,0.0014,0.0019,0.0046,0.0056,0.0063,0.0132,0.0145,0.0098,2.071,Subject08,Walking,65.76
314,405,3.3675,0.0032,0.1287,1.6437,1.5919,1.4,0.0024,0.0017,0.0054,0.0049,0.0028,0.017,0.0152,0.0228,0.0015,0.0018,0.0045,0.0056,0.0066,0.0133,0.0148,0.0099,2.071,Subject08,Walking,65.76
314,420,3.3361,0.0037,0.1206,1.695,1.5168,-0.2,0.0021,0.0019,0.0058,0.0049,0.003,0.0162,0.0167,0.0251,0.0015,0.0022,0.0049,0.0072,0.0068,0.0122,0.0156,0.011,2.071,Subject08,Walking,65.76
314,435,3.2245,0.0034,0.1235,1.5262,1.5714,0.2,0.0021,0.002,0.006,0.0056,0.0031,0.0169,0.0156,0.0276,0.0014,0.0023,0.005,0.0068,0.0063,0.0132,0.016,0.0114,2.071,Subject08,Walking,65.76
314,450,3.1824,0.003,0.1183,1.5843,1.4768,-1.25,0.0022,0.0018,0.0057,0.0054,0.0028,0.0175,0.0153,0.0254,0.0015,0.002,0.0043,0.0059,0.0062,0.013,0.0142,0.0093,2.071,Subject08,Walking,65.76
314,465,3.2342,0.0031,0.1181,1.617,1.496,-1.6,0.0021,0.0017,0.0053,0.0058,0.0027,0.018,0.0164,0.0228,0.0016,0.002,0.0044,0.0067,0.0065,0.0137,0.0134,0.0105,2.071,Subject08,Walking,65.76
314,480,3.3318,0.0037,0.1264,1.611,1.5908,-2.3333,0.0022,0.0017,0.0051,0.0052,0.0026,0.0166,0.0137,0.0235,0.0015,0.002,0.0043,0.0061,0.0065,0.0136,0.0139,0.0098,2.071,Subject08,Walking,65.76
314,495,3.3318,0.0035,0.1238,1.7043,1.5002,-1.8,0.0022,0.0018,0.0051,0.0052,0.0025,0.0163,0.0152,0.024,0.0016,0.0019,0.0044,0.0069,0.0071,0.0121,0.0122,0.0094,2.071,Subject08,Walking,65.76
315,510,3.2612,0.0034,0.1173,1.6028,1.5377,0.6,0.0022,0.0017,0.0051,0.0056,0.0026,0.0168,0.0144,0.0219,0.0015,0.0018,0.0038,0.006,0.0064,0.0135,0.0132,0.0097,2.071,Subject08,Walking,65.76
315,525,3.3801,0.0033,0.1255,1.7003,1.5511,1.2,0.0022,0.0016,0.0047,0.0055,0.0024,0.0157,0.0139,0.0195,0.0015,0.0019,0.0044,0.0059,0.0065,0.0134,0.0142,0.0088,2.071,Subject08,Walking,65.76
315,540,3.3778,0.0034,0.1233,1.6648,1.5863,1.8,0.0023,0.0017,0.0051,0.0051,0.0025,0.0169,0.0141,0.0215,0.0016,0.0016,0.0035,0.0056,0.0057,0.0136,0.014,0.0085,2.071,Subject08,Walking,65.76
315,555,3.3687,0.0033,0.1219,1.7184,1.5251,0.5,0.0021,0.0017,0.0049,0.0051,0.0025,0.0173,0.0142,0.0226,0.0017,0.0018,0.0037,0.0064,0.0061,0.0128,0.0125,0.0097,2.071,Subject08,Walking,65.76
315,570,3.3269,0.0041,0.114,1.625,1.5838,-2.8,0.0023,0.0018,0.0052,0.0054,0.0026,0.0165,0.0138,0.0212,0.0016,0.0018,0.0039,0.0059,0.0055,0.0136,0.0131,0.0093,2.071,Subject08,Walking,65.76
315,585,3.3241,0.0038,0.1101,1.6386,1.5717,-4.1667,0.0025,0.002,0.0048,0.0054,0.0024,0.0158,0.014,0.0217,0.0018,0.0018,0.004,0.0062,0.0059,0.0127,0.0125,0.0084,2.071,Subject08,Walking,65.76
315,600,3.3051,0.0038,0.1149,1.6143,1.5721,1.2,0.0024,0.0018,0.0052,0.0051,0.0026,0.0173,0.0149,0.0221,0.0016,0.0016,0.0037,0.0065,0.0061,0.0116,0.0119,0.009,2.071,Subject08,Walking,65.76
315,615,3.3009,0.0037,0.1122,1.6289,1.5561,1.75,0.0022,0.0018,0.005,0.0055,0.0025,0.0151,0.0132,0.022,0.0016,0.0017,0.004,0.0068,0.0068,0.0134,0.0141,0.0089,2.071,Subject08,Walking,65.76
315,630,3.2709,0.0039,0.1112,1.6523,1.5036,-2.3333,0.0025,0.0019,0.005,0.0052,0.0025,0.0157,0.0149,0.0209,0.0017,0.0018,0.0042,0.0063,0.006,0.0121,0.0123,0.0093,2.071,Subject08,Walking,65.76
315,645,3.3014,0.0039,0.1213,1.6042,1.572,-4.8,0.0023,0.0017,0.0048,0.0059,0.0027,0.0172,0.0135,0.0214,0.0018,0.0018,0.0038,0.0061,0.0059,0.0143,0.0138,0.0097,2.071,Subject08,Walking,65.76
316,720,2.135,0.004,0.0741,1.0461,1.0109,-3.2,0.0022,0.0017,0.0046,0.0058,0.0024,0.0152,0.0116,0.0189,0.0014,0.0019,0.0035,0.0053,0.0054,0.0118,0.0099,0.0085,1.6497,Subject08,Walking,65.76
316,735,1.923,0.004,0.0631,0.9494,0.9064,-2.4,0.0019,0.0015,0.0032,0.005,0.0019,0.0168,0.0125,0.0173,0.0015,0.0017,0.0035,0.0051,0.0053,0.0113,0.0092,0.0076,1.6497,Subject08,Walking,65.76
316,750,1.9216,0.0037,0.0664,0.9316,0.9199,-2.6,0.0021,0.0016,0.0035,0.0046,0.0019,0.0161,0.0122,0.0195,0.0014,0.0017,0.0032,0.0048,0.0051,0.0129,0.0087,0.0078,1.6497,Subject08,Walking,65.76
316,765,2.0302,0.0035,0.0682,0.9729,0.9857,-4,0.002,0.0016,0.0038,0.0041,0.002,0.0151,0.0103,0.0214,0.0014,0.002,0.0033,0.0044,0.0049,0.0118,0.008,0.0089,1.6497,Subject08,Walking,65.76
316,780,1.9927,0.0034,0.066,0.9503,0.973,1.75,0.0021,0.0017,0.0042,0.005,0.0021,0.0148,0.011,0.0191,0.0014,0.0018,0.0033,0.0044,0.0055,0.0116,0.0088,0.0085,1.6497,Subject08,Walking,65.76
316,795,2.0241,0.0036,0.0646,1.0118,0.9441,-2.5,0.002,0.0016,0.004,0.0039,0.002,0.0146,0.0117,0.019,0.0014,0.0019,0.0035,0.0047,0.0057,0.0108,0.0085,0.0083,1.6497,Subject08,Walking,65.76
316,810,2.0128,0.0047,0.0608,0.9386,1.0086,-4.5,0.0023,0.0018,0.0045,0.0045,0.0021,0.0139,0.011,0.0202,0.0013,0.0019,0.0034,0.0049,0.0053,0.0104,0.0089,0.0082,1.6497,Subject08,Walking,65.76
316,825,1.9845,0.0037,0.0677,0.9842,0.9289,1.4,0.002,0.0016,0.0038,0.0044,0.0019,0.0143,0.0112,0.0165,0.0014,0.0019,0.0035,0.0053,0.006,0.0115,0.0086,0.009,1.6497,Subject08,Walking,65.76
316,840,1.9958,0.0035,0.0608,0.896,1.0356,2,0.0022,0.0018,0.005,0.0045,0.0023,0.0134,0.0114,0.0216,0.0014,0.0021,0.0039,0.0056,0.0051,0.0102,0.0097,0.0086,1.6497,Subject08,Walking,65.76
316,855,1.9093,0.003,0.0603,0.939,0.907,2,0.002,0.0017,0.0046,0.0042,0.0022,0.0159,0.0117,0.0191,0.0014,0.002,0.0038,0.0046,0.005,0.0116,0.0089,0.0093,1.6497,Subject08,Walking,65.76
317,870,1.9426,0.0028,0.0601,0.9061,0.9735,-2,0.002,0.0017,0.005,0.0045,0.0023,0.0146,0.0109,0.0206,0.0014,0.0019,0.0036,0.0048,0.0053,0.0116,0.01,0.0082,1.6497,Subject08,Walking,65.76
317,885,1.9414,0.0032,0.0513,0.9413,0.9456,-0.5,0.0021,0.0018,0.0052,0.0049,0.0023,0.0142,0.0119,0.018,0.0015,0.0021,0.0043,0.0054,0.0056,0.0095,0.0091,0.0084,1.6497,Subject08,Walking,65.76
317,900,1.844,0.0038,0.0571,0.9295,0.8537,-1.1667,0.0021,0.0017,0.0047,0.006,0.0023,0.0148,0.0117,0.0166,0.0015,0.002,0.0044,0.006,0.0056,0.0106,0.0094,0.0084,1.6497,Subject08,Walking,65.76
317,915,1.9299,0.0035,0.0592,0.942,0.9252,3.75,0.002,0.0018,0.0053,0.0048,0.0025,0.0147,0.0109,0.0187,0.0014,0.002,0.0038,0.0056,0.0053,0.0103,0.0096,0.008,1.6497,Subject08,Walking,65.76
317,930,2.0025,0.0033,0.0602,0.9982,0.9408,1.2,0.002,0.0016,0.0041,0.0042,0.0022,0.0143,0.0115,0.0173,0.0014,0.0018,0.0033,0.0052,0.006,0.0102,0.01,0.0074,1.6497,Subject08,Walking,65.76
317,945,2.0506,0.0036,0.0613,0.9795,1.0063,-3.8,0.0022,0.0017,0.0043,0.0046,0.0021,0.0141,0.0118,0.0171,0.0014,0.0019,0.0036,0.0054,0.0061,0.0093,0.0094,0.0073,1.6497,Subject08,Walking,65.76
317,960,2.0288,0.0039,0.0611,0.9919,0.9719,-2.6,0.0021,0.0016,0.0038,0.0043,0.0021,0.0152,0.0112,0.018,0.0015,0.0018,0.0033,0.0052,0.0054,0.0115,0.0099,0.0077,1.6497,Subject08,Walking,65.76
317,975,2.0108,0.0039,0.0627,1.0062,0.938,-2.5,0.002,0.0017,0.0045,0.004,0.0022,0.0134,0.0116,0.0172,0.0014,0.0019,0.0038,0.0052,0.0058,0.0099,0.0091,0.0078,1.6497,Subject08,Walking,65.76
317,990,2.0126,0.0041,0.0584,0.9924,0.9576,-2.4,0.0021,0.0015,0.0044,0.0045,0.0022,0.0149,0.0123,0.0166,0.0014,0.0019,0.0036,0.005,0.0056,0.0102,0.0096,0.0078,1.6497,Subject08,Walking,65.76
317,1005,1.9865,0.0041,0.0607,0.9935,0.9281,0.6667,0.0021,0.0016,0.0044,0.0047,0.0022,0.0141,0.0111,0.0166,0.0015,0.0018,0.0037,0.005,0.0057,0.0102,0.0098,0.0074,1.6497,Subject08,Walking,65.76
318,1080,4.0284,0.0043,0.1477,1.9968,1.8796,-1,0.0025,0.002,0.0061,0.0062,0.003,0.0196,0.0146,0.0287,0.0019,0.002,0.0051,0.0076,0.0063,0.0164,0.0148,0.0117,2.8827,Subject08,Walking,65.76
318,1095,4.5181,0.0034,0.1747,2.272,2.0681,6.2,0.0025,0.0019,0.0056,0.0067,0.0029,0.0203,0.0144,0.0274,0.002,0.0018,0.0052,0.0076,0.0061,0.0162,0.0152,0.0121,2.8827,Subject08,Walking,65.76
318,1110,4.6322,0.0038,0.1775,2.2996,2.1513,8.3333,0.0026,0.0019,0.0058,0.0066,0.0029,0.0196,0.0149,0.0292,0.002,0.0019,0.005,0.0077,0.0057,0.0156,0.016,0.012,2.8827,Subject08,Walking,65.76
318,1125,4.5779,0.0038,0.1712,2.2154,2.1875,18.2,0.0026,0.002,0.0061,0.0068,0.0031,0.0197,0.0139,0.0295,0.0019,0.0021,0.0054,0.0071,0.0058,0.0164,0.017,0.0135,2.8827,Subject08,Walking,65.76
318,1140,4.6216,0.0037,0.1773,2.2772,2.1634,16.75,0.0024,0.0019,0.006,0.0058,0.003,0.0184,0.0148,0.0267,0.002,0.0021,0.0053,0.007,0.0059,0.016,0.0159,0.0123,2.8827,Subject08,Walking,65.76
318,1155,4.65,0.0039,0.1709,2.3294,2.1457,11,0.0024,0.002,0.0057,0.0059,0.0031,0.0196,0.015,0.0259,0.002,0.0021,0.005,0.0073,0.006,0.0159,0.0151,0.0121,2.8827,Subject08,Walking,65.76
318,1170,4.6065,0.0036,0.1685,2.3085,2.1259,9.2,0.0024,0.002,0.006,0.0048,0.0031,0.0191,0.0145,0.0289,0.0019,0.0019,0.0046,0.0069,0.006,0.0153,0.0146,0.0119,2.8827,Subject08,Walking,65.76
318,1185,4.6265,0.0038,0.1806,2.2505,2.1916,6.5,0.0026,0.002,0.0063,0.006,0.0033,0.0189,0.0146,0.0288,0.0019,0.0019,0.0049,0.007,0.0058,0.016,0.0156,0.0119,2.8827,Subject08,Walking,65.76
318,1200,4.6144,0.0035,0.1862,2.2474,2.1773,7.6,0.0024,0.0021,0.0062,0.0064,0.003,0.0194,0.0147,0.0286,0.0018,0.002,0.0053,0.0076,0.0059,0.0155,0.0162,0.0119,2.8827,Subject08,Walking,65.76
318,1215,4.7283,0.0044,0.1922,2.3178,2.2138,11.2,0.0026,0.002,0.0057,0.0057,0.0031,0.0186,0.0145,0.0238,0.0018,0.002,0.005,0.0073,0.0057,0.0153,0.0163,0.0115,2.8827,Subject08,Walking,65.76
319,1230,4.6928,0.0039,0.1762,2.3003,2.2123,14.6667,0.0025,0.0019,0.0057,0.0061,0.0031,0.0189,0.0152,0.0254,0.0019,0.002,0.0047,0.0071,0.0058,0.0157,0.0156,0.0113,2.8827,Subject08,Walking,65.76
319,1245,4.7335,0.0041,0.1775,2.3303,2.2216,17.6667,0.0025,0.0018,0.0055,0.0064,0.003,0.0189,0.015,0.0255,0.0018,0.0018,0.0048,0.0069,0.0059,0.0162,0.0155,0.0115,2.8827,Subject08,Walking,65.76
319,1260,4.7456,0.0041,0.1867,2.3321,2.2228,24.6,0.0025,0.0019,0.0059,0.0062,0.003,0.0183,0.0148,0.0237,0.002,0.0021,0.0048,0.0072,0.006,0.0152,0.0151,0.0115,2.8827,Subject08,Walking,65.76
319,1275,4.786,0.0038,0.1777,2.354,2.2505,20.3333,0.0025,0.0018,0.0056,0.0062,0.003,0.019,0.0144,0.026,0.0019,0.0019,0.0046,0.0069,0.006,0.0155,0.0148,0.0106,2.8827,Subject08,Walking,65.76
319,1290,4.8367,0.004,0.1907,2.3306,2.3113,13.6,0.0024,0.0019,0.0056,0.0056,0.003,0.0181,0.0143,0.0237,0.0019,0.002,0.0052,0.007,0.0059,0.0149,0.0149,0.0109,2.8827,Subject08,Walking,65.76
319,1305,4.7908,0.0043,0.1835,2.3185,2.2846,8.8333,0.0026,0.0018,0.0057,0.0059,0.003,0.0191,0.0141,0.0235,0.002,0.002,0.0049,0.0071,0.0058,0.0151,0.0149,0.0105,2.8827,Subject08,Walking,65.76
319,1320,4.8072,0.0042,0.1719,2.3339,2.2973,12.2,0.0025,0.0024,0.0063,0.006,0.0032,0.0183,0.0142,0.0279,0.0019,0.0019,0.0052,0.0077,0.0063,0.0147,0.0154,0.0115,2.8827,Subject08,Walking,65.76
319,1335,4.7487,0.0045,0.1853,2.2808,2.2781,7.2,0.0027,0.0023,0.0065,0.0058,0.0032,0.0179,0.0143,0.0251,0.0019,0.0022,0.0053,0.0079,0.006,0.0146,0.0149,0.0116,2.8827,Subject08,Walking,65.76
319,1350,4.7952,0.0044,0.1891,2.2908,2.3111,11.8333,0.0025,0.0021,0.006,0.0057,0.0031,0.0184,0.0142,0.0252,0.002,0.002,0.005,0.0069,0.006,0.0155,0.015,0.0117,2.8827,Subject08,Walking,65.76
319,1365,4.7946,0.004,0.1823,2.3229,2.2854,14.2,0.0028,0.002,0.0053,0.0063,0.003,0.0189,0.0145,0.0247,0.0019,0.0019,0.005,0.0071,0.0063,0.0165,0.0164,0.0118,2.8827,Subject08,Walking,65.76
320,360,1.5281,0.0023,0.0443,0.7063,0.7752,1.28,0.01,0.005,0.0209,0.0137,0.0186,0.0156,0.014,0.0332,0.0046,0.0059,0.0216,0.0159,0.0197,0.0137,0.0154,0.0369,2.5614,Subject09,Backwards,68.93
320,375,1.6303,0.002,0.0392,0.7143,0.8748,9.73,0.0104,0.0056,0.022,0.0112,0.014,0.0129,0.0124,0.0336,0.0038,0.006,0.0208,0.0126,0.0147,0.013,0.0143,0.0332,2.5614,Subject09,Backwards,68.93
320,390,1.5746,0.0017,0.0406,0.7437,0.7887,8.8133,0.0082,0.0053,0.0224,0.0103,0.0108,0.0115,0.0097,0.0372,0.0029,0.0078,0.0205,0.0078,0.0079,0.0083,0.0122,0.0351,2.5614,Subject09,Backwards,68.93
320,405,1.5054,0.0017,0.0338,0.674,0.7959,7.08,0.0079,0.0056,0.0232,0.0081,0.0103,0.0097,0.01,0.0379,0.003,0.0064,0.0203,0.0079,0.0096,0.0082,0.0136,0.034,2.5614,Subject09,Backwards,68.93
320,420,1.5658,0.0018,0.0361,0.7296,0.7983,5.1467,0.0081,0.0065,0.0249,0.0105,0.0109,0.0095,0.0094,0.0388,0.0029,0.0061,0.0202,0.0081,0.0075,0.0083,0.0123,0.0331,2.5614,Subject09,Backwards,68.93
320,435,1.5134,0.0019,0.0351,0.702,0.7743,5.1467,0.0081,0.0052,0.0211,0.0087,0.011,0.0087,0.0097,0.0344,0.0036,0.0054,0.0215,0.0066,0.0079,0.007,0.0119,0.0366,2.5614,Subject09,Backwards,68.93
320,450,1.4527,0.0019,0.0325,0.6795,0.7389,3.1467,0.0078,0.0048,0.0208,0.0065,0.0084,0.0073,0.0094,0.0359,0.0038,0.0047,0.0196,0.0056,0.0056,0.0064,0.011,0.0364,2.5614,Subject09,Backwards,68.93
320,465,1.4192,0.0017,0.0369,0.6348,0.7458,3.48,0.0087,0.0053,0.0217,0.0074,0.0104,0.0088,0.0104,0.0389,0.0041,0.0054,0.0213,0.0067,0.0067,0.0061,0.0112,0.041,2.5614,Subject09,Backwards,68.93
320,480,1.5069,0.0018,0.0388,0.6829,0.7834,4.8133,0.009,0.0047,0.0198,0.0079,0.0108,0.0098,0.0103,0.035,0.0035,0.0055,0.0202,0.0071,0.0066,0.0056,0.0113,0.0358,2.5614,Subject09,Backwards,68.93
320,495,1.4646,0.002,0.0402,0.6791,0.7433,4.48,0.0091,0.0042,0.0197,0.0079,0.0106,0.0097,0.0111,0.0336,0.0034,0.0052,0.02,0.0067,0.0062,0.0057,0.0115,0.0374,2.5614,Subject09,Backwards,68.93
321,510,1.5085,0.0018,0.039,0.6755,0.7922,2.98,0.0088,0.0041,0.0192,0.0084,0.0107,0.0101,0.0113,0.031,0.0036,0.0052,0.0193,0.0085,0.0068,0.0062,0.0109,0.0341,2.5614,Subject09,Backwards,68.93
321,525,1.4337,0.0022,0.0384,0.6548,0.7383,4.48,0.009,0.0037,0.0176,0.0075,0.0117,0.0092,0.0106,0.0312,0.004,0.0046,0.0197,0.0064,0.007,0.0061,0.0113,0.034,2.5614,Subject09,Backwards,68.93
321,540,1.4562,0.0019,0.0375,0.6708,0.746,4.98,0.0084,0.0041,0.019,0.0069,0.0102,0.0087,0.0094,0.0326,0.0037,0.0049,0.0195,0.0061,0.0054,0.0058,0.0104,0.0359,2.5614,Subject09,Backwards,68.93
321,555,1.5201,0.0022,0.0359,0.6887,0.7934,3.8133,0.0093,0.0041,0.0203,0.0077,0.0107,0.0095,0.0108,0.0323,0.0038,0.0047,0.0191,0.0073,0.0074,0.0063,0.0109,0.0341,2.5614,Subject09,Backwards,68.93
321,570,1.4552,0.0021,0.0345,0.6584,0.7601,1.48,0.0085,0.004,0.0193,0.0066,0.008,0.0085,0.0101,0.0314,0.0039,0.0041,0.0181,0.0064,0.0056,0.0056,0.0107,0.0333,2.5614,Subject09,Backwards,68.93
321,585,1.4637,0.0027,0.0376,0.6914,0.7319,2.48,0.0087,0.0042,0.021,0.0064,0.0098,0.0091,0.0104,0.0362,0.0038,0.0039,0.0169,0.0079,0.006,0.0065,0.013,0.0303,2.5614,Subject09,Backwards,68.93
321,600,1.5227,0.002,0.033,0.6934,0.7943,4.1467,0.0089,0.0038,0.0193,0.0083,0.0087,0.0098,0.0099,0.0317,0.0045,0.004,0.0191,0.0067,0.0078,0.0061,0.0115,0.0337,2.5614,Subject09,Backwards,68.93
321,615,1.4232,0.0028,0.0347,0.6567,0.7289,3.98,0.0094,0.0032,0.0166,0.0078,0.0099,0.0098,0.0121,0.0286,0.0046,0.0033,0.0175,0.0066,0.0074,0.0066,0.0123,0.0301,2.5614,Subject09,Backwards,68.93
321,630,1.4188,0.0024,0.0367,0.6691,0.7105,3.23,0.0089,0.0038,0.0192,0.0065,0.0084,0.0084,0.0112,0.0336,0.0039,0.0035,0.0174,0.0061,0.0059,0.0053,0.0114,0.0324,2.5614,Subject09,Backwards,68.93
321,645,1.4817,0.0026,0.0375,0.6689,0.7727,4.73,0.0087,0.0051,0.0201,0.0073,0.0112,0.0096,0.0124,0.0355,0.0041,0.0046,0.0194,0.0081,0.0085,0.0058,0.0119,0.0345,2.5614,Subject09,Backwards,68.93
322,720,0.642,0.0016,0.0256,0.2827,0.3321,3.98,0.0063,0.0027,0.0131,0.0058,0.0107,0.008,0.0124,0.0261,0.0037,0.0029,0.0157,0.0068,0.0087,0.0054,0.0115,0.0246,1.6818,Subject09,Backwards,68.93
322,735,0.6148,0.0019,0.0258,0.2796,0.3076,2.73,0.0058,0.0024,0.0111,0.0051,0.0087,0.007,0.0109,0.022,0.0038,0.0025,0.0143,0.0062,0.0069,0.004,0.01,0.0248,1.6818,Subject09,Backwards,68.93
322,750,0.6238,0.0017,0.0263,0.3053,0.2905,-0.52,0.0059,0.0023,0.0107,0.0057,0.0126,0.0059,0.0096,0.0222,0.0043,0.0024,0.0139,0.006,0.0075,0.0073,0.0122,0.027,1.6818,Subject09,Backwards,68.93
322,765,0.6043,0.0015,0.0236,0.2923,0.2868,-0.77,0.0059,0.0023,0.0098,0.0048,0.009,0.0054,0.0111,0.0189,0.0039,0.0021,0.0115,0.0063,0.0064,0.0045,0.0119,0.0195,1.6818,Subject09,Backwards,68.93
322,780,0.5621,0.0012,0.0264,0.2308,0.3036,-0.77,0.0057,0.0021,0.009,0.0066,0.0087,0.0094,0.0119,0.022,0.0043,0.002,0.0116,0.0086,0.0078,0.0053,0.0104,0.0218,1.6818,Subject09,Backwards,68.93
322,795,0.5963,0.0015,0.029,0.2829,0.2829,0.8133,0.006,0.0024,0.0104,0.0065,0.0127,0.0086,0.0111,0.0218,0.0051,0.0023,0.0136,0.0099,0.0082,0.006,0.012,0.0295,1.6818,Subject09,Backwards,68.93
322,810,0.5943,0.0018,0.0334,0.269,0.2901,1.48,0.0066,0.0023,0.01,0.0067,0.0097,0.0094,0.0121,0.0219,0.005,0.002,0.0124,0.0087,0.0093,0.0054,0.0108,0.0276,1.6818,Subject09,Backwards,68.93
322,825,0.5641,0.0018,0.0271,0.2566,0.2786,1.73,0.0067,0.002,0.0089,0.0059,0.0077,0.0067,0.0107,0.0209,0.0044,0.0021,0.0129,0.0051,0.0063,0.0032,0.0093,0.0298,1.6818,Subject09,Backwards,68.93
322,840,0.6063,0.002,0.0255,0.291,0.2878,0.48,0.006,0.002,0.0087,0.0045,0.0063,0.0066,0.0111,0.0212,0.004,0.0024,0.0133,0.0049,0.0071,0.0041,0.0108,0.0231,1.6818,Subject09,Backwards,68.93
322,855,0.6176,0.002,0.0256,0.2668,0.3232,-0.72,0.0058,0.0021,0.01,0.0044,0.0063,0.006,0.0104,0.021,0.0039,0.0023,0.0124,0.0063,0.0076,0.0054,0.0116,0.021,1.6818,Subject09,Backwards,68.93
323,870,0.5729,0.0019,0.0286,0.2566,0.2858,1.1467,0.0065,0.002,0.01,0.0052,0.0116,0.0076,0.0115,0.0218,0.0045,0.0021,0.0127,0.0058,0.0072,0.0032,0.0097,0.0257,1.6818,Subject09,Backwards,68.93
323,885,0.5895,0.002,0.0268,0.2739,0.2869,1.48,0.0061,0.0019,0.0078,0.0052,0.0077,0.0076,0.012,0.018,0.0041,0.0021,0.0118,0.0072,0.0069,0.0068,0.0116,0.0222,1.6818,Subject09,Backwards,68.93
323,900,0.6452,0.0025,0.0275,0.2975,0.3177,0.73,0.0063,0.0022,0.0104,0.0051,0.0062,0.0108,0.0129,0.0253,0.004,0.0025,0.0133,0.0048,0.007,0.0045,0.01,0.0264,1.6818,Subject09,Backwards,68.93
323,915,0.6656,0.002,0.0308,0.3089,0.3239,0.28,0.0055,0.0021,0.0104,0.0044,0.0051,0.0064,0.0114,0.0199,0.0037,0.0026,0.0148,0.0062,0.0076,0.0043,0.0101,0.0212,1.6818,Subject09,Backwards,68.93
323,930,0.6019,0.0023,0.0272,0.2951,0.2773,0.98,0.0051,0.0021,0.009,0.0044,0.0062,0.0064,0.0106,0.0197,0.0039,0.0021,0.0128,0.005,0.0056,0.0047,0.0111,0.0257,1.6818,Subject09,Backwards,68.93
323,945,0.5665,0.002,0.0271,0.2703,0.267,-0.1867,0.0055,0.0019,0.0083,0.0051,0.0054,0.0091,0.0127,0.0182,0.0041,0.0023,0.0143,0.0056,0.0061,0.0036,0.0085,0.0277,1.6818,Subject09,Backwards,68.93
323,960,0.5602,0.0017,0.0235,0.2573,0.2777,-1.77,0.0058,0.0022,0.0101,0.0039,0.0052,0.005,0.0103,0.0203,0.0043,0.0023,0.0137,0.0054,0.0055,0.0027,0.0084,0.0267,1.6818,Subject09,Backwards,68.93
323,975,0.555,0.0017,0.0239,0.2623,0.2671,-2.27,0.0046,0.0019,0.0087,0.0044,0.004,0.0058,0.0109,0.0191,0.0037,0.0025,0.013,0.0049,0.0044,0.0033,0.01,0.0224,1.6818,Subject09,Backwards,68.93
323,990,0.6146,0.0021,0.0258,0.257,0.3297,-0.52,0.0054,0.0025,0.0128,0.0042,0.0039,0.0066,0.011,0.023,0.0036,0.0029,0.0152,0.0042,0.0051,0.0032,0.0078,0.0279,1.6818,Subject09,Backwards,68.93
323,1005,0.6086,0.0027,0.0272,0.2645,0.3142,0.48,0.0054,0.0024,0.0123,0.0034,0.006,0.0057,0.0097,0.0241,0.0041,0.0036,0.0158,0.0044,0.0055,0.004,0.009,0.0312,1.6818,Subject09,Backwards,68.93
324,360,1.2453,0.0029,0.0278,0.6058,0.6088,1.2083,0.0054,0.0067,0.0314,0.0148,0.0106,0.0427,0.0205,0.0242,0.0016,0.0065,0.0197,0.0099,0.0185,0.0426,0.0182,0.0314,3.1042,Subject09,Cycling,68.93
324,375,1.3233,0.0011,0.0154,0.6565,0.6503,10.5,0.004,0.0059,0.035,0.0139,0.0066,0.0532,0.0255,0.0161,0.0016,0.0103,0.0367,0.0067,0.0266,0.0581,0.0221,0.0221,3.1042,Subject09,Cycling,68.93
324,390,1.2812,0.0014,0.0311,0.6426,0.606,13.6333,0.0046,0.008,0.0354,0.0162,0.0088,0.0541,0.0241,0.0181,0.0028,0.0113,0.0315,0.0084,0.0253,0.0537,0.0183,0.0201,3.1042,Subject09,Cycling,68.93
324,405,1.217,0.0012,0.0182,0.6025,0.595,11.5833,0.004,0.0063,0.0315,0.0166,0.0073,0.0496,0.0207,0.0162,0.0018,0.0102,0.0298,0.0062,0.0235,0.0451,0.0165,0.015,3.1042,Subject09,Cycling,68.93
324,420,1.2393,0.001,0.0186,0.6162,0.6035,9.4333,0.0042,0.0052,0.0308,0.0156,0.0079,0.0477,0.022,0.0155,0.0015,0.0087,0.029,0.0062,0.0266,0.0469,0.0142,0.0162,3.1042,Subject09,Cycling,68.93
324,435,1.2085,0.0011,0.0175,0.6033,0.5866,7.8333,0.004,0.0059,0.0313,0.0115,0.0072,0.0434,0.0206,0.0112,0.0017,0.0093,0.0276,0.0062,0.0221,0.0426,0.0135,0.0122,3.1042,Subject09,Cycling,68.93
324,450,1.2206,0.0012,0.0219,0.598,0.5996,8.3333,0.0045,0.0055,0.0305,0.0147,0.0082,0.0444,0.0213,0.0153,0.0016,0.0077,0.0237,0.0078,0.0236,0.0453,0.0137,0.0129,3.1042,Subject09,Cycling,68.93
324,465,1.2042,0.001,0.0181,0.581,0.604,7.5833,0.0042,0.0061,0.0306,0.0124,0.009,0.0463,0.0181,0.0157,0.0016,0.0077,0.0227,0.0083,0.022,0.0432,0.0132,0.0098,3.1042,Subject09,Cycling,68.93
324,480,1.1868,0.0011,0.0182,0.5756,0.5919,7.2333,0.0045,0.0051,0.0263,0.0123,0.008,0.0435,0.0171,0.0142,0.0017,0.0082,0.0223,0.0068,0.0188,0.0434,0.0132,0.0111,3.1042,Subject09,Cycling,68.93
324,495,1.196,0.0011,0.0196,0.5951,0.5802,8.4333,0.0046,0.0053,0.0253,0.0134,0.0091,0.041,0.0206,0.0089,0.0018,0.0067,0.0208,0.0106,0.021,0.0412,0.0121,0.0096,3.1042,Subject09,Cycling,68.93
325,510,1.1932,0.0012,0.0171,0.5908,0.5841,8.5,0.0043,0.0054,0.0261,0.0107,0.0084,0.0409,0.0198,0.0081,0.0017,0.0077,0.0229,0.0088,0.0215,0.0386,0.0136,0.0097,3.1042,Subject09,Cycling,68.93
325,525,1.2013,0.0012,0.0167,0.5964,0.5871,7.5833,0.0044,0.0057,0.0291,0.0122,0.0083,0.0373,0.0214,0.0076,0.0016,0.0079,0.022,0.0092,0.0221,0.0386,0.0125,0.0082,3.1042,Subject09,Cycling,68.93
325,540,1.2182,0.0007,0.0153,0.6075,0.5947,6.8333,0.0044,0.0058,0.0285,0.0122,0.0071,0.0391,0.0217,0.01,0.0016,0.0078,0.0227,0.0086,0.0223,0.0398,0.0138,0.0135,3.1042,Subject09,Cycling,68.93
325,555,1.1963,0.0014,0.016,0.5946,0.5843,7.5,0.004,0.0064,0.0292,0.0107,0.0077,0.0386,0.0204,0.0066,0.0017,0.0091,0.0236,0.0068,0.022,0.0413,0.0122,0.0115,3.1042,Subject09,Cycling,68.93
325,570,1.221,0.0009,0.0161,0.6038,0.6002,8.4333,0.0041,0.0065,0.0301,0.0151,0.0092,0.0397,0.0203,0.0079,0.0014,0.0075,0.022,0.008,0.0219,0.0434,0.0123,0.0095,3.1042,Subject09,Cycling,68.93
325,585,1.199,0.0012,0.0163,0.5754,0.6061,8.8333,0.0038,0.0068,0.0296,0.015,0.0079,0.0407,0.0193,0.0143,0.0014,0.0073,0.0231,0.0072,0.025,0.0446,0.0138,0.0073,3.1042,Subject09,Cycling,68.93
325,600,1.2628,0.0016,0.0194,0.6152,0.6265,7.8333,0.0038,0.0066,0.0312,0.0102,0.0068,0.0399,0.0178,0.009,0.0015,0.0081,0.0254,0.0065,0.0198,0.0418,0.013,0.0058,3.1042,Subject09,Cycling,68.93
325,615,1.2336,0.0021,0.0184,0.5962,0.6169,6.8333,0.0041,0.0068,0.0292,0.0082,0.0067,0.0359,0.0155,0.007,0.0016,0.0089,0.0253,0.006,0.0184,0.0386,0.0156,0.0043,3.1042,Subject09,Cycling,68.93
325,630,1.278,0.002,0.0191,0.6224,0.6345,6.1667,0.0041,0.0059,0.0295,0.0072,0.0077,0.0352,0.0161,0.0053,0.0016,0.0077,0.0259,0.0058,0.019,0.0406,0.0153,0.0042,3.1042,Subject09,Cycling,68.93
325,645,1.2568,0.001,0.0163,0.6038,0.6357,7.2333,0.004,0.0058,0.0297,0.0093,0.009,0.0388,0.0157,0.0084,0.0015,0.0082,0.027,0.0061,0.0215,0.0443,0.0148,0.0051,3.1042,Subject09,Cycling,68.93
326,720,1.2335,0.001,0.0169,0.6126,0.6031,8,0.0052,0.0068,0.0422,0.0128,0.0092,0.0433,0.0207,0.0141,0.0022,0.0134,0.0371,0.0096,0.0234,0.0508,0.0168,0.0201,5.5057,Subject09,Cycling,68.93
326,735,1.2548,0.0006,0.0167,0.6269,0.6106,11.5833,0.0063,0.0091,0.0521,0.0163,0.0096,0.0366,0.0265,0.013,0.0027,0.0163,0.0415,0.0094,0.024,0.0471,0.0183,0.0201,5.5057,Subject09,Cycling,68.93
326,750,1.2594,0.0008,0.0175,0.621,0.6201,14.0833,0.0068,0.0085,0.0467,0.0197,0.0119,0.0436,0.0247,0.0245,0.0026,0.0121,0.037,0.0114,0.026,0.0501,0.0189,0.0307,5.5057,Subject09,Cycling,68.93
326,765,1.3092,0.0013,0.0191,0.6497,0.6391,17.8333,0.0068,0.0083,0.0469,0.0163,0.011,0.0369,0.0243,0.014,0.0026,0.013,0.0385,0.0106,0.0268,0.0412,0.0161,0.0245,5.5057,Subject09,Cycling,68.93
326,780,1.2931,0.0014,0.0194,0.6454,0.6269,18.8333,0.0065,0.0084,0.0451,0.0129,0.0103,0.0366,0.0213,0.0115,0.0028,0.0143,0.0404,0.0105,0.0244,0.0409,0.0178,0.0258,5.5057,Subject09,Cycling,68.93
326,795,1.3414,0.0011,0.0201,0.6566,0.6636,18.5,0.0067,0.0064,0.0423,0.0191,0.0143,0.0464,0.0237,0.028,0.0028,0.0089,0.0342,0.0137,0.0283,0.0469,0.0198,0.0371,5.5057,Subject09,Cycling,68.93
326,810,1.2098,0.002,0.0193,0.5987,0.5898,19.0833,0.006,0.0099,0.0437,0.0125,0.0097,0.0339,0.0301,0.0058,0.0027,0.0124,0.0376,0.0091,0.027,0.041,0.0234,0.0098,5.5057,Subject09,Cycling,68.93
326,825,1.1911,0.0016,0.0167,0.5956,0.5772,16.3333,0.0063,0.0104,0.047,0.0135,0.0102,0.0314,0.0321,0.0068,0.0024,0.0148,0.04,0.0081,0.0278,0.0421,0.0225,0.0076,5.5057,Subject09,Cycling,68.93
326,840,1.1786,0.0025,0.0171,0.5922,0.5667,16.8333,0.0061,0.0121,0.0471,0.0098,0.0091,0.0293,0.0291,0.0068,0.0024,0.0175,0.0403,0.0069,0.0256,0.0393,0.0207,0.0084,5.5057,Subject09,Cycling,68.93
326,855,1.2297,0.0012,0.0175,0.6166,0.5944,16.6333,0.0059,0.01,0.0455,0.0136,0.0086,0.0335,0.0297,0.0092,0.0024,0.0168,0.0407,0.0091,0.0276,0.0435,0.023,0.0095,5.5057,Subject09,Cycling,68.93
327,870,1.2044,0.0014,0.0163,0.5978,0.5889,16.6333,0.0059,0.0116,0.046,0.0121,0.0084,0.0357,0.0277,0.011,0.0024,0.0178,0.0382,0.0082,0.0256,0.0443,0.0204,0.0091,5.5057,Subject09,Cycling,68.93
327,885,1.2353,0.0014,0.0176,0.6125,0.6038,16.2333,0.0063,0.0112,0.0485,0.0121,0.0093,0.0317,0.0276,0.0092,0.0028,0.0173,0.0393,0.0089,0.031,0.0417,0.0207,0.0101,5.5057,Subject09,Cycling,68.93
327,900,1.1953,0.0015,0.0177,0.5926,0.5836,16.0333,0.006,0.0107,0.045,0.0117,0.0078,0.0342,0.0264,0.0079,0.0026,0.0181,0.0405,0.0086,0.0308,0.0379,0.0201,0.007,5.5057,Subject09,Cycling,68.93
327,915,1.2094,0.0015,0.0169,0.5998,0.5912,16.6333,0.0058,0.011,0.0456,0.0115,0.0082,0.0342,0.0262,0.0079,0.0028,0.0155,0.0405,0.0094,0.026,0.0418,0.0195,0.0077,5.5057,Subject09,Cycling,68.93
327,930,1.2646,0.0015,0.017,0.6222,0.6239,17.0833,0.0058,0.0097,0.0454,0.0124,0.0093,0.0355,0.0244,0.0079,0.0029,0.0162,0.0387,0.0093,0.0275,0.0402,0.0183,0.0092,5.5057,Subject09,Cycling,68.93
327,945,1.2391,0.0011,0.0178,0.6218,0.5983,19.0333,0.0058,0.0095,0.0426,0.0127,0.0101,0.0374,0.0255,0.0067,0.003,0.0145,0.039,0.0103,0.0272,0.0427,0.0179,0.0104,5.5057,Subject09,Cycling,68.93
327,960,1.2083,0.0014,0.016,0.6087,0.5822,18.3333,0.0061,0.0116,0.0457,0.0125,0.0089,0.033,0.0259,0.0062,0.0028,0.0143,0.0368,0.0101,0.032,0.0415,0.0183,0.0121,5.5057,Subject09,Cycling,68.93
327,975,1.2335,0.0011,0.0169,0.6204,0.5951,16.8333,0.0059,0.0121,0.049,0.0122,0.0083,0.0352,0.0266,0.008,0.0027,0.0113,0.0387,0.0108,0.032,0.0455,0.0189,0.013,5.5057,Subject09,Cycling,68.93
327,990,1.2637,0.0017,0.0182,0.6231,0.6207,18.4333,0.0063,0.0084,0.0433,0.0154,0.0097,0.0409,0.0254,0.016,0.0028,0.0107,0.0371,0.0092,0.0284,0.0488,0.0189,0.0238,5.5057,Subject09,Cycling,68.93
327,1005,1.2423,0.0019,0.0185,0.6199,0.602,18.4333,0.0067,0.0098,0.0465,0.0148,0.0092,0.0369,0.0273,0.0115,0.003,0.0118,0.0383,0.01,0.028,0.044,0.0192,0.0151,5.5057,Subject09,Cycling,68.93
328,1080,1.2292,0.0014,0.0165,0.6117,0.5995,19.0333,0.0053,0.0092,0.041,0.0098,0.0078,0.0393,0.0257,0.0073,0.0021,0.0116,0.0325,0.007,0.0276,0.045,0.0187,0.0082,4.5028,Subject09,Cycling,68.93
328,1095,1.1691,0.0013,0.0169,0.5847,0.5662,19.2333,0.005,0.009,0.039,0.0095,0.0079,0.0386,0.0255,0.006,0.0018,0.0118,0.0334,0.0066,0.0269,0.0445,0.0168,0.0056,4.5028,Subject09,Cycling,68.93
328,1110,1.1839,0.0014,0.0168,0.584,0.5817,18.2333,0.0049,0.0089,0.0373,0.0083,0.0071,0.0387,0.0221,0.0061,0.0021,0.0133,0.0333,0.0065,0.0255,0.0429,0.0179,0.0054,4.5028,Subject09,Cycling,68.93
328,1125,1.2316,0.0017,0.0188,0.6066,0.6046,14.8333,0.0047,0.008,0.0373,0.01,0.0083,0.043,0.0202,0.0075,0.0019,0.0141,0.0307,0.007,0.0234,0.0411,0.0164,0.0071,4.5028,Subject09,Cycling,68.93
328,1140,1.2358,0.0016,0.0175,0.6172,0.5995,13.6333,0.0049,0.0082,0.0372,0.011,0.0085,0.0426,0.0222,0.0094,0.0018,0.0103,0.0314,0.0076,0.0251,0.0467,0.0149,0.014,4.5028,Subject09,Cycling,68.93
328,1155,1.1794,0.0016,0.0172,0.5745,0.5861,15.4333,0.005,0.0083,0.0377,0.0093,0.007,0.0367,0.0252,0.0071,0.0018,0.0098,0.031,0.0065,0.022,0.0439,0.0165,0.0093,4.5028,Subject09,Cycling,68.93
328,1170,1.2259,0.0014,0.0169,0.6122,0.5955,14.0833,0.0049,0.0102,0.0415,0.01,0.0082,0.0366,0.0223,0.0057,0.002,0.0112,0.0335,0.0072,0.0256,0.0429,0.0167,0.0066,4.5028,Subject09,Cycling,68.93
328,1185,1.2169,0.0013,0.0152,0.6029,0.5974,13.8333,0.005,0.0082,0.0374,0.0126,0.0088,0.0446,0.0219,0.0107,0.0019,0.0111,0.0327,0.0064,0.0233,0.0471,0.0171,0.0105,4.5028,Subject09,Cycling,68.93
328,1200,1.2446,0.0014,0.016,0.6047,0.6225,15.6333,0.0052,0.0071,0.0385,0.0122,0.0085,0.0438,0.0216,0.0098,0.0019,0.0122,0.0335,0.0058,0.0224,0.0454,0.018,0.0074,4.5028,Subject09,Cycling,68.93
328,1215,1.251,0.0017,0.0169,0.623,0.6095,15.8333,0.0053,0.0078,0.0403,0.0111,0.0092,0.0396,0.0218,0.0068,0.0021,0.0115,0.0307,0.0068,0.0246,0.0475,0.0161,0.0128,4.5028,Subject09,Cycling,68.93
329,1230,1.2709,0.0015,0.0162,0.622,0.6312,16.3333,0.0057,0.0069,0.0408,0.0118,0.0077,0.045,0.0217,0.0128,0.002,0.0101,0.0358,0.0075,0.0283,0.0464,0.0162,0.0151,4.5028,Subject09,Cycling,68.93
329,1245,1.2672,0.0015,0.0179,0.6352,0.6126,16.0833,0.0056,0.0076,0.0382,0.01,0.0071,0.0402,0.0233,0.0043,0.0019,0.0098,0.0347,0.0081,0.0257,0.0448,0.0162,0.0124,4.5028,Subject09,Cycling,68.93
329,1260,1.2401,0.0018,0.017,0.6303,0.591,17.0333,0.0055,0.0081,0.0381,0.0091,0.0074,0.0391,0.0223,0.0053,0.0022,0.0088,0.0343,0.0066,0.026,0.043,0.0162,0.0149,4.5028,Subject09,Cycling,68.93
329,1275,1.2412,0.0016,0.0165,0.6255,0.5976,17.4333,0.0056,0.0076,0.0394,0.0097,0.0086,0.0412,0.0221,0.0077,0.0018,0.0099,0.0322,0.0072,0.0248,0.0466,0.0139,0.0177,4.5028,Subject09,Cycling,68.93
329,1290,1.227,0.0016,0.0161,0.6188,0.5905,14.0333,0.0055,0.0076,0.0399,0.0097,0.0072,0.0379,0.0247,0.0076,0.0016,0.0101,0.0346,0.007,0.0256,0.0476,0.0146,0.0174,4.5028,Subject09,Cycling,68.93
329,1305,1.2661,0.0012,0.0165,0.6301,0.6183,13.8333,0.0058,0.0059,0.0365,0.012,0.0086,0.0427,0.0228,0.0114,0.0017,0.0103,0.0346,0.0068,0.0258,0.0479,0.0158,0.0202,4.5028,Subject09,Cycling,68.93
329,1320,1.2896,0.0018,0.0181,0.6515,0.6183,15.2333,0.006,0.0068,0.0372,0.0106,0.0074,0.0415,0.024,0.0108,0.0022,0.0098,0.0334,0.0067,0.0273,0.0473,0.0167,0.0213,4.5028,Subject09,Cycling,68.93
329,1335,1.1879,0.0017,0.0157,0.5851,0.5853,16.8333,0.0061,0.0073,0.0404,0.009,0.0062,0.0379,0.0228,0.0087,0.0018,0.0124,0.0363,0.0052,0.0233,0.042,0.0179,0.0154,4.5028,Subject09,Cycling,68.93
329,1350,1.2607,0.0016,0.016,0.6229,0.6201,17.3333,0.0057,0.0082,0.0405,0.0084,0.0067,0.0424,0.022,0.0106,0.0018,0.0135,0.0381,0.0054,0.0246,0.0447,0.0192,0.012,4.5028,Subject09,Cycling,68.93
329,1365,1.2557,0.002,0.0173,0.6242,0.6123,14.3333,0.0058,0.0089,0.0437,0.0093,0.0074,0.0383,0.0239,0.0068,0.0022,0.0106,0.0367,0.0056,0.0246,0.0426,0.018,0.0098,4.5028,Subject09,Cycling,68.93
330,1440,1.8491,0.0025,0.0354,0.9154,0.8959,16.6905,0.0089,0.0093,0.0556,0.0155,0.0121,0.0592,0.024,0.0221,0.0039,0.0105,0.0332,0.0182,0.0265,0.071,0.0158,0.0318,6.5951,Subject09,Cycling,68.93
330,1455,2.5177,0.003,0.0565,1.1866,1.2715,22.6905,0.0109,0.0089,0.0661,0.0224,0.0159,0.076,0.0211,0.0302,0.0057,0.0115,0.0385,0.0177,0.0309,0.0833,0.0138,0.0375,6.5951,Subject09,Cycling,68.93
330,1470,2.5501,0.0031,0.0515,1.1965,1.2991,24.4333,0.0107,0.0065,0.0531,0.0208,0.0138,0.0673,0.0212,0.0238,0.0049,0.0085,0.0349,0.015,0.028,0.076,0.0126,0.028,6.5951,Subject09,Cycling,68.93
330,1485,2.5048,0.0023,0.0512,1.1824,1.269,24.1667,0.0109,0.0052,0.0477,0.0232,0.0178,0.0676,0.0179,0.0238,0.0051,0.0067,0.0332,0.0197,0.0295,0.0722,0.014,0.0289,6.5951,Subject09,Cycling,68.93
330,1500,2.5338,0.0026,0.0566,1.1823,1.2922,25,0.0112,0.0048,0.0447,0.0237,0.0187,0.06,0.0208,0.0198,0.005,0.0062,0.0302,0.0155,0.0249,0.0697,0.0133,0.0191,6.5951,Subject09,Cycling,68.93
330,1515,2.5471,0.0026,0.0559,1.1792,1.3095,25.6333,0.0118,0.005,0.0489,0.0264,0.0226,0.063,0.0209,0.0205,0.0048,0.0059,0.0311,0.0164,0.0255,0.0734,0.0133,0.0207,6.5951,Subject09,Cycling,68.93
330,1530,2.5758,0.0024,0.0526,1.1933,1.3275,25.2333,0.0109,0.0049,0.0447,0.0283,0.0227,0.0663,0.0203,0.023,0.0041,0.0062,0.0276,0.0169,0.0298,0.0729,0.0131,0.027,6.5951,Subject09,Cycling,68.93
330,1545,2.5406,0.0028,0.0553,1.1876,1.2948,26.4333,0.0112,0.0045,0.0443,0.0271,0.0258,0.0622,0.0219,0.0236,0.0044,0.0069,0.0314,0.0176,0.0311,0.0694,0.0142,0.024,6.5951,Subject09,Cycling,68.93
330,1560,2.5721,0.0036,0.059,1.1929,1.3166,26.3333,0.0128,0.0046,0.0423,0.0265,0.0267,0.0646,0.0221,0.0221,0.0045,0.0068,0.0266,0.0179,0.0324,0.0618,0.0133,0.0234,6.5951,Subject09,Cycling,68.93
330,1575,2.5298,0.0038,0.058,1.1739,1.2941,25.8333,0.0109,0.0049,0.0444,0.0218,0.019,0.0597,0.0226,0.0185,0.0047,0.0049,0.0282,0.0161,0.0311,0.0645,0.0136,0.0199,6.5951,Subject09,Cycling,68.93
331,1590,2.4898,0.0041,0.0536,1.176,1.2561,26.4333,0.0112,0.0043,0.0436,0.0225,0.0182,0.0612,0.0232,0.0177,0.0051,0.0059,0.0325,0.0126,0.0262,0.0667,0.0149,0.024,6.5951,Subject09,Cycling,68.93
331,1605,2.6142,0.0036,0.0551,1.2284,1.3271,26.8333,0.011,0.0052,0.05,0.021,0.0157,0.0568,0.023,0.0211,0.0046,0.007,0.0324,0.0133,0.0301,0.0656,0.0143,0.0248,6.5951,Subject09,Cycling,68.93
331,1620,2.598,0.0045,0.0589,1.2134,1.3212,27.1667,0.0124,0.0054,0.0494,0.0194,0.0141,0.061,0.024,0.0185,0.0048,0.0087,0.0385,0.012,0.0275,0.0618,0.0149,0.0238,6.5951,Subject09,Cycling,68.93
331,1635,2.5839,0.005,0.0603,1.2065,1.3121,26.8333,0.0115,0.0048,0.0447,0.0212,0.0159,0.0618,0.0213,0.018,0.0053,0.0053,0.0363,0.0196,0.0324,0.0653,0.0149,0.0238,6.5951,Subject09,Cycling,68.93
331,1650,2.6421,0.0041,0.0587,1.2329,1.3464,28.6667,0.0117,0.0051,0.0476,0.0216,0.0161,0.0583,0.0217,0.0212,0.0058,0.0072,0.0401,0.023,0.035,0.0662,0.0164,0.0272,6.5951,Subject09,Cycling,68.93
331,1665,2.6269,0.0034,0.055,1.2179,1.3507,28.5,0.0096,0.0075,0.0518,0.0322,0.0228,0.0637,0.0237,0.0216,0.0048,0.0072,0.0353,0.026,0.0359,0.0636,0.0145,0.0299,6.5951,Subject09,Cycling,68.93
331,1680,2.5452,0.0038,0.0557,1.1745,1.3113,28.3333,0.0101,0.0083,0.0514,0.0261,0.0203,0.0604,0.0205,0.0219,0.0045,0.0085,0.0373,0.0186,0.0306,0.0622,0.0138,0.0222,6.5951,Subject09,Cycling,68.93
331,1695,2.5244,0.004,0.0592,1.1675,1.2938,29.1667,0.0107,0.0057,0.0465,0.0234,0.0186,0.0553,0.023,0.0172,0.0043,0.0064,0.0309,0.0174,0.0259,0.0642,0.013,0.0235,6.5951,Subject09,Cycling,68.93
331,1710,2.6233,0.0042,0.0599,1.215,1.3442,28.8333,0.0108,0.0063,0.0448,0.024,0.021,0.061,0.0203,0.0215,0.0039,0.0067,0.035,0.0207,0.0333,0.0623,0.0138,0.0306,6.5951,Subject09,Cycling,68.93
331,1725,2.6493,0.0041,0.0632,1.2336,1.3484,28.6667,0.0103,0.0071,0.0464,0.0261,0.026,0.0618,0.0198,0.0223,0.0043,0.0077,0.0375,0.0221,0.0337,0.0666,0.0128,0.0325,6.5951,Subject09,Cycling,68.93
332,360,0.0094,0.0002,0.0028,0.0035,0.0029,-2.96,0.0056,0.0009,0.0017,0.0013,0.0027,0.0043,0.0136,0.0012,0.0027,0.0022,0.0172,0.0017,0.0047,0.0019,0.0107,0.0013,2.8285,Subject09,Incline,68.93
332,375,1.1513,0.0013,0.0348,0.5603,0.5549,0.24,0.0074,0.0018,0.0066,0.0135,0.0195,0.0191,0.0182,0.0252,0.0071,0.0016,0.0092,0.013,0.0143,0.0147,0.0197,0.0221,2.8285,Subject09,Incline,68.93
332,390,1.2962,0.0015,0.0352,0.6209,0.6386,6.3733,0.0077,0.0015,0.0063,0.0145,0.0162,0.0171,0.0175,0.0244,0.0073,0.0016,0.0078,0.014,0.0093,0.0116,0.0176,0.0215,2.8285,Subject09,Incline,68.93
332,405,1.2239,0.0017,0.0356,0.5805,0.6062,9.04,0.0083,0.0017,0.0078,0.0152,0.0157,0.0192,0.0193,0.022,0.0069,0.0017,0.0102,0.0116,0.0081,0.0075,0.0151,0.024,2.8285,Subject09,Incline,68.93
332,420,1.2146,0.0016,0.0347,0.5678,0.6105,5.3733,0.0074,0.0016,0.0071,0.0135,0.013,0.0189,0.0188,0.0238,0.0065,0.0016,0.0087,0.0132,0.0066,0.0086,0.0164,0.0208,2.8285,Subject09,Incline,68.93
332,435,1.192,0.0016,0.0361,0.609,0.5452,5.79,0.0078,0.0016,0.0078,0.0146,0.0116,0.0171,0.0203,0.0202,0.0075,0.0018,0.0105,0.0107,0.0075,0.007,0.017,0.0264,2.8285,Subject09,Incline,68.93
332,450,1.1672,0.0017,0.0331,0.5572,0.5751,5.04,0.0073,0.0015,0.0067,0.015,0.0141,0.0186,0.019,0.0211,0.0061,0.0018,0.01,0.0107,0.0076,0.0113,0.0172,0.026,2.8285,Subject09,Incline,68.93
332,465,1.1828,0.0017,0.0333,0.5512,0.5965,4.54,0.0076,0.0014,0.0057,0.0133,0.0135,0.0167,0.0165,0.0228,0.0069,0.0016,0.008,0.0127,0.0098,0.0137,0.0188,0.0239,2.8285,Subject09,Incline,68.93
332,480,1.2687,0.0016,0.0362,0.6026,0.6283,6.04,0.0073,0.0013,0.0049,0.0124,0.0124,0.0182,0.0172,0.0165,0.0067,0.0015,0.0071,0.0143,0.006,0.0109,0.0176,0.0197,2.8285,Subject09,Incline,68.93
332,495,1.2043,0.0016,0.037,0.5836,0.5822,6.54,0.0081,0.0014,0.006,0.0122,0.011,0.0164,0.0164,0.0225,0.0062,0.0015,0.0069,0.0126,0.0056,0.0113,0.0161,0.0221,2.8285,Subject09,Incline,68.93
333,510,1.2297,0.0016,0.0338,0.5682,0.626,6.54,0.0074,0.0014,0.0056,0.0134,0.0102,0.0178,0.0171,0.0183,0.0062,0.0014,0.0064,0.0132,0.0063,0.0098,0.0174,0.0194,2.8285,Subject09,Incline,68.93
333,525,1.2172,0.0016,0.0324,0.5826,0.6006,5.3733,0.007,0.0013,0.0052,0.0128,0.009,0.0184,0.0182,0.0163,0.0062,0.0014,0.0061,0.0128,0.0053,0.0105,0.0158,0.0191,2.8285,Subject09,Incline,68.93
333,540,1.1952,0.0015,0.033,0.5739,0.5867,6.04,0.0073,0.0013,0.0047,0.0128,0.0112,0.0174,0.0174,0.0174,0.0062,0.0014,0.0068,0.0123,0.0048,0.0128,0.0172,0.0212,2.8285,Subject09,Incline,68.93
333,555,1.2534,0.0016,0.0355,0.5856,0.6306,6.3733,0.0072,0.0014,0.0055,0.0128,0.0094,0.0158,0.0155,0.0175,0.0063,0.0016,0.0076,0.013,0.0059,0.0125,0.0174,0.0205,2.8285,Subject09,Incline,68.93
333,570,1.2699,0.0016,0.0353,0.615,0.6179,6.7067,0.0076,0.0015,0.0059,0.0127,0.0093,0.0162,0.0163,0.0196,0.0065,0.0015,0.0069,0.011,0.005,0.0073,0.0154,0.0186,2.8285,Subject09,Incline,68.93
333,585,1.2263,0.0015,0.035,0.5712,0.6186,3.3733,0.0071,0.0013,0.0049,0.0131,0.0095,0.0141,0.0162,0.0179,0.007,0.0014,0.0064,0.0118,0.0054,0.0101,0.0184,0.0182,2.8285,Subject09,Incline,68.93
333,600,1.236,0.0017,0.0374,0.6147,0.5822,4.04,0.0074,0.0014,0.0052,0.0115,0.0073,0.0147,0.0155,0.0185,0.0069,0.0015,0.0068,0.0122,0.0053,0.007,0.0155,0.0193,2.8285,Subject09,Incline,68.93
333,615,1.2556,0.0018,0.0372,0.5907,0.6259,6.3733,0.0074,0.0015,0.0062,0.0124,0.0094,0.0153,0.0169,0.0192,0.0068,0.0017,0.0092,0.0103,0.0079,0.0102,0.0168,0.0204,2.8285,Subject09,Incline,68.93
333,630,1.2224,0.0016,0.0352,0.5764,0.6092,4.29,0.0078,0.0015,0.0065,0.0128,0.0101,0.0164,0.018,0.0224,0.0063,0.0015,0.0073,0.012,0.0084,0.0111,0.0176,0.0202,2.8285,Subject09,Incline,68.93
333,645,1.2537,0.0016,0.0337,0.5998,0.6186,4.79,0.0075,0.0014,0.0063,0.0138,0.0091,0.0184,0.0168,0.0204,0.0062,0.0015,0.007,0.0118,0.0057,0.0089,0.014,0.018,2.8285,Subject09,Incline,68.93
334,720,3.1639,0.0027,0.0663,1.541,1.5539,6.04,0.0094,0.0024,0.0099,0.0172,0.0139,0.022,0.0242,0.0271,0.0078,0.0023,0.0118,0.0173,0.0151,0.0229,0.0248,0.0299,5.6529,Subject09,Incline,68.93
334,735,3.5377,0.0026,0.0701,1.7619,1.7032,11.7067,0.0093,0.0026,0.0098,0.0209,0.0166,0.0233,0.0274,0.0241,0.0072,0.0024,0.0119,0.0185,0.0144,0.0215,0.0254,0.0297,5.6529,Subject09,Incline,68.93
334,750,3.5024,0.0027,0.0734,1.6923,1.734,16.79,0.0096,0.0026,0.0103,0.019,0.0153,0.0222,0.0269,0.0272,0.0073,0.0024,0.0107,0.0197,0.0142,0.0241,0.0268,0.0263,5.6529,Subject09,Incline,68.93
334,765,3.565,0.0026,0.0741,1.6779,1.8104,17.29,0.0087,0.0026,0.0088,0.0197,0.0153,0.0196,0.0243,0.0249,0.0075,0.0024,0.0103,0.0195,0.0147,0.024,0.0264,0.0265,5.6529,Subject09,Incline,68.93
334,780,3.6006,0.0027,0.0686,1.764,1.7654,19.04,0.0097,0.0026,0.0079,0.0195,0.0173,0.0202,0.023,0.0231,0.0078,0.0025,0.0087,0.0212,0.0166,0.0205,0.0228,0.0252,5.6529,Subject09,Incline,68.93
334,795,3.6235,0.0028,0.0729,1.7479,1.7998,17.54,0.0091,0.0026,0.0089,0.0195,0.0182,0.0216,0.0252,0.0235,0.0069,0.0023,0.0106,0.0182,0.0136,0.0241,0.0268,0.0271,5.6529,Subject09,Incline,68.93
334,810,3.6603,0.003,0.0711,1.7238,1.8624,19.04,0.0094,0.0025,0.0084,0.0182,0.0183,0.0192,0.0241,0.0252,0.0077,0.0024,0.0093,0.0197,0.0123,0.0198,0.0252,0.0226,5.6529,Subject09,Incline,68.93
334,825,3.566,0.003,0.0676,1.7252,1.7703,20.44,0.0091,0.0025,0.0078,0.0175,0.0172,0.0204,0.0248,0.0238,0.0078,0.0022,0.0089,0.0195,0.0144,0.0187,0.0255,0.0258,5.6529,Subject09,Incline,68.93
334,840,3.6222,0.0029,0.0669,1.7499,1.8024,21.04,0.0092,0.0026,0.0083,0.0194,0.0171,0.0192,0.0241,0.0224,0.0074,0.0023,0.0092,0.0211,0.0119,0.0195,0.0248,0.0229,5.6529,Subject09,Incline,68.93
334,855,3.7245,0.0029,0.0639,1.8407,1.817,20.04,0.0091,0.0025,0.007,0.0189,0.0201,0.0191,0.0234,0.0209,0.0076,0.0023,0.0072,0.0227,0.0162,0.0195,0.0232,0.0241,5.6529,Subject09,Incline,68.93
335,870,3.7073,0.003,0.0636,1.792,1.8487,18.79,0.009,0.0026,0.0073,0.0202,0.0184,0.0196,0.024,0.0231,0.0071,0.0025,0.008,0.0205,0.0123,0.017,0.0229,0.0221,5.6529,Subject09,Incline,68.93
335,885,3.568,0.003,0.0679,1.727,1.7701,18.29,0.0092,0.0025,0.0085,0.0192,0.0177,0.0199,0.0246,0.0245,0.0078,0.0024,0.0085,0.0195,0.0111,0.0194,0.0249,0.0236,5.6529,Subject09,Incline,68.93
335,900,3.7966,0.003,0.0679,1.834,1.8917,19.29,0.0088,0.0024,0.0072,0.0201,0.0218,0.0198,0.023,0.0216,0.0076,0.0024,0.0078,0.0204,0.0146,0.0195,0.0238,0.0243,5.6529,Subject09,Incline,68.93
335,915,3.6389,0.0029,0.066,1.7203,1.8496,19.29,0.0094,0.0026,0.0086,0.0194,0.0183,0.0203,0.0238,0.0247,0.0072,0.0025,0.0085,0.0196,0.0144,0.0213,0.0248,0.0244,5.6529,Subject09,Incline,68.93
335,930,3.5466,0.0029,0.0696,1.7239,1.7502,20.04,0.0101,0.0028,0.0094,0.0215,0.0168,0.0216,0.0248,0.0256,0.0073,0.0026,0.009,0.019,0.0133,0.0189,0.0236,0.0231,5.6529,Subject09,Incline,68.93
335,945,3.7321,0.003,0.0668,1.8005,1.8619,19.29,0.0097,0.0026,0.0076,0.0187,0.0174,0.0189,0.0236,0.0243,0.0076,0.0025,0.0077,0.0194,0.013,0.0172,0.0238,0.0245,5.6529,Subject09,Incline,68.93
335,960,3.6691,0.0028,0.0666,1.8254,1.7743,21.04,0.0097,0.0023,0.0078,0.0176,0.0142,0.0185,0.0241,0.0225,0.0076,0.0024,0.0082,0.019,0.012,0.0165,0.0226,0.0247,5.6529,Subject09,Incline,68.93
335,975,3.5437,0.0032,0.0686,1.6779,1.7941,20.54,0.0092,0.0024,0.0085,0.0202,0.0169,0.0208,0.0244,0.0267,0.0069,0.0023,0.0087,0.0175,0.0145,0.0198,0.0249,0.0265,5.6529,Subject09,Incline,68.93
335,990,3.6654,0.0031,0.0713,1.8033,1.7876,20.29,0.0094,0.0023,0.0077,0.0194,0.0158,0.02,0.0256,0.0223,0.0071,0.0021,0.0076,0.0204,0.0123,0.016,0.023,0.0222,5.6529,Subject09,Incline,68.93
335,1005,3.7041,0.0029,0.0686,1.7434,1.8892,21.64,0.0095,0.0024,0.008,0.0195,0.0154,0.0179,0.0218,0.0243,0.0075,0.0023,0.0079,0.0189,0.0124,0.0161,0.0229,0.0233,5.6529,Subject09,Incline,68.93
336,1080,0.7261,0.0035,0.0559,0.3377,0.3291,19.04,0.0079,0.0023,0.0103,0.0068,0.0113,0.0063,0.0112,0.0081,0.0059,0.0028,0.017,0.005,0.0155,0.0085,0.0125,0.0157,0.2575,Subject09,Incline,68.93
336,1095,0.0111,0.0003,0.0037,0.0037,0.0034,18.54,0.0073,0.0014,0.0072,0.0009,0.0065,0.0024,0.0151,0.0013,0.0035,0.0022,0.0137,0.0016,0.0103,0.002,0.0133,0.0016,0.2575,Subject09,Incline,68.93
336,1110,0.01,0.0003,0.0034,0.0032,0.0031,15.3733,0.0062,0.0009,0.0016,0.0009,0.0066,0.0039,0.0181,0.0012,0.003,0.002,0.0117,0.0016,0.0053,0.0022,0.0155,0.0012,0.2575,Subject09,Incline,68.93
336,1125,0.0112,0.0004,0.0044,0.0034,0.003,12.7067,0.0038,0.001,0.0017,0.001,0.0024,0.0026,0.018,0.0013,0.0033,0.0022,0.014,0.0016,0.0141,0.002,0.0133,0.0012,0.2575,Subject09,Incline,68.93
336,1140,0.014,0.0006,0.0063,0.0041,0.003,7.04,0.0047,0.001,0.0017,0.001,0.0039,0.0029,0.0174,0.0013,0.0024,0.0025,0.0154,0.0015,0.0115,0.002,0.0127,0.0012,0.2575,Subject09,Incline,68.93
336,1155,0.0119,0.0004,0.005,0.0035,0.003,8.7067,0.0054,0.001,0.0016,0.0009,0.0058,0.0028,0.017,0.0012,0.0022,0.0024,0.0155,0.0016,0.0131,0.002,0.0133,0.0012,0.2575,Subject09,Incline,68.93
336,1170,0.0111,0.0004,0.0043,0.0035,0.0029,7.44,0.0054,0.0009,0.0016,0.0009,0.0078,0.0031,0.0168,0.0012,0.0019,0.0028,0.0163,0.0015,0.0042,0.0019,0.0128,0.0013,0.2575,Subject09,Incline,68.93
336,1185,0.0123,0.0005,0.0051,0.0037,0.0029,9.7067,0.0057,0.0009,0.0016,0.0009,0.0039,0.0031,0.0176,0.0012,0.0022,0.0025,0.0172,0.0015,0.0129,0.0018,0.0119,0.0011,0.2575,Subject09,Incline,68.93
336,1200,0.4584,0.0031,0.0386,0.1999,0.2168,12.04,0.0068,0.0018,0.0076,0.0036,0.0136,0.006,0.0104,0.0114,0.004,0.0029,0.0198,0.0048,0.0142,0.005,0.0091,0.0208,0.2575,Subject09,Incline,68.93
336,1215,0.0108,0.0003,0.0032,0.0044,0.003,12.54,0.0051,0.0021,0.0102,0.001,0.005,0.0014,0.0039,0.0011,0.004,0.0026,0.0204,0.0017,0.0232,0.0012,0.0014,0.0074,0.2575,Subject09,Incline,68.93
337,1230,0.009,0.0001,0.0026,0.0035,0.0029,10.79,0.0032,0.0021,0.0096,0.001,0.0017,0.0014,0.0065,0.001,0.0035,0.0025,0.019,0.0017,0.0186,0.0012,0.002,0.002,0.2575,Subject09,Incline,68.93
337,1245,0.0089,0.0001,0.0026,0.0033,0.0028,10.54,0.0025,0.0022,0.0094,0.001,0.0016,0.0014,0.0067,0.001,0.0034,0.0025,0.0191,0.0017,0.0207,0.0013,0.0036,0.001,0.2575,Subject09,Incline,68.93
337,1260,0.0091,0.0002,0.0026,0.0034,0.0029,8.7067,0.0044,0.0021,0.0092,0.001,0.002,0.0017,0.0084,0.001,0.003,0.0026,0.0211,0.0018,0.011,0.0014,0.0056,0.0011,0.2575,Subject09,Incline,68.93
337,1275,0.0096,0.0001,0.0026,0.0039,0.0029,8.29,0.0044,0.0022,0.0097,0.001,0.0016,0.0014,0.007,0.0018,0.0027,0.0027,0.0214,0.0017,0.011,0.0013,0.0036,0.0027,0.2575,Subject09,Incline,68.93
337,1290,0.009,0.0001,0.0026,0.0034,0.0028,8.7067,0.0044,0.0021,0.0087,0.001,0.0016,0.0016,0.0077,0.001,0.0027,0.0026,0.0192,0.0016,0.0134,0.0014,0.0043,0.001,0.2575,Subject09,Incline,68.93
337,1305,0.0184,0.0009,0.0075,0.0053,0.0047,6.24,0.0055,0.0023,0.0116,0.0052,0.0073,0.0029,0.0076,0.0025,0.0034,0.003,0.0228,0.0064,0.0103,0.0017,0.0035,0.0045,0.2575,Subject09,Incline,68.93
337,1320,0.0098,0.0001,0.0027,0.0041,0.0028,5.79,0.0065,0.0011,0.0027,0.0012,0.0078,0.0041,0.0113,0.0012,0.0033,0.0027,0.0215,0.0033,0.0062,0.0013,0.0038,0.0027,0.2575,Subject09,Incline,68.93
337,1335,0.0093,0.0001,0.0025,0.0037,0.0029,6.7067,0.0056,0.001,0.0019,0.0011,0.004,0.0043,0.0119,0.0011,0.0022,0.0022,0.0174,0.0021,0.013,0.0015,0.0071,0.0022,0.2575,Subject09,Incline,68.93
337,1350,0.0099,0.0001,0.0028,0.0042,0.0028,8.04,0.0053,0.001,0.0018,0.001,0.0019,0.0026,0.0124,0.0011,0.0018,0.0028,0.0169,0.0015,0.0068,0.0015,0.0061,0.0048,0.2575,Subject09,Incline,68.93
337,1365,0.015,0.0006,0.0054,0.0054,0.0036,9.54,0.006,0.001,0.0016,0.0016,0.0046,0.0019,0.0115,0.0013,0.0021,0.0029,0.0175,0.002,0.0049,0.0014,0.0047,0.0134,0.2575,Subject09,Incline,68.93
338,1440,2.0518,0.0024,0.0499,0.9697,1.0298,12.2067,0.0121,0.0031,0.0132,0.02,0.0306,0.0257,0.0238,0.0286,0.0087,0.0027,0.0141,0.021,0.0232,0.0266,0.0252,0.0288,10.374,Subject09,Incline,68.93
338,1455,2.9858,0.0025,0.0701,1.4191,1.4941,22.04,0.0158,0.0038,0.017,0.0286,0.0349,0.0322,0.0308,0.0353,0.0115,0.0031,0.0131,0.0274,0.0273,0.0352,0.032,0.0311,10.374,Subject09,Incline,68.93
338,1470,3.0102,0.0025,0.0642,1.4236,1.5199,26.04,0.0154,0.0037,0.0146,0.0302,0.0344,0.0334,0.0339,0.0287,0.0121,0.0031,0.0108,0.0304,0.0252,0.0349,0.0331,0.0288,10.374,Subject09,Incline,68.93
338,1485,3.0416,0.0028,0.0662,1.4662,1.5065,30.54,0.0163,0.0036,0.0143,0.0314,0.0375,0.0319,0.0324,0.0285,0.0121,0.0031,0.0104,0.0291,0.0247,0.0323,0.0294,0.0298,10.374,Subject09,Incline,68.93
338,1500,2.968,0.0025,0.0651,1.3919,1.5085,33.7067,0.0164,0.0037,0.0129,0.0298,0.0362,0.0296,0.0298,0.0277,0.0127,0.003,0.011,0.0313,0.0256,0.0308,0.0301,0.0288,10.374,Subject09,Incline,68.93
338,1515,3.0447,0.0026,0.0644,1.4584,1.5194,36.54,0.0171,0.0034,0.0117,0.0318,0.0416,0.0307,0.0315,0.0265,0.0122,0.003,0.0098,0.0312,0.0286,0.0335,0.0311,0.0286,10.374,Subject09,Incline,68.93
338,1530,2.9817,0.0026,0.0637,1.3725,1.5428,39.79,0.0165,0.0036,0.0124,0.0284,0.0393,0.0289,0.0305,0.0263,0.0134,0.003,0.0117,0.0315,0.0296,0.033,0.0307,0.0304,10.374,Subject09,Incline,68.93
338,1545,2.9208,0.0026,0.0676,1.3676,1.4829,42.04,0.0158,0.0036,0.0136,0.0289,0.0373,0.0324,0.0321,0.0286,0.0129,0.0032,0.0137,0.028,0.03,0.0352,0.0334,0.032,10.374,Subject09,Incline,68.93
338,1560,3.025,0.0027,0.0665,1.3879,1.5678,41.29,0.0162,0.0038,0.0134,0.0295,0.0386,0.0325,0.0322,0.0284,0.0132,0.0031,0.0113,0.0301,0.0257,0.0357,0.0334,0.0266,10.374,Subject09,Incline,68.93
338,1575,3.0082,0.0028,0.0629,1.4191,1.5234,43.64,0.0165,0.0034,0.0122,0.0306,0.0404,0.0305,0.0308,0.0256,0.0129,0.003,0.0097,0.031,0.0274,0.0328,0.0302,0.0248,10.374,Subject09,Incline,68.93
339,1590,3.075,0.003,0.0696,1.4459,1.5566,44.44,0.0165,0.0036,0.0117,0.0304,0.039,0.0313,0.0303,0.0254,0.0129,0.0032,0.0105,0.0306,0.0273,0.032,0.0316,0.0268,10.374,Subject09,Incline,68.93
339,1605,3.061,0.0026,0.0683,1.5216,1.4686,42.84,0.017,0.0032,0.0118,0.0309,0.0402,0.0311,0.0299,0.0252,0.0128,0.0031,0.0105,0.0306,0.0299,0.0265,0.0278,0.0265,10.374,Subject09,Incline,68.93
339,1620,3.118,0.003,0.07,1.4855,1.5596,45.44,0.0162,0.003,0.0112,0.032,0.0426,0.0302,0.0285,0.0251,0.0119,0.0031,0.0094,0.0311,0.0269,0.0285,0.0282,0.024,10.374,Subject09,Incline,68.93
339,1635,3.0488,0.003,0.0752,1.4576,1.513,46.24,0.015,0.0032,0.0124,0.0306,0.0405,0.0299,0.0306,0.0253,0.0126,0.0031,0.0106,0.0297,0.0274,0.0279,0.031,0.0269,10.374,Subject09,Incline,68.93
339,1650,3.0892,0.0032,0.0686,1.4647,1.5526,46.44,0.0164,0.0034,0.0123,0.0305,0.0383,0.0274,0.0296,0.0264,0.0131,0.0032,0.0106,0.0287,0.0241,0.0242,0.0283,0.0254,10.374,Subject09,Incline,68.93
339,1665,3.0764,0.003,0.0688,1.4938,1.5107,46.04,0.017,0.003,0.0116,0.0318,0.0437,0.0275,0.0298,0.0239,0.0116,0.0032,0.0098,0.0291,0.0287,0.0245,0.0257,0.0258,10.374,Subject09,Incline,68.93
339,1680,3.0593,0.0027,0.0712,1.3912,1.5942,45.44,0.0155,0.003,0.011,0.0298,0.0389,0.0288,0.0298,0.0265,0.012,0.0031,0.0108,0.0309,0.0271,0.0302,0.0307,0.0245,10.374,Subject09,Incline,68.93
339,1695,3.0017,0.0035,0.0731,1.4695,1.4556,46.04,0.0156,0.003,0.0122,0.0277,0.0391,0.0293,0.0308,0.0268,0.0119,0.003,0.01,0.0297,0.028,0.026,0.029,0.0275,10.374,Subject09,Incline,68.93
339,1710,3.0074,0.0034,0.0779,1.4163,1.5099,48.44,0.0154,0.003,0.0115,0.0283,0.0413,0.0271,0.0276,0.0244,0.0115,0.0029,0.0092,0.027,0.027,0.0279,0.0291,0.0243,10.374,Subject09,Incline,68.93
339,1725,3.0154,0.0041,0.0808,1.4595,1.4711,46.8733,0.0156,0.0032,0.0116,0.0251,0.0386,0.0281,0.0303,0.025,0.0131,0.003,0.0114,0.0256,0.0288,0.0246,0.0299,0.0285,10.374,Subject09,Incline,68.93
340,1800,2.3197,0.003,0.066,1.1097,1.141,51.04,0.015,0.0025,0.0106,0.0248,0.0329,0.0234,0.0273,0.0251,0.0117,0.0028,0.0112,0.0232,0.0222,0.0179,0.0246,0.0253,5.5281,Subject09,Incline,68.93
340,1815,0.9808,0.0017,0.0337,0.4913,0.4541,47.04,0.0116,0.0018,0.0087,0.0204,0.0239,0.0204,0.0234,0.0211,0.0109,0.002,0.0096,0.0193,0.0192,0.0128,0.0206,0.023,5.5281,Subject09,Incline,68.93
340,1830,0.9629,0.0022,0.0354,0.4633,0.462,43.04,0.0114,0.0017,0.0076,0.0202,0.022,0.0185,0.0222,0.0178,0.0093,0.0019,0.0088,0.0196,0.0131,0.0115,0.0201,0.0186,5.5281,Subject09,Incline,68.93
340,1845,0.9514,0.0023,0.0318,0.4571,0.4602,38.64,0.0119,0.0016,0.0077,0.0199,0.0204,0.0179,0.019,0.0185,0.0093,0.0018,0.0076,0.0189,0.0168,0.0138,0.0187,0.0208,5.5281,Subject09,Incline,68.93
340,1860,1.0429,0.0027,0.0392,0.4857,0.5152,35.44,0.011,0.0017,0.0073,0.0196,0.0204,0.0166,0.0204,0.0171,0.0091,0.0019,0.0088,0.0183,0.0137,0.0134,0.0169,0.0222,5.5281,Subject09,Incline,68.93
340,1875,1.0634,0.0026,0.0376,0.4845,0.5386,33.24,0.0127,0.0017,0.0077,0.0202,0.0237,0.0159,0.0193,0.019,0.009,0.0019,0.0081,0.0173,0.0132,0.0086,0.0163,0.0204,5.5281,Subject09,Incline,68.93
340,1890,1.0267,0.0024,0.0339,0.4927,0.4977,32.04,0.0119,0.0018,0.0086,0.0158,0.0172,0.0198,0.0205,0.0218,0.0099,0.002,0.0102,0.0169,0.0145,0.0085,0.0171,0.0235,5.5281,Subject09,Incline,68.93
340,1905,0.9421,0.0021,0.0349,0.4493,0.4558,30.3733,0.0118,0.0018,0.0093,0.0171,0.0202,0.018,0.0211,0.0231,0.0099,0.0022,0.0109,0.018,0.0147,0.0095,0.0177,0.0234,5.5281,Subject09,Incline,68.93
340,1920,0.9646,0.0023,0.0341,0.4582,0.4701,30.44,0.0112,0.0015,0.0068,0.0196,0.0212,0.0189,0.0207,0.0172,0.0084,0.0018,0.0085,0.0176,0.0142,0.0179,0.0218,0.0237,5.5281,Subject09,Incline,68.93
340,1935,1.0065,0.0025,0.0382,0.4611,0.5046,31.04,0.0103,0.0018,0.0078,0.018,0.0219,0.0207,0.0209,0.021,0.01,0.0021,0.0105,0.0161,0.015,0.0164,0.0209,0.026,5.5281,Subject09,Incline,68.93
341,1950,1.0115,0.0025,0.0348,0.4919,0.4823,29.8733,0.0113,0.0018,0.0082,0.019,0.0238,0.0176,0.0192,0.0211,0.0096,0.0025,0.0123,0.0149,0.0155,0.013,0.0181,0.0285,5.5281,Subject09,Incline,68.93
341,1965,1.0353,0.0023,0.0339,0.4974,0.5018,29.24,0.0116,0.0018,0.0088,0.0185,0.0237,0.0188,0.0206,0.0206,0.0095,0.0022,0.0099,0.0147,0.0121,0.0148,0.0207,0.024,5.5281,Subject09,Incline,68.93
341,1980,1.1155,0.0027,0.0381,0.5274,0.5474,30.1829,0.0118,0.002,0.009,0.0198,0.0226,0.0198,0.0216,0.023,0.0097,0.0025,0.0125,0.0149,0.0185,0.0167,0.0207,0.0314,5.5281,Subject09,Incline,68.93
341,1995,1.0155,0.0029,0.0356,0.4699,0.5071,30.1829,0.0134,0.0021,0.0102,0.022,0.0257,0.0245,0.0227,0.0288,0.0098,0.0024,0.0114,0.0153,0.0144,0.0122,0.0176,0.0253,5.5281,Subject09,Incline,68.93
341,2010,1.0201,0.0018,0.0337,0.4553,0.5293,30.04,0.0115,0.0018,0.0085,0.0194,0.0211,0.0198,0.0227,0.0184,0.0092,0.002,0.01,0.0174,0.0107,0.0172,0.0238,0.021,5.5281,Subject09,Incline,68.93
341,2025,0.8433,0.0015,0.0315,0.387,0.4233,29.8971,0.012,0.0018,0.0085,0.0173,0.0234,0.0211,0.0219,0.0244,0.0097,0.0024,0.0135,0.0161,0.0202,0.0201,0.0208,0.0296,5.5281,Subject09,Incline,68.93
341,2040,0.8429,0.0021,0.035,0.3723,0.4335,29.29,0.0108,0.0018,0.0084,0.0203,0.0216,0.0192,0.0207,0.0196,0.0104,0.002,0.0113,0.0188,0.0164,0.0159,0.0203,0.0269,5.5281,Subject09,Incline,68.93
341,2055,0.9719,0.0029,0.0356,0.4623,0.4711,28.54,0.0127,0.0018,0.0087,0.0197,0.0244,0.0207,0.0216,0.0238,0.0098,0.0021,0.0096,0.0159,0.0156,0.0152,0.0199,0.0268,5.5281,Subject09,Incline,68.93
341,2070,0.9547,0.0022,0.0322,0.4471,0.4732,27.54,0.011,0.0017,0.0079,0.0193,0.0202,0.0188,0.0209,0.0195,0.0099,0.0019,0.0088,0.0175,0.0133,0.0129,0.0189,0.0206,5.5281,Subject09,Incline,68.93
341,2085,1.0122,0.0017,0.0312,0.4703,0.5091,28.24,0.0107,0.0016,0.0073,0.0196,0.0193,0.019,0.0211,0.0173,0.0109,0.0022,0.0115,0.0173,0.0115,0.0133,0.0202,0.025,5.5281,Subject09,Incline,68.93
342,360,3.0491,0.0028,0.0836,1.485,1.4776,5.2548,0.0081,0.003,0.0114,0.0156,0.0133,0.018,0.0214,0.0287,0.0052,0.0035,0.0115,0.0093,0.0183,0.0148,0.0196,0.0288,3.2825,Subject09,Running,68.93
342,375,3.8723,0.0033,0.1056,1.8597,1.9037,15.3739,0.0087,0.0031,0.0121,0.0141,0.012,0.0177,0.0246,0.0299,0.005,0.0031,0.0099,0.0115,0.0139,0.0128,0.0235,0.0319,3.2825,Subject09,Running,68.93
342,390,3.8624,0.0031,0.1014,1.8666,1.8913,14.7905,0.008,0.0031,0.0115,0.0135,0.0115,0.0188,0.0244,0.0299,0.0048,0.0027,0.0098,0.0116,0.0121,0.0114,0.022,0.0308,3.2825,Subject09,Running,68.93
342,405,3.804,0.0033,0.0969,1.8874,1.8164,11.7405,0.0083,0.003,0.0098,0.0143,0.0107,0.0186,0.0223,0.027,0.0049,0.0028,0.0096,0.0104,0.0118,0.013,0.0225,0.0313,3.2825,Subject09,Running,68.93
342,420,3.903,0.0032,0.101,1.914,1.8848,9.5405,0.0076,0.0026,0.0091,0.0131,0.0105,0.0177,0.0231,0.0265,0.0049,0.0026,0.0094,0.0108,0.0144,0.0146,0.0243,0.0322,3.2825,Subject09,Running,68.93
342,435,3.8836,0.0031,0.0922,1.8524,1.936,9.9405,0.0082,0.0033,0.0108,0.014,0.0118,0.0181,0.0241,0.0278,0.0048,0.0031,0.0091,0.011,0.0124,0.0138,0.0231,0.0292,3.2825,Subject09,Running,68.93
342,450,3.8397,0.0031,0.0959,1.8916,1.8491,7.9405,0.0077,0.0029,0.0093,0.0134,0.0106,0.0168,0.0222,0.0258,0.0048,0.0025,0.0093,0.0115,0.0117,0.0134,0.0223,0.0274,3.2825,Subject09,Running,68.93
342,465,3.9138,0.0032,0.0938,1.943,1.8738,7.1405,0.0078,0.0026,0.0082,0.0116,0.0103,0.0156,0.0207,0.0231,0.0045,0.0025,0.0086,0.0096,0.0098,0.0106,0.0217,0.0267,3.2825,Subject09,Running,68.93
342,480,3.8574,0.003,0.0968,1.8655,1.8922,8.7405,0.0073,0.0026,0.0083,0.0123,0.0101,0.0166,0.0212,0.0229,0.0045,0.0025,0.0087,0.0105,0.0113,0.012,0.0225,0.0303,3.2825,Subject09,Running,68.93
342,495,3.8871,0.0028,0.0944,1.8499,1.9401,8.2905,0.0074,0.0029,0.0095,0.0128,0.0105,0.0182,0.0226,0.0243,0.0045,0.0025,0.009,0.0107,0.0122,0.012,0.0216,0.0284,3.2825,Subject09,Running,68.93
343,510,3.8831,0.0031,0.1001,1.9075,1.8725,8.5405,0.0074,0.0026,0.0085,0.0126,0.0109,0.0164,0.0215,0.0232,0.0045,0.0025,0.0089,0.0109,0.0115,0.0129,0.0218,0.0283,3.2825,Subject09,Running,68.93
343,525,3.9595,0.0028,0.0997,1.968,1.8891,9.8739,0.0066,0.0023,0.0076,0.01,0.0088,0.0145,0.0195,0.0204,0.0043,0.0023,0.008,0.0103,0.0102,0.0124,0.022,0.0243,3.2825,Subject09,Running,68.93
343,540,3.8494,0.0029,0.0946,1.8723,1.8795,8.0405,0.0074,0.0024,0.0086,0.0114,0.0092,0.0168,0.0205,0.0259,0.0047,0.0023,0.0089,0.0099,0.0106,0.0134,0.022,0.0265,3.2825,Subject09,Running,68.93
343,555,3.7736,0.003,0.0933,1.8226,1.8547,8.0405,0.0069,0.0023,0.0084,0.0112,0.0102,0.0162,0.0212,0.0219,0.0045,0.0025,0.0093,0.01,0.0103,0.0133,0.0221,0.0286,3.2825,Subject09,Running,68.93
343,570,3.7978,0.0029,0.0928,1.8199,1.8822,7.5405,0.008,0.0028,0.0096,0.0132,0.0122,0.0189,0.0238,0.0268,0.0049,0.0027,0.0099,0.0099,0.015,0.0158,0.0244,0.0314,3.2825,Subject09,Running,68.93
343,585,3.8713,0.0033,0.0999,1.8784,1.8896,8.9405,0.0071,0.0025,0.008,0.0097,0.0091,0.0172,0.0213,0.0223,0.0046,0.0023,0.0086,0.0104,0.0103,0.0126,0.0198,0.0239,3.2825,Subject09,Running,68.93
343,600,3.8479,0.0031,0.0914,1.9142,1.8393,11.5405,0.008,0.0027,0.0093,0.0117,0.0111,0.0186,0.0237,0.0252,0.0048,0.0025,0.0098,0.0105,0.0136,0.014,0.0225,0.0284,3.2825,Subject09,Running,68.93
343,615,3.9116,0.003,0.0965,1.9005,1.9115,10.2905,0.0073,0.0023,0.0076,0.0103,0.0096,0.0166,0.0224,0.0218,0.0047,0.0022,0.0081,0.0103,0.0102,0.013,0.021,0.0251,3.2825,Subject09,Running,68.93
343,630,3.8984,0.0031,0.092,1.8429,1.9603,10.7405,0.0068,0.0024,0.0077,0.0105,0.009,0.0171,0.0219,0.0218,0.0045,0.0022,0.0079,0.0106,0.0097,0.0124,0.0208,0.0251,3.2825,Subject09,Running,68.93
343,645,3.897,0.0031,0.0954,1.8868,1.9118,11.2072,0.0072,0.0025,0.0087,0.0107,0.0093,0.0175,0.0224,0.0237,0.0045,0.0022,0.0084,0.0104,0.011,0.012,0.0208,0.0254,3.2825,Subject09,Running,68.93
344,720,8.4978,0.0141,0.4741,3.9242,4.0854,15.2072,0.0136,0.0068,0.0182,0.0255,0.0213,0.0332,0.0275,0.0373,0.0079,0.0067,0.0157,0.0157,0.0363,0.0324,0.0263,0.0443,12.9414,Subject09,Running,68.93
344,735,12.3018,0.0231,0.9716,5.5058,5.8014,37.3739,0.0213,0.0099,0.027,0.0328,0.0271,0.0449,0.028,0.0488,0.0124,0.0091,0.0229,0.0225,0.0524,0.0463,0.0274,0.0555,12.9414,Subject09,Running,68.93
344,750,12.7987,0.0222,1.4688,5.5418,5.7658,43.7405,0.0198,0.0094,0.0255,0.03,0.025,0.0426,0.0261,0.0437,0.0111,0.0074,0.0208,0.022,0.0436,0.0398,0.0246,0.0542,12.9414,Subject09,Running,68.93
344,765,12.8118,0.027,1.2485,5.5391,5.9972,45.6834,0.02,0.0093,0.0244,0.03,0.0243,0.0404,0.025,0.0432,0.0112,0.0069,0.0201,0.0233,0.0411,0.0415,0.0243,0.0486,12.9414,Subject09,Running,68.93
344,780,13.056,0.0232,1.095,5.8679,6.0699,48.3739,0.0194,0.0089,0.0229,0.0304,0.0236,0.0416,0.0233,0.0398,0.0108,0.0063,0.0197,0.0221,0.0359,0.0368,0.0217,0.0445,12.9414,Subject09,Running,68.93
344,795,13.1079,0.0246,1.228,5.7886,6.0667,53.1655,0.0187,0.0083,0.0245,0.0288,0.0238,0.0392,0.0247,0.0406,0.0106,0.0067,0.0203,0.0215,0.0381,0.0428,0.024,0.0464,12.9414,Subject09,Running,68.93
344,810,13.3578,0.0244,1.3014,5.7378,6.2943,56.5405,0.018,0.008,0.0246,0.0315,0.0275,0.0417,0.025,0.0416,0.0104,0.0069,0.0199,0.0214,0.036,0.0393,0.0231,0.0487,12.9414,Subject09,Running,68.93
344,825,14.1114,0.0228,1.8039,5.9892,6.2955,58.5405,0.0174,0.008,0.0229,0.0291,0.0248,0.0402,0.0234,0.0385,0.0106,0.0061,0.0197,0.021,0.0349,0.0413,0.0225,0.0475,12.9414,Subject09,Running,68.93
344,840,14.4078,0.0238,1.944,6.076,6.3639,60.0405,0.0167,0.0079,0.0234,0.0298,0.0241,0.0394,0.024,0.0394,0.0104,0.0061,0.0197,0.0207,0.0359,0.0386,0.0232,0.0466,12.9414,Subject09,Running,68.93
344,855,14.42,0.0227,1.8286,6.1125,6.4562,61.2905,0.0173,0.0079,0.0229,0.0282,0.0244,0.0377,0.0234,0.0398,0.0096,0.0057,0.0191,0.0211,0.0343,0.0372,0.0214,0.0462,12.9414,Subject09,Running,68.93
345,870,13.7955,0.0237,1.1813,6.0425,6.548,62.2548,0.0172,0.0074,0.0238,0.0277,0.0231,0.0373,0.0243,0.0384,0.0094,0.0059,0.0191,0.0197,0.0334,0.0383,0.0228,0.0443,12.9414,Subject09,Running,68.93
345,885,14.2089,0.0281,1.2235,6.3855,6.5718,63.8739,0.0157,0.0071,0.0216,0.0281,0.0239,0.0348,0.0222,0.0381,0.0098,0.0058,0.0189,0.0201,0.0323,0.0365,0.0225,0.0446,12.9414,Subject09,Running,68.93
345,900,14.0712,0.0263,1.1473,6.2935,6.604,64.6655,0.0164,0.0069,0.0204,0.0289,0.023,0.0363,0.0231,0.0357,0.0086,0.0061,0.0186,0.019,0.0323,0.0365,0.0224,0.0434,12.9414,Subject09,Running,68.93
345,915,13.9103,0.0289,0.9618,6.2445,6.675,64.4155,0.0155,0.0075,0.0211,0.0286,0.0232,0.0376,0.0227,0.036,0.008,0.0063,0.0182,0.0202,0.0321,0.035,0.022,0.0443,12.9414,Subject09,Running,68.93
345,930,13.7788,0.0276,0.8232,6.2621,6.6659,65.2905,0.0157,0.0072,0.0213,0.0292,0.023,0.0353,0.0212,0.0354,0.0081,0.0062,0.0187,0.0196,0.0322,0.035,0.0227,0.0439,12.9414,Subject09,Running,68.93
345,945,13.5063,0.0309,0.7321,6.2452,6.4981,64.9155,0.015,0.0067,0.0201,0.0283,0.0211,0.0336,0.0195,0.0339,0.0088,0.0057,0.0194,0.02,0.0325,0.0351,0.0221,0.0413,12.9414,Subject09,Running,68.93
345,960,13.9252,0.027,0.7633,6.3269,6.8079,64.5405,0.016,0.0073,0.0222,0.0296,0.0224,0.0361,0.0219,0.0346,0.0088,0.0056,0.019,0.0195,0.032,0.0328,0.023,0.0428,12.9414,Subject09,Running,68.93
345,975,13.9566,0.0315,0.69,6.4784,6.7567,65.9691,0.0148,0.0074,0.0204,0.029,0.021,0.0318,0.0211,0.0351,0.0092,0.0057,0.0182,0.0197,0.0378,0.0337,0.0231,0.0436,12.9414,Subject09,Running,68.93
345,990,13.9544,0.0286,0.6523,6.4419,6.8316,66.6405,0.0156,0.0069,0.0201,0.029,0.0231,0.0337,0.0217,0.0342,0.0083,0.006,0.0178,0.019,0.0322,0.0299,0.0223,0.0402,12.9414,Subject09,Running,68.93
345,1005,13.7205,0.0276,0.6372,6.371,6.6847,67.5405,0.0146,0.0063,0.0188,0.0285,0.0228,0.0332,0.022,0.035,0.0087,0.0057,0.0181,0.0179,0.0344,0.0319,0.0235,0.0399,12.9414,Subject09,Running,68.93
346,1080,8.1277,0.0198,0.4205,3.8116,3.8758,67.7628,0.0127,0.0051,0.0163,0.0267,0.0172,0.0325,0.0219,0.0288,0.0068,0.0043,0.0143,0.0133,0.0278,0.0285,0.0221,0.0327,8.5384,Subject09,Running,68.93
346,1095,7.4198,0.0178,0.3375,3.5579,3.5066,63.1405,0.0119,0.0044,0.0144,0.0244,0.014,0.0307,0.0226,0.0272,0.0062,0.0044,0.0145,0.0125,0.026,0.0286,0.0239,0.0313,8.5384,Subject09,Running,68.93
346,1110,7.3567,0.0168,0.3377,3.4574,3.5448,60.0405,0.0122,0.0047,0.0146,0.0247,0.0142,0.0285,0.0225,0.0267,0.0065,0.0047,0.0137,0.0129,0.0294,0.0287,0.0238,0.0319,8.5384,Subject09,Running,68.93
346,1125,7.4596,0.0166,0.3606,3.493,3.5894,56.0405,0.0125,0.0056,0.016,0.0251,0.0171,0.0268,0.0237,0.0294,0.0067,0.0064,0.0164,0.0138,0.0271,0.0275,0.025,0.0379,8.5384,Subject09,Running,68.93
346,1140,7.2737,0.017,0.335,3.5048,3.4168,53.1655,0.0112,0.0043,0.0144,0.0238,0.0123,0.0293,0.0227,0.0262,0.0061,0.004,0.0137,0.0126,0.0283,0.0289,0.0232,0.0298,8.5384,Subject09,Running,68.93
346,1155,7.2781,0.0172,0.3612,3.4819,3.4178,50.9405,0.0118,0.0043,0.0142,0.0237,0.012,0.0279,0.0204,0.0271,0.0062,0.0039,0.0136,0.0115,0.0275,0.03,0.022,0.0297,8.5384,Subject09,Running,68.93
346,1170,7.3096,0.0163,0.3348,3.3967,3.5617,48.4155,0.0113,0.0044,0.0145,0.0225,0.0131,0.0283,0.0216,0.0281,0.0066,0.0042,0.0145,0.0124,0.029,0.0306,0.022,0.0328,8.5384,Subject09,Running,68.93
346,1185,7.3939,0.0181,0.355,3.5026,3.5182,48.5405,0.0113,0.0043,0.0143,0.022,0.0139,0.0286,0.022,0.0262,0.0065,0.0041,0.0134,0.0115,0.0262,0.0277,0.0223,0.0311,8.5384,Subject09,Running,68.93
346,1200,7.1253,0.0155,0.3308,3.434,3.345,48.2548,0.0111,0.0042,0.0149,0.022,0.0119,0.0281,0.0211,0.0281,0.0067,0.0038,0.0136,0.0114,0.0259,0.03,0.0231,0.0294,8.5384,Subject09,Running,68.93
346,1215,7.2073,0.0168,0.3377,3.5011,3.3517,45.3977,0.0109,0.0042,0.0141,0.0223,0.0122,0.0297,0.0209,0.0268,0.0066,0.0038,0.0135,0.0112,0.0256,0.0317,0.0235,0.0289,8.5384,Subject09,Running,68.93
347,1230,7.0696,0.0165,0.3311,3.3493,3.3727,45.3183,0.0117,0.0042,0.0155,0.0251,0.0133,0.0299,0.0222,0.0271,0.0063,0.0041,0.0145,0.0115,0.0277,0.0304,0.0229,0.0315,8.5384,Subject09,Running,68.93
347,1245,7.3455,0.0186,0.3412,3.5097,3.4761,45.5405,0.0112,0.0043,0.0148,0.0228,0.0125,0.0281,0.021,0.0263,0.0064,0.0037,0.0136,0.0115,0.0261,0.0296,0.0208,0.029,8.5384,Subject09,Running,68.93
347,1260,7.0473,0.0182,0.341,3.3146,3.3736,44.7072,0.011,0.0042,0.0154,0.0236,0.0127,0.0284,0.0204,0.0254,0.0064,0.0039,0.0147,0.0115,0.0254,0.0285,0.0206,0.0305,8.5384,Subject09,Running,68.93
347,1275,7.0085,0.0155,0.3342,3.3126,3.3462,43.7905,0.0118,0.0042,0.015,0.0235,0.0146,0.031,0.0221,0.0288,0.0069,0.004,0.0144,0.012,0.0271,0.0311,0.0213,0.0318,8.5384,Subject09,Running,68.93
347,1290,7.199,0.0177,0.3502,3.4109,3.4202,46.0961,0.0107,0.0042,0.0149,0.0228,0.013,0.0297,0.0209,0.0264,0.0068,0.004,0.014,0.0117,0.0246,0.0296,0.021,0.0307,8.5384,Subject09,Running,68.93
347,1305,7.2401,0.0163,0.3585,3.4291,3.4362,45.8739,0.0115,0.0042,0.0152,0.0217,0.012,0.0291,0.0205,0.0274,0.0065,0.0036,0.0128,0.0113,0.0253,0.029,0.0209,0.0291,8.5384,Subject09,Running,68.93
347,1320,7.3914,0.0174,0.3675,3.5934,3.4131,44.8263,0.0111,0.0044,0.0152,0.0201,0.0118,0.0276,0.02,0.0268,0.0067,0.0037,0.0131,0.0121,0.0258,0.0292,0.0209,0.0287,8.5384,Subject09,Running,68.93
347,1335,7.0899,0.0168,0.344,3.3654,3.3637,44.5405,0.0107,0.0041,0.015,0.0231,0.0125,0.0298,0.0222,0.0269,0.0065,0.0039,0.0141,0.0116,0.0227,0.0303,0.0228,0.0304,8.5384,Subject09,Running,68.93
347,1350,7.3472,0.0178,0.3748,3.547,3.4076,43.9405,0.0118,0.004,0.0151,0.0228,0.0128,0.0302,0.0207,0.0278,0.007,0.0039,0.0145,0.0119,0.0238,0.0296,0.023,0.0297,8.5384,Subject09,Running,68.93
347,1365,7.2452,0.0169,0.3324,3.4777,3.4182,44.6834,0.011,0.0041,0.015,0.0213,0.0115,0.0293,0.0216,0.0279,0.0067,0.0039,0.0135,0.0119,0.024,0.0295,0.0214,0.0308,8.5384,Subject09,Running,68.93
348,1440,9.4118,0.0211,0.4515,4.3893,4.5499,45.2548,0.0123,0.0048,0.0163,0.023,0.0159,0.031,0.0203,0.0282,0.007,0.0042,0.0148,0.0125,0.028,0.0311,0.0205,0.0312,9.9443,Subject09,Running,68.93
348,1455,9.2914,0.0254,0.4578,4.3895,4.4187,47.3977,0.012,0.0045,0.0176,0.0229,0.0152,0.0292,0.0186,0.0276,0.0072,0.0041,0.0152,0.0128,0.0259,0.0301,0.0191,0.0299,9.9443,Subject09,Running,68.93
348,1470,9.3598,0.0215,0.4437,4.3338,4.5608,48.5405,0.0133,0.0047,0.0185,0.0224,0.0148,0.0295,0.02,0.0274,0.0071,0.0039,0.0142,0.0125,0.0256,0.0305,0.0194,0.0297,9.9443,Subject09,Running,68.93
348,1485,9.1313,0.02,0.4585,4.2948,4.358,50.3739,0.0136,0.0053,0.0171,0.0237,0.0155,0.0294,0.0191,0.0291,0.0074,0.0042,0.0148,0.0137,0.0292,0.0319,0.0199,0.0321,9.9443,Subject09,Running,68.93
348,1500,9.3372,0.0213,0.4579,4.4551,4.4029,51.2905,0.0132,0.0053,0.016,0.0237,0.0164,0.0291,0.019,0.0291,0.0078,0.0042,0.0145,0.0133,0.0267,0.0309,0.0199,0.0316,9.9443,Subject09,Running,68.93
348,1515,8.969,0.0193,0.4242,4.3508,4.1746,50.5405,0.0123,0.0057,0.0184,0.0235,0.0164,0.0296,0.0192,0.0304,0.0073,0.0042,0.0142,0.0129,0.0273,0.0306,0.0203,0.0329,9.9443,Subject09,Running,68.93
348,1530,9.1315,0.0229,0.4575,4.3089,4.3421,51.0961,0.0132,0.0057,0.0194,0.0245,0.0159,0.0316,0.021,0.0303,0.0069,0.0042,0.0142,0.0123,0.0288,0.0335,0.0206,0.0329,9.9443,Subject09,Running,68.93
348,1545,9.0343,0.0222,0.4776,4.4223,4.1122,51.5405,0.0123,0.0054,0.0179,0.0224,0.0145,0.0303,0.0187,0.0308,0.0074,0.0043,0.0143,0.0134,0.0251,0.0328,0.0209,0.033,9.9443,Subject09,Running,68.93
348,1560,9.1454,0.0219,0.4659,4.3944,4.2632,50.9405,0.0127,0.0054,0.0174,0.0215,0.0139,0.0297,0.0194,0.0299,0.0065,0.0039,0.0132,0.0133,0.025,0.0309,0.0191,0.0303,9.9443,Subject09,Running,68.93
348,1575,8.9662,0.0191,0.4339,4.4317,4.0814,51.5405,0.0119,0.0053,0.0174,0.0228,0.0155,0.0301,0.0198,0.0316,0.0072,0.0042,0.0153,0.0124,0.0267,0.0334,0.0208,0.0319,9.9443,Subject09,Running,68.93
349,1590,9.1081,0.023,0.4518,4.538,4.0953,53.0405,0.0128,0.0056,0.0174,0.0216,0.0141,0.0301,0.0194,0.0317,0.0068,0.004,0.0141,0.0131,0.0242,0.0314,0.0205,0.0323,9.9443,Subject09,Running,68.93
349,1605,9.2312,0.0234,0.4914,4.5207,4.1958,52.2905,0.0131,0.0054,0.0164,0.023,0.0144,0.0306,0.0193,0.0307,0.0069,0.0038,0.0133,0.0134,0.0254,0.0307,0.018,0.0305,9.9443,Subject09,Running,68.93
349,1620,9.3522,0.0221,0.4547,4.5867,4.2887,51.0405,0.0122,0.0053,0.0178,0.0236,0.0154,0.0301,0.0193,0.0306,0.0072,0.0042,0.0143,0.0133,0.0263,0.0316,0.0202,0.0315,9.9443,Subject09,Running,68.93
349,1635,9.3571,0.0239,0.465,4.4145,4.4537,52.4294,0.0131,0.0059,0.0183,0.0241,0.0156,0.0316,0.0202,0.0327,0.0073,0.0042,0.0146,0.0125,0.0275,0.0313,0.0201,0.0331,9.9443,Subject09,Running,68.93
349,1650,9.2511,0.0202,0.4457,4.3392,4.4459,54.2548,0.0125,0.0061,0.0182,0.0244,0.0166,0.0313,0.0205,0.0321,0.0073,0.0045,0.0161,0.0135,0.0291,0.0328,0.0216,0.0353,9.9443,Subject09,Running,68.93
349,1665,9.0826,0.022,0.4643,4.5039,4.0924,52.8263,0.0133,0.0055,0.0175,0.022,0.0147,0.0287,0.0189,0.031,0.0071,0.004,0.0138,0.0131,0.025,0.0314,0.0193,0.0309,9.9443,Subject09,Running,68.93
349,1680,9.2469,0.0225,0.4463,4.4192,4.3589,54.0961,0.0128,0.0051,0.0179,0.0229,0.014,0.032,0.0205,0.0297,0.0071,0.0039,0.0138,0.013,0.0259,0.03,0.0194,0.0326,9.9443,Subject09,Running,68.93
349,1695,9.1518,0.0231,0.4484,4.4773,4.203,52.6655,0.013,0.0052,0.0174,0.0233,0.0143,0.0303,0.0207,0.0318,0.0066,0.0042,0.0149,0.0124,0.0258,0.0333,0.0216,0.0324,9.9443,Subject09,Running,68.93
349,1710,9.2479,0.0265,0.4464,4.4068,4.3682,52.5405,0.0125,0.0054,0.0173,0.0219,0.0141,0.031,0.021,0.0296,0.0072,0.0038,0.0133,0.0125,0.0248,0.0313,0.0192,0.0307,9.9443,Subject09,Running,68.93
349,1725,9.2074,0.0267,0.4508,4.5584,4.1715,52.0961,0.0122,0.0052,0.0175,0.0211,0.0139,0.0294,0.0191,0.0304,0.007,0.0038,0.0138,0.0135,0.0239,0.0306,0.0206,0.0305,9.9443,Subject09,Running,68.93
350,360,0.4178,0.0013,0.0262,0.2061,0.1843,6.7173,0.0121,0.0103,0.0281,0.0269,0.0152,0.0278,0.027,0.0331,0.0092,0.0139,0.0261,0.0132,0.023,0.0244,0.0353,0.0466,5.3558,Subject09,Stairs,68.93
350,375,0.5837,0.0008,0.0297,0.2798,0.2734,6.6458,0.0166,0.0111,0.0397,0.0286,0.0184,0.0382,0.0336,0.0617,0.0091,0.022,0.0343,0.0197,0.0258,0.0403,0.0413,0.0617,5.3558,Subject09,Stairs,68.93
350,390,0.4741,0.0009,0.0241,0.2311,0.2181,9.3125,0.0163,0.0126,0.0406,0.0268,0.0147,0.0357,0.0391,0.0464,0.0101,0.0192,0.0326,0.0203,0.0272,0.0453,0.0406,0.0617,5.3558,Subject09,Stairs,68.93
350,405,0.5199,0.0009,0.0269,0.2622,0.2298,12.5458,0.0181,0.0122,0.0424,0.0281,0.0142,0.0365,0.038,0.0456,0.0082,0.0185,0.0328,0.0188,0.0207,0.0385,0.0375,0.0625,5.3558,Subject09,Stairs,68.93
350,420,0.5139,0.0009,0.0282,0.2308,0.254,15.5458,0.0139,0.013,0.038,0.0241,0.0147,0.0393,0.0373,0.0397,0.0093,0.0164,0.0369,0.0174,0.0211,0.0354,0.038,0.0486,5.3558,Subject09,Stairs,68.93
350,435,0.4895,0.0008,0.0244,0.2319,0.2324,16.3458,0.013,0.0129,0.0366,0.0252,0.0118,0.0303,0.0337,0.0456,0.0089,0.019,0.0371,0.0169,0.021,0.0393,0.0433,0.0459,5.3558,Subject09,Stairs,68.93
350,450,0.469,0.0008,0.0275,0.2273,0.2134,16.3458,0.0174,0.0128,0.0401,0.0282,0.0134,0.0391,0.0399,0.0432,0.0087,0.0191,0.0334,0.0187,0.0225,0.0402,0.0402,0.0534,5.3558,Subject09,Stairs,68.93
350,465,0.3611,0.0008,0.0222,0.1577,0.1805,15.7458,0.0145,0.01,0.0326,0.0238,0.0117,0.0379,0.0416,0.0352,0.0097,0.0153,0.0316,0.0171,0.0215,0.0367,0.0446,0.0459,5.3558,Subject09,Stairs,68.93
350,480,0.3985,0.0009,0.0249,0.1623,0.2104,15.8958,0.0148,0.0081,0.0276,0.0259,0.0127,0.0315,0.0337,0.0268,0.0078,0.0146,0.0304,0.015,0.0165,0.0293,0.0357,0.0404,5.3558,Subject09,Stairs,68.93
350,495,0.4302,0.001,0.0267,0.1898,0.2126,15.9458,0.0169,0.0081,0.0326,0.0226,0.0105,0.0308,0.0341,0.0269,0.0097,0.0123,0.027,0.0152,0.0187,0.0307,0.0375,0.0418,5.3558,Subject09,Stairs,68.93
351,510,0.4553,0.0011,0.0264,0.2232,0.2046,13.5458,0.0168,0.0099,0.0354,0.0239,0.0118,0.032,0.0388,0.0326,0.0088,0.0136,0.0288,0.0155,0.0188,0.0351,0.0407,0.0426,5.3558,Subject09,Stairs,68.93
351,525,0.403,0.0008,0.0247,0.1718,0.2057,12.7458,0.0145,0.0107,0.0333,0.0204,0.0113,0.0319,0.0365,0.0307,0.008,0.0142,0.0314,0.0129,0.0168,0.0325,0.0411,0.0336,5.3558,Subject09,Stairs,68.93
351,540,0.4168,0.0008,0.0228,0.1914,0.2018,13.7458,0.0131,0.0123,0.0377,0.0196,0.011,0.029,0.0382,0.0363,0.0075,0.0175,0.037,0.0127,0.0158,0.0291,0.0386,0.042,5.3558,Subject09,Stairs,68.93
351,555,0.3829,0.0011,0.0236,0.1544,0.2039,13.5458,0.0137,0.0085,0.032,0.0217,0.0113,0.0303,0.0366,0.0316,0.008,0.0154,0.0315,0.0127,0.0187,0.0281,0.038,0.0373,5.3558,Subject09,Stairs,68.93
351,570,0.4404,0.0009,0.0246,0.1996,0.2152,12.3458,0.0165,0.009,0.0325,0.0182,0.0113,0.0309,0.0362,0.0284,0.0083,0.0124,0.0286,0.0152,0.0179,0.0278,0.0339,0.0462,5.3558,Subject09,Stairs,68.93
351,585,0.3758,0.0009,0.0201,0.1654,0.1894,14.7458,0.0165,0.0077,0.0323,0.0223,0.0118,0.0313,0.0358,0.0309,0.0096,0.013,0.031,0.0156,0.0198,0.0249,0.0334,0.0383,5.3558,Subject09,Stairs,68.93
351,600,0.3865,0.0008,0.0213,0.1631,0.2013,14.5458,0.0162,0.0078,0.0332,0.0199,0.0123,0.0274,0.0334,0.0266,0.0093,0.0113,0.0313,0.0154,0.0167,0.0268,0.0356,0.0393,5.3558,Subject09,Stairs,68.93
351,615,0.3923,0.0008,0.0206,0.1728,0.1981,14.7458,0.0163,0.0095,0.0333,0.0245,0.0144,0.0272,0.0332,0.0304,0.0094,0.0134,0.0305,0.016,0.0175,0.028,0.0332,0.0473,5.3558,Subject09,Stairs,68.93
351,630,0.4334,0.0011,0.0256,0.1993,0.2075,13.8958,0.0164,0.0119,0.0346,0.0241,0.0141,0.0306,0.0353,0.04,0.0108,0.0139,0.0347,0.0183,0.0234,0.031,0.0368,0.0532,5.3558,Subject09,Stairs,68.93
351,645,0.4127,0.0007,0.0209,0.1858,0.2053,14.8125,0.0158,0.0077,0.0338,0.0237,0.0129,0.0288,0.0362,0.0332,0.0087,0.0132,0.0296,0.0152,0.0182,0.0305,0.0389,0.0388,5.3558,Subject09,Stairs,68.93
352,720,0.4686,0.0011,0.0226,0.2028,0.2421,19.1458,0.0137,0.0068,0.0292,0.0218,0.016,0.0257,0.0315,0.0375,0.0087,0.0146,0.0346,0.0162,0.0214,0.0276,0.0373,0.0356,4.6127,Subject09,Stairs,68.93
352,735,0.3411,0.0008,0.0175,0.1519,0.1708,17.8125,0.0125,0.0057,0.0263,0.02,0.0115,0.0265,0.0351,0.0437,0.0076,0.0133,0.0319,0.0137,0.0191,0.0233,0.0329,0.0438,4.6127,Subject09,Stairs,68.93
352,750,0.3763,0.0008,0.0204,0.1705,0.1847,14.1458,0.0113,0.0081,0.029,0.0186,0.0105,0.0208,0.0316,0.036,0.0064,0.0128,0.0282,0.0125,0.0174,0.0215,0.0329,0.0345,4.6127,Subject09,Stairs,68.93
352,765,0.338,0.0006,0.0171,0.147,0.1733,13.1458,0.0127,0.0059,0.0269,0.02,0.0106,0.0198,0.0309,0.0267,0.0067,0.0117,0.0289,0.0108,0.0168,0.0213,0.0321,0.0316,4.6127,Subject09,Stairs,68.93
352,780,0.363,0.0009,0.0196,0.16,0.1825,12.3458,0.0142,0.0085,0.0358,0.0223,0.0113,0.0227,0.0344,0.0282,0.0071,0.0101,0.0269,0.0134,0.0178,0.0242,0.0312,0.045,4.6127,Subject09,Stairs,68.93
352,795,0.4354,0.0011,0.0229,0.2262,0.1853,13.4315,0.0129,0.0104,0.0332,0.0199,0.0119,0.0278,0.033,0.0357,0.008,0.01,0.0296,0.0137,0.0226,0.0269,0.031,0.0587,4.6127,Subject09,Stairs,68.93
352,810,0.3469,0.0008,0.018,0.1707,0.1574,14.3458,0.0119,0.007,0.0252,0.0191,0.0117,0.026,0.033,0.0272,0.0075,0.0104,0.027,0.0131,0.0191,0.0231,0.0346,0.0431,4.6127,Subject09,Stairs,68.93
352,825,0.338,0.0013,0.0189,0.1528,0.165,14.8125,0.0122,0.0049,0.023,0.0199,0.0113,0.0271,0.0366,0.0239,0.008,0.0085,0.0253,0.0123,0.0195,0.0234,0.035,0.0289,4.6127,Subject09,Stairs,68.93
352,840,0.3273,0.001,0.0192,0.1464,0.1608,14.1458,0.0108,0.0065,0.0291,0.0162,0.01,0.0197,0.0311,0.0345,0.008,0.009,0.0286,0.0116,0.019,0.0215,0.0374,0.0336,4.6127,Subject09,Stairs,68.93
352,855,0.3252,0.0009,0.0197,0.1358,0.1687,14.5458,0.0118,0.006,0.0281,0.0157,0.0086,0.0231,0.032,0.0284,0.0069,0.0086,0.0276,0.0118,0.0169,0.0201,0.0378,0.0343,4.6127,Subject09,Stairs,68.93
353,870,0.3448,0.0008,0.0184,0.1433,0.1824,15.9458,0.0105,0.0051,0.023,0.0169,0.008,0.02,0.0301,0.0262,0.0066,0.0073,0.0237,0.0105,0.0149,0.0221,0.0329,0.0305,4.6127,Subject09,Stairs,68.93
353,885,0.3344,0.001,0.0201,0.139,0.1743,14.9458,0.012,0.0064,0.0248,0.0182,0.0098,0.0221,0.0307,0.0276,0.0072,0.0072,0.0225,0.0102,0.0155,0.0202,0.0318,0.0336,4.6127,Subject09,Stairs,68.93
353,900,0.3062,0.0009,0.02,0.1314,0.1539,14.4792,0.0136,0.0063,0.0291,0.0181,0.0103,0.0251,0.0369,0.0204,0.0056,0.008,0.0223,0.0138,0.0154,0.0237,0.0371,0.0288,4.6127,Subject09,Stairs,68.93
353,915,0.2974,0.0011,0.0193,0.1256,0.1515,13.8125,0.0161,0.0046,0.0213,0.0164,0.0101,0.0219,0.0313,0.0199,0.008,0.0064,0.0212,0.0119,0.0159,0.0211,0.0314,0.0264,4.6127,Subject09,Stairs,68.93
353,930,0.3246,0.001,0.019,0.1458,0.1588,13.8958,0.0133,0.0056,0.0253,0.0186,0.0085,0.0186,0.0297,0.0256,0.0077,0.0073,0.0241,0.011,0.0162,0.0207,0.029,0.0353,4.6127,Subject09,Stairs,68.93
353,945,0.3585,0.0011,0.02,0.1737,0.1637,12.3458,0.0117,0.0087,0.0286,0.0203,0.009,0.0229,0.0297,0.0308,0.0073,0.0103,0.0286,0.013,0.0189,0.0271,0.0338,0.0474,4.6127,Subject09,Stairs,68.93
353,960,0.3697,0.001,0.0205,0.1791,0.169,12.3125,0.0112,0.0071,0.025,0.0187,0.0099,0.0232,0.0292,0.0274,0.0073,0.0085,0.027,0.0141,0.0191,0.0257,0.0342,0.0483,4.6127,Subject09,Stairs,68.93
353,975,0.4088,0.001,0.0229,0.1616,0.2233,12.8601,0.012,0.0071,0.0272,0.0215,0.0134,0.028,0.0307,0.0398,0.0089,0.0134,0.0322,0.0144,0.0206,0.0273,0.0353,0.0497,4.6127,Subject09,Stairs,68.93
353,990,0.3015,0.0011,0.0181,0.1315,0.1508,12.3125,0.0112,0.006,0.0274,0.0201,0.0094,0.0198,0.0311,0.0356,0.0081,0.01,0.0262,0.0114,0.0169,0.0262,0.0378,0.0321,4.6127,Subject09,Stairs,68.93
353,1005,0.3135,0.0015,0.0188,0.1359,0.1574,13.1458,0.0141,0.0089,0.0349,0.0189,0.0121,0.0196,0.0296,0.0312,0.0073,0.0126,0.0282,0.0119,0.0197,0.0257,0.0348,0.04,4.6127,Subject09,Stairs,68.93
354,1080,0.5406,0.0013,0.0315,0.2313,0.2765,13.0208,0.0196,0.0101,0.038,0.0329,0.0153,0.0357,0.04,0.0424,0.0094,0.0161,0.0385,0.0177,0.0245,0.0374,0.0436,0.0477,6.0322,Subject09,Stairs,68.93
354,1095,0.4151,0.0009,0.0239,0.1724,0.2179,17.8125,0.019,0.0065,0.0339,0.0249,0.0107,0.0334,0.0418,0.0331,0.009,0.0116,0.0304,0.0169,0.0194,0.0309,0.0368,0.0394,6.0322,Subject09,Stairs,68.93
354,1110,0.3994,0.001,0.0245,0.1771,0.1967,20.1458,0.0159,0.0093,0.0337,0.0272,0.0145,0.0274,0.0318,0.039,0.0117,0.0102,0.0315,0.0203,0.0238,0.0302,0.0387,0.0398,6.0322,Subject09,Stairs,68.93
354,1125,0.3411,0.0008,0.0212,0.1414,0.1777,21.9458,0.0208,0.0057,0.0278,0.0334,0.0136,0.0342,0.0379,0.0267,0.01,0.0113,0.0302,0.0188,0.02,0.026,0.0312,0.047,6.0322,Subject09,Stairs,68.93
354,1140,0.3258,0.0009,0.0214,0.1373,0.1662,20.9458,0.0203,0.0062,0.0285,0.0277,0.0159,0.0306,0.0324,0.0348,0.0119,0.0108,0.0283,0.0196,0.0236,0.032,0.0385,0.0397,6.0322,Subject09,Stairs,68.93
354,1155,0.3056,0.0009,0.0205,0.1132,0.171,20.9458,0.0221,0.0059,0.0278,0.0328,0.0145,0.0348,0.0378,0.0251,0.0113,0.0095,0.0277,0.0207,0.0236,0.0302,0.0336,0.048,6.0322,Subject09,Stairs,68.93
354,1170,0.3359,0.0008,0.0215,0.1604,0.1532,21.7458,0.0173,0.0061,0.0272,0.0252,0.014,0.0277,0.0357,0.031,0.0114,0.011,0.0292,0.0176,0.025,0.0284,0.0387,0.0407,6.0322,Subject09,Stairs,68.93
354,1185,0.3869,0.0011,0.0233,0.161,0.2014,20.5458,0.019,0.0077,0.0353,0.026,0.0126,0.0297,0.0388,0.0255,0.0094,0.0102,0.0309,0.0163,0.0192,0.0294,0.0387,0.0444,6.0322,Subject09,Stairs,68.93
354,1200,0.3861,0.0011,0.0222,0.1747,0.1881,18.5458,0.0167,0.0072,0.0315,0.0278,0.0144,0.0327,0.0372,0.0354,0.0109,0.0113,0.034,0.0168,0.0262,0.0347,0.0416,0.0465,6.0322,Subject09,Stairs,68.93
354,1215,0.3645,0.0011,0.0235,0.1523,0.1876,19.6458,0.0191,0.0064,0.0304,0.0245,0.0126,0.025,0.0336,0.0312,0.0099,0.0091,0.0285,0.0166,0.0219,0.0294,0.0418,0.0338,6.0322,Subject09,Stairs,68.93
355,1230,0.3856,0.0014,0.0247,0.169,0.1905,20.3458,0.02,0.0071,0.0319,0.0259,0.0127,0.029,0.0398,0.0284,0.0092,0.0109,0.0297,0.0161,0.0225,0.0263,0.0392,0.0413,6.0322,Subject09,Stairs,68.93
355,1245,0.385,0.001,0.0199,0.1846,0.1795,20.9458,0.0159,0.0057,0.0282,0.0252,0.0137,0.0285,0.0373,0.0288,0.0095,0.0123,0.0326,0.0148,0.0205,0.03,0.0427,0.0375,6.0322,Subject09,Stairs,68.93
355,1260,0.3931,0.0016,0.025,0.1467,0.2198,21.7458,0.0203,0.0065,0.0322,0.0263,0.0124,0.0289,0.0376,0.0218,0.0089,0.0102,0.0285,0.0158,0.0215,0.0302,0.0337,0.0394,6.0322,Subject09,Stairs,68.93
355,1275,0.4653,0.0013,0.0246,0.234,0.2054,22.1458,0.017,0.0072,0.0289,0.0217,0.0141,0.0234,0.0317,0.029,0.0106,0.0111,0.0326,0.0142,0.0203,0.0251,0.0417,0.0363,6.0322,Subject09,Stairs,68.93
355,1290,0.4065,0.0013,0.0244,0.1551,0.2257,22.1458,0.0224,0.006,0.0308,0.0238,0.0127,0.0259,0.0368,0.0232,0.0088,0.0082,0.0247,0.0161,0.0186,0.0251,0.0353,0.0384,6.0322,Subject09,Stairs,68.93
355,1305,0.3518,0.0016,0.0248,0.1567,0.1687,21.4792,0.0202,0.0059,0.0259,0.0241,0.0138,0.0247,0.0331,0.0275,0.0113,0.0113,0.0318,0.0184,0.0243,0.0264,0.0373,0.0357,6.0322,Subject09,Stairs,68.93
355,1320,0.3437,0.0012,0.0231,0.1369,0.1824,21.3125,0.023,0.006,0.0302,0.0292,0.0116,0.0305,0.0406,0.0213,0.0085,0.0086,0.0255,0.0184,0.0191,0.0286,0.0355,0.0397,6.0322,Subject09,Stairs,68.93
355,1335,0.3014,0.001,0.0207,0.1302,0.1495,21.3958,0.0173,0.0053,0.0262,0.025,0.0125,0.0305,0.0395,0.0238,0.01,0.0095,0.0304,0.0148,0.0206,0.0252,0.0404,0.0353,6.0322,Subject09,Stairs,68.93
355,1350,0.3958,0.0015,0.023,0.1957,0.1755,20.4792,0.0177,0.0071,0.034,0.0199,0.0123,0.0235,0.0392,0.0253,0.0096,0.0091,0.0289,0.0154,0.022,0.0329,0.0426,0.0333,6.0322,Subject09,Stairs,68.93
355,1365,0.3974,0.0013,0.0232,0.1647,0.2082,21.4315,0.0174,0.0069,0.0298,0.02,0.0107,0.0286,0.0383,0.0196,0.0105,0.0101,0.0338,0.0156,0.0209,0.026,0.0372,0.0403,6.0322,Subject09,Stairs,68.93
356,360,2.7633,0.0024,0.0635,1.2852,1.4122,0.7909,0.0098,0.004,0.018,0.0172,0.0213,0.0258,0.026,0.0357,0.0062,0.0043,0.0213,0.017,0.0279,0.0247,0.0247,0.0304,3.3898,Subject09,Walking,68.93
356,375,3.7513,0.0024,0.0705,1.7988,1.8797,8.0909,0.0095,0.005,0.0174,0.0196,0.0206,0.0241,0.0281,0.0328,0.0062,0.0056,0.018,0.0179,0.0201,0.0246,0.0276,0.0341,3.3898,Subject09,Walking,68.93
356,390,3.9728,0.003,0.0735,1.9276,1.9686,6.9242,0.0096,0.0041,0.0148,0.0168,0.0175,0.0227,0.0271,0.0282,0.0063,0.0033,0.0138,0.0173,0.0173,0.0185,0.0254,0.0294,3.3898,Subject09,Walking,68.93
356,405,3.8467,0.0033,0.0778,1.8541,1.9114,6.1909,0.0089,0.0041,0.0145,0.0157,0.0166,0.0227,0.0283,0.0274,0.0061,0.0027,0.0136,0.0204,0.0165,0.0155,0.0265,0.0264,3.3898,Subject09,Walking,68.93
356,420,3.7869,0.0033,0.0795,1.7746,1.9295,6.0909,0.0087,0.0037,0.0139,0.0173,0.0163,0.022,0.0267,0.0261,0.0056,0.0025,0.013,0.0187,0.0133,0.0174,0.0255,0.0272,3.3898,Subject09,Walking,68.93
356,435,3.7825,0.003,0.0743,1.8409,1.8643,5.0909,0.009,0.0035,0.0135,0.0162,0.0149,0.0219,0.0262,0.0273,0.0062,0.0025,0.0135,0.0206,0.0186,0.0174,0.0245,0.0267,3.3898,Subject09,Walking,68.93
356,450,3.8635,0.0027,0.0723,1.8309,1.9577,5.8409,0.008,0.003,0.0127,0.0156,0.0145,0.0194,0.0247,0.0247,0.0055,0.0023,0.0122,0.0171,0.0139,0.0179,0.0228,0.0252,3.3898,Subject09,Walking,68.93
356,465,3.8636,0.0031,0.0723,1.8535,1.9346,5.3409,0.0086,0.0031,0.0111,0.0157,0.0142,0.0199,0.0228,0.0231,0.0064,0.0023,0.0125,0.0183,0.0147,0.016,0.0236,0.0253,3.3898,Subject09,Walking,68.93
356,480,3.8994,0.003,0.0773,1.8671,1.9521,3.9242,0.0086,0.003,0.0109,0.0161,0.0146,0.0203,0.0226,0.0242,0.0057,0.0022,0.0118,0.0187,0.0123,0.0157,0.0213,0.0244,3.3898,Subject09,Walking,68.93
356,495,3.8441,0.0029,0.0735,1.8301,1.9376,5.2576,0.0087,0.003,0.0111,0.0156,0.0145,0.0195,0.0216,0.0248,0.0062,0.0024,0.012,0.0173,0.0141,0.0178,0.0217,0.0243,3.3898,Subject09,Walking,68.93
357,510,3.8482,0.0028,0.0789,1.859,1.9075,4.2576,0.0084,0.0029,0.0116,0.0157,0.0163,0.0209,0.0242,0.0224,0.0056,0.0024,0.013,0.015,0.0137,0.0158,0.0241,0.0267,3.3898,Subject09,Walking,68.93
357,525,3.8251,0.0029,0.0761,1.8632,1.8828,4.2576,0.0088,0.0028,0.0103,0.0157,0.0145,0.0198,0.0225,0.0226,0.0063,0.0021,0.0114,0.017,0.0122,0.0167,0.0221,0.0245,3.3898,Subject09,Walking,68.93
357,540,3.8282,0.003,0.0799,1.8057,1.9395,3.3409,0.008,0.0029,0.0119,0.0162,0.0138,0.0193,0.022,0.024,0.0056,0.002,0.0116,0.0168,0.0117,0.0166,0.0234,0.0238,3.3898,Subject09,Walking,68.93
357,555,3.8561,0.0029,0.0824,1.8623,1.9084,4.5909,0.0079,0.0027,0.0103,0.0145,0.0126,0.0194,0.0226,0.0238,0.0053,0.0022,0.0113,0.015,0.0114,0.0145,0.0227,0.024,3.3898,Subject09,Walking,68.93
357,570,3.8187,0.0029,0.0801,1.8707,1.865,3.3409,0.0076,0.0027,0.0107,0.0155,0.0146,0.0189,0.0233,0.0222,0.0055,0.0023,0.0126,0.0153,0.0147,0.0172,0.024,0.0255,3.3898,Subject09,Walking,68.93
357,585,3.8082,0.003,0.0818,1.7985,1.9248,3.3409,0.0076,0.0028,0.0113,0.015,0.0145,0.0185,0.022,0.023,0.0054,0.0024,0.0133,0.015,0.0126,0.0187,0.0251,0.0257,3.3898,Subject09,Walking,68.93
357,600,3.8914,0.0029,0.0813,1.8501,1.9571,4.0909,0.0078,0.0026,0.011,0.0153,0.0136,0.0197,0.0228,0.0207,0.0056,0.0022,0.0115,0.0146,0.014,0.016,0.0219,0.0239,3.3898,Subject09,Walking,68.93
357,615,3.8674,0.003,0.0779,1.8653,1.9213,3.9242,0.0077,0.0029,0.0104,0.016,0.014,0.0182,0.0209,0.0212,0.0058,0.0024,0.0113,0.0142,0.012,0.0161,0.0223,0.0234,3.3898,Subject09,Walking,68.93
357,630,3.9741,0.0032,0.0819,1.9003,1.9888,4.3909,0.0073,0.0027,0.0106,0.0142,0.012,0.0181,0.0232,0.0198,0.0051,0.0022,0.0099,0.0132,0.0119,0.0122,0.0235,0.0228,3.3898,Subject09,Walking,68.93
357,645,3.8921,0.0032,0.0818,1.8684,1.9387,5.0909,0.0072,0.0027,0.0094,0.0144,0.0127,0.018,0.0221,0.0198,0.0055,0.0022,0.0101,0.0132,0.0095,0.0157,0.0236,0.0221,3.3898,Subject09,Walking,68.93
358,720,1.9528,0.0019,0.0456,0.9113,0.994,4.3909,0.0065,0.002,0.0077,0.013,0.0111,0.0156,0.0179,0.0215,0.0046,0.002,0.0106,0.0097,0.0118,0.0128,0.0187,0.0229,1.856,Subject09,Walking,68.93
358,735,1.3652,0.0018,0.0374,0.6483,0.6777,3.3409,0.007,0.0015,0.0061,0.009,0.0086,0.0176,0.0177,0.0178,0.0042,0.0014,0.0081,0.0078,0.0089,0.012,0.0152,0.0187,1.856,Subject09,Walking,68.93
358,750,1.3488,0.002,0.0398,0.6071,0.6999,2.3909,0.0064,0.0013,0.0049,0.009,0.0093,0.0138,0.0136,0.0182,0.0049,0.0014,0.0071,0.0086,0.0056,0.0107,0.0154,0.0177,1.856,Subject09,Walking,68.93
358,765,1.2961,0.0019,0.0372,0.6285,0.6284,-0.4091,0.0068,0.0014,0.0051,0.01,0.0083,0.0162,0.0156,0.0179,0.0048,0.0014,0.0073,0.0078,0.0051,0.0105,0.0143,0.0195,1.856,Subject09,Walking,68.93
358,780,1.3509,0.0018,0.0468,0.624,0.6782,-0.0758,0.0064,0.0013,0.005,0.0092,0.008,0.0146,0.014,0.0163,0.0047,0.0014,0.0072,0.0087,0.006,0.0099,0.0141,0.0167,1.856,Subject09,Walking,68.93
358,795,1.3074,0.0019,0.0368,0.591,0.6777,-2.0758,0.0063,0.0015,0.005,0.0097,0.0086,0.0165,0.0139,0.0181,0.0048,0.0015,0.0069,0.0071,0.0049,0.0115,0.0147,0.0195,1.856,Subject09,Walking,68.93
358,810,1.3997,0.0023,0.0479,0.7083,0.6412,-1.0091,0.0057,0.0014,0.0045,0.0079,0.0078,0.0138,0.0142,0.0164,0.0048,0.0015,0.0073,0.0073,0.0037,0.009,0.0158,0.0172,1.856,Subject09,Walking,68.93
358,825,1.3808,0.0018,0.0377,0.6464,0.6949,1.3909,0.0057,0.0015,0.0056,0.0088,0.0086,0.0146,0.0154,0.0191,0.0042,0.0015,0.0078,0.0071,0.0039,0.0084,0.0167,0.016,1.856,Subject09,Walking,68.93
358,840,1.3162,0.0021,0.045,0.6433,0.6258,0.5909,0.0061,0.0012,0.0044,0.0085,0.0082,0.0152,0.0134,0.015,0.0047,0.0013,0.006,0.0083,0.0033,0.0093,0.0153,0.0185,1.856,Subject09,Walking,68.93
358,855,1.3924,0.002,0.0442,0.6714,0.6748,-0.0091,0.0057,0.0014,0.0053,0.0079,0.0078,0.016,0.0154,0.0187,0.0047,0.0014,0.007,0.0076,0.0038,0.0095,0.0143,0.0172,1.856,Subject09,Walking,68.93
359,870,1.3846,0.002,0.0418,0.641,0.6997,-0.4091,0.0063,0.0014,0.0054,0.0085,0.0083,0.014,0.015,0.0186,0.0043,0.0014,0.0062,0.0076,0.0047,0.0094,0.0163,0.0173,1.856,Subject09,Walking,68.93
359,885,1.3603,0.0019,0.0416,0.6804,0.6364,-1.4091,0.0057,0.0014,0.0053,0.0082,0.0072,0.014,0.0163,0.016,0.0042,0.0013,0.0056,0.0073,0.0035,0.0081,0.0167,0.0167,1.856,Subject09,Walking,68.93
359,900,1.3912,0.0021,0.0473,0.6775,0.6643,-1.4091,0.0055,0.0013,0.005,0.0075,0.0092,0.0146,0.0155,0.0166,0.0042,0.0013,0.0062,0.0073,0.0037,0.0075,0.0153,0.0177,1.856,Subject09,Walking,68.93
359,915,1.3637,0.0017,0.0418,0.6414,0.6787,-1.6591,0.0053,0.0014,0.0057,0.008,0.0084,0.015,0.0158,0.0169,0.0038,0.0013,0.0063,0.0078,0.0053,0.0117,0.0179,0.0178,1.856,Subject09,Walking,68.93
359,930,1.3681,0.0016,0.0368,0.6228,0.7069,-2.0091,0.0062,0.0014,0.0061,0.0078,0.0092,0.0139,0.0147,0.0182,0.004,0.0014,0.0069,0.0068,0.0034,0.0082,0.015,0.0178,1.856,Subject09,Walking,68.93
359,945,1.3149,0.0015,0.0333,0.6313,0.6489,-0.4091,0.006,0.0013,0.0051,0.0088,0.0078,0.016,0.0154,0.0173,0.0041,0.0013,0.0063,0.0083,0.0039,0.0095,0.0154,0.0167,1.856,Subject09,Walking,68.93
359,960,1.3827,0.0013,0.0347,0.6294,0.7173,-1.5758,0.0053,0.0013,0.0049,0.0083,0.0087,0.0149,0.0149,0.0156,0.004,0.0014,0.0069,0.0077,0.0034,0.0102,0.0166,0.016,1.856,Subject09,Walking,68.93
359,975,1.2815,0.0014,0.0323,0.6355,0.6122,-2.0758,0.0053,0.0012,0.0036,0.0093,0.0087,0.0165,0.0154,0.0125,0.0041,0.0013,0.006,0.0074,0.0026,0.0102,0.0156,0.018,1.856,Subject09,Walking,68.93
359,990,1.3482,0.0016,0.0384,0.6118,0.6964,-0.4091,0.0056,0.0014,0.0053,0.0084,0.0092,0.0135,0.0136,0.0169,0.0044,0.0014,0.0074,0.0066,0.0027,0.0088,0.016,0.0176,1.856,Subject09,Walking,68.93
359,1005,1.4054,0.0017,0.0428,0.6938,0.667,-0.1591,0.0052,0.0013,0.0046,0.0074,0.0075,0.0147,0.0153,0.016,0.0039,0.0013,0.0053,0.0071,0.0028,0.0077,0.0148,0.0174,1.856,Subject09,Walking,68.93
360,1080,2.449,0.0025,0.0559,1.1918,1.1988,1.0909,0.0059,0.0016,0.0071,0.0128,0.0088,0.0167,0.0185,0.0183,0.0044,0.0015,0.0075,0.0099,0.0046,0.0107,0.0189,0.0197,2.4588,Subject09,Walking,68.93
360,1095,2.6337,0.0029,0.054,1.3026,1.2743,4.0909,0.0057,0.0017,0.007,0.014,0.0093,0.0163,0.0173,0.0159,0.0046,0.0018,0.0087,0.0105,0.0047,0.0117,0.0184,0.0194,2.4588,Subject09,Walking,68.93
360,1110,2.6204,0.0028,0.0531,1.2853,1.2792,3.5909,0.0061,0.0017,0.008,0.0153,0.009,0.0179,0.0197,0.019,0.0043,0.0015,0.0076,0.0116,0.0047,0.0117,0.0192,0.0195,2.4588,Subject09,Walking,68.93
360,1125,2.5811,0.0027,0.0551,1.225,1.2982,0.7909,0.0056,0.0016,0.0072,0.0149,0.0085,0.0163,0.0183,0.0167,0.004,0.0016,0.0083,0.0109,0.0043,0.0114,0.0197,0.022,2.4588,Subject09,Walking,68.93
360,1140,2.6526,0.0026,0.0532,1.3061,1.2908,2.2576,0.0054,0.0017,0.0069,0.0127,0.0084,0.0159,0.0191,0.0193,0.0043,0.0015,0.0074,0.0116,0.0047,0.0107,0.0183,0.0206,2.4588,Subject09,Walking,68.93
360,1155,2.6243,0.0025,0.0511,1.2505,1.3203,4.9242,0.0054,0.0016,0.0066,0.0133,0.0083,0.0172,0.018,0.0162,0.0041,0.0016,0.0075,0.0103,0.0047,0.0105,0.0188,0.0204,2.4588,Subject09,Walking,68.93
360,1170,2.679,0.0026,0.0526,1.2733,1.3505,1.9242,0.0055,0.0015,0.0058,0.0136,0.0084,0.0157,0.0169,0.0159,0.0042,0.0015,0.0071,0.011,0.0042,0.0109,0.0183,0.0182,2.4588,Subject09,Walking,68.93
360,1185,2.6133,0.0025,0.0549,1.2876,1.2683,1.9242,0.0054,0.0015,0.0061,0.013,0.0084,0.0175,0.0184,0.015,0.0043,0.0015,0.0071,0.0125,0.0039,0.0116,0.0173,0.0185,2.4588,Subject09,Walking,68.93
360,1200,2.6149,0.0025,0.0533,1.2386,1.3205,2.9242,0.0058,0.0015,0.0063,0.0146,0.0082,0.0171,0.0176,0.014,0.0043,0.0015,0.0065,0.0103,0.0043,0.0111,0.0188,0.0193,2.4588,Subject09,Walking,68.93
360,1215,2.6304,0.0024,0.0543,1.2851,1.2887,4.5909,0.0052,0.0014,0.0057,0.0132,0.0083,0.0174,0.0174,0.0149,0.0045,0.0014,0.0069,0.0109,0.0046,0.0128,0.0195,0.0194,2.4588,Subject09,Walking,68.93
361,1230,2.5925,0.0026,0.0568,1.2357,1.2974,2.8409,0.0054,0.0014,0.006,0.0128,0.0088,0.0174,0.018,0.0151,0.004,0.0014,0.0065,0.0104,0.0037,0.0122,0.0187,0.0185,2.4588,Subject09,Walking,68.93
361,1245,2.5015,0.0026,0.0559,1.2534,1.1896,0.5909,0.0054,0.0017,0.0077,0.0129,0.0104,0.0177,0.0192,0.0203,0.0046,0.0018,0.0094,0.0107,0.0063,0.0128,0.0198,0.0236,2.4588,Subject09,Walking,68.93
361,1260,2.4941,0.0028,0.055,1.2042,1.2321,0.0909,0.0057,0.0016,0.0068,0.0111,0.0094,0.0163,0.0178,0.0192,0.0043,0.0015,0.008,0.0106,0.0046,0.0114,0.0183,0.0214,2.4588,Subject09,Walking,68.93
361,1275,2.5813,0.0024,0.0555,1.2184,1.305,0.9242,0.0058,0.0015,0.0065,0.0127,0.0092,0.017,0.0179,0.016,0.0042,0.0015,0.0065,0.0111,0.0037,0.0125,0.018,0.0163,2.4588,Subject09,Walking,68.93
361,1290,2.5427,0.0027,0.0582,1.2302,1.2516,2.9242,0.0054,0.0015,0.0056,0.0111,0.0097,0.0159,0.0178,0.017,0.0043,0.0015,0.0065,0.0106,0.0033,0.0104,0.0163,0.0191,2.4588,Subject09,Walking,68.93
361,1305,2.6436,0.0023,0.0503,1.2835,1.3075,1.5909,0.0058,0.0018,0.0074,0.0127,0.0093,0.0173,0.0175,0.0196,0.005,0.0017,0.0084,0.0106,0.0066,0.0139,0.0188,0.0233,2.4588,Subject09,Walking,68.93
361,1320,2.5585,0.0028,0.0552,1.274,1.2266,-0.2091,0.0062,0.0016,0.0064,0.0132,0.0103,0.0181,0.0195,0.0173,0.0046,0.0017,0.0076,0.0117,0.0057,0.0134,0.0179,0.0207,2.4588,Subject09,Walking,68.93
361,1335,2.5484,0.0024,0.0537,1.2107,1.2816,1.5909,0.0059,0.0017,0.007,0.0117,0.0084,0.0157,0.0184,0.0193,0.0046,0.0015,0.0069,0.0124,0.0053,0.0124,0.0184,0.0188,2.4588,Subject09,Walking,68.93
361,1350,2.5918,0.0025,0.0547,1.2232,1.3115,0.5909,0.0061,0.0017,0.0068,0.0121,0.0094,0.0174,0.0195,0.0183,0.0044,0.0016,0.007,0.0114,0.0041,0.0128,0.0177,0.0185,2.4588,Subject09,Walking,68.93
361,1365,2.5558,0.003,0.056,1.2534,1.2433,0.5909,0.0054,0.0015,0.006,0.0121,0.0092,0.0172,0.0189,0.0164,0.0042,0.0015,0.0071,0.0103,0.0036,0.0102,0.0179,0.0179,2.4588,Subject09,Walking,68.93
362,360,1.8533,0.0045,0.0733,1.0568,0.7187,1.3377,0.0018,0.0023,0.0048,0.0063,0.003,0.0057,0.0067,0.0109,0.0016,0.0033,0.0032,0.0037,0.0036,0.0079,0.0074,0.0116,1.4237,Subject10,Backwards,58.05
362,375,1.8436,0.0037,0.0645,0.9786,0.7968,6.4805,0.0018,0.0017,0.0035,0.005,0.0027,0.0073,0.0071,0.0075,0.0015,0.0025,0.0023,0.0033,0.0036,0.0061,0.0067,0.0096,1.4237,Subject10,Backwards,58.05
362,390,1.7145,0.0031,0.0679,0.9624,0.6811,9.3377,0.0017,0.0019,0.004,0.0047,0.0028,0.006,0.0059,0.0074,0.0015,0.0033,0.0025,0.003,0.003,0.0063,0.0063,0.009,1.4237,Subject10,Backwards,58.05
362,405,1.7136,0.0017,0.0474,0.917,0.7475,6.4805,0.0016,0.0025,0.0057,0.0027,0.0026,0.0044,0.0064,0.0124,0.0015,0.0042,0.0041,0.0039,0.0035,0.0054,0.0074,0.0154,1.4237,Subject10,Backwards,58.05
362,420,1.6537,0.0016,0.0413,0.9012,0.7096,5.3377,0.0015,0.003,0.0059,0.0023,0.0025,0.0045,0.0065,0.0134,0.0014,0.0027,0.0034,0.0032,0.0033,0.0057,0.0073,0.0161,1.4237,Subject10,Backwards,58.05
362,435,1.6572,0.0028,0.0535,0.8952,0.7058,5.3377,0.0016,0.0019,0.0041,0.0032,0.003,0.0041,0.0054,0.0096,0.0014,0.0017,0.0022,0.003,0.003,0.0064,0.0065,0.0069,1.4237,Subject10,Backwards,58.05
362,450,1.4915,0.0022,0.0507,0.769,0.6696,3.4805,0.0017,0.0012,0.0024,0.0029,0.0029,0.0048,0.0057,0.0063,0.0014,0.0014,0.002,0.0032,0.0027,0.0054,0.0051,0.0084,1.4237,Subject10,Backwards,58.05
362,465,1.5052,0.0021,0.0507,0.7442,0.7083,-1.9481,0.0016,0.0013,0.0023,0.0025,0.003,0.0048,0.0056,0.0072,0.0014,0.0014,0.002,0.0029,0.0024,0.0066,0.0065,0.0109,1.4237,Subject10,Backwards,58.05
362,480,1.5788,0.0019,0.0417,0.816,0.7192,-2.5195,0.0015,0.0031,0.006,0.0033,0.0028,0.0045,0.0066,0.0148,0.0014,0.0023,0.0032,0.003,0.0026,0.0063,0.0072,0.0158,1.4237,Subject10,Backwards,58.05
362,495,1.3614,0.0016,0.0393,0.7251,0.5953,0.0758,0.0017,0.0015,0.0037,0.0029,0.0026,0.0051,0.0059,0.0094,0.0015,0.0015,0.0025,0.0031,0.0022,0.0066,0.0058,0.0138,1.4237,Subject10,Backwards,58.05
363,510,1.5352,0.0016,0.047,0.7757,0.7108,1.6234,0.0016,0.0017,0.0031,0.0029,0.0025,0.0045,0.006,0.0087,0.0015,0.0021,0.0026,0.0027,0.0021,0.0055,0.006,0.0155,1.4237,Subject10,Backwards,58.05
363,525,1.5044,0.0019,0.0427,0.8317,0.6281,0.3377,0.0015,0.0023,0.0035,0.0029,0.0021,0.0031,0.0054,0.0088,0.0014,0.0026,0.0025,0.0027,0.0027,0.0064,0.0058,0.0087,1.4237,Subject10,Backwards,58.05
363,540,1.6408,0.002,0.0586,0.832,0.7481,0.5758,0.0017,0.0015,0.003,0.003,0.0019,0.0046,0.0056,0.0076,0.0015,0.0021,0.002,0.0023,0.0023,0.005,0.0047,0.0092,1.4237,Subject10,Backwards,58.05
363,555,1.6938,0.0027,0.0527,0.9194,0.719,1.7662,0.0015,0.0014,0.0033,0.0028,0.0024,0.004,0.0049,0.0066,0.0015,0.0031,0.0027,0.003,0.0025,0.0064,0.0056,0.011,1.4237,Subject10,Backwards,58.05
363,570,1.7912,0.0027,0.0564,0.9908,0.7412,1.9091,0.0015,0.0022,0.0039,0.003,0.0026,0.0044,0.0056,0.0066,0.0016,0.0019,0.0025,0.0036,0.0031,0.0069,0.0066,0.0085,1.4237,Subject10,Backwards,58.05
363,585,1.8032,0.0026,0.0593,1.0001,0.7412,1.0519,0.0017,0.0019,0.0038,0.0031,0.0025,0.0046,0.0051,0.0069,0.0015,0.0025,0.0023,0.0031,0.0032,0.0068,0.0061,0.0067,1.4237,Subject10,Backwards,58.05
363,600,1.7,0.0027,0.0542,0.885,0.7581,0.3377,0.0016,0.0015,0.0032,0.0025,0.0026,0.0032,0.0047,0.0064,0.0015,0.0016,0.0023,0.0029,0.0026,0.0064,0.006,0.007,1.4237,Subject10,Backwards,58.05
363,615,1.5783,0.0022,0.0508,0.8344,0.6907,-1.6623,0.0016,0.0015,0.0029,0.0026,0.0021,0.0039,0.0058,0.006,0.0015,0.002,0.0021,0.0027,0.0027,0.0054,0.0055,0.0098,1.4237,Subject10,Backwards,58.05
363,630,1.6185,0.0019,0.059,0.7898,0.7679,2.3377,0.0016,0.0017,0.0034,0.0029,0.0024,0.003,0.0046,0.0066,0.0015,0.0021,0.0024,0.0027,0.0025,0.0056,0.005,0.0098,1.4237,Subject10,Backwards,58.05
363,645,1.638,0.0021,0.0507,0.8624,0.7228,1.4091,0.0015,0.0021,0.0042,0.0022,0.0025,0.0032,0.0048,0.0085,0.0015,0.0016,0.0023,0.0028,0.0025,0.0055,0.005,0.0085,1.4237,Subject10,Backwards,58.05
364,720,3.0039,0.0043,0.0847,1.6599,1.2549,1.3377,0.0019,0.0029,0.0053,0.0067,0.0035,0.0072,0.008,0.0111,0.0016,0.0051,0.0047,0.0044,0.0046,0.0109,0.0085,0.0179,1.9392,Subject10,Backwards,58.05
364,735,2.7744,0.0042,0.0779,1.4738,1.2184,9.4091,0.0019,0.0035,0.0067,0.008,0.004,0.0069,0.0077,0.0107,0.0017,0.006,0.0048,0.004,0.005,0.0102,0.0083,0.0152,1.9392,Subject10,Backwards,58.05
364,750,2.9155,0.004,0.0936,1.5882,1.2296,11.5341,0.0022,0.0023,0.0047,0.0071,0.0043,0.0071,0.0075,0.0087,0.0017,0.0026,0.0028,0.0057,0.0048,0.0109,0.0074,0.0089,1.9392,Subject10,Backwards,58.05
364,765,2.6855,0.0041,0.0781,1.4691,1.1342,13.6234,0.002,0.0025,0.0043,0.0066,0.0049,0.0073,0.0075,0.0093,0.0016,0.0047,0.0036,0.0047,0.005,0.0114,0.0079,0.0123,1.9392,Subject10,Backwards,58.05
364,780,2.8831,0.0042,0.096,1.5325,1.2503,12.9091,0.0021,0.0028,0.0045,0.0061,0.0036,0.0069,0.0074,0.0099,0.0017,0.0027,0.0026,0.0048,0.005,0.0108,0.0072,0.0113,1.9392,Subject10,Backwards,58.05
364,795,3.1122,0.0039,0.0997,1.5876,1.421,11.7662,0.0022,0.003,0.0054,0.0059,0.0039,0.0062,0.0071,0.0087,0.0017,0.0037,0.0033,0.005,0.0041,0.0093,0.0072,0.0126,1.9392,Subject10,Backwards,58.05
364,810,2.8215,0.0057,0.0999,1.4901,1.2259,12.7662,0.0021,0.0026,0.0045,0.0049,0.0046,0.0056,0.0064,0.011,0.0017,0.003,0.0026,0.005,0.0038,0.008,0.006,0.0114,1.9392,Subject10,Backwards,58.05
364,825,2.838,0.0052,0.1066,1.5079,1.2183,15.7841,0.0023,0.0032,0.0053,0.0047,0.0045,0.0054,0.0063,0.0123,0.0019,0.0026,0.0025,0.0048,0.0048,0.0076,0.0069,0.0109,1.9392,Subject10,Backwards,58.05
364,840,2.7137,0.0033,0.0813,1.3989,1.2301,9.9091,0.0019,0.002,0.0039,0.0055,0.0048,0.0072,0.0067,0.0085,0.0017,0.0021,0.0023,0.0047,0.0033,0.0098,0.0072,0.0114,1.9392,Subject10,Backwards,58.05
364,855,2.6663,0.0037,0.0726,1.3629,1.227,7.7662,0.002,0.0024,0.0037,0.0059,0.0045,0.0073,0.007,0.0081,0.0017,0.0024,0.0026,0.0048,0.0039,0.0106,0.0074,0.0127,1.9392,Subject10,Backwards,58.05
365,870,2.7959,0.0042,0.0899,1.4962,1.2057,13.1591,0.002,0.0023,0.0037,0.0037,0.004,0.0069,0.0069,0.0101,0.0017,0.0018,0.0024,0.005,0.0043,0.0108,0.007,0.0108,1.9392,Subject10,Backwards,58.05
365,885,2.8134,0.0045,0.0856,1.4141,1.3092,15.4091,0.0021,0.0022,0.0036,0.0041,0.0048,0.0072,0.0069,0.0087,0.0017,0.0019,0.0025,0.0054,0.0044,0.01,0.0066,0.0095,1.9392,Subject10,Backwards,58.05
365,900,2.6721,0.0052,0.0747,1.3299,1.2623,18.9091,0.0019,0.002,0.004,0.0047,0.0043,0.0075,0.0066,0.0087,0.0016,0.002,0.0025,0.0039,0.0046,0.0102,0.0068,0.0102,1.9392,Subject10,Backwards,58.05
365,915,2.8889,0.0054,0.0903,1.5765,1.2167,14.9091,0.0019,0.002,0.0039,0.0053,0.0041,0.0071,0.006,0.0086,0.0016,0.0021,0.0025,0.0052,0.0043,0.0097,0.0071,0.0096,1.9392,Subject10,Backwards,58.05
365,930,2.785,0.0042,0.1017,1.5097,1.1693,8.9091,0.0022,0.0031,0.0059,0.0042,0.0034,0.0064,0.0067,0.0112,0.0018,0.0024,0.003,0.0046,0.0041,0.008,0.0065,0.0118,1.9392,Subject10,Backwards,58.05
365,945,2.9814,0.0034,0.0858,1.5657,1.3265,8.4091,0.0018,0.0023,0.0043,0.0039,0.0039,0.0065,0.007,0.0085,0.0017,0.0028,0.0034,0.0042,0.0039,0.0088,0.0075,0.0146,1.9392,Subject10,Backwards,58.05
365,960,3.0917,0.0039,0.1145,1.6221,1.3512,9.1948,0.002,0.0025,0.0055,0.0032,0.0037,0.005,0.0065,0.0119,0.0017,0.0026,0.0033,0.0043,0.0033,0.0086,0.0066,0.0126,1.9392,Subject10,Backwards,58.05
365,975,2.9786,0.0045,0.1024,1.4597,1.412,9.4805,0.0022,0.0024,0.005,0.0032,0.0035,0.0062,0.0066,0.0106,0.0018,0.0022,0.0029,0.0035,0.0033,0.0086,0.006,0.0126,1.9392,Subject10,Backwards,58.05
365,990,3.1111,0.0059,0.1334,1.5218,1.45,6.1591,0.0023,0.0019,0.0034,0.0044,0.0046,0.0059,0.0071,0.0075,0.0019,0.0024,0.0026,0.0043,0.0041,0.0074,0.0061,0.0117,1.9392,Subject10,Backwards,58.05
365,1005,2.9689,0.0041,0.1012,1.5634,1.3002,5.9091,0.002,0.0025,0.0049,0.0041,0.0041,0.0049,0.0059,0.008,0.0018,0.0031,0.0032,0.0041,0.0038,0.0074,0.0061,0.0115,1.9392,Subject10,Backwards,58.05
366,360,1.743,0.0018,0.0127,0.9041,0.8243,7.9758,0.0027,0.0057,0.0166,0.0105,0.0088,0.0096,0.0056,0.018,0.0016,0.0047,0.0099,0.0053,0.0043,0.0125,0.0073,0.0281,2.7021,Subject10,Cycling,58.05
366,375,1.842,0.0025,0.0143,0.9646,0.8606,13.7853,0.0029,0.0039,0.0182,0.0065,0.0091,0.0093,0.0048,0.0137,0.002,0.003,0.01,0.0052,0.0026,0.0111,0.0059,0.022,2.7021,Subject10,Cycling,58.05
366,390,1.8291,0.0037,0.0344,0.9474,0.8435,23.9758,0.0033,0.0052,0.0171,0.0049,0.006,0.0105,0.0051,0.0171,0.002,0.004,0.0124,0.0056,0.0024,0.0118,0.0071,0.0219,2.7021,Subject10,Cycling,58.05
366,405,1.8765,0.0022,0.0197,0.9813,0.8734,25.9758,0.0032,0.004,0.0162,0.0047,0.0068,0.0092,0.0046,0.0128,0.002,0.0032,0.0116,0.0049,0.0022,0.0093,0.0057,0.0136,2.7021,Subject10,Cycling,58.05
366,420,1.6795,0.0018,0.0176,0.8816,0.7785,24.9758,0.0031,0.0038,0.0154,0.0046,0.0064,0.0089,0.0043,0.0112,0.0019,0.0026,0.0106,0.0049,0.0025,0.0078,0.0046,0.0107,2.7021,Subject10,Cycling,58.05
366,435,1.7017,0.0018,0.0165,0.8907,0.7927,26.1186,0.0027,0.0046,0.0144,0.0041,0.0056,0.0074,0.0043,0.0112,0.0018,0.003,0.0116,0.005,0.0024,0.0086,0.0046,0.0108,2.7021,Subject10,Cycling,58.05
366,450,1.8081,0.0026,0.0331,0.9301,0.8422,27.2615,0.003,0.0072,0.017,0.0039,0.006,0.0067,0.0047,0.0123,0.002,0.0055,0.0135,0.0054,0.0024,0.0091,0.0057,0.0161,2.7021,Subject10,Cycling,58.05
366,465,1.7248,0.0026,0.0197,0.8863,0.8161,25.5472,0.0029,0.0057,0.0156,0.0057,0.0071,0.0062,0.0039,0.0095,0.0019,0.0033,0.0115,0.0047,0.0026,0.0085,0.0039,0.0109,2.7021,Subject10,Cycling,58.05
366,480,1.7738,0.0023,0.0182,0.914,0.8393,27.5472,0.0028,0.0046,0.0139,0.0034,0.0056,0.007,0.0039,0.0093,0.002,0.0037,0.0134,0.0055,0.0029,0.01,0.0048,0.0142,2.7021,Subject10,Cycling,58.05
366,495,1.6989,0.0019,0.0154,0.8719,0.8097,26.5472,0.0026,0.0049,0.0146,0.0034,0.0059,0.0069,0.0038,0.0102,0.0016,0.0039,0.0121,0.0053,0.0027,0.0085,0.0051,0.0142,2.7021,Subject10,Cycling,58.05
367,510,1.6218,0.0017,0.0154,0.8249,0.7798,28.6901,0.0026,0.0051,0.0133,0.0066,0.0055,0.0054,0.0033,0.0088,0.0017,0.0043,0.0106,0.0046,0.0029,0.008,0.0036,0.0122,2.7021,Subject10,Cycling,58.05
367,525,1.6794,0.0018,0.0149,0.8728,0.79,24.5472,0.0025,0.0053,0.0137,0.006,0.0059,0.0067,0.0036,0.0103,0.0015,0.0051,0.0117,0.005,0.004,0.0101,0.0056,0.0229,2.7021,Subject10,Cycling,58.05
367,540,1.657,0.0019,0.0158,0.847,0.7924,22.452,0.0024,0.0056,0.0137,0.0045,0.0059,0.0064,0.0035,0.0097,0.0017,0.0039,0.0102,0.0044,0.0034,0.0072,0.0034,0.0109,2.7021,Subject10,Cycling,58.05
367,555,1.6573,0.0024,0.0171,0.8633,0.7745,23.4044,0.0025,0.0061,0.0145,0.004,0.0053,0.005,0.0033,0.0094,0.0016,0.0039,0.0111,0.005,0.0037,0.0078,0.0041,0.0137,2.7021,Subject10,Cycling,58.05
367,570,1.6294,0.0023,0.016,0.827,0.784,26.6186,0.0025,0.0071,0.0148,0.0044,0.0057,0.006,0.0034,0.01,0.0017,0.0032,0.0097,0.0045,0.0033,0.0076,0.0035,0.0104,2.7021,Subject10,Cycling,58.05
367,585,1.5875,0.0021,0.0148,0.8161,0.7546,24.6901,0.0023,0.0054,0.0138,0.0038,0.0049,0.0053,0.0029,0.0092,0.0015,0.0038,0.0105,0.0047,0.0032,0.0075,0.0036,0.0118,2.7021,Subject10,Cycling,58.05
367,600,1.674,0.0029,0.0256,0.8705,0.775,25.5472,0.0025,0.0073,0.0162,0.004,0.006,0.0062,0.0036,0.0111,0.0016,0.0047,0.0111,0.0048,0.0032,0.0076,0.0041,0.0136,2.7021,Subject10,Cycling,58.05
367,615,1.6186,0.0017,0.0159,0.8389,0.7622,23.2853,0.0024,0.0059,0.0143,0.004,0.0043,0.0061,0.004,0.0098,0.0016,0.0041,0.0106,0.0041,0.003,0.0077,0.0043,0.0114,2.7021,Subject10,Cycling,58.05
367,630,1.7105,0.0022,0.0209,0.8835,0.8039,22.9758,0.0026,0.0051,0.0149,0.0049,0.005,0.008,0.0039,0.012,0.0017,0.0052,0.0097,0.0045,0.0031,0.0096,0.0054,0.0196,2.7021,Subject10,Cycling,58.05
367,645,1.5695,0.0018,0.0168,0.8156,0.7353,26.952,0.0025,0.0061,0.0127,0.0053,0.0052,0.0051,0.0031,0.0082,0.0016,0.0052,0.0101,0.0049,0.0033,0.0085,0.0035,0.011,2.7021,Subject10,Cycling,58.05
368,720,1.7119,0.0033,0.0382,0.8926,0.7778,22.6901,0.003,0.0104,0.0249,0.0095,0.0098,0.0067,0.0052,0.0178,0.0023,0.0091,0.0183,0.0086,0.0054,0.0101,0.0073,0.0269,5.5104,Subject10,Cycling,58.05
368,735,1.8426,0.0038,0.0308,0.96,0.8481,35.7853,0.0034,0.0091,0.0265,0.0119,0.0104,0.0088,0.0054,0.0176,0.0026,0.0091,0.0208,0.0097,0.0057,0.0129,0.0085,0.0287,5.5104,Subject10,Cycling,58.05
368,750,1.7648,0.0032,0.0259,0.9162,0.8195,41.9758,0.0032,0.0069,0.0265,0.0125,0.0113,0.008,0.0049,0.0143,0.0026,0.0074,0.0194,0.0101,0.0085,0.0115,0.0069,0.0247,5.5104,Subject10,Cycling,58.05
368,765,1.8793,0.0031,0.022,0.9576,0.8966,50.9758,0.0032,0.0079,0.0299,0.0114,0.0124,0.0088,0.0059,0.0148,0.0026,0.0079,0.0191,0.0091,0.006,0.0106,0.0061,0.0229,5.5104,Subject10,Cycling,58.05
368,780,1.8765,0.002,0.0229,0.9769,0.8746,57.9936,0.003,0.0112,0.0311,0.0062,0.0096,0.0062,0.006,0.0169,0.0023,0.009,0.0196,0.0093,0.0046,0.0115,0.0073,0.0239,5.5104,Subject10,Cycling,58.05
368,795,1.8171,0.0028,0.0254,0.9178,0.8712,58.6186,0.0033,0.0086,0.0284,0.0051,0.0095,0.0061,0.0064,0.0155,0.0027,0.0072,0.02,0.0088,0.0044,0.01,0.006,0.0167,5.5104,Subject10,Cycling,58.05
368,810,1.9382,0.0045,0.0221,0.9813,0.9303,62.8686,0.0031,0.0087,0.0275,0.0064,0.0105,0.0072,0.0067,0.0169,0.0026,0.0069,0.0188,0.0094,0.005,0.0105,0.0067,0.0167,5.5104,Subject10,Cycling,58.05
368,825,1.8363,0.0041,0.0286,0.9305,0.8731,66.2615,0.0032,0.0071,0.0277,0.0069,0.0097,0.0073,0.0054,0.0134,0.0026,0.0069,0.0193,0.0084,0.0042,0.0098,0.0054,0.0153,5.5104,Subject10,Cycling,58.05
368,840,1.8863,0.0039,0.0282,0.9513,0.9029,66.2853,0.0033,0.0079,0.0301,0.0051,0.01,0.0063,0.0054,0.0142,0.0025,0.0073,0.0221,0.0093,0.0044,0.0091,0.0056,0.0161,5.5104,Subject10,Cycling,58.05
368,855,1.8407,0.0031,0.0256,0.9465,0.8655,66.9758,0.0033,0.0074,0.0262,0.0072,0.0104,0.0063,0.0052,0.0123,0.0024,0.0078,0.0206,0.0087,0.0048,0.0096,0.0067,0.0196,5.5104,Subject10,Cycling,58.05
369,870,1.7932,0.0037,0.0255,0.9266,0.8374,67.8329,0.0031,0.0079,0.026,0.0085,0.0109,0.0054,0.0044,0.0101,0.0024,0.0076,0.0194,0.0092,0.005,0.0107,0.0063,0.0175,5.5104,Subject10,Cycling,58.05
369,885,1.8222,0.0031,0.028,0.9309,0.8603,69.3686,0.003,0.0068,0.0252,0.009,0.0108,0.0045,0.0042,0.0106,0.0024,0.0072,0.0191,0.0087,0.0051,0.0101,0.0058,0.0161,5.5104,Subject10,Cycling,58.05
369,900,1.8149,0.0036,0.0268,0.9339,0.8506,69.952,0.0032,0.006,0.0254,0.0047,0.0098,0.0043,0.0048,0.0095,0.0025,0.0067,0.0203,0.0086,0.0046,0.0091,0.0062,0.0157,5.5104,Subject10,Cycling,58.05
369,915,1.8468,0.0036,0.0276,0.9444,0.8712,68.1186,0.0031,0.0076,0.0263,0.0065,0.0102,0.005,0.005,0.0131,0.0027,0.0062,0.0189,0.0086,0.0063,0.0095,0.0061,0.0163,5.5104,Subject10,Cycling,58.05
369,930,1.8285,0.0033,0.0266,0.9164,0.8822,68.1186,0.0031,0.007,0.0256,0.008,0.0115,0.0056,0.0051,0.012,0.0025,0.0068,0.0181,0.0081,0.0072,0.0085,0.0052,0.0152,5.5104,Subject10,Cycling,58.05
369,945,1.9333,0.003,0.0252,0.9833,0.9218,67.2436,0.0031,0.0071,0.0263,0.0068,0.0104,0.0059,0.0058,0.0133,0.0025,0.006,0.0193,0.0093,0.0085,0.0101,0.0064,0.0171,5.5104,Subject10,Cycling,58.05
369,960,1.9399,0.0037,0.0293,0.9706,0.9364,67.9758,0.0029,0.0068,0.0271,0.006,0.0099,0.0068,0.0055,0.0142,0.0026,0.0063,0.0205,0.0095,0.0064,0.0106,0.0063,0.0168,5.5104,Subject10,Cycling,58.05
369,975,1.89,0.0032,0.0259,0.9418,0.9191,67.2436,0.0029,0.0068,0.0284,0.0052,0.0092,0.0057,0.0057,0.0135,0.0025,0.0065,0.0199,0.0088,0.0058,0.0093,0.0056,0.0156,5.5104,Subject10,Cycling,58.05
369,990,1.9024,0.0034,0.0304,0.9384,0.9301,69.1186,0.003,0.0079,0.0264,0.0066,0.0098,0.0061,0.0055,0.0132,0.0025,0.0061,0.0185,0.0089,0.0063,0.0086,0.0055,0.0152,5.5104,Subject10,Cycling,58.05
369,1005,1.8467,0.0041,0.0259,0.9336,0.8831,70.4044,0.0029,0.0076,0.0259,0.0065,0.0096,0.0046,0.0054,0.0151,0.0026,0.0069,0.0188,0.0089,0.0064,0.0094,0.0058,0.0166,5.5104,Subject10,Cycling,58.05
370,1080,3.1514,0.0041,0.0397,1.619,1.4887,73.6901,0.0031,0.0038,0.0158,0.017,0.0071,0.015,0.0061,0.0249,0.0024,0.0057,0.0158,0.0097,0.0109,0.0145,0.0074,0.0367,5.1069,Subject10,Cycling,58.05
370,1095,3.3229,0.006,0.0407,1.6868,1.5895,69.8686,0.0028,0.0046,0.0203,0.0127,0.0075,0.0156,0.0067,0.0239,0.0024,0.0044,0.0159,0.01,0.0101,0.0148,0.0076,0.0345,5.1069,Subject10,Cycling,58.05
370,1110,3.2104,0.0045,0.0513,1.6467,1.508,66.7853,0.0029,0.0055,0.0207,0.0105,0.0079,0.0154,0.0072,0.0266,0.0025,0.005,0.0159,0.0092,0.0088,0.0137,0.0083,0.0313,5.1069,Subject10,Cycling,58.05
370,1125,3.2494,0.0058,0.065,1.6488,1.5298,65.9936,0.0035,0.0069,0.0225,0.0061,0.0063,0.0125,0.0067,0.0227,0.0026,0.0062,0.0144,0.0079,0.007,0.0139,0.0082,0.0262,5.1069,Subject10,Cycling,58.05
370,1140,3.1568,0.0062,0.0462,1.6162,1.4883,65.1186,0.0032,0.0036,0.0157,0.0161,0.0067,0.0133,0.0057,0.02,0.0028,0.0046,0.0122,0.0082,0.0071,0.0138,0.0064,0.0246,5.1069,Subject10,Cycling,58.05
370,1155,3.1724,0.0061,0.0409,1.6428,1.4825,63.6901,0.0028,0.0032,0.0124,0.0234,0.008,0.0129,0.0053,0.0198,0.0026,0.005,0.0146,0.0103,0.0096,0.0142,0.0063,0.0314,5.1069,Subject10,Cycling,58.05
370,1170,3.3481,0.0059,0.0484,1.734,1.5598,63.2436,0.0027,0.0036,0.0154,0.0192,0.0073,0.0149,0.0053,0.0184,0.0026,0.0061,0.0172,0.0108,0.0081,0.0152,0.0061,0.0281,5.1069,Subject10,Cycling,58.05
370,1185,3.2159,0.0068,0.0457,1.6466,1.5168,64.1186,0.0027,0.0039,0.0154,0.0208,0.0082,0.0136,0.0055,0.0181,0.0026,0.006,0.017,0.0113,0.0087,0.0138,0.0058,0.0262,5.1069,Subject10,Cycling,58.05
370,1200,3.2517,0.0057,0.0448,1.6625,1.5387,63.4044,0.0026,0.0041,0.0175,0.0192,0.0087,0.0132,0.0056,0.0164,0.0023,0.0064,0.0178,0.0123,0.0106,0.0155,0.0061,0.0258,5.1069,Subject10,Cycling,58.05
370,1215,3.2258,0.0054,0.0507,1.6418,1.528,62.9936,0.0026,0.0045,0.0196,0.0173,0.0096,0.0144,0.0058,0.0168,0.0024,0.0058,0.0173,0.0106,0.0087,0.0135,0.0055,0.0264,5.1069,Subject10,Cycling,58.05
371,1230,3.1501,0.0059,0.0542,1.6074,1.4826,61.7436,0.0028,0.0044,0.0203,0.012,0.0086,0.0127,0.0055,0.0146,0.0024,0.0055,0.017,0.0106,0.0089,0.0138,0.005,0.0205,5.1069,Subject10,Cycling,58.05
371,1245,3.2384,0.0058,0.0512,1.6334,1.5479,62.4044,0.0027,0.0046,0.0221,0.0143,0.0088,0.0134,0.0059,0.0178,0.0025,0.0058,0.0183,0.0102,0.0084,0.0136,0.0053,0.0238,5.1069,Subject10,Cycling,58.05
371,1260,3.3419,0.0053,0.0523,1.6779,1.6064,64.5472,0.0026,0.0048,0.0218,0.0168,0.0091,0.0132,0.0061,0.0185,0.0023,0.0068,0.0205,0.0109,0.0081,0.0133,0.0056,0.0255,5.1069,Subject10,Cycling,58.05
371,1275,3.313,0.0055,0.0543,1.6898,1.5634,64.3686,0.0027,0.0045,0.0211,0.0142,0.0092,0.0128,0.006,0.02,0.0024,0.0065,0.0176,0.0095,0.0089,0.0139,0.0055,0.0248,5.1069,Subject10,Cycling,58.05
371,1290,3.1732,0.0053,0.0533,1.6053,1.5094,60.9936,0.0025,0.0042,0.0203,0.0079,0.0079,0.0122,0.0059,0.0182,0.0023,0.0063,0.0181,0.0097,0.0072,0.0125,0.0051,0.024,5.1069,Subject10,Cycling,58.05
371,1305,3.3041,0.0069,0.0616,1.6508,1.5848,58.9758,0.0029,0.0044,0.0224,0.0088,0.0075,0.013,0.0063,0.0188,0.0025,0.0053,0.0173,0.0099,0.0093,0.012,0.0048,0.022,5.1069,Subject10,Cycling,58.05
371,1320,3.483,0.0078,0.1217,1.7382,1.6153,58.7436,0.0029,0.0083,0.0254,0.0092,0.0084,0.0124,0.0073,0.0216,0.0027,0.0096,0.019,0.0095,0.0086,0.0129,0.0059,0.0236,5.1069,Subject10,Cycling,58.05
371,1335,3.2518,0.0067,0.0645,1.6473,1.5333,62.2615,0.003,0.0047,0.022,0.0141,0.0087,0.0133,0.0059,0.0185,0.0024,0.0067,0.017,0.0101,0.0088,0.0146,0.0054,0.026,5.1069,Subject10,Cycling,58.05
371,1350,3.2978,0.008,0.069,1.6881,1.5327,59.8686,0.0028,0.0047,0.0212,0.0101,0.0081,0.0125,0.0053,0.0162,0.0023,0.0059,0.0171,0.0104,0.0094,0.0138,0.0049,0.0227,5.1069,Subject10,Cycling,58.05
371,1365,3.3496,0.0075,0.0661,1.7077,1.5683,61.6901,0.0027,0.0051,0.0214,0.0135,0.0082,0.0128,0.0054,0.0152,0.0025,0.007,0.0178,0.0102,0.0096,0.0144,0.0051,0.0247,5.1069,Subject10,Cycling,58.05
372,1440,2.1402,0.0041,0.0364,1.0773,1.0223,60.4936,0.0026,0.0046,0.0203,0.0079,0.008,0.0065,0.0043,0.0124,0.0022,0.0043,0.0125,0.0066,0.0069,0.0084,0.0041,0.0157,4.1495,Subject10,Cycling,58.05
372,1455,1.7211,0.0032,0.0221,0.8685,0.8273,59.9936,0.0027,0.0039,0.0177,0.0092,0.0069,0.0046,0.0033,0.0097,0.0025,0.0036,0.0103,0.0062,0.0082,0.0067,0.0031,0.0111,4.1495,Subject10,Cycling,58.05
372,1470,1.7219,0.0043,0.0249,0.8691,0.8237,57.6901,0.0026,0.0041,0.0176,0.003,0.0053,0.0047,0.0033,0.0085,0.0022,0.0041,0.0126,0.0065,0.0061,0.0065,0.0033,0.0121,4.1495,Subject10,Cycling,58.05
372,1485,1.7497,0.0029,0.0225,0.8881,0.8362,59.1186,0.0025,0.0044,0.0193,0.0048,0.0071,0.0054,0.0038,0.0099,0.0021,0.0045,0.0131,0.0066,0.0056,0.0064,0.0036,0.012,4.1495,Subject10,Cycling,58.05
372,1500,1.7206,0.0033,0.0209,0.8731,0.8234,58.1186,0.0025,0.0047,0.0204,0.004,0.0069,0.0052,0.0036,0.0097,0.0021,0.0044,0.0135,0.006,0.0059,0.0058,0.0036,0.0096,4.1495,Subject10,Cycling,58.05
372,1515,1.6597,0.0033,0.0198,0.8272,0.8094,58.7436,0.0025,0.0049,0.0192,0.0062,0.008,0.0047,0.0037,0.009,0.0021,0.0043,0.0124,0.0057,0.0057,0.006,0.0034,0.0098,4.1495,Subject10,Cycling,58.05
372,1530,1.6139,0.0025,0.0174,0.8112,0.7828,57.4044,0.0024,0.0051,0.0214,0.0033,0.0068,0.0049,0.004,0.0093,0.0021,0.0047,0.0136,0.0064,0.0057,0.0063,0.0035,0.0106,4.1495,Subject10,Cycling,58.05
372,1545,1.8977,0.0042,0.0392,0.954,0.9003,55.9936,0.0028,0.0069,0.0254,0.004,0.0076,0.007,0.0065,0.0174,0.0024,0.0073,0.0169,0.008,0.0058,0.0093,0.006,0.0195,4.1495,Subject10,Cycling,58.05
372,1560,1.798,0.0041,0.0284,0.9143,0.8513,57.9758,0.0029,0.0045,0.02,0.0083,0.0075,0.0052,0.0039,0.0105,0.0023,0.0047,0.0121,0.0066,0.0053,0.0078,0.0043,0.0137,4.1495,Subject10,Cycling,58.05
372,1575,1.7598,0.0045,0.0293,0.8798,0.8463,58.4044,0.0027,0.0044,0.0209,0.0046,0.0069,0.0055,0.0038,0.01,0.0023,0.0048,0.0124,0.006,0.0051,0.0076,0.0037,0.0119,4.1495,Subject10,Cycling,58.05
373,1590,1.7914,0.0039,0.0217,0.9123,0.8535,56.6186,0.0026,0.0046,0.0178,0.0061,0.0067,0.0055,0.0039,0.0103,0.0023,0.0048,0.0123,0.0059,0.0044,0.0078,0.004,0.0133,4.1495,Subject10,Cycling,58.05
373,1605,1.6746,0.0033,0.0202,0.8406,0.8105,56.1186,0.0026,0.0053,0.0198,0.0074,0.0065,0.0047,0.004,0.0099,0.0024,0.0051,0.0101,0.0052,0.0048,0.0076,0.0032,0.0099,4.1495,Subject10,Cycling,58.05
373,1620,1.7793,0.0031,0.0223,0.9079,0.8459,55.5472,0.0025,0.0062,0.0205,0.0059,0.0073,0.005,0.0043,0.0105,0.0021,0.0054,0.0115,0.0063,0.0049,0.008,0.0041,0.0135,4.1495,Subject10,Cycling,58.05
373,1635,1.8317,0.0035,0.0227,0.9204,0.885,55.1186,0.0027,0.0056,0.0219,0.0036,0.0066,0.0058,0.0045,0.0121,0.0022,0.0046,0.0131,0.0062,0.0052,0.0087,0.0042,0.0122,4.1495,Subject10,Cycling,58.05
373,1650,1.8553,0.0033,0.0251,0.9291,0.8978,59.1186,0.0026,0.0051,0.0224,0.0048,0.0071,0.0062,0.0043,0.0111,0.0022,0.0046,0.0117,0.006,0.0053,0.0075,0.0037,0.0105,4.1495,Subject10,Cycling,58.05
373,1665,1.6907,0.0033,0.0225,0.8497,0.8151,57.2436,0.0027,0.0046,0.0203,0.0061,0.0072,0.0045,0.0035,0.0119,0.0021,0.0048,0.0121,0.0056,0.0052,0.0083,0.0037,0.0128,4.1495,Subject10,Cycling,58.05
373,1680,1.7377,0.0036,0.0219,0.8684,0.8439,53.4044,0.0026,0.0045,0.0217,0.0061,0.0071,0.005,0.0038,0.0106,0.0021,0.0045,0.0118,0.006,0.0054,0.0073,0.0035,0.0112,4.1495,Subject10,Cycling,58.05
373,1695,1.7216,0.0033,0.0226,0.857,0.8387,54.9758,0.0026,0.0045,0.0191,0.006,0.007,0.0043,0.0036,0.0108,0.0022,0.0049,0.0126,0.0056,0.0053,0.0074,0.0037,0.011,4.1495,Subject10,Cycling,58.05
373,1710,1.7547,0.0034,0.0267,0.8586,0.866,54.7436,0.0026,0.0056,0.0225,0.005,0.0076,0.0052,0.0042,0.0121,0.0023,0.0057,0.0127,0.0061,0.0059,0.0071,0.0047,0.0165,4.1495,Subject10,Cycling,58.05
373,1725,1.7585,0.0032,0.022,0.877,0.8563,55.8329,0.0025,0.0053,0.0211,0.0076,0.0078,0.0047,0.0039,0.0115,0.0023,0.005,0.0113,0.0061,0.0063,0.0073,0.0038,0.0119,4.1495,Subject10,Cycling,58.05
374,360,1.7135,0.003,0.0395,0.947,0.724,3.4197,0.0015,0.0019,0.0056,0.0035,0.0021,0.0096,0.008,0.0141,0.0016,0.0018,0.0033,0.0024,0.0031,0.0095,0.0092,0.0089,2.4382,Subject10,Incline,58.05
374,375,2.1761,0.0038,0.0496,1.1201,1.0026,16.153,0.0017,0.0021,0.0071,0.0038,0.0024,0.0076,0.0063,0.01,0.0017,0.002,0.0046,0.0032,0.003,0.0107,0.0093,0.0103,2.4382,Subject10,Incline,58.05
374,390,2.139,0.0037,0.0471,1.0785,1.0097,20.3911,0.0019,0.0018,0.0055,0.0041,0.0023,0.0063,0.0059,0.0124,0.0017,0.002,0.0041,0.0032,0.0033,0.0121,0.0102,0.0104,2.4382,Subject10,Incline,58.05
374,405,1.9945,0.0039,0.0534,0.9881,0.9491,17.0197,0.0017,0.0021,0.0069,0.0036,0.0024,0.0088,0.0081,0.0109,0.0017,0.0022,0.0041,0.0033,0.0034,0.0108,0.0106,0.0116,2.4382,Subject10,Incline,58.05
374,420,2.0374,0.003,0.0402,1.0256,0.9685,18.534,0.002,0.0017,0.0047,0.0041,0.0025,0.0086,0.0069,0.0145,0.0017,0.0018,0.0033,0.0028,0.0032,0.0138,0.0098,0.0124,2.4382,Subject10,Incline,58.05
374,435,1.9118,0.0026,0.0346,1.0145,0.8601,19.534,0.002,0.0018,0.0059,0.0039,0.0023,0.0088,0.0079,0.0104,0.0017,0.002,0.0039,0.003,0.0034,0.0102,0.0079,0.011,2.4382,Subject10,Incline,58.05
374,450,2.0294,0.0027,0.04,1.0417,0.945,19.2482,0.0018,0.002,0.0074,0.0047,0.0023,0.0053,0.0066,0.0114,0.0017,0.002,0.0043,0.0031,0.0034,0.0096,0.0088,0.0114,2.4382,Subject10,Incline,58.05
374,465,1.909,0.0015,0.0285,0.9722,0.9068,15.8197,0.0018,0.0018,0.0057,0.0045,0.0022,0.0084,0.0068,0.0105,0.0017,0.0019,0.0037,0.0024,0.0032,0.011,0.008,0.0125,2.4382,Subject10,Incline,58.05
374,480,1.9401,0.0014,0.0263,0.9829,0.9295,14.1054,0.0021,0.0018,0.005,0.0055,0.0021,0.0084,0.0058,0.0113,0.0017,0.0017,0.0033,0.0023,0.0034,0.0106,0.0076,0.0118,2.4382,Subject10,Incline,58.05
374,495,1.9411,0.0033,0.0513,0.9884,0.8981,13.0197,0.0017,0.002,0.0071,0.0039,0.0024,0.0067,0.0071,0.0156,0.0017,0.0021,0.0042,0.0027,0.004,0.012,0.0088,0.0122,2.4382,Subject10,Incline,58.05
375,510,2.0402,0.0029,0.0398,1.0502,0.9473,15.9625,0.0019,0.0016,0.0044,0.0046,0.0024,0.0101,0.0075,0.0132,0.0018,0.0016,0.0029,0.0036,0.0038,0.012,0.0084,0.013,2.4382,Subject10,Incline,58.05
375,525,1.9411,0.0025,0.0421,1.0373,0.8592,16.6768,0.002,0.0017,0.0052,0.0047,0.0022,0.0101,0.0088,0.014,0.0017,0.0015,0.0025,0.003,0.0038,0.0116,0.01,0.0123,2.4382,Subject10,Incline,58.05
375,540,1.8868,0.0016,0.0355,0.9048,0.945,18.1054,0.0019,0.0017,0.0046,0.0038,0.0021,0.0079,0.0061,0.0141,0.0017,0.0017,0.003,0.0027,0.0032,0.0124,0.0098,0.0122,2.4382,Subject10,Incline,58.05
375,555,1.8872,0.0023,0.0369,0.9646,0.8833,13.9447,0.0019,0.0018,0.0057,0.004,0.0021,0.0072,0.0061,0.0108,0.0017,0.002,0.0041,0.0026,0.0032,0.0078,0.0077,0.0116,2.4382,Subject10,Incline,58.05
375,570,2.04,0.0023,0.0409,1.0026,0.9942,13.9625,0.0019,0.0019,0.0065,0.0039,0.0021,0.007,0.0072,0.0119,0.0017,0.0019,0.0036,0.0027,0.0031,0.0108,0.0089,0.0112,2.4382,Subject10,Incline,58.05
375,585,2.0509,0.0028,0.042,1.0735,0.9325,17.2482,0.0017,0.0021,0.0074,0.0038,0.0024,0.0072,0.0078,0.0138,0.0016,0.0021,0.0044,0.0029,0.0038,0.0085,0.0073,0.0104,2.4382,Subject10,Incline,58.05
375,600,2.0853,0.0027,0.0403,1.0711,0.9712,17.153,0.0018,0.0018,0.0056,0.0039,0.0021,0.0074,0.0076,0.0126,0.0016,0.002,0.0035,0.0026,0.0038,0.01,0.0083,0.0112,2.4382,Subject10,Incline,58.05
375,615,1.8905,0.002,0.0334,0.988,0.8671,13.6768,0.0018,0.0016,0.0048,0.0041,0.0021,0.0094,0.0077,0.0131,0.0016,0.0018,0.0031,0.0027,0.0038,0.0108,0.009,0.0127,2.4382,Subject10,Incline,58.05
375,630,2.0583,0.0041,0.0616,1.0624,0.9302,12.534,0.0017,0.0021,0.0069,0.0043,0.0024,0.006,0.0072,0.0132,0.0016,0.0021,0.0036,0.0028,0.0037,0.0108,0.01,0.01,2.4382,Subject10,Incline,58.05
375,645,2.308,0.0042,0.06,1.1765,1.0674,13.653,0.0017,0.0021,0.007,0.0037,0.0025,0.0058,0.0064,0.0127,0.0016,0.0021,0.0039,0.0029,0.0039,0.0105,0.0077,0.0109,2.4382,Subject10,Incline,58.05
376,720,4.1588,0.0051,0.076,2.2021,1.8756,15.6768,0.0022,0.0024,0.0081,0.0061,0.0036,0.0115,0.0113,0.0172,0.002,0.0029,0.0053,0.004,0.005,0.0133,0.013,0.0138,4.7357,Subject10,Incline,58.05
376,735,4.6195,0.006,0.082,2.3484,2.1831,27.1054,0.0034,0.0027,0.0096,0.0061,0.0042,0.0119,0.0127,0.0221,0.0024,0.0031,0.0055,0.0045,0.0052,0.0133,0.0148,0.0159,4.7357,Subject10,Incline,58.05
376,750,4.6825,0.0049,0.0788,2.3315,2.2673,33.534,0.0039,0.0027,0.0103,0.0064,0.0044,0.0113,0.0124,0.0211,0.0024,0.0031,0.0058,0.0045,0.0051,0.0138,0.0165,0.0162,4.7357,Subject10,Incline,58.05
376,765,4.8557,0.0063,0.0784,2.589,2.182,37.153,0.0041,0.0027,0.0099,0.006,0.0041,0.0111,0.0125,0.0176,0.0023,0.0032,0.0059,0.0046,0.0053,0.0125,0.0135,0.0142,4.7357,Subject10,Incline,58.05
376,780,4.8633,0.0046,0.0784,2.5087,2.2716,38.1947,0.0036,0.0026,0.009,0.0065,0.0041,0.0106,0.0115,0.0191,0.0024,0.0032,0.0058,0.0044,0.005,0.013,0.0147,0.0144,4.7357,Subject10,Incline,58.05
376,795,4.8281,0.0052,0.0797,2.4691,2.2741,38.6947,0.0041,0.0027,0.0094,0.0072,0.004,0.0106,0.0119,0.0182,0.0025,0.0035,0.006,0.0048,0.0055,0.015,0.0152,0.0153,4.7357,Subject10,Incline,58.05
376,810,4.8984,0.0048,0.085,2.5613,2.2472,35.6947,0.0038,0.0026,0.0093,0.0067,0.0042,0.0119,0.0127,0.0183,0.0024,0.0033,0.0054,0.0043,0.0055,0.0127,0.0148,0.0149,4.7357,Subject10,Incline,58.05
376,825,4.9399,0.0058,0.0744,2.6107,2.2489,38.8197,0.0033,0.0027,0.0098,0.0064,0.0042,0.0108,0.0123,0.0197,0.0024,0.0035,0.0061,0.0046,0.0049,0.0123,0.0135,0.015,4.7357,Subject10,Incline,58.05
376,840,4.9595,0.0054,0.0725,2.5364,2.3452,40.2482,0.0035,0.0025,0.0093,0.0067,0.0043,0.0108,0.0113,0.0171,0.0024,0.0031,0.0056,0.0042,0.0048,0.0133,0.0141,0.0147,4.7357,Subject10,Incline,58.05
376,855,4.8955,0.0054,0.0759,2.6051,2.2091,44.2482,0.004,0.0023,0.008,0.006,0.004,0.0118,0.0115,0.0158,0.0025,0.003,0.0055,0.0046,0.0049,0.0122,0.0133,0.014,4.7357,Subject10,Incline,58.05
377,870,4.9313,0.005,0.0675,2.5167,2.3421,39.8197,0.0037,0.0025,0.0084,0.0061,0.0042,0.012,0.0108,0.0183,0.0024,0.0027,0.0045,0.0038,0.0054,0.014,0.0142,0.0141,4.7357,Subject10,Incline,58.05
377,885,4.9795,0.0047,0.0735,2.623,2.2784,40.1054,0.0038,0.0025,0.0081,0.0072,0.0042,0.0106,0.0113,0.0177,0.0026,0.003,0.0049,0.0048,0.0056,0.0128,0.0144,0.0155,4.7357,Subject10,Incline,58.05
377,900,4.9041,0.0064,0.0673,2.5587,2.2717,41.5697,0.0039,0.0024,0.0083,0.0065,0.004,0.0119,0.0112,0.0168,0.0023,0.003,0.0053,0.0042,0.0048,0.0137,0.0133,0.0139,4.7357,Subject10,Incline,58.05
377,915,5.0907,0.0057,0.0791,2.6482,2.3578,35.2482,0.0041,0.0025,0.0089,0.0065,0.004,0.0118,0.0112,0.0165,0.0024,0.0032,0.0049,0.0043,0.0052,0.0139,0.0134,0.0154,4.7357,Subject10,Incline,58.05
377,930,4.9159,0.0049,0.0787,2.5862,2.2462,33.534,0.004,0.0025,0.0082,0.0065,0.0038,0.0118,0.012,0.0177,0.0023,0.0032,0.0055,0.0043,0.0053,0.0146,0.0145,0.0165,4.7357,Subject10,Incline,58.05
377,945,4.941,0.0054,0.0784,2.4798,2.3775,42.6947,0.0038,0.0026,0.009,0.0066,0.004,0.0101,0.0114,0.0191,0.0024,0.0032,0.0056,0.0046,0.0053,0.0137,0.0153,0.0147,4.7357,Subject10,Incline,58.05
377,960,5.0313,0.0052,0.0699,2.666,2.2902,43.0697,0.0038,0.0025,0.0083,0.0065,0.0039,0.0122,0.011,0.0174,0.0024,0.003,0.0047,0.0044,0.006,0.0125,0.014,0.0142,4.7357,Subject10,Incline,58.05
377,975,5.0796,0.0061,0.0744,2.5677,2.4316,45.8197,0.0039,0.0025,0.0088,0.0069,0.0041,0.0105,0.0108,0.0165,0.0024,0.0031,0.0051,0.0043,0.0055,0.0137,0.0136,0.0135,4.7357,Subject10,Incline,58.05
377,990,5.0363,0.0056,0.0816,2.6634,2.2856,45.1947,0.0038,0.0025,0.0085,0.0063,0.004,0.0114,0.0108,0.0162,0.0023,0.003,0.005,0.0046,0.0057,0.0111,0.0135,0.0141,4.7357,Subject10,Incline,58.05
377,1005,4.8973,0.0064,0.0718,2.458,2.3611,43.2482,0.0038,0.0025,0.0088,0.0061,0.0042,0.0111,0.0103,0.0168,0.0023,0.003,0.0051,0.0046,0.0049,0.0131,0.0139,0.0129,4.7357,Subject10,Incline,58.05
378,1080,2.33,0.0047,0.0751,1.2136,1.0366,42.1054,0.0023,0.003,0.006,0.0041,0.0026,0.0068,0.0088,0.0102,0.0019,0.0033,0.0036,0.003,0.0042,0.0091,0.0089,0.0094,0.2764,Subject10,Incline,58.05
378,1095,0.1742,0.0017,0.0213,0.1186,0.0326,35.3911,0.0013,0.0033,0.0046,0.0013,0.0013,0.0024,0.0047,0.0029,0.0014,0.0017,0.0022,0.0019,0.0019,0.0025,0.0027,0.0068,0.2764,Subject10,Incline,58.05
378,1110,0.0242,0.0011,0.0124,0.0049,0.0058,26.3911,0.0012,0.0014,0.0021,0.0011,0.0012,0.0023,0.0051,0.0014,0.0014,0.0019,0.0019,0.0025,0.0019,0.0048,0.0057,0.0017,0.2764,Subject10,Incline,58.05
378,1125,0.0991,0.0005,0.0072,0.0477,0.0437,20.9863,0.0013,0.0016,0.0025,0.0017,0.002,0.0017,0.0024,0.0077,0.0014,0.0025,0.0022,0.0023,0.0019,0.0037,0.0034,0.0038,0.2764,Subject10,Incline,58.05
378,1140,0.0099,0.0002,0.0027,0.0034,0.0037,12.534,0.0012,0.0015,0.0023,0.0011,0.0013,0.0022,0.0014,0.0061,0.0014,0.0014,0.0017,0.003,0.0017,0.0103,0.0042,0.0017,0.2764,Subject10,Incline,58.05
378,1155,0.0498,0.0003,0.0037,0.0282,0.0177,8.4863,0.0012,0.0017,0.0025,0.0013,0.0011,0.0019,0.0024,0.008,0.0013,0.0014,0.0016,0.0014,0.0015,0.0038,0.0028,0.002,0.2764,Subject10,Incline,58.05
378,1170,0.019,0.0003,0.0043,0.0108,0.0036,5.8197,0.0017,0.0013,0.002,0.001,0.001,0.0056,0.008,0.0018,0.0013,0.0014,0.0016,0.0013,0.0015,0.0015,0.0014,0.0075,0.2764,Subject10,Incline,58.05
378,1185,0.708,0.0046,0.0601,0.3272,0.3161,11.4863,0.0015,0.0028,0.0051,0.0018,0.002,0.0035,0.0045,0.0045,0.0015,0.0028,0.0028,0.0019,0.0024,0.0045,0.0048,0.0077,0.2764,Subject10,Incline,58.05
378,1200,0.0264,0.0011,0.0122,0.0071,0.0061,15.9863,0.0012,0.002,0.0036,0.0011,0.0013,0.0022,0.005,0.0019,0.0014,0.0037,0.0025,0.0015,0.0016,0.0022,0.0044,0.0049,0.2764,Subject10,Incline,58.05
378,1215,0.0095,0.0002,0.003,0.0035,0.0029,12.8197,0.0011,0.0016,0.0021,0.001,0.0011,0.0024,0.0056,0.0014,0.0013,0.0013,0.0016,0.0014,0.0015,0.0024,0.0047,0.0016,0.2764,Subject10,Incline,58.05
379,1230,0.0118,0.0006,0.0039,0.0043,0.003,9.653,0.0012,0.0028,0.0066,0.0011,0.0013,0.0013,0.0018,0.0012,0.0013,0.0119,0.004,0.0015,0.0016,0.0016,0.0026,0.0025,0.2764,Subject10,Incline,58.05
379,1245,0.0097,0.0003,0.0032,0.0034,0.0029,14.6197,0.0012,0.0015,0.0025,0.0011,0.0013,0.0026,0.0057,0.0014,0.0013,0.0018,0.0018,0.0017,0.0016,0.0025,0.0048,0.0016,0.2764,Subject10,Incline,58.05
379,1260,0.0103,0.0002,0.0034,0.004,0.0028,18.8197,0.0011,0.0025,0.005,0.0011,0.0012,0.0018,0.0034,0.0012,0.0013,0.0056,0.0028,0.0014,0.0015,0.0019,0.0037,0.0013,0.2764,Subject10,Incline,58.05
379,1275,0.0149,0.0002,0.0036,0.0041,0.007,15.8197,0.0015,0.0016,0.0025,0.001,0.0012,0.0014,0.0015,0.011,0.0014,0.0012,0.0016,0.0012,0.0015,0.004,0.0051,0.0014,0.2764,Subject10,Incline,58.05
379,1290,0.0191,0.0002,0.0041,0.005,0.0098,6.8197,0.0016,0.0026,0.003,0.001,0.0012,0.0016,0.0028,0.0031,0.0013,0.0012,0.0017,0.0015,0.0016,0.0019,0.0039,0.0015,0.2764,Subject10,Incline,58.05
379,1305,0.0123,0.0002,0.0033,0.0043,0.0044,7.2197,0.0019,0.0017,0.0028,0.001,0.0011,0.0014,0.0016,0.0071,0.0013,0.0011,0.0014,0.002,0.0015,0.0022,0.0022,0.002,0.2764,Subject10,Incline,58.05
379,1320,0.0141,0.0002,0.0044,0.0054,0.0039,11.653,0.0011,0.0022,0.0026,0.001,0.0011,0.0025,0.0057,0.0015,0.0013,0.0023,0.0016,0.0014,0.0016,0.0024,0.005,0.0014,0.2764,Subject10,Incline,58.05
379,1335,0.0118,0.0003,0.005,0.0038,0.0027,12.4197,0.0011,0.0019,0.003,0.001,0.0011,0.0021,0.0046,0.0012,0.0012,0.0011,0.0013,0.0013,0.0015,0.0029,0.0044,0.0013,0.2764,Subject10,Incline,58.05
379,1350,0.0111,0.0002,0.0033,0.0041,0.0034,8.8197,0.0012,0.0019,0.0035,0.001,0.0015,0.002,0.0039,0.0012,0.0013,0.0029,0.0021,0.0017,0.0016,0.0024,0.0042,0.0033,0.2764,Subject10,Incline,58.05
379,1365,0.0099,0.0001,0.0028,0.0042,0.0027,8.9863,0.0011,0.0022,0.0046,0.001,0.0016,0.0021,0.0033,0.0011,0.0013,0.0062,0.0028,0.0015,0.0015,0.0028,0.0036,0.004,0.2764,Subject10,Incline,58.05
380,1440,3.1398,0.0051,0.0724,1.5809,1.4814,10.4863,0.0022,0.0035,0.0124,0.0065,0.0042,0.0149,0.0138,0.0249,0.0023,0.0038,0.0081,0.0055,0.005,0.0176,0.0182,0.0182,9.2065,Subject10,Incline,58.05
380,1455,3.9413,0.0059,0.0827,1.9695,1.8831,34.3197,0.0027,0.0035,0.0135,0.0077,0.0048,0.0158,0.017,0.0243,0.003,0.0044,0.0108,0.0069,0.0064,0.0195,0.024,0.02,9.2065,Subject10,Incline,58.05
380,1470,3.7952,0.0062,0.0738,1.9722,1.7429,48.653,0.003,0.0038,0.015,0.0083,0.0051,0.0184,0.0184,0.0249,0.0028,0.0048,0.0103,0.0073,0.006,0.0197,0.0228,0.0209,9.2065,Subject10,Incline,58.05
380,1485,4.0175,0.006,0.0763,2.0882,1.847,59.4447,0.0032,0.0038,0.0155,0.0083,0.0054,0.0192,0.02,0.0246,0.0032,0.005,0.0111,0.0066,0.0067,0.0165,0.0239,0.0199,9.2065,Subject10,Incline,58.05
380,1500,3.876,0.006,0.0793,1.9447,1.846,70.2482,0.0032,0.0037,0.0146,0.0083,0.0053,0.0177,0.019,0.0217,0.0031,0.0045,0.0109,0.0071,0.0061,0.0187,0.0234,0.0189,9.2065,Subject10,Incline,58.05
380,1515,3.955,0.0053,0.0768,2.0083,1.8645,76.9625,0.0036,0.0038,0.0146,0.0094,0.0054,0.0141,0.0164,0.0201,0.0035,0.0049,0.0109,0.0073,0.0065,0.0196,0.025,0.0189,9.2065,Subject10,Incline,58.05
380,1530,3.9913,0.006,0.0801,2.0232,1.8819,79.1947,0.0036,0.0036,0.0141,0.0084,0.0054,0.016,0.0178,0.0211,0.0034,0.0051,0.011,0.007,0.006,0.0179,0.0249,0.0195,9.2065,Subject10,Incline,58.05
380,1545,4.0127,0.0064,0.0759,2.0445,1.886,83.2482,0.0037,0.0038,0.0151,0.0086,0.0058,0.0171,0.0177,0.0242,0.0032,0.0051,0.0105,0.0072,0.0064,0.0165,0.0232,0.0194,9.2065,Subject10,Incline,58.05
380,1560,3.9859,0.0065,0.0824,2.0714,1.8256,83.8197,0.0037,0.0039,0.0143,0.0075,0.0051,0.0161,0.0176,0.0223,0.0035,0.0047,0.0112,0.0077,0.0062,0.0168,0.0245,0.0184,9.2065,Subject10,Incline,58.05
380,1575,4.0377,0.0061,0.0751,2.0459,1.9107,84.8197,0.0034,0.004,0.016,0.0085,0.0057,0.0178,0.018,0.0219,0.0031,0.005,0.0105,0.0073,0.0061,0.0172,0.0236,0.0198,9.2065,Subject10,Incline,58.05
381,1590,4.0968,0.0058,0.0861,2.0716,1.9333,88.4447,0.0033,0.0039,0.0152,0.0094,0.0054,0.0176,0.0196,0.021,0.0029,0.0049,0.0105,0.0073,0.0059,0.0179,0.0243,0.0195,9.2065,Subject10,Incline,58.05
381,1605,3.9635,0.0071,0.0841,1.9725,1.8998,90.2482,0.0034,0.0041,0.0159,0.0084,0.0056,0.0163,0.0175,0.0212,0.003,0.0049,0.011,0.0068,0.0059,0.0177,0.0257,0.0196,9.2065,Subject10,Incline,58.05
381,1620,4.0239,0.0076,0.0867,2.0282,1.9013,89.8197,0.0034,0.0038,0.0141,0.0089,0.0051,0.0167,0.0182,0.0212,0.003,0.0051,0.0106,0.0074,0.0064,0.0176,0.0242,0.0191,9.2065,Subject10,Incline,58.05
381,1635,4.0136,0.0062,0.0859,2.0546,1.867,90.6947,0.0032,0.0042,0.0157,0.0085,0.0056,0.0182,0.0213,0.0211,0.003,0.0054,0.0114,0.0075,0.0057,0.0189,0.0274,0.0204,9.2065,Subject10,Incline,58.05
381,1650,4.1388,0.0073,0.0873,2.0947,1.9496,89.534,0.0032,0.0038,0.0154,0.0086,0.005,0.0163,0.0185,0.0193,0.003,0.0052,0.0112,0.0069,0.0064,0.018,0.0251,0.0194,9.2065,Subject10,Incline,58.05
381,1665,4.1306,0.0069,0.0896,2.101,1.933,90.6947,0.0032,0.0038,0.0149,0.008,0.0052,0.0166,0.0163,0.0191,0.0031,0.0049,0.0107,0.0069,0.0064,0.0162,0.0245,0.0191,9.2065,Subject10,Incline,58.05
381,1680,4.0759,0.0065,0.0688,2.0242,1.9764,93.0697,0.0033,0.0036,0.0142,0.0083,0.005,0.0181,0.0167,0.0192,0.0032,0.0045,0.0095,0.0062,0.0062,0.0163,0.0224,0.0178,9.2065,Subject10,Incline,58.05
381,1695,4.0334,0.0059,0.0892,2.0072,1.931,95.4863,0.0034,0.0036,0.0132,0.0084,0.0055,0.0199,0.0181,0.0196,0.003,0.005,0.0099,0.0075,0.0061,0.0162,0.0226,0.0185,9.2065,Subject10,Incline,58.05
381,1710,4.2062,0.0069,0.0777,2.166,1.9557,96.8197,0.0033,0.0034,0.0134,0.0078,0.0052,0.0177,0.0177,0.0182,0.0031,0.0045,0.0096,0.0061,0.0062,0.0159,0.0228,0.0175,9.2065,Subject10,Incline,58.05
381,1725,4.164,0.0073,0.0911,2.0928,1.9728,96.8197,0.0034,0.0033,0.0133,0.0087,0.0053,0.0156,0.0169,0.0183,0.0031,0.0053,0.0108,0.0075,0.0062,0.016,0.023,0.0192,9.2065,Subject10,Incline,58.05
382,1800,2.0891,0.0061,0.0531,1.101,0.9288,97.3197,0.0026,0.003,0.0097,0.0049,0.0035,0.0102,0.011,0.0096,0.0023,0.0032,0.0069,0.0049,0.0042,0.0082,0.0127,0.013,4.428,Subject10,Incline,58.05
382,1815,1.8834,0.0038,0.0463,0.9241,0.9093,93.8197,0.0026,0.0027,0.0095,0.0052,0.0034,0.0083,0.0098,0.009,0.0023,0.0031,0.007,0.0049,0.0036,0.0084,0.0139,0.0143,4.428,Subject10,Incline,58.05
382,1830,1.8289,0.0047,0.0457,0.9071,0.8714,89.3197,0.0026,0.003,0.0103,0.005,0.0031,0.0078,0.01,0.0099,0.0022,0.0031,0.0068,0.0045,0.0033,0.0089,0.0127,0.011,4.428,Subject10,Incline,58.05
382,1845,1.7971,0.0038,0.0435,0.9442,0.8056,81.6947,0.0024,0.0029,0.0102,0.0044,0.0032,0.0094,0.0082,0.0119,0.0023,0.0026,0.0052,0.0039,0.0037,0.0111,0.0134,0.0102,4.428,Subject10,Incline,58.05
382,1860,1.8034,0.0032,0.0426,0.8558,0.9019,75.6947,0.0024,0.0027,0.0093,0.0047,0.0032,0.0087,0.0096,0.0114,0.0022,0.003,0.0068,0.0042,0.0034,0.0081,0.0129,0.0134,4.428,Subject10,Incline,58.05
382,1875,1.8759,0.0042,0.0458,1.008,0.8179,71.2482,0.0023,0.0027,0.0085,0.0039,0.003,0.0099,0.0101,0.0104,0.0021,0.0026,0.0058,0.0043,0.0037,0.0078,0.011,0.0112,4.428,Subject10,Incline,58.05
382,1890,1.8327,0.0032,0.045,0.9328,0.8516,70.1054,0.0021,0.0027,0.008,0.0043,0.0031,0.0106,0.0099,0.0111,0.0021,0.0029,0.0065,0.0046,0.0038,0.0099,0.0112,0.0142,4.428,Subject10,Incline,58.05
382,1905,1.8064,0.0035,0.0468,0.947,0.8092,67.0697,0.0022,0.0027,0.0086,0.0049,0.0031,0.0109,0.0096,0.0154,0.0022,0.0024,0.0051,0.0039,0.0037,0.012,0.0136,0.0126,4.428,Subject10,Incline,58.05
382,1920,1.708,0.0024,0.0455,0.8558,0.8043,63.8197,0.0021,0.0026,0.0081,0.0047,0.003,0.0101,0.0097,0.0109,0.002,0.0025,0.0058,0.0042,0.0033,0.0109,0.0134,0.0138,4.428,Subject10,Incline,58.05
382,1935,1.7303,0.003,0.0452,0.8907,0.7914,62.2482,0.002,0.0027,0.0086,0.0045,0.0032,0.0117,0.0103,0.0109,0.0019,0.0023,0.0056,0.0042,0.0034,0.0093,0.0138,0.0124,4.428,Subject10,Incline,58.05
383,1950,1.7446,0.0041,0.0461,0.8778,0.8167,60.3197,0.002,0.0026,0.0084,0.0041,0.0031,0.0104,0.0088,0.0118,0.002,0.0022,0.0057,0.0044,0.0037,0.0115,0.012,0.0118,4.428,Subject10,Incline,58.05
383,1965,1.8577,0.0045,0.053,0.9728,0.8273,58.8197,0.0021,0.0027,0.0089,0.0041,0.0029,0.0103,0.0094,0.0096,0.0019,0.0023,0.0062,0.0043,0.0035,0.0124,0.0133,0.0118,4.428,Subject10,Incline,58.05
383,1980,1.8153,0.0038,0.0502,0.8479,0.9134,59.6947,0.0019,0.0025,0.0077,0.0046,0.003,0.0103,0.0109,0.012,0.002,0.0023,0.006,0.0041,0.0034,0.0119,0.0132,0.0117,4.428,Subject10,Incline,58.05
383,1995,1.758,0.0039,0.0468,0.8654,0.8419,56.8197,0.0022,0.0026,0.009,0.005,0.0034,0.0104,0.011,0.0112,0.0019,0.0023,0.006,0.0045,0.0034,0.0128,0.0138,0.0105,4.428,Subject10,Incline,58.05
383,2010,1.703,0.004,0.044,0.8323,0.8226,55.9625,0.0019,0.0027,0.0088,0.0034,0.0032,0.0096,0.0088,0.0122,0.0019,0.0024,0.0063,0.0044,0.0033,0.0112,0.0118,0.0112,4.428,Subject10,Incline,58.05
383,2025,1.7668,0.0036,0.0467,0.9641,0.7525,57.8197,0.0021,0.0025,0.0078,0.004,0.0027,0.0103,0.0102,0.0118,0.0021,0.0023,0.0065,0.0047,0.0039,0.0112,0.0125,0.0106,4.428,Subject10,Incline,58.05
383,2040,1.6933,0.0038,0.0418,0.7738,0.8739,55.6768,0.0021,0.0024,0.0083,0.0049,0.0028,0.0099,0.0095,0.0105,0.002,0.0024,0.0064,0.0046,0.0034,0.0121,0.0124,0.0128,4.428,Subject10,Incline,58.05
383,2055,1.7619,0.0039,0.0452,0.9366,0.7762,53.3197,0.0022,0.0025,0.0081,0.0036,0.0027,0.0094,0.0099,0.012,0.002,0.0023,0.006,0.0043,0.004,0.0104,0.0103,0.0117,4.428,Subject10,Incline,58.05
383,2070,1.6672,0.0049,0.0488,0.8123,0.8012,57.1947,0.0021,0.0023,0.0073,0.0039,0.0028,0.0106,0.0095,0.0101,0.0022,0.0022,0.0055,0.0037,0.0036,0.0128,0.0104,0.0095,4.428,Subject10,Incline,58.05
383,2085,1.743,0.0035,0.0456,0.8924,0.8015,55.9447,0.002,0.0026,0.0085,0.0044,0.003,0.0098,0.0097,0.0134,0.0019,0.0023,0.0061,0.0044,0.0031,0.011,0.0129,0.0127,4.428,Subject10,Incline,58.05
384,360,4.1119,0.0047,0.1335,1.9751,1.9987,4.4524,0.0015,0.0023,0.005,0.0036,0.0028,0.0126,0.0097,0.0162,0.0015,0.0023,0.0033,0.0028,0.0054,0.0153,0.0126,0.0148,2.5287,Subject10,Running,58.05
384,375,5.6232,0.004,0.1826,2.6723,2.7643,8.4762,0.0017,0.0027,0.0076,0.0049,0.004,0.0119,0.0104,0.0186,0.0018,0.002,0.0041,0.0038,0.0093,0.0131,0.015,0.0168,2.5287,Subject10,Running,58.05
384,390,5.7935,0.0038,0.1649,2.7287,2.8962,7.119,0.0018,0.0026,0.0082,0.0052,0.0042,0.0101,0.01,0.0176,0.0018,0.0021,0.0043,0.0042,0.0094,0.012,0.0134,0.0149,2.5287,Subject10,Running,58.05
384,405,5.6232,0.0043,0.1684,2.721,2.7295,8.1905,0.0018,0.0024,0.0082,0.0058,0.0044,0.0101,0.0108,0.0166,0.0018,0.0022,0.0045,0.0044,0.0102,0.0121,0.0142,0.0158,2.5287,Subject10,Running,58.05
384,420,5.7635,0.0041,0.1865,2.8295,2.7434,9.9524,0.0017,0.0025,0.0082,0.0061,0.0045,0.0104,0.0106,0.0181,0.0018,0.0019,0.0045,0.0045,0.0103,0.0118,0.0148,0.0161,2.5287,Subject10,Running,58.05
384,435,5.7009,0.0031,0.1677,2.8015,2.7285,9.4762,0.0017,0.0023,0.0079,0.0061,0.0043,0.0098,0.0105,0.0161,0.0018,0.0021,0.0046,0.0045,0.01,0.0114,0.0138,0.0166,2.5287,Subject10,Running,58.05
384,450,5.6708,0.0039,0.1629,2.7692,2.7349,8.1905,0.0017,0.0025,0.0083,0.0062,0.004,0.0093,0.0099,0.0167,0.0018,0.002,0.0044,0.0043,0.0103,0.0113,0.0134,0.0166,2.5287,Subject10,Running,58.05
384,465,5.8005,0.0037,0.1856,2.7865,2.8248,7.2857,0.0017,0.0024,0.0075,0.0058,0.0045,0.0095,0.0101,0.0165,0.0018,0.0019,0.0041,0.0045,0.0102,0.0108,0.0134,0.0158,2.5287,Subject10,Running,58.05
384,480,5.8333,0.0037,0.1778,2.8347,2.8171,11.4524,0.0017,0.0024,0.0071,0.006,0.0043,0.0087,0.0099,0.0171,0.0017,0.0018,0.0044,0.0041,0.0103,0.0115,0.0145,0.0165,2.5287,Subject10,Running,58.05
384,495,5.9389,0.0046,0.1936,2.8663,2.8744,9.4524,0.0017,0.0025,0.0068,0.006,0.0041,0.0098,0.0103,0.0158,0.0018,0.0019,0.004,0.0046,0.01,0.0113,0.0138,0.0159,2.5287,Subject10,Running,58.05
385,510,5.775,0.0037,0.1571,2.8707,2.7435,10.619,0.0018,0.0024,0.0069,0.0058,0.004,0.0091,0.0097,0.0152,0.0018,0.002,0.0042,0.0046,0.0103,0.0117,0.0121,0.0154,2.5287,Subject10,Running,58.05
385,525,5.8362,0.0042,0.1754,2.8475,2.809,7.9524,0.0017,0.0024,0.0076,0.0059,0.0039,0.0088,0.0101,0.0153,0.0018,0.0019,0.0042,0.0043,0.0102,0.011,0.0132,0.0143,2.5287,Subject10,Running,58.05
385,540,5.7818,0.0042,0.1765,2.8425,2.7586,6.619,0.0018,0.0024,0.0073,0.0056,0.004,0.0087,0.0098,0.0148,0.0018,0.002,0.0042,0.0042,0.0097,0.0108,0.0125,0.0149,2.5287,Subject10,Running,58.05
385,555,5.7818,0.0035,0.1598,2.7824,2.836,4.619,0.0018,0.0025,0.0072,0.0055,0.0039,0.0084,0.009,0.0165,0.0018,0.0019,0.004,0.0043,0.0098,0.0108,0.0114,0.0151,2.5287,Subject10,Running,58.05
385,570,5.6537,0.0041,0.1487,2.7245,2.7764,3.7619,0.0017,0.0023,0.0076,0.0055,0.0037,0.0099,0.0098,0.0152,0.0017,0.0021,0.0045,0.004,0.0096,0.0124,0.013,0.0151,2.5287,Subject10,Running,58.05
385,585,5.7481,0.0044,0.1758,2.7725,2.7954,5.619,0.002,0.0024,0.0072,0.0057,0.0041,0.0097,0.01,0.0165,0.0018,0.002,0.0039,0.004,0.0102,0.0118,0.0132,0.0144,2.5287,Subject10,Running,58.05
385,600,5.8359,0.0048,0.1679,2.813,2.8502,9.1905,0.002,0.0025,0.007,0.0052,0.0039,0.0091,0.0091,0.0152,0.0018,0.002,0.0043,0.0038,0.0093,0.0114,0.0121,0.0147,2.5287,Subject10,Running,58.05
385,615,5.7456,0.0052,0.1648,2.7557,2.8199,5.4524,0.0021,0.0025,0.007,0.005,0.0039,0.0087,0.0085,0.0141,0.0018,0.002,0.0041,0.004,0.0099,0.0115,0.0116,0.0155,2.5287,Subject10,Running,58.05
385,630,5.9285,0.0044,0.1838,2.8209,2.9193,6.619,0.002,0.0025,0.0073,0.0056,0.0042,0.0085,0.0093,0.0148,0.0018,0.0018,0.0041,0.0042,0.0103,0.0107,0.0124,0.0142,2.5287,Subject10,Running,58.05
385,645,5.8701,0.0037,0.1556,2.7821,2.9288,9.9048,0.0022,0.0026,0.0068,0.0052,0.0038,0.0086,0.0088,0.0144,0.0018,0.0019,0.0038,0.0043,0.0089,0.0098,0.0118,0.0139,2.5287,Subject10,Running,58.05
386,360,0.4176,0.0009,0.0242,0.1856,0.2069,12.0455,0.0049,0.0031,0.0108,0.0051,0.006,0.0105,0.0091,0.0133,0.003,0.0028,0.0084,0.0062,0.0053,0.0132,0.0091,0.0105,3.8273,Subject10,Stairs,58.05
386,375,0.3211,0.0007,0.0165,0.1422,0.1617,6.1169,0.0049,0.0048,0.0179,0.0096,0.008,0.0223,0.0181,0.0197,0.004,0.0042,0.0142,0.009,0.0071,0.0176,0.0185,0.0171,3.8273,Subject10,Stairs,58.05
386,390,0.4255,0.0007,0.0178,0.1762,0.2308,25.1169,0.0054,0.0061,0.021,0.006,0.0079,0.016,0.0139,0.0213,0.0036,0.0039,0.0114,0.0073,0.0066,0.0214,0.0178,0.025,3.8273,Subject10,Stairs,58.05
386,405,0.3709,0.0008,0.0182,0.161,0.1909,36.4026,0.005,0.0041,0.014,0.0076,0.0068,0.0192,0.0152,0.0161,0.0035,0.0038,0.012,0.0069,0.0059,0.018,0.0158,0.025,3.8273,Subject10,Stairs,58.05
386,420,0.4354,0.0007,0.0185,0.2008,0.2153,36.3788,0.0042,0.0043,0.0175,0.0054,0.0073,0.015,0.0146,0.0218,0.0033,0.0041,0.0131,0.0069,0.0062,0.0182,0.0187,0.013,3.8273,Subject10,Stairs,58.05
386,435,0.411,0.0009,0.0193,0.1569,0.2338,33.4205,0.0066,0.0048,0.0198,0.0062,0.0085,0.0176,0.0136,0.0141,0.0034,0.0034,0.0115,0.0074,0.0075,0.0193,0.0165,0.0172,3.8273,Subject10,Stairs,58.05
386,450,0.3939,0.0009,0.02,0.1965,0.1765,38.8788,0.0042,0.0041,0.0149,0.0057,0.0073,0.0147,0.014,0.0171,0.0039,0.0039,0.0117,0.0066,0.007,0.0202,0.0185,0.0191,3.8273,Subject10,Stairs,58.05
386,465,0.402,0.0009,0.0183,0.1701,0.2128,38.1169,0.0052,0.0043,0.0183,0.0057,0.0074,0.0196,0.0148,0.0156,0.0029,0.0026,0.0094,0.0068,0.0088,0.0178,0.0167,0.0162,3.8273,Subject10,Stairs,58.05
386,480,0.4414,0.001,0.02,0.1888,0.2316,36.6883,0.005,0.0032,0.0125,0.0062,0.0065,0.0178,0.0145,0.0114,0.0028,0.0025,0.0112,0.0062,0.0072,0.0158,0.017,0.0141,3.8273,Subject10,Stairs,58.05
386,495,0.3616,0.0006,0.0147,0.1682,0.1781,33.2597,0.0045,0.0035,0.014,0.0053,0.0068,0.0173,0.0127,0.0142,0.0031,0.0026,0.0092,0.0059,0.0078,0.0193,0.0174,0.0169,3.8273,Subject10,Stairs,58.05
387,510,0.4304,0.0008,0.0189,0.154,0.2567,29.5455,0.0041,0.0049,0.0176,0.0057,0.0065,0.0192,0.0196,0.0253,0.0024,0.0041,0.0101,0.0075,0.0095,0.0196,0.0163,0.019,3.8273,Subject10,Stairs,58.05
387,525,0.3868,0.0007,0.0198,0.1983,0.1681,28.4026,0.0042,0.0057,0.0154,0.0064,0.007,0.0171,0.0153,0.0238,0.0028,0.0036,0.0103,0.0061,0.0077,0.0193,0.0189,0.0187,3.8273,Subject10,Stairs,58.05
387,540,0.4592,0.0007,0.0171,0.1754,0.266,27.6883,0.0052,0.0053,0.0181,0.0073,0.0069,0.0211,0.0201,0.0168,0.0025,0.0038,0.0099,0.0076,0.0078,0.0207,0.021,0.022,3.8273,Subject10,Stairs,58.05
387,555,0.4297,0.0009,0.0193,0.2116,0.198,32.974,0.0043,0.0042,0.0143,0.0057,0.007,0.0198,0.0154,0.0163,0.0027,0.0032,0.0104,0.0065,0.0079,0.0173,0.0182,0.0147,3.8273,Subject10,Stairs,58.05
387,570,0.4741,0.0012,0.0207,0.2061,0.2461,33.4026,0.0042,0.0056,0.021,0.0054,0.0079,0.0151,0.0158,0.0133,0.0026,0.0026,0.0105,0.0079,0.0081,0.0164,0.0188,0.0119,3.8273,Subject10,Stairs,58.05
387,585,0.4661,0.0011,0.0222,0.2401,0.2027,30.9205,0.0048,0.0039,0.014,0.0063,0.0067,0.0177,0.0159,0.0177,0.0034,0.004,0.0129,0.0074,0.0077,0.0137,0.0196,0.0175,3.8273,Subject10,Stairs,58.05
387,600,0.3755,0.001,0.0215,0.1345,0.2185,33.6883,0.0055,0.0061,0.0187,0.0077,0.0074,0.0163,0.0152,0.0204,0.0035,0.0034,0.0097,0.008,0.0088,0.0226,0.0165,0.025,3.8273,Subject10,Stairs,58.05
387,615,0.4675,0.001,0.0204,0.2326,0.2135,34.1705,0.0045,0.0043,0.0139,0.0073,0.0066,0.0148,0.0146,0.0164,0.0029,0.0027,0.0116,0.007,0.0087,0.0136,0.0132,0.0156,3.8273,Subject10,Stairs,58.05
387,630,0.4624,0.0008,0.0192,0.2048,0.2375,37.4026,0.0045,0.0043,0.0177,0.0056,0.0077,0.0158,0.0144,0.0117,0.0025,0.0024,0.0082,0.0062,0.0093,0.0191,0.0178,0.0161,3.8273,Subject10,Stairs,58.05
387,645,0.455,0.0012,0.0189,0.2179,0.217,35.9205,0.0034,0.0035,0.0133,0.0067,0.0068,0.0169,0.0159,0.0201,0.0024,0.0025,0.0105,0.0065,0.0091,0.0146,0.0155,0.0174,3.8273,Subject10,Stairs,58.05
388,720,0.6538,0.0017,0.0287,0.2789,0.3445,42.5455,0.0063,0.0049,0.0195,0.0072,0.0091,0.0184,0.0177,0.0154,0.0045,0.0026,0.014,0.0096,0.0122,0.022,0.0236,0.0202,5.4942,Subject10,Stairs,58.05
388,735,0.705,0.002,0.0311,0.3055,0.3663,46.3232,0.0073,0.0053,0.0215,0.0076,0.0096,0.0212,0.018,0.0162,0.0049,0.0027,0.0131,0.0094,0.0154,0.02,0.0181,0.0156,5.4942,Subject10,Stairs,58.05
388,750,0.63,0.0014,0.027,0.2964,0.3052,49.6883,0.0066,0.0048,0.0206,0.0083,0.0092,0.0222,0.0208,0.0187,0.0044,0.0025,0.0124,0.009,0.0144,0.0223,0.0211,0.017,5.4942,Subject10,Stairs,58.05
388,765,0.5814,0.0017,0.0295,0.2606,0.2897,50.6705,0.0067,0.0047,0.0192,0.0076,0.0095,0.0213,0.0185,0.0146,0.0044,0.0035,0.0161,0.0101,0.0119,0.0192,0.0191,0.0193,5.4942,Subject10,Stairs,58.05
388,780,0.6375,0.0015,0.0318,0.3174,0.2868,53.1705,0.0063,0.0053,0.0199,0.0089,0.0094,0.0212,0.0182,0.0187,0.0048,0.0035,0.0136,0.0098,0.014,0.0244,0.0279,0.0216,5.4942,Subject10,Stairs,58.05
388,795,0.6432,0.0013,0.0308,0.2988,0.3123,55.1705,0.0062,0.0046,0.0188,0.0093,0.0092,0.0213,0.0206,0.0175,0.0047,0.0028,0.0138,0.0094,0.0123,0.025,0.0278,0.0174,5.4942,Subject10,Stairs,58.05
388,810,0.5794,0.0013,0.0295,0.2828,0.2658,55.1705,0.0068,0.0044,0.0196,0.0087,0.0095,0.0192,0.0192,0.0148,0.0045,0.0025,0.0128,0.0097,0.0134,0.0235,0.0265,0.0168,5.4942,Subject10,Stairs,58.05
388,825,0.6315,0.0019,0.0344,0.2795,0.3158,55.5455,0.0071,0.0045,0.0191,0.0077,0.0087,0.0212,0.0195,0.0138,0.005,0.0027,0.012,0.0102,0.0138,0.0225,0.0226,0.0223,5.4942,Subject10,Stairs,58.05
388,840,0.6645,0.0019,0.0343,0.2893,0.339,54.974,0.0061,0.0047,0.0167,0.0094,0.0106,0.0223,0.0202,0.0165,0.0048,0.0029,0.0141,0.0099,0.0123,0.0251,0.0239,0.0201,5.4942,Subject10,Stairs,58.05
388,855,0.6378,0.0012,0.0293,0.3153,0.2919,54.7955,0.0076,0.0048,0.0189,0.0105,0.0108,0.0272,0.0232,0.0226,0.0054,0.0028,0.0122,0.0087,0.0124,0.0241,0.0286,0.0247,5.4942,Subject10,Stairs,58.05
389,870,0.6057,0.0011,0.0286,0.286,0.29,56.0455,0.0069,0.0051,0.0207,0.009,0.0102,0.0227,0.0194,0.0202,0.0049,0.0026,0.0118,0.0087,0.0126,0.0246,0.0242,0.0222,5.4942,Subject10,Stairs,58.05
389,885,0.6069,0.0019,0.0328,0.2431,0.3291,58.1705,0.0068,0.0049,0.0198,0.0099,0.0095,0.0215,0.0176,0.0194,0.0049,0.0026,0.0125,0.0095,0.0142,0.0229,0.021,0.0208,5.4942,Subject10,Stairs,58.05
389,900,0.6758,0.0022,0.0356,0.2944,0.3436,60.5455,0.0081,0.0043,0.0184,0.008,0.0097,0.0193,0.0155,0.0122,0.0045,0.0029,0.0154,0.0099,0.0142,0.0194,0.0207,0.0165,5.4942,Subject10,Stairs,58.05
389,915,0.703,0.0019,0.0336,0.3319,0.3357,60.4205,0.0073,0.0055,0.0218,0.0077,0.0094,0.0209,0.0159,0.0185,0.0049,0.0025,0.0115,0.0083,0.0148,0.0218,0.0216,0.0162,5.4942,Subject10,Stairs,58.05
389,930,0.6159,0.002,0.0315,0.2432,0.3392,59.4343,0.008,0.0054,0.0217,0.0086,0.0095,0.0205,0.0181,0.0164,0.0046,0.003,0.0139,0.0097,0.0125,0.0175,0.0195,0.0226,5.4942,Subject10,Stairs,58.05
389,945,0.6546,0.0015,0.0281,0.2961,0.3288,60.7955,0.0061,0.0045,0.0197,0.007,0.0096,0.0204,0.0164,0.0128,0.0039,0.0026,0.0132,0.0089,0.0127,0.018,0.0195,0.0193,5.4942,Subject10,Stairs,58.05
389,960,0.6103,0.0015,0.0294,0.2954,0.2839,61.9205,0.0058,0.0049,0.0199,0.0092,0.0109,0.02,0.0194,0.0187,0.0047,0.0029,0.0145,0.0096,0.0133,0.0226,0.0246,0.018,5.4942,Subject10,Stairs,58.05
389,975,0.6155,0.002,0.0305,0.278,0.305,60.2955,0.0077,0.005,0.0216,0.0079,0.011,0.0224,0.0187,0.0161,0.0052,0.0031,0.0134,0.0092,0.0119,0.0199,0.0214,0.019,5.4942,Subject10,Stairs,58.05
389,990,0.5981,0.0014,0.031,0.2457,0.3202,62.5455,0.0062,0.0047,0.0189,0.0058,0.0079,0.0176,0.014,0.0105,0.0033,0.0021,0.011,0.008,0.0131,0.017,0.0184,0.014,5.4942,Subject10,Stairs,58.05
389,1005,0.5727,0.001,0.0286,0.2903,0.2527,62.9205,0.0048,0.0055,0.0222,0.0092,0.0093,0.018,0.0186,0.0201,0.0037,0.0028,0.0127,0.0096,0.012,0.0249,0.0265,0.0175,5.4942,Subject10,Stairs,58.05
390,1080,0.5672,0.0012,0.0241,0.246,0.2958,61.9205,0.0051,0.0037,0.0155,0.006,0.0072,0.0167,0.0146,0.0116,0.0029,0.0019,0.0099,0.0067,0.0106,0.0176,0.017,0.0126,5.0184,Subject10,Stairs,58.05
390,1095,0.6369,0.0016,0.028,0.2953,0.3121,63.3232,0.0065,0.0044,0.0184,0.0059,0.008,0.0188,0.016,0.0138,0.0038,0.0018,0.0103,0.008,0.0113,0.0212,0.017,0.0167,5.0184,Subject10,Stairs,58.05
390,1110,0.5214,0.0015,0.0251,0.2169,0.2778,61.1705,0.0054,0.004,0.0163,0.0085,0.0082,0.0191,0.0177,0.0144,0.0045,0.0027,0.0114,0.0076,0.01,0.0205,0.0227,0.0197,5.0184,Subject10,Stairs,58.05
390,1125,0.6004,0.0014,0.0267,0.3084,0.264,58.5455,0.0056,0.0046,0.0207,0.0054,0.0075,0.0132,0.015,0.0118,0.0035,0.0027,0.0123,0.0089,0.0103,0.0185,0.0172,0.015,5.0184,Subject10,Stairs,58.05
390,1140,0.6899,0.0013,0.0238,0.3028,0.3621,58.7677,0.0046,0.0042,0.0154,0.0073,0.0079,0.0205,0.0192,0.0183,0.0037,0.0032,0.0132,0.0081,0.0098,0.0195,0.0205,0.0193,5.0184,Subject10,Stairs,58.05
390,1155,0.6087,0.0016,0.0282,0.2968,0.2821,59.9899,0.0056,0.0051,0.0222,0.0057,0.0085,0.0179,0.0181,0.0127,0.0036,0.0026,0.0129,0.0088,0.0115,0.0208,0.0229,0.018,5.0184,Subject10,Stairs,58.05
390,1170,0.6028,0.0019,0.0338,0.2387,0.3284,59.0455,0.0058,0.0044,0.0183,0.0061,0.0075,0.014,0.0137,0.0109,0.0051,0.0024,0.0115,0.0077,0.0098,0.0178,0.0159,0.0197,5.0184,Subject10,Stairs,58.05
390,1185,0.5921,0.0017,0.0286,0.3194,0.2424,58.9455,0.0053,0.005,0.0205,0.0061,0.0086,0.0175,0.0192,0.0137,0.0038,0.002,0.0118,0.0086,0.0108,0.0217,0.021,0.0141,5.0184,Subject10,Stairs,58.05
390,1200,0.6569,0.0021,0.0275,0.2912,0.336,58.7955,0.0053,0.0044,0.017,0.007,0.0088,0.0163,0.014,0.0131,0.004,0.002,0.0125,0.0078,0.0098,0.0226,0.0227,0.0133,5.0184,Subject10,Stairs,58.05
390,1215,0.6379,0.0018,0.0291,0.3364,0.2706,58.5455,0.0046,0.0047,0.0198,0.0058,0.0077,0.0156,0.0215,0.012,0.0032,0.0019,0.0099,0.0078,0.0111,0.0219,0.0193,0.0144,5.0184,Subject10,Stairs,58.05
391,1230,0.5843,0.0011,0.025,0.2546,0.3034,59.7677,0.0047,0.0044,0.0152,0.0054,0.007,0.0202,0.0186,0.0095,0.0034,0.0028,0.0122,0.008,0.0105,0.0193,0.0221,0.0213,5.0184,Subject10,Stairs,58.05
391,1245,0.6861,0.0019,0.03,0.3238,0.3304,57.8788,0.0058,0.0048,0.0215,0.0066,0.0085,0.0168,0.0154,0.0145,0.0032,0.0027,0.0113,0.0084,0.0094,0.0184,0.0197,0.0128,5.0184,Subject10,Stairs,58.05
391,1260,0.6628,0.0014,0.0252,0.2924,0.3437,59.1705,0.0049,0.0037,0.015,0.0065,0.0074,0.0143,0.0122,0.0109,0.0033,0.0022,0.0124,0.0074,0.0102,0.0177,0.019,0.0129,5.0184,Subject10,Stairs,58.05
391,1275,0.6053,0.001,0.0257,0.3008,0.2778,59.4343,0.0053,0.0047,0.0204,0.0063,0.0078,0.0189,0.0184,0.0146,0.0032,0.0019,0.0098,0.0081,0.0102,0.0244,0.0229,0.0163,5.0184,Subject10,Stairs,58.05
391,1290,0.5685,0.0017,0.0303,0.2219,0.3146,57.8788,0.0059,0.0043,0.0171,0.0066,0.0087,0.0187,0.0173,0.0139,0.0035,0.0025,0.0126,0.0097,0.0105,0.0159,0.0215,0.0154,5.0184,Subject10,Stairs,58.05
391,1305,0.5448,0.0012,0.0249,0.2717,0.247,58.5455,0.0051,0.0046,0.0192,0.007,0.0087,0.0184,0.0176,0.0132,0.0034,0.0022,0.0103,0.0083,0.0107,0.0204,0.0259,0.0141,5.0184,Subject10,Stairs,58.05
391,1320,0.5884,0.0015,0.0258,0.2525,0.3086,59.1705,0.0058,0.0044,0.0179,0.0066,0.0083,0.0198,0.0165,0.0123,0.0035,0.0026,0.0132,0.0089,0.0113,0.0165,0.0166,0.0192,5.0184,Subject10,Stairs,58.05
391,1335,0.5989,0.0015,0.028,0.2975,0.2718,58.7677,0.0067,0.0046,0.0205,0.0063,0.0077,0.0156,0.0154,0.0092,0.003,0.0019,0.0104,0.008,0.0114,0.0178,0.0179,0.0129,5.0184,Subject10,Stairs,58.05
391,1350,0.5747,0.0011,0.0235,0.2565,0.2936,59.1705,0.0046,0.004,0.0158,0.0066,0.0077,0.019,0.017,0.013,0.0041,0.0024,0.0114,0.0074,0.0107,0.0215,0.0214,0.0191,5.0184,Subject10,Stairs,58.05
391,1365,0.6067,0.0017,0.0277,0.3048,0.2726,59.2121,0.0061,0.0058,0.0237,0.0067,0.009,0.018,0.0206,0.0155,0.0039,0.0024,0.0105,0.0085,0.0115,0.0196,0.0238,0.0159,5.0184,Subject10,Stairs,58.05
392,360,1.2624,0.0023,0.0328,0.6691,0.5582,4.3607,0.0014,0.0014,0.0027,0.0029,0.0018,0.0074,0.0072,0.0073,0.0015,0.0019,0.0022,0.0023,0.0026,0.0077,0.005,0.0053,2.1259,Subject10,Walking,58.05
392,375,3.8043,0.0047,0.0807,1.8866,1.8323,11.8607,0.0018,0.0019,0.0048,0.0064,0.0033,0.0095,0.0096,0.014,0.002,0.0018,0.0025,0.0033,0.0047,0.0142,0.0112,0.013,2.1259,Subject10,Walking,58.05
392,390,3.8279,0.004,0.0733,1.8976,1.853,15.5035,0.0019,0.0019,0.0044,0.0081,0.0039,0.0093,0.0088,0.0136,0.0019,0.0016,0.0024,0.0033,0.0051,0.0145,0.0116,0.0151,2.1259,Subject10,Walking,58.05
392,405,3.9101,0.0048,0.0782,2.0182,1.8089,14.0273,0.0019,0.0019,0.005,0.0079,0.0042,0.0083,0.009,0.0123,0.0021,0.0018,0.0028,0.0036,0.0043,0.0119,0.0099,0.0115,2.1259,Subject10,Walking,58.05
392,420,3.8985,0.0045,0.0802,1.9711,1.8428,12.9321,0.0018,0.0017,0.0045,0.0067,0.0038,0.0088,0.008,0.0102,0.0019,0.0016,0.0024,0.0035,0.0046,0.0135,0.0094,0.0105,2.1259,Subject10,Walking,58.05
392,435,4.024,0.0043,0.0692,2.0746,1.8759,10.9607,0.0017,0.0018,0.0044,0.007,0.0039,0.0078,0.0069,0.0102,0.0018,0.0018,0.0026,0.0037,0.0056,0.0124,0.0099,0.0129,2.1259,Subject10,Walking,58.05
392,450,3.7762,0.0043,0.0676,1.926,1.7784,12.3607,0.0022,0.0019,0.0048,0.0071,0.0036,0.008,0.0079,0.0119,0.0018,0.0017,0.003,0.0032,0.0049,0.0116,0.0097,0.0111,2.1259,Subject10,Walking,58.05
392,465,3.8425,0.0041,0.0687,1.9689,1.8008,9.6464,0.0022,0.0018,0.0046,0.0077,0.0034,0.0078,0.008,0.0111,0.0019,0.0018,0.003,0.0033,0.005,0.0115,0.011,0.0128,2.1259,Subject10,Walking,58.05
392,480,3.8911,0.0051,0.065,1.9441,1.8769,10.5035,0.0021,0.0018,0.0053,0.0063,0.0038,0.0075,0.0074,0.0121,0.0018,0.0019,0.0033,0.0037,0.0042,0.0099,0.0093,0.0115,2.1259,Subject10,Walking,58.05
392,495,3.9688,0.0061,0.0709,1.9934,1.8984,7.3607,0.0018,0.0019,0.0051,0.0073,0.0034,0.0068,0.0075,0.0129,0.0018,0.0018,0.0031,0.0031,0.005,0.0106,0.0094,0.0108,2.1259,Subject10,Walking,58.05
393,510,4.0777,0.006,0.0774,2.0169,1.9774,5.3607,0.002,0.0018,0.0051,0.0069,0.0034,0.0061,0.0066,0.0118,0.0019,0.0017,0.0029,0.0031,0.0047,0.0105,0.0086,0.0102,2.1259,Subject10,Walking,58.05
393,525,4.0617,0.005,0.0734,1.9732,2.0102,9.0749,0.0021,0.0018,0.0044,0.006,0.0034,0.0073,0.0071,0.0091,0.0017,0.0017,0.0027,0.0031,0.0042,0.0111,0.0099,0.0103,2.1259,Subject10,Walking,58.05
393,540,3.9163,0.0048,0.0687,2.0125,1.8303,12.5035,0.002,0.0018,0.0052,0.006,0.0035,0.0074,0.0077,0.0117,0.0017,0.0018,0.0029,0.0032,0.0041,0.0105,0.0086,0.0103,2.1259,Subject10,Walking,58.05
393,555,3.9576,0.0047,0.0753,1.9426,1.935,8.694,0.0021,0.0017,0.0051,0.0064,0.0032,0.0071,0.0073,0.0104,0.0019,0.0017,0.003,0.003,0.0046,0.0108,0.0093,0.01,2.1259,Subject10,Walking,58.05
393,570,3.8937,0.0053,0.0689,1.9463,1.8732,6.8607,0.0019,0.0018,0.0052,0.0053,0.0035,0.0073,0.0073,0.0126,0.0017,0.0017,0.0029,0.0031,0.0045,0.0095,0.0083,0.01,2.1259,Subject10,Walking,58.05
393,585,4.027,0.0051,0.0722,2.0774,1.8723,13.7892,0.0019,0.0018,0.005,0.0058,0.0037,0.0073,0.0073,0.0122,0.0019,0.0018,0.0028,0.0035,0.0043,0.0099,0.0087,0.0106,2.1259,Subject10,Walking,58.05
393,600,3.9771,0.0056,0.0767,1.9431,1.9516,12.5273,0.0019,0.0018,0.0046,0.0047,0.004,0.0067,0.0068,0.0112,0.0018,0.0018,0.0026,0.0035,0.0042,0.0109,0.0078,0.0092,2.1259,Subject10,Walking,58.05
393,615,3.9615,0.0053,0.0712,2.0215,1.8635,8.7607,0.0017,0.0018,0.0054,0.0051,0.0039,0.0068,0.0073,0.0126,0.0017,0.0018,0.0029,0.0033,0.0043,0.0093,0.0082,0.0095,2.1259,Subject10,Walking,58.05
393,630,3.9124,0.0042,0.0737,1.9955,1.839,5.5035,0.0019,0.0018,0.0044,0.0057,0.0037,0.0075,0.0079,0.0119,0.0019,0.0015,0.002,0.0033,0.0044,0.0115,0.0087,0.0121,2.1259,Subject10,Walking,58.05
393,645,4.0551,0.0049,0.0773,2.0769,1.896,4.5273,0.0021,0.0018,0.0044,0.0054,0.0037,0.0075,0.0075,0.0107,0.0018,0.0017,0.0025,0.0035,0.0049,0.0112,0.0092,0.0119,2.1259,Subject10,Walking,58.05
394,720,2.3608,0.0028,0.0469,1.2343,1.0768,7.9321,0.0017,0.0015,0.003,0.005,0.0024,0.0073,0.009,0.0103,0.0016,0.0013,0.0017,0.0028,0.0038,0.0125,0.0088,0.0093,1.706,Subject10,Walking,58.05
394,735,2.2752,0.0031,0.0574,1.102,1.1127,6.9321,0.0018,0.0017,0.0052,0.0054,0.0025,0.0064,0.009,0.0149,0.0017,0.0018,0.0029,0.0029,0.0034,0.0078,0.0105,0.0119,1.706,Subject10,Walking,58.05
394,750,2.421,0.0031,0.062,1.207,1.1489,11.194,0.0018,0.0016,0.0049,0.0044,0.0023,0.0043,0.0067,0.0097,0.0016,0.002,0.0031,0.0027,0.0032,0.0082,0.0086,0.0085,1.706,Subject10,Walking,58.05
394,765,2.207,0.0041,0.0662,1.1331,1.0037,8.2178,0.0017,0.0015,0.0034,0.004,0.0024,0.0062,0.0076,0.0115,0.0016,0.0014,0.0019,0.0029,0.0031,0.009,0.0079,0.0105,1.706,Subject10,Walking,58.05
394,780,2.1284,0.0032,0.0506,0.9844,1.0902,6.3607,0.0017,0.0013,0.0025,0.004,0.0023,0.0075,0.0072,0.0103,0.0016,0.0012,0.0016,0.0027,0.0027,0.0113,0.0086,0.0104,1.706,Subject10,Walking,58.05
394,795,2.4715,0.005,0.0623,1.2134,1.1908,9.0749,0.0015,0.0015,0.0034,0.0042,0.0023,0.0062,0.0064,0.0092,0.0016,0.0016,0.0018,0.0022,0.0028,0.0105,0.0077,0.0083,1.706,Subject10,Walking,58.05
394,810,2.262,0.0037,0.0526,1.1084,1.0973,6.7892,0.0017,0.0015,0.0031,0.0037,0.0023,0.0071,0.0069,0.0096,0.0015,0.0013,0.0016,0.0027,0.0032,0.0112,0.0087,0.0096,1.706,Subject10,Walking,58.05
394,825,2.4122,0.0035,0.0621,1.2561,1.0904,5.3607,0.0018,0.0016,0.0043,0.0037,0.0022,0.0059,0.0061,0.0101,0.0016,0.0014,0.0017,0.0025,0.0028,0.0095,0.0068,0.0091,1.706,Subject10,Walking,58.05
394,840,2.3138,0.0037,0.052,1.122,1.136,7.5273,0.0016,0.0015,0.0036,0.0037,0.0022,0.0056,0.0058,0.0087,0.0016,0.0013,0.0017,0.0025,0.0031,0.0095,0.0063,0.0085,1.706,Subject10,Walking,58.05
394,855,2.1985,0.0025,0.0445,1.0764,1.0751,7.3607,0.0017,0.0015,0.0036,0.0047,0.0021,0.006,0.0065,0.0101,0.0015,0.0016,0.002,0.0026,0.0035,0.0095,0.0079,0.0109,1.706,Subject10,Walking,58.05
395,870,2.3228,0.0037,0.0565,1.1307,1.1319,7.9321,0.0016,0.0017,0.0043,0.0053,0.0023,0.0061,0.0064,0.0124,0.0015,0.0016,0.002,0.0028,0.0032,0.0095,0.0078,0.009,1.706,Subject10,Walking,58.05
395,885,2.2709,0.0034,0.0509,1.0689,1.1477,8.8607,0.0015,0.0016,0.0038,0.004,0.0022,0.0058,0.0056,0.0093,0.0015,0.0014,0.0018,0.0025,0.0033,0.0094,0.0059,0.0078,1.706,Subject10,Walking,58.05
395,900,2.4712,0.0043,0.0525,1.2751,1.1393,6.3607,0.0014,0.0016,0.0036,0.0054,0.0021,0.0054,0.0058,0.0074,0.0015,0.0014,0.0018,0.0027,0.0032,0.0092,0.0066,0.0076,1.706,Subject10,Walking,58.05
395,915,2.3061,0.0045,0.0614,1.1146,1.1255,10.6464,0.0015,0.0017,0.0037,0.0042,0.0022,0.0057,0.0058,0.0111,0.0015,0.0013,0.0016,0.0026,0.0033,0.0097,0.0064,0.0079,1.706,Subject10,Walking,58.05
395,930,2.4153,0.0044,0.0539,1.2326,1.1245,7.3607,0.0015,0.0016,0.004,0.0041,0.0023,0.0061,0.0061,0.009,0.0016,0.0014,0.0018,0.0028,0.0034,0.0104,0.0069,0.0094,1.706,Subject10,Walking,58.05
395,945,2.4119,0.0041,0.0507,1.201,1.156,5.5607,0.0015,0.0016,0.0036,0.0041,0.0022,0.0065,0.0057,0.0082,0.0015,0.0013,0.0015,0.0025,0.0032,0.0102,0.0064,0.0084,1.706,Subject10,Walking,58.05
395,960,2.2433,0.003,0.0469,1.0472,1.1462,4.694,0.0016,0.0016,0.0038,0.004,0.0022,0.006,0.0057,0.0095,0.0015,0.0013,0.0015,0.0027,0.0035,0.0098,0.0067,0.0087,1.706,Subject10,Walking,58.05
395,975,2.4485,0.0041,0.0537,1.2497,1.1409,4.3607,0.0014,0.0017,0.0038,0.0034,0.0023,0.0059,0.006,0.0092,0.0015,0.0013,0.0015,0.0027,0.0037,0.0101,0.006,0.0079,1.706,Subject10,Walking,58.05
395,990,2.3887,0.0038,0.0492,1.2075,1.1282,5.7892,0.0016,0.0016,0.0036,0.0037,0.0022,0.0051,0.0052,0.0104,0.0015,0.0013,0.0016,0.0028,0.0035,0.009,0.0061,0.0074,1.706,Subject10,Walking,58.05
395,1005,2.4992,0.0046,0.0549,1.2311,1.2086,9.194,0.0016,0.0016,0.004,0.0039,0.0022,0.0053,0.0052,0.0085,0.0016,0.0013,0.0015,0.0026,0.0035,0.0098,0.0058,0.0072,1.706,Subject10,Walking,58.05
396,1080,4.7285,0.0038,0.0953,2.3393,2.2902,6.7892,0.0024,0.0018,0.0061,0.0071,0.0038,0.008,0.0086,0.0146,0.002,0.0022,0.0039,0.0034,0.0043,0.0126,0.0114,0.0139,2.6765,Subject10,Walking,58.05
396,1095,5.5054,0.0039,0.1168,2.734,2.6508,15.8607,0.0024,0.002,0.007,0.0073,0.0049,0.0078,0.0093,0.0159,0.0026,0.0024,0.0047,0.0041,0.0046,0.0112,0.0115,0.0129,2.6765,Subject10,Walking,58.05
396,1110,5.4934,0.0042,0.1169,2.799,2.5734,19.694,0.0026,0.002,0.0071,0.0072,0.0049,0.008,0.0087,0.0159,0.0028,0.0026,0.0049,0.0041,0.0048,0.0092,0.0108,0.0123,2.6765,Subject10,Walking,58.05
396,1125,5.7637,0.0052,0.1201,2.8453,2.7932,16.6464,0.0025,0.0021,0.0077,0.007,0.0052,0.0068,0.0095,0.0165,0.0028,0.0025,0.0047,0.004,0.0047,0.0093,0.0112,0.0115,2.6765,Subject10,Walking,58.05
396,1140,5.5904,0.0043,0.1148,2.7904,2.6809,16.0749,0.0026,0.0022,0.0076,0.0068,0.0052,0.0072,0.0088,0.0164,0.003,0.0026,0.0039,0.0037,0.0045,0.0095,0.0105,0.0126,2.6765,Subject10,Walking,58.05
396,1155,5.5857,0.0042,0.1079,2.8014,2.6723,17.2178,0.0025,0.0021,0.0076,0.0071,0.0052,0.0069,0.0089,0.0155,0.0028,0.0026,0.0045,0.004,0.0048,0.0096,0.0102,0.0122,2.6765,Subject10,Walking,58.05
396,1170,5.6082,0.0044,0.1216,2.8539,2.6282,17.694,0.0024,0.0021,0.0067,0.0069,0.0052,0.0073,0.0089,0.0155,0.003,0.0026,0.0042,0.0039,0.0046,0.0091,0.0101,0.0119,2.6765,Subject10,Walking,58.05
396,1185,5.584,0.004,0.1176,2.8013,2.6612,17.9321,0.0023,0.0021,0.0074,0.0073,0.0054,0.0075,0.0091,0.0152,0.0028,0.0025,0.0041,0.0038,0.0049,0.0091,0.0104,0.012,2.6765,Subject10,Walking,58.05
396,1200,5.5489,0.0036,0.1155,2.7357,2.694,17.0273,0.0025,0.002,0.007,0.007,0.0055,0.0077,0.0091,0.0158,0.0028,0.0027,0.0039,0.0038,0.0054,0.0102,0.0106,0.0126,2.6765,Subject10,Walking,58.05
396,1215,5.5831,0.0039,0.1133,2.7419,2.724,21.694,0.0026,0.0022,0.0073,0.007,0.0049,0.0071,0.0083,0.0149,0.0027,0.0029,0.0042,0.0039,0.0049,0.0099,0.0108,0.0119,2.6765,Subject10,Walking,58.05
397,1230,5.5516,0.0043,0.1127,2.7488,2.6858,22.3607,0.0026,0.002,0.0069,0.006,0.0054,0.0073,0.0086,0.0153,0.0027,0.0026,0.0039,0.0037,0.0043,0.0101,0.0107,0.0116,2.6765,Subject10,Walking,58.05
397,1245,5.4935,0.0047,0.1194,2.782,2.5874,16.0749,0.0022,0.0021,0.0065,0.0064,0.0054,0.0074,0.0087,0.0144,0.0027,0.0026,0.0037,0.0037,0.0055,0.009,0.0099,0.0119,2.6765,Subject10,Walking,58.05
397,1260,5.6195,0.004,0.1199,2.8111,2.6844,16.0749,0.0025,0.0021,0.0071,0.0062,0.0048,0.0073,0.0091,0.0154,0.003,0.0028,0.004,0.0035,0.0053,0.01,0.0108,0.0134,2.6765,Subject10,Walking,58.05
397,1275,5.6096,0.0047,0.1195,2.7898,2.6955,18.3607,0.0026,0.0022,0.0071,0.0062,0.0054,0.0075,0.0086,0.0154,0.003,0.0027,0.0036,0.0038,0.0053,0.0096,0.0098,0.0121,2.6765,Subject10,Walking,58.05
397,1290,5.5081,0.0043,0.1102,2.746,2.6476,14.5035,0.0024,0.0021,0.0072,0.0063,0.0051,0.0069,0.0088,0.0145,0.003,0.0027,0.0038,0.0038,0.0051,0.0089,0.0099,0.0115,2.6765,Subject10,Walking,58.05
397,1305,5.5737,0.0037,0.1178,2.7487,2.7035,14.7892,0.0026,0.0022,0.007,0.007,0.0056,0.0066,0.0082,0.0153,0.003,0.0028,0.0037,0.0038,0.0051,0.0083,0.0096,0.011,2.6765,Subject10,Walking,58.05
397,1320,5.6102,0.0044,0.1184,2.7288,2.7586,12.7892,0.0026,0.0021,0.0071,0.0078,0.0055,0.0068,0.0084,0.0145,0.003,0.003,0.0039,0.0037,0.0058,0.0092,0.0102,0.0116,2.6765,Subject10,Walking,58.05
397,1335,5.609,0.0047,0.1197,2.8129,2.6717,18.8607,0.0026,0.0022,0.0074,0.0071,0.0053,0.0067,0.0085,0.0153,0.0031,0.0031,0.0042,0.0037,0.0053,0.0086,0.0098,0.011,2.6765,Subject10,Walking,58.05
397,1350,5.6543,0.0047,0.1205,2.7885,2.7406,18.9321,0.0026,0.0022,0.007,0.0063,0.0053,0.007,0.0084,0.0143,0.003,0.0029,0.0038,0.0037,0.0052,0.009,0.0102,0.0117,2.6765,Subject10,Walking,58.05
397,1365,5.5435,0.004,0.113,2.8422,2.5843,15.7892,0.0024,0.002,0.0066,0.0068,0.0049,0.007,0.008,0.014,0.0028,0.0033,0.0044,0.0039,0.0058,0.0095,0.0102,0.0125,2.6765,Subject10,Walking,58.05