Subject,Activity,Time,KE,HR,HRDeriv,EE,Weight,EMG5,EMG8,EMG13,EMG16,EMG5Deriv,EMG8Deriv,EMG13Deriv,EMG16Deriv
Subject01,Backwards,360.0,0.1312,4.2409,0.0031464852206976473,1.3861,63.49,0.0085,0.0113,0.0131,0.0124,-2.389568189895492e-11,-1.6323091952907166e-10,2.0705128064110474e-09,9.038999521766987e-10
Subject01,Backwards,375.0,0.1456,11.4909,0.0011568385644628862,1.3861,63.49,0.0046,0.0098,0.0095,0.0107,1.99435225581114e-10,1.5038047447554104e-09,-6.511909257294607e-10,-7.748085489280532e-10
Subject01,Backwards,390.0,0.139,12.8909,-0.0029380652846597373,1.3861,63.49,0.0042,0.009,0.0079,0.0106,1.0842192271068951e-10,-8.779021670746522e-10,-7.858709735847303e-11,6.295875015660505e-11
Subject01,Backwards,405.0,0.1403,12.4909,-0.0013019098969473389,1.3861,63.49,0.0035,0.0086,0.0066,0.0097,2.611338319240064e-10,-4.63573451694698e-10,-1.3441151356770401e-09,4.830496237249592e-10
Subject01,Backwards,420.0,0.1289,11.4909,-0.0030538538154229636,1.3861,63.49,0.0046,0.0099,0.004,0.0081,-5.080906166783532e-10,4.575011173873254e-10,-4.837749835528193e-11,1.7568375393910492e-10
Subject01,Backwards,435.0,0.1334,7.8909,0.0020104944800388913,1.3861,63.49,0.0033,0.0092,0.004,0.0085,1.2131368241336806e-10,-5.773748340455122e-10,6.681852236647134e-11,-7.98666603731203e-10
Subject01,Backwards,450.0,0.1268,9.0909,-0.003304420452190752,1.3861,63.49,0.0031,0.0089,0.0042,0.0088,-1.086772284760221e-10,1.8035860039517918e-10,4.609226800261347e-10,-3.9005341066829946e-11
Subject01,Backwards,465.0,0.1325,7.6909,0.002647223221751553,1.3861,63.49,0.002,0.0071,0.0035,0.0082,-4.8224749128647844e-11,5.62268332550391e-10,-3.100264034789721e-11,8.232164055933763e-11
Subject01,Backwards,480.0,0.1383,6.6576,-0.002496561543082117,1.3861,63.49,0.0023,0.0074,0.004,0.0084,1.9552030399137277e-10,-2.1709198981751043e-10,-2.8575071462847147e-10,1.0454197051101657e-09
Subject01,Backwards,495.0,0.1347,6.4909,0.0015052996360857332,1.3861,63.49,0.0024,0.0086,0.0039,0.0096,-1.856238328952195e-10,-4.782176410096158e-10,3.829610593254278e-11,-1.3780753752779456e-10
Subject01,Backwards,510.0,0.1333,7.4909,-0.0023748781872704847,1.3861,63.49,0.0025,0.009,0.0036,0.0071,1.256841149116076e-10,2.964218674077781e-10,-2.0677542542512392e-10,-3.3298321697141e-10
Subject01,Backwards,525.0,0.1284,4.2909,-0.004417007566211456,1.3861,63.49,0.0021,0.0082,0.0035,0.0078,-1.4291798149631385e-10,-2.6549258934924325e-10,-3.956680640559794e-11,3.007643130483075e-10
Subject01,Backwards,540.0,0.122,5.6576,0.0028771866110314597,1.3861,63.49,0.0024,0.0082,0.0031,0.0076,2.635016096798188e-11,-6.7899612628132856e-12,1.8680828128033468e-11,-9.894819986740479e-10
Subject01,Backwards,555.0,0.1212,6.8909,-0.0016746468515480468,1.3861,63.49,0.0023,0.0079,0.0035,0.0079,4.721604415910665e-12,6.041772019437965e-10,1.020069735793976e-09,1.0539572435859902e-10
Subject01,Backwards,570.0,0.1328,6.4909,0.0025469588843799657,1.3861,63.49,0.0026,0.0085,0.0037,0.0073,1.599790692541865e-11,-5.062791744568621e-10,-9.596033228611443e-10,1.2034410443335804e-09
Subject01,Backwards,585.0,0.1371,4.2909,-0.008450312538435966,1.3861,63.49,0.0031,0.0077,0.0037,0.0092,7.37866611698359e-12,7.321119647551315e-10,1.6684981540514743e-10,-1.3592068405035858e-09
Subject01,Backwards,600.0,0.1413,4.2909,0.0023625419827031004,1.3861,63.49,0.0039,0.0099,0.0054,0.009,6.745826249597607e-11,-6.56200462541387e-10,-2.342571605558616e-10,1.0214752577893891e-10
Subject01,Backwards,615.0,0.134,7.6909,-0.005367951079491802,1.3861,63.49,0.003,0.0071,0.0042,0.0082,-7.394104561770923e-11,-1.2865476143601449e-11,5.985279094799593e-10,5.438839737005617e-10
Subject01,Backwards,630.0,0.1335,4.3242,0.0014137657271799321,1.3861,63.49,0.003,0.0081,0.0041,0.0079,3.8617167945877745e-11,1.3781576285756377e-09,-4.952946102237575e-10,-6.350050354360147e-10
Subject01,Backwards,645.0,0.1276,5.6909,-0.0015895395581620535,1.3861,63.49,0.0037,0.0082,0.0049,0.0075,-3.87265867287493e-11,-9.697902588460453e-10,4.28166325487222e-11,2.13378827847726e-10
Subject01,Backwards,660.0,0.1326,6.0909,0.0026026295034322954,1.3861,63.49,0.0035,0.008,0.0034,0.0067,1.913706401383328e-10,-4.711496339894304e-10,-1.1960260254343938e-10,6.222757843484159e-10
Subject01,Backwards,675.0,0.1293,8.2909,-0.003047862790609976,1.3861,63.49,0.0032,0.008,0.0042,0.0091,-2.755441997117333e-11,7.510599810902734e-11,-2.608044911885842e-11,4.146121053362592e-10
Subject01,Backwards,690.0,0.1353,7.3242,0.0017471944545632122,1.3861,63.49,0.0021,0.0083,0.0037,0.0083,-2.1232595968394176e-10,-2.446970279986548e-10,1.5485843047149237e-11,-8.624449152581569e-10
Subject01,Backwards,705.0,0.1593,6.6909,-0.0023664983416846197,1.3861,63.49,0.0059,0.0109,0.0076,0.0122,2.584249097769615e-10,1.5711804981867663e-10,2.1728725445595383e-10,-1.7818276797508001e-10
Subject01,Backwards,720.0,0.2643,8.9909,0.003560606622902695,2.3818,63.49,0.0081,0.0124,0.0102,0.013,-1.2901500960988212e-10,-1.1086084400318281e-10,9.859690566672742e-10,2.87936730421644e-10
Subject01,Backwards,735.0,0.2619,15.1576,-0.004584001409825688,2.3818,63.49,0.0074,0.0125,0.0088,0.0119,1.131559200377073e-09,7.067748761976605e-10,-8.187413591375486e-10,1.0169748227759534e-09
Subject01,Backwards,750.0,0.2714,15.7409,0.006017630599214211,2.3818,63.49,0.0084,0.0113,0.0084,0.0115,-1.1362717146121345e-09,-1.74543389073187e-10,-3.7600044658698846e-10,-1.4873590482697018e-09
Subject01,Backwards,765.0,0.2776,15.6576,-0.004589086500342351,2.3818,63.49,0.007,0.0104,0.0088,0.0119,1.5068320603665236e-13,1.2490959220827148e-09,4.2481327351698465e-10,3.7765474079635284e-10
Subject01,Backwards,780.0,0.2689,14.4909,0.0030905446790721785,2.3818,63.49,0.0082,0.0113,0.0096,0.0115,3.4612498756605445e-11,-1.5815674402782542e-09,6.209990760299808e-10,9.925929630456314e-11
Subject01,Backwards,795.0,0.2742,11.4909,-0.005960500390072917,2.3818,63.49,0.0064,0.011,0.009,0.0127,3.005826389690345e-10,3.612106870184675e-10,-9.676871786389726e-10,1.2364934264122361e-09
Subject01,Backwards,810.0,0.2705,11.4909,0.0032628083196327585,2.3818,63.49,0.0075,0.0124,0.0082,0.0103,-1.5999069934218573e-10,-4.0717447498801294e-10,4.982991903306748e-10,-1.5686544118430824e-09
Subject01,Backwards,825.0,0.2682,12.0909,-0.0017404204977457076,2.3818,63.49,0.0074,0.0109,0.0085,0.0117,-2.864447288607264e-10,-2.643736172466033e-10,-5.767859325510893e-10,-9.963929365546393e-11
Subject01,Backwards,840.0,0.2764,13.9909,0.003235999655403269,2.3818,63.49,0.0065,0.0114,0.008,0.011,6.55120892876968e-11,2.8033317979777094e-10,2.1657548022599822e-10,1.5698281007947268e-09
Subject01,Backwards,855.0,0.2582,11.6909,-0.004218428750191653,2.3818,63.49,0.0065,0.0109,0.0107,0.0111,1.069640840410967e-10,9.650193422344409e-10,1.1376030437027195e-09,-1.238912894325525e-09
Subject01,Backwards,870.0,0.2653,10.4909,-0.004167439882149014,2.3818,63.49,0.0066,0.0098,0.008,0.0102,1.1648151137912306e-09,-9.097494376886177e-10,-1.366482869261407e-09,2.0561726592029054e-11
Subject01,Backwards,885.0,0.2728,10.0909,0.005558665250214233,2.3818,63.49,0.0066,0.01,0.0075,0.0096,-2.2714137830636008e-10,-1.2532106765571144e-10,1.5567457024445175e-10,5.916262281448137e-10
Subject01,Backwards,900.0,0.254,14.8242,-0.004188038057908224,2.3818,63.49,0.0063,0.0096,0.0087,0.0108,-1.0957949835992356e-09,1.6724923932266783e-10,-2.0310654907654704e-10,-9.163545214469466e-10
Subject01,Backwards,915.0,0.2691,13.4909,-0.0024842995547773687,2.3818,63.49,0.0066,0.0098,0.0085,0.01,2.2281133193827516e-10,4.586250150333973e-10,5.455721200008173e-10,1.3235757145368388e-10
Subject01,Backwards,930.0,0.2678,13.8242,0.0013958450321339736,2.3818,63.49,0.0068,0.0095,0.0078,0.0116,-5.307380829779943e-11,-2.8839155553064797e-10,1.3996161141854805e-10,-3.943076066719327e-11
Subject01,Backwards,945.0,0.2674,13.6909,0.0022024274484917527,2.3818,63.49,0.0064,0.011,0.0081,0.0107,7.099513104961914e-11,1.690892479007768e-09,1.5072584316673e-10,1.2194740811389867e-10
Subject01,Backwards,960.0,0.2583,14.8909,-0.002470641756847304,2.3818,63.49,0.0069,0.0102,0.0094,0.0114,-1.5946288657975844e-10,-2.1106115517009076e-09,-7.031749245644832e-10,7.781464023378615e-10
Subject01,Backwards,975.0,0.2574,12.9909,-0.0035032407852576973,2.3818,63.49,0.0072,0.0111,0.0097,0.0128,-3.7749009951186776e-11,-1.2060722383132915e-10,1.0329587737536873e-09,-1.1155631534490866e-11
Subject01,Backwards,990.0,0.2659,13.2909,0.0024599746260724493,2.3818,63.49,0.008,0.013,0.0077,0.0115,-5.267817704330874e-11,6.745605844752934e-11,-1.0947013573598275e-09,-3.8297053990062056e-10
Subject01,Backwards,1005.0,0.266,16.8909,-0.0036005193756074383,2.3818,63.49,0.0076,0.0113,0.0084,0.01,7.156822859415065e-11,9.143689691349732e-11,5.197973475051078e-11,-2.4192264342980324e-10
Subject01,Backwards,1020.0,0.2608,14.9909,-0.0031314969035354198,2.3818,63.49,0.0088,0.0099,0.0078,0.0102,4.669039768013544e-10,1.296496204804759e-09,3.481665676631813e-10,-1.429375659055021e-10
Subject01,Backwards,1035.0,0.2568,12.6909,-0.006493457912822536,2.3818,63.49,0.008,0.0094,0.0084,0.0098,-4.035771431484264e-10,-1.2632429312447018e-09,1.4260900949948955e-10,-2.077073541761617e-10
Subject01,Backwards,1050.0,0.2592,10.4909,0.004565904188646651,2.3818,63.49,0.007,0.0097,0.009,0.0109,8.552079968432363e-11,6.192327045267576e-10,-4.762064315674536e-10,1.3410473295373402e-10
Subject01,Backwards,1065.0,0.2962,15.2909,0.0008421526094275439,2.3818,63.49,0.0091,0.0115,0.0103,0.0123,1.3264454079982247e-09,-3.278459650700478e-10,3.225060173603674e-10,2.2279777468942355e-09
Subject01,Backwards,1080.0,0.3947,19.0909,-0.002497415609993869,3.4005,63.49,0.0131,0.0122,0.0159,0.0145,-1.3979573023339935e-09,1.5111440707559568e-09,1.8268520060908046e-09,-1.15668564021211e-09
Subject01,Backwards,1095.0,0.3866,23.0909,0.0019059446112680684,3.4005,63.49,0.0105,0.0105,0.0134,0.0128,1.0209987560733851e-10,-9.707674089120374e-11,-1.2999334017461923e-09,-6.752584417217453e-10
Subject01,Backwards,1110.0,0.4202,25.0909,-0.0026725742136606725,3.4005,63.49,0.0113,0.0127,0.0125,0.0138,1.8289322780725728e-11,-5.345969511420941e-10,3.0518135612990038e-09,-3.5194904903881615e-10
Subject01,Backwards,1125.0,0.4035,25.8909,-0.0038911577897548398,3.4005,63.49,0.0098,0.0118,0.0154,0.014,-7.884778570842803e-11,-3.9945856998999584e-10,-1.1418136951645763e-09,1.964790210933977e-10
Subject01,Backwards,1140.0,0.4154,24.3242,0.0018749569693404192,3.4005,63.49,0.0116,0.012,0.0119,0.0133,-8.36413399608932e-11,-5.949239662926501e-10,-1.9773137276550446e-09,-3.8769393440912244e-10
Subject01,Backwards,1155.0,0.4247,25.6909,0.0028387824189076557,3.4005,63.49,0.0104,0.0118,0.0116,0.0123,-3.849363330212485e-11,3.2532635437029056e-10,-8.89270087327593e-10,-1.0340638876264312e-10
Subject01,Backwards,1170.0,0.4181,23.1576,-0.00419689211256356,3.4005,63.49,0.0095,0.0106,0.0115,0.0137,2.3761950918691893e-11,-2.3147968893394359e-10,1.2699687479631602e-11,7.957971668329508e-11
Subject01,Backwards,1185.0,0.4224,19.4909,0.00297803786795579,3.4005,63.49,0.0099,0.011,0.0128,0.0138,2.487188638616724e-09,-1.9481956577360568e-10,4.4815775508044917e-10,1.0938979862875055e-09
Subject01,Backwards,1200.0,0.4206,20.4909,-0.004240693774110633,3.4005,63.49,0.0103,0.0107,0.0113,0.013,-9.596581438077665e-10,5.158418002065108e-11,-3.435731461216932e-10,5.0996484391882e-10
Subject01,Backwards,1215.0,0.4312,19.2909,0.0038306626514090355,3.4005,63.49,0.0096,0.0103,0.0117,0.0135,-1.177504858086516e-09,7.913197048097975e-10,-1.64639273796801e-10,-1.4670428392284491e-09
Subject01,Backwards,1230.0,0.4325,21.6909,-0.0038855377730322594,3.4005,63.49,0.0097,0.0105,0.0126,0.0141,2.9791992448867227e-10,1.0477331320012362e-10,2.309123028007534e-09,1.3236355534104425e-10
Subject01,Backwards,1245.0,0.4152,20.1576,-0.004064418451003578,3.4005,63.49,0.0095,0.011,0.0121,0.0131,-6.051734149687985e-10,-6.845322238475351e-10,2.2444168642005134e-09,3.34565069906066e-11
Subject01,Backwards,1260.0,0.4194,18.6909,0.003047382699639635,3.4005,63.49,0.0095,0.0109,0.0132,0.0141,-9.389509867581383e-11,-3.589112931240082e-10,-4.325030160164561e-09,-9.754890448083477e-11
Subject01,Backwards,1275.0,0.4279,20.2909,0.0018683171375546224,3.4005,63.49,0.0088,0.0113,0.0123,0.015,9.393147841320739e-11,7.194179623058141e-12,1.1862410358997783e-10,2.048009805270451e-10
Subject01,Backwards,1290.0,0.4366,22.6576,-0.0013834178188540886,3.4005,63.49,0.0091,0.0114,0.0147,0.0152,3.500410090320048e-10,-3.223495806047341e-11,1.4207650690859395e-11,8.096491394295499e-10
Subject01,Backwards,1305.0,0.4376,19.2909,-0.005460265567781842,3.4005,63.49,0.0096,0.0106,0.0128,0.013,5.658485018927e-11,1.8854467524991634e-09,9.035661373269982e-10,-8.706166749417383e-10
Subject01,Backwards,1320.0,0.417,16.3242,0.0036310394838478394,3.4005,63.49,0.0102,0.011,0.0128,0.0139,9.440454584508425e-11,2.4915332851929217e-10,2.8045823490624e-10,1.65485105829747e-11
Subject01,Backwards,1335.0,0.4148,19.2909,-0.003149574563612835,3.4005,63.49,0.0134,0.0133,0.0148,0.0151,4.5688550372327996e-10,-1.881952347424061e-09,-1.1121419705793777e-09,1.2066425841684812e-09
Subject01,Backwards,1350.0,0.4016,20.3242,0.0023869973823441694,3.4005,63.49,0.0095,0.0115,0.0145,0.0154,-8.402465677136922e-10,1.2410362087258074e-09,2.909318083256079e-09,-1.1655356120404573e-09
Subject01,Backwards,1365.0,0.4322,23.9909,-0.0034095206183631377,3.4005,63.49,0.0103,0.0109,0.0117,0.0131,-1.8901089254084354e-10,-1.3874788165629533e-09,-3.4457644024531047e-09,-5.133288946943528e-10
Subject01,Backwards,1380.0,0.4375,20.9909,0.005105139540739508,3.4005,63.49,0.011,0.0106,0.0126,0.0144,1.2472889725018075e-09,8.064544278201883e-11,1.922446813707901e-10,5.333518443310189e-10
Subject01,Backwards,1395.0,0.4268,24.1576,0.00209354944512177,3.4005,63.49,0.0099,0.0101,0.0123,0.0115,-1.0134816575679406e-09,1.2932685104103035e-09,2.176030080871868e-09,2.2065532772213207e-10
Subject01,Backwards,1410.0,0.421,23.4909,-0.005100274305859563,3.4005,63.49,0.0098,0.0118,0.0122,0.0123,4.8684943857639655e-11,-1.0838621429554829e-09,-1.7872824913599043e-09,5.228020143970595e-10
Subject01,Backwards,1425.0,0.421,22.0909,0.003251339319368989,3.4005,63.49,0.0091,0.0106,0.0127,0.0133,5.760745714708091e-10,-3.880825622085151e-10,-3.1581997800064295e-10,7.253795090052899e-10
Subject01,Cycling,360.0,0.1245,6.8116,0.006481305422617581,5.2693,63.49,0.0007,0.0041,0.0007,0.0009,1.318848294028334e-12,2.702104857532263e-10,-4.223095287892216e-12,-3.2180434356997324e-10
Subject01,Cycling,375.0,0.4201,22.7283,0.0038898859559720767,5.2693,63.49,0.0104,0.0236,0.0107,0.0222,6.968131287596613e-10,2.5338504924343737e-09,9.176204083240928e-10,5.80743891492729e-10
Subject01,Cycling,390.0,0.4351,27.7783,-0.0036090517931220943,5.2693,63.49,0.015,0.024,0.0308,0.0275,-7.644050720753578e-11,6.034505775228265e-10,1.273296083950248e-09,-8.305959714872757e-10
Subject01,Cycling,405.0,0.402,25.7783,-0.0023805869769913906,5.2693,63.49,0.0137,0.0232,0.0245,0.0248,1.446244401099111e-10,-1.2118494872319411e-09,-7.183127143120352e-10,3.285407513746355e-09
Subject01,Cycling,420.0,0.383,30.9783,0.00233683877948006,5.2693,63.49,0.0145,0.0231,0.0197,0.021,-3.5740176806402633e-10,-1.1025494340305314e-09,-1.1283543131017134e-09,-1.7348073917202613e-09
Subject01,Cycling,435.0,0.3962,32.7783,-0.0017299738665625028,5.2693,63.49,0.0152,0.0218,0.0181,0.0201,4.882096848195244e-10,4.720202603537785e-10,1.7224101479583397e-09,-1.2774533520625393e-09
Subject01,Cycling,450.0,0.3754,32.7783,-0.0019714355433476634,5.2693,63.49,0.0153,0.0216,0.0193,0.0193,3.676922518651211e-10,-2.7074605652408584e-10,-1.4720639291391133e-09,1.7325764643947421e-09
Subject01,Cycling,465.0,0.3804,32.4783,0.0023960282187350137,5.2693,63.49,0.0183,0.0221,0.0212,0.019,-8.767379714527029e-10,6.034505563303862e-10,1.1032397322870934e-09,-1.868229160476669e-09
Subject01,Cycling,480.0,0.3908,35.7783,0.001994155535150476,5.2693,63.49,0.0185,0.0227,0.0218,0.0214,1.1146816659935883e-09,-9.335606745993148e-10,-1.0000351302250078e-09,2.7033996750943183e-09
Subject01,Cycling,495.0,0.3804,36.3783,-0.0017658020210262384,5.2693,63.49,0.0211,0.0207,0.0206,0.021,-1.0090190424596722e-09,-1.036017902230361e-09,-2.37811019751241e-10,-2.0021415635546707e-09
Subject01,Cycling,510.0,0.4012,33.8116,-0.0028230331286181985,5.2693,63.49,0.021,0.0216,0.0172,0.0178,9.329436243678543e-11,2.039516913427613e-09,5.735911530446146e-10,-5.931104368429138e-10
Subject01,Cycling,525.0,0.4035,32.3783,0.00435961986010339,5.2693,63.49,0.0218,0.0207,0.0218,0.017,-4.7354317479587746e-11,-2.1118844106706395e-09,-8.319428572391095e-10,7.271171022976963e-10
Subject01,Cycling,540.0,0.3932,36.7783,-0.0014728499788532344,5.2693,63.49,0.0216,0.0203,0.0174,0.0174,7.686347131232442e-13,1.3867013188379188e-09,4.882689361156608e-10,1.395082512757275e-09
Subject01,Cycling,555.0,0.3818,37.9783,-0.002150950256792794,5.2693,63.49,0.0229,0.0194,0.0183,0.0172,-2.6671977913290145e-10,-9.489220798390753e-10,-1.2064743314474462e-10,-1.4130702345572043e-09
Subject01,Cycling,570.0,0.3844,35.9783,-0.0022467838301905617,5.2693,63.49,0.0236,0.019,0.0172,0.018,1.2713024580552383e-09,-3.572510933161318e-10,2.83392365583462e-10,4.2282750286977643e-10
Subject01,Cycling,585.0,0.412,36.9783,0.0022404911503402752,5.2693,63.49,0.0218,0.0211,0.0216,0.017,4.4056784652097403e-10,2.0238427688651136e-09,2.6192776922101505e-10,1.7700672486697062e-09
Subject01,Cycling,600.0,0.4157,38.5783,0.00299823878402563,5.2693,63.49,0.0214,0.0195,0.0182,0.0182,-1.282354719737343e-09,-9.007811922745672e-10,-2.2227610813576718e-10,-9.506670075487165e-10
Subject01,Cycling,615.0,0.3963,40.3783,-0.0024540953541100034,5.2693,63.49,0.0282,0.0182,0.019,0.0164,2.429689144174184e-10,-3.1971146069855844e-10,5.846856549806923e-10,-1.8208905136911188e-09
Subject01,Cycling,630.0,0.4094,36.6449,-0.0032614087980864293,5.2693,63.49,0.0256,0.0189,0.0169,0.0154,1.6159108337722695e-09,-5.54733577941148e-11,1.7230572614241989e-09,1.3682426356226905e-09
Subject01,Cycling,645.0,0.4051,36.7783,0.0029135126223484606,5.2693,63.49,0.0247,0.019,0.0179,0.0161,-1.2715268248234694e-09,5.954826691557643e-10,-2.2348432523868478e-09,-1.2912692981871737e-09
Subject01,Cycling,660.0,0.4007,37.6449,-0.0031312039608691667,5.2693,63.49,0.026,0.0185,0.0178,0.0167,-2.841236472231808e-10,-1.14053189063019e-09,-5.71946782102647e-10,4.1752316362407925e-10
Subject01,Cycling,675.0,0.4167,36.9783,-0.0031793006500334614,5.2693,63.49,0.0257,0.0195,0.0205,0.0171,3.592187426832136e-11,1.1996682759605301e-09,4.009099836979913e-10,1.3323383220781638e-09
Subject01,Cycling,690.0,0.4165,39.1783,0.0027811766779136304,5.2693,63.49,0.0292,0.0187,0.0218,0.0198,-3.718954539145365e-11,2.385907502240755e-10,2.501127998963013e-09,5.96916264685241e-10
Subject01,Cycling,705.0,0.4088,40.6449,-0.0050921039317418605,5.2693,63.49,0.0266,0.0205,0.0287,0.0202,-1.1670705470825626e-10,-1.530732162479238e-09,-3.0538139188404366e-09,-1.1929603651766749e-09
Subject01,Cycling,720.0,0.2547,35.6925,0.001986032598948452,5.3118,63.49,0.0195,0.0168,0.019,0.0171,-3.686312061026974e-10,1.3120791599858904e-09,-4.1998835783273455e-11,-1.1892466697215963e-09
Subject01,Cycling,735.0,0.2056,39.3116,0.001991604869214498,5.3118,63.49,0.016,0.0148,0.0099,0.0165,2.0741402956385522e-09,-8.552929643531974e-10,7.238143085245177e-12,1.0032728400518863e-10
Subject01,Cycling,750.0,0.2021,39.9783,-0.0024225670841133244,5.3118,63.49,0.0168,0.0155,0.0076,0.016,-2.1684703400054006e-09,-4.4919275136738505e-10,5.573362331097782e-10,1.462100115640557e-09
Subject01,Cycling,765.0,0.2102,39.5783,0.0019837001218252206,5.3118,63.49,0.0177,0.0168,0.0072,0.0164,1.276976988167304e-09,5.968715242518603e-10,6.638539490288138e-10,1.951243687836415e-09
Subject01,Cycling,780.0,0.2026,41.7783,-0.0023815027272932584,5.3118,63.49,0.0173,0.0167,0.0065,0.0162,-1.7852881303233994e-09,-4.329992820980183e-11,-3.1388522909249357e-10,-2.097865520151492e-09
Subject01,Cycling,795.0,0.193,41.9783,0.0020857268537230944,5.3118,63.49,0.0168,0.0158,0.0067,0.0172,1.5712526122849414e-09,2.09009265842039e-09,-1.0783593509120803e-09,-1.4148667720804227e-09
Subject01,Cycling,810.0,0.1988,43.4783,-0.0025991818148299755,5.3118,63.49,0.0158,0.016,0.0083,0.0163,-1.1653077437878203e-09,-2.7025263602086204e-09,4.030908917792255e-10,7.001829117965039e-10
Subject01,Cycling,825.0,0.2002,42.5783,0.0020485275683840795,5.3118,63.49,0.0165,0.0159,0.007,0.0195,4.700452132998101e-10,8.209952526279539e-10,1.7563147705692366e-10,2.318937065289272e-09
Subject01,Cycling,840.0,0.1925,45.3783,0.002714628137019737,5.3118,63.49,0.0156,0.0168,0.0074,0.0204,-5.901983281322668e-10,-3.3613606570083595e-10,1.8219327000669702e-10,-2.863812672056569e-09
Subject01,Cycling,855.0,0.1919,43.6449,-0.003093858175877423,5.3118,63.49,0.0146,0.0147,0.0069,0.0208,-7.553441542628743e-11,-3.33916499244875e-10,-8.587354003672494e-10,-3.781323330084597e-10
Subject01,Cycling,870.0,0.1928,40.5783,-0.0014617102055597992,5.3118,63.49,0.0147,0.0155,0.0062,0.0197,1.0812812845573199e-09,2.085904179493668e-09,8.742362017434522e-11,3.7609322752621547e-10
Subject01,Cycling,885.0,0.2068,42.1783,0.0023066674646779785,5.3118,63.49,0.0149,0.0151,0.0072,0.0171,-8.006481290438148e-10,-1.9499630420777582e-09,9.316352002701146e-10,6.427038089134634e-10
Subject01,Cycling,900.0,0.2081,44.9783,-0.0023018294646817224,5.3118,63.49,0.016,0.0163,0.0079,0.0172,1.3376084554152562e-09,-3.3203717737052236e-10,-9.015152405994563e-10,-3.7783541194628e-10
Subject01,Cycling,915.0,0.2096,44.1449,-0.0018716704041488454,5.3118,63.49,0.0163,0.0176,0.0071,0.0165,1.2480522108366537e-09,9.418098869338528e-10,3.0250204700210883e-11,6.730545763415116e-11
Subject01,Cycling,930.0,0.2149,44.7783,0.0021740383596791906,5.3118,63.49,0.0159,0.0165,0.0069,0.0166,-1.6967897594832854e-09,-5.97111723720613e-10,1.8939815179120628e-11,-3.3304267633184107e-10
Subject01,Cycling,945.0,0.1956,42.9783,-0.0017976281737218775,5.3118,63.49,0.0156,0.0173,0.0083,0.0139,-1.1303206564409703e-09,7.830619988885188e-10,9.977196218353304e-11,-1.1277853477572078e-10
Subject01,Cycling,960.0,0.1919,43.3116,0.0024804030413208685,5.3118,63.49,0.0151,0.0156,0.0071,0.015,1.2078988933621651e-10,-6.901715509500233e-10,1.1819064229066158e-10,1.9590671649702042e-11
Subject01,Cycling,975.0,0.1953,41.9783,0.0032255958710148205,5.3118,63.49,0.0145,0.0168,0.008,0.014,1.34683142059789e-09,-2.739438870764999e-10,-1.0770237509523154e-10,3.2867061610061133e-10
Subject01,Cycling,990.0,0.1911,41.3783,-0.0026965681557655947,5.3118,63.49,0.0138,0.0157,0.0077,0.0159,-1.3671563684305024e-09,2.34298688466102e-09,-1.884923492308257e-10,-5.151914224030012e-10
Subject01,Cycling,1005.0,0.1958,42.1449,0.0030157301637293993,5.3118,63.49,0.0147,0.0174,0.008,0.0156,-5.000000243455827e-11,-1.6372931577619182e-09,5.433027911988621e-10,4.051925524926522e-09
Subject01,Cycling,1020.0,0.2085,44.3783,-0.0027151277915724464,5.3118,63.49,0.0147,0.0181,0.0083,0.0186,2.5577660731192594e-11,3.9918964270255255e-10,2.2838180527211985e-11,-3.5824105812011592e-09
Subject01,Cycling,1035.0,0.2028,43.8116,0.003079512533967209,5.3118,63.49,0.0152,0.0178,0.0078,0.0165,1.880037448475707e-09,-1.3421606640820481e-09,-5.045636483703876e-10,3.7620195496044156e-10
Subject01,Cycling,1050.0,0.2017,43.9783,0.0023671421635035497,5.3118,63.49,0.0152,0.0177,0.0088,0.018,-1.949904557737244e-09,1.8033265435549762e-10,3.855368289531897e-09,6.47095233063549e-11
Subject01,Cycling,1065.0,0.2055,44.6449,0.002588701055287851,5.3118,63.49,0.0149,0.0178,0.0079,0.0173,4.37162466015087e-11,8.238729660357763e-10,-3.6107487366442262e-09,-2.92531293443404e-10
Subject01,Cycling,1080.0,0.2005,40.5783,-0.0033003633762478104,2.9473,63.49,0.0143,0.0159,0.0084,0.0171,1.3852794418132337e-09,-1.0093415978648965e-09,-1.7375964550341033e-10,-2.837570898867486e-10
Subject01,Cycling,1095.0,0.1941,37.264,-0.0016982404579291384,2.9473,63.49,0.0124,0.0149,0.0088,0.0127,-1.220301082460755e-09,1.0036675948845157e-09,-1.320349988146163e-10,-3.299349558643847e-10
Subject01,Cycling,1110.0,0.2011,34.3783,0.0017014242590708722,2.9473,63.49,0.0091,0.0128,0.0075,0.0103,2.50855304487526e-10,7.238023039627807e-10,-2.736843891190056e-11,1.0596848501248965e-10
Subject01,Cycling,1125.0,0.2168,31.6449,-0.0033675856287948003,2.9473,63.49,0.0104,0.0142,0.0092,0.0131,1.0324022909309385e-10,-7.430011407770109e-11,3.3211517896637066e-11,2.607047649462039e-11
Subject01,Cycling,1140.0,0.1978,29.5783,0.0029529275534589893,2.9473,63.49,0.0103,0.0137,0.0096,0.0112,-1.3675211120073337e-10,-9.479287859172018e-10,2.1242130902357287e-10,6.992610451202424e-11
Subject01,Cycling,1155.0,0.2018,29.4783,0.0025506107304047406,2.9473,63.49,0.01,0.0139,0.0069,0.0138,8.585757790307644e-10,-1.5614503826451674e-10,-1.4367413297791834e-10,1.999741049364934e-10
Subject01,Cycling,1170.0,0.2058,24.3783,-0.005894277958952257,2.9473,63.49,0.0097,0.0144,0.0077,0.0126,-8.699543680137496e-10,-4.5303524057729396e-10,-2.3580215854332595e-11,-8.413572029913033e-11
Subject01,Cycling,1185.0,0.2042,22.9783,0.002415529243038845,2.9473,63.49,0.0101,0.0135,0.0079,0.0111,-9.547918123405653e-11,4.5364915524622684e-10,2.98357437269381e-09,1.1703501562579317e-10
Subject01,Cycling,1200.0,0.2017,23.9783,-0.0034994353213959684,2.9473,63.49,0.0108,0.0136,0.0081,0.0101,-2.5151097439565274e-10,-9.041278638275317e-11,-2.782112098694713e-09,-2.1884634725375525e-10
Subject01,Cycling,1215.0,0.2023,23.3116,-0.006368603069136478,2.9473,63.49,0.0102,0.0137,0.0102,0.0113,1.0441991238479185e-09,9.02496413245483e-10,-2.274084237788509e-10,2.6290857154815855e-11
Subject01,Cycling,1230.0,0.2147,22.7783,0.003851470999930109,2.9473,63.49,0.0105,0.0147,0.0082,0.012,-2.5521160490944296e-10,-1.3702170904627438e-09,1.3320443884285685e-10,1.4175974347837848e-10
Subject01,Cycling,1245.0,0.2007,28.4783,0.002294678221887502,2.9473,63.49,0.0105,0.0144,0.0104,0.0103,4.682103783215778e-10,2.1722826039860486e-11,-4.2035254876522996e-12,7.829043706524274e-11
Subject01,Cycling,1260.0,0.2071,29.2283,0.002114056442549056,2.9473,63.49,0.0103,0.015,0.0084,0.012,-8.946797303943474e-10,1.9219539143670592e-10,-3.771500558427258e-10,-1.1153907714459464e-10
Subject01,Cycling,1275.0,0.2028,28.3783,-0.0032914134796039993,2.9473,63.49,0.0105,0.0152,0.0081,0.0112,-4.981096593886312e-10,5.529728376257173e-10,7.216095383605112e-10,1.585251610542888e-09
Subject01,Cycling,1290.0,0.2065,25.5783,-0.0030669147218228107,2.9473,63.49,0.0104,0.0144,0.0104,0.0114,1.3205809308646187e-10,2.6619264429342e-10,-1.3147509735828258e-10,-1.8433185747906987e-09
Subject01,Cycling,1305.0,0.2063,27.1783,0.0022436787847267326,2.9473,63.49,0.0104,0.0136,0.0109,0.0131,1.667571475650551e-09,-3.4385420637402126e-10,-3.1565593951489097e-10,1.2350809857689152e-10
Subject01,Cycling,1320.0,0.2138,29.1783,0.004024153952709213,2.9473,63.49,0.011,0.0155,0.0115,0.0112,-3.050306925521193e-10,-2.6014663357961775e-10,-1.7641863500566445e-10,3.4800362776033986e-10
Subject01,Cycling,1335.0,0.2122,27.7283,-0.0036223639890663457,2.9473,63.49,0.011,0.0144,0.0113,0.0113,2.416167737647998e-10,-4.073565816330286e-10,2.4399071143720844e-10,-7.421730294630554e-11
Subject01,Cycling,1350.0,0.2093,25.8116,-0.0030945164361619944,2.9473,63.49,0.0107,0.0143,0.013,0.0114,-1.56574069322893e-09,1.1581807684400316e-09,-1.1276593206753694e-10,-3.616095115035088e-10
Subject01,Cycling,1365.0,0.2133,24.3783,0.004749333269106856,2.9473,63.49,0.0111,0.0147,0.012,0.0124,9.642458143341969e-11,-6.518994935887031e-10,3.330937229671274e-10,1.931805326016821e-10
Subject01,Cycling,1380.0,0.2059,27.1783,0.003837916233501391,2.9473,63.49,0.011,0.0143,0.0124,0.0117,3.9923710503525784e-10,4.389330129680401e-10,-2.7800280260212433e-10,-1.0620827617506669e-10
Subject01,Cycling,1395.0,0.209,27.7283,0.0030643207289532256,2.9473,63.49,0.0103,0.0135,0.0128,0.0105,-4.379236765832684e-10,8.422843434463694e-10,-3.306008705588785e-11,-5.489002048917619e-11
Subject01,Cycling,1410.0,0.2059,24.5783,-0.003266496530913801,2.9473,63.49,0.0104,0.0149,0.0116,0.0097,1.5510863836194265e-09,-9.841934557761999e-10,6.694286119490505e-11,1.3209843345617448e-10
Subject01,Cycling,1425.0,0.1905,25.4783,0.003067845870793039,2.9473,63.49,0.01,0.0138,0.0094,0.0096,-3.9544523519730655e-10,-7.578868384607798e-10,1.1253847015581148e-10,1.5294582806269915e-10
Subject01,Cycling,1440.0,0.197,25.9783,-0.0035350479527648327,4.3014,63.49,0.0102,0.0137,0.0103,0.0093,-1.4084344726688725e-09,6.96307523547539e-10,5.61156719409878e-10,1.0396868313377567e-09
Subject01,Cycling,1455.0,0.1989,32.3783,0.0032590319127002118,4.3014,63.49,0.0119,0.0144,0.009,0.012,5.317766764293442e-10,-7.312935565406278e-10,-3.1821167128498085e-10,-8.741550712489935e-10
Subject01,Cycling,1470.0,0.2022,31.9783,-0.003083304826739043,4.3014,63.49,0.0127,0.0163,0.0108,0.0135,-3.583861492569184e-11,6.546754433709464e-10,3.0132603900442052e-09,1.0731072943353129e-09
Subject01,Cycling,1485.0,0.2063,30.9783,0.00431839140691557,4.3014,63.49,0.0129,0.0168,0.0107,0.0145,-3.133184116045989e-10,5.346322765657926e-10,-3.0973582812549293e-09,-1.484270367253997e-09
Subject01,Cycling,1500.0,0.2059,33.9783,-0.004043694575054425,4.3014,63.49,0.0121,0.0176,0.0114,0.0142,-7.18169233978877e-11,-3.6659741383679827e-10,-3.202652898639638e-10,3.9515639988464015e-10
Subject01,Cycling,1515.0,0.1967,31.9783,-0.0034045692471893446,4.3014,63.49,0.0129,0.0167,0.0101,0.0144,5.719094629408275e-10,1.7433039914063784e-09,-4.3977968070980933e-11,-1.3937639294582202e-10
Subject01,Cycling,1530.0,0.2147,31.3783,-0.005181118002294304,4.3014,63.49,0.0119,0.0174,0.0099,0.0145,8.842113684419155e-10,-2.496704131257668e-09,2.9603641025474426e-10,3.4832167454520044e-11
Subject01,Cycling,1545.0,0.2001,30.9783,0.003279207938054923,4.3014,63.49,0.0118,0.016,0.0114,0.0149,-2.297579348024443e-10,2.47703621305576e-09,2.7512808546039144e-11,-2.768304862359653e-10
Subject01,Cycling,1560.0,0.1989,30.8354,-0.005259663570311376,4.3014,63.49,0.012,0.0157,0.0099,0.0136,-1.3003768264294844e-09,-1.7182319456463073e-09,-1.2912443438378068e-11,1.7131207144237698e-09
Subject01,Cycling,1575.0,0.2037,30.5783,0.003372829580470209,4.3014,63.49,0.0122,0.015,0.0107,0.0157,5.053074594603001e-12,1.036486414584041e-09,-2.990370228937954e-10,-1.7242880281101723e-09
Subject01,Cycling,1590.0,0.2127,37.3783,0.002697045072589814,4.3014,63.49,0.0128,0.016,0.0119,0.0144,1.6564049165077754e-09,5.258750777550641e-11,6.816152793068755e-11,1.4717098855331246e-10
Subject01,Cycling,1605.0,0.213,35.7783,-0.00399251847287248,4.3014,63.49,0.0127,0.0166,0.0133,0.0136,-1.4596564829868083e-09,5.501559581353805e-10,-4.912029182741122e-11,-2.1105888090742237e-10
Subject01,Cycling,1620.0,0.2127,36.1449,-0.0032858523838986977,4.3014,63.49,0.0128,0.0176,0.0115,0.0166,1.183919058153537e-09,-4.2517361590959636e-10,8.911117382394284e-11,1.148355699067215e-09
Subject01,Cycling,1635.0,0.2078,35.7783,0.003273614017674206,4.3014,63.49,0.0131,0.0184,0.0119,0.0158,-1.3978645674344067e-09,-7.3342377857883e-10,6.02618686102635e-10,2.431451823948912e-10
Subject01,Cycling,1650.0,0.2074,38.1783,0.0020334174698936375,4.3014,63.49,0.0123,0.0158,0.0132,0.0138,5.0936772937691475e-11,-7.992141526055031e-10,-5.426675406711162e-11,-1.3550098650889455e-09
Subject01,Cycling,1665.0,0.2098,38.1449,-0.00756758912274824,4.3014,63.49,0.0119,0.0158,0.0139,0.0145,1.2878931431388302e-10,1.794510534430768e-09,-5.788219087271728e-10,3.2571162302343836e-12
Subject01,Cycling,1680.0,0.208,37.9783,0.003589703576856767,4.3014,63.49,0.0121,0.0169,0.0116,0.0157,4.853092733323975e-10,6.071332114769133e-11,-1.6669326773755857e-10,-1.9764944202725055e-11
Subject01,Cycling,1695.0,0.2094,39.1783,-0.003694175416137647,4.3014,63.49,0.0125,0.0178,0.0109,0.0159,2.5177110065174914e-10,-4.363038147534308e-10,6.660331164972636e-11,-8.688787672350103e-12
Subject01,Cycling,1710.0,0.2109,38.6449,0.0028576847968713546,4.3014,63.49,0.0127,0.0173,0.0127,0.0161,-1.0641378461769275e-10,6.091428585764645e-11,6.082589052771342e-11,-1.6639336239367766e-10
Subject01,Cycling,1725.0,0.2078,39.4783,-0.0020516216471352195,4.3014,63.49,0.0125,0.0165,0.0125,0.0156,6.09894507718902e-10,-1.8201582692203684e-09,2.7790575408759375e-11,4.3232778577953925e-10
Subject01,Cycling,1740.0,0.2057,35.6449,0.003310699030060828,4.3014,63.49,0.0128,0.0165,0.013,0.0157,-3.386791919227838e-10,1.289600889439171e-10,1.8843420080523428e-10,-2.5508101015648154e-11
Subject01,Cycling,1755.0,0.2044,37.5783,0.003688653439640761,4.3014,63.49,0.0131,0.0163,0.0098,0.015,-8.500372637244144e-10,1.76851280653427e-11,6.522386761999511e-10,1.605355349014942e-09
Subject01,Cycling,1770.0,0.2065,36.7783,-0.004612265480158763,4.3014,63.49,0.0128,0.0155,0.0118,0.0161,4.709505687229725e-11,-3.27757844778837e-10,8.814171866553257e-10,-1.1729160853070415e-09
Subject01,Cycling,1785.0,0.2041,37.1449,0.002370197681124659,4.3014,63.49,0.0129,0.0161,0.0112,0.0146,7.742922243663732e-11,4.777095638041628e-10,-1.590429628959404e-09,-5.692587212959884e-10
Subject01,Incline,360.0,0.4344,5.3113,0.0059612175808543425,4.3915,63.49,0.0189,0.0155,0.0235,0.0189,-4.725744941447903e-10,-7.45246543493636e-10,-3.544361365862561e-10,-1.5004625738075207e-09
Subject01,Incline,375.0,0.5118,25.8113,-0.00255165642567321,4.3915,63.49,0.0195,0.016,0.022,0.0172,-1.244151082081979e-09,6.954245220384957e-10,4.805620403295541e-10,8.794973771157414e-11
Subject01,Incline,390.0,0.5094,27.4113,-0.004740148143328884,4.3915,63.49,0.0215,0.0162,0.0245,0.0166,-6.621219719213679e-10,1.3449247421837336e-09,3.2021340725929466e-09,-3.0089824465768144e-10
Subject01,Incline,405.0,0.5151,27.0113,-0.0018599045886895722,4.3915,63.49,0.0198,0.0166,0.0261,0.016,1.7273979411125676e-10,-2.0449652172270615e-09,1.6935934774702415e-09,4.371519389683777e-11
Subject01,Incline,420.0,0.51,28.8113,-0.003892115862774762,4.3915,63.49,0.02,0.0149,0.0243,0.0163,-1.495370241336215e-11,1.7223854727494402e-10,-3.823052177679656e-09,-7.828299080641357e-12
Subject01,Incline,435.0,0.5055,29.3113,0.003515663826557498,4.3915,63.49,0.0184,0.0152,0.0247,0.0164,7.355132371275812e-10,-1.3793218396522678e-10,-1.2620645127841166e-09,1.3895779765813278e-09
Subject01,Incline,450.0,0.4989,30.0113,0.002170683385343073,4.3915,63.49,0.018,0.0152,0.0209,0.0169,5.158103931050455e-09,-3.086320914240107e-12,-2.685868322385594e-11,2.378390133680989e-09
Subject01,Incline,465.0,0.4951,28.8113,-0.0037778986276203264,4.3915,63.49,0.0193,0.0138,0.0195,0.0166,-3.730823919997807e-09,1.786890985151061e-11,-1.9482516939877295e-10,-3.6648194764992673e-09
Subject01,Incline,480.0,0.4873,27.1447,0.0036086143902275937,4.3915,63.49,0.0187,0.0137,0.0196,0.0147,-1.5754039911120074e-09,8.325090254148291e-10,-2.551385713385526e-10,-8.881396728980407e-11
Subject01,Incline,495.0,0.5046,28.8113,-0.0025642660441480302,4.3915,63.49,0.0176,0.0148,0.0207,0.015,-8.072452793025447e-10,-7.073428349037195e-10,8.765075871495102e-10,1.7897553349759302e-10
Subject01,Incline,510.0,0.506,31.0113,-0.001749600317930224,4.3915,63.49,0.0178,0.0139,0.0256,0.0147,3.911380215939866e-10,8.438340481057248e-10,-6.510195991790896e-10,-1.3255856933145629e-10
Subject01,Incline,525.0,0.5013,31.8113,0.0014418745937017543,4.3915,63.49,0.0188,0.0141,0.0239,0.0143,-5.299878771384608e-10,-8.888625285275988e-10,1.7532360929292974e-09,7.791480475175956e-10
Subject01,Incline,540.0,0.5057,32.0113,-0.0016596149928079927,4.3915,63.49,0.0204,0.0131,0.0229,0.0156,9.56508686502937e-10,8.076498697510134e-10,-1.878152175225051e-09,-7.373564289762029e-10
Subject01,Incline,555.0,0.5094,31.0613,-0.006000016562362287,4.3915,63.49,0.0177,0.014,0.0253,0.0143,-6.315976485030142e-10,-8.659813232257081e-10,1.66865732916329e-09,8.011642294535499e-10
Subject01,Incline,570.0,0.5104,31.8113,-0.004107583437992031,4.3915,63.49,0.0191,0.0129,0.0212,0.0145,5.548277069506275e-10,6.51091104766768e-10,-2.6151456798474255e-11,-7.598652323713956e-10
Subject01,Incline,585.0,0.4985,32.2113,0.0026492172362127457,4.3915,63.49,0.0182,0.014,0.0222,0.0138,-5.794710340903043e-10,-5.783879726717625e-10,3.16457352280347e-10,-1.3350713790372334e-10
Subject01,Incline,600.0,0.5028,33.2113,-0.0018634895260522472,4.3915,63.49,0.0193,0.0134,0.0217,0.0151,2.4807126921244984e-09,-3.956264273308298e-11,-1.8036209301897342e-09,1.523429201760545e-09
Subject01,Incline,615.0,0.5109,30.3113,0.0021796694118458985,4.3915,63.49,0.0188,0.0136,0.0229,0.0136,-2.442957209941851e-09,-9.204383152691915e-11,1.4556136351541448e-09,-1.5924712473175852e-09
Subject01,Incline,630.0,0.5118,31.5613,-0.005322138742125882,4.3915,63.49,0.0199,0.0138,0.0225,0.0152,9.289163864256528e-10,7.481786581442605e-10,-1.9715303560189398e-10,1.968942511679159e-10
Subject01,Incline,645.0,0.5027,29.6447,0.002424051541821761,4.3915,63.49,0.0198,0.0139,0.0233,0.0139,-1.2218777925507349e-09,-6.769995078424704e-10,4.1534341903609514e-10,2.1272346421893436e-10
Subject01,Incline,660.0,0.5153,31.8113,-0.0034026055203155354,4.3915,63.49,0.0201,0.0135,0.0194,0.0146,4.138990173692165e-10,7.045314382381866e-10,-1.9013103173412567e-09,-3.549547658470887e-10
Subject01,Incline,675.0,0.496,29.8113,0.0025451416211331374,4.3915,63.49,0.0169,0.014,0.0225,0.0145,7.937490048721571e-10,-7.186090053809671e-10,2.5981288415108195e-09,2.1308976964416765e-09
Subject01,Incline,690.0,0.512,32.0113,0.0015154699041763679,4.3915,63.49,0.0192,0.0137,0.0237,0.0148,-8.639124379835512e-10,1.2665541477449779e-09,-9.340129624164745e-10,-2.1634149154946815e-09
Subject01,Incline,705.0,0.4798,34.2113,-0.0035363980333470986,4.3915,63.49,0.0197,0.0135,0.02,0.0153,-2.2940117946721068e-10,1.0126986697689307e-09,4.454782384650225e-11,-1.5795359698134423e-11
Subject01,Incline,720.0,0.2036,28.0613,-0.001434068550452727,2.1477,63.49,0.0149,0.0126,0.0182,0.0137,2.1696331064738697e-10,-3.602285128695681e-10,1.6140193420827638e-09,-3.275495997878728e-11
Subject01,Incline,735.0,0.1887,20.0113,-0.004565308586380937,2.1477,63.49,0.0143,0.0093,0.0183,0.0096,-1.6634482933139506e-10,-2.8452454882728285e-10,3.2128544999131696e-10,-1.4835888114733513e-11
Subject01,Incline,750.0,0.1892,16.0113,0.002032807455263312,2.1477,63.49,0.014,0.0082,0.0199,0.0093,3.750370734306898e-09,-1.7628453773677569e-09,-3.290189824121789e-09,3.5414260596383687e-09
Subject01,Incline,765.0,0.1802,16.6113,-0.003789824707677671,2.1477,63.49,0.0161,0.0098,0.0187,0.0097,-3.66802657346832e-09,1.1510035079485352e-09,2.7993817411036233e-09,-3.591299171741279e-09
Subject01,Incline,780.0,0.187,15.8113,0.0030065323441510533,2.1477,63.49,0.0163,0.0079,0.0206,0.0081,1.980145633643517e-10,-5.194356563090254e-10,-3.088257140607311e-09,8.878224100380366e-11
Subject01,Incline,795.0,0.1836,18.2113,0.0025284813959171675,2.1477,63.49,0.0128,0.0094,0.0201,0.0094,-3.518972452259112e-10,-6.17081521063234e-10,2.0805190619378093e-09,-2.2595039249637044e-11
Subject01,Incline,810.0,0.1865,20.4113,0.002171198081111674,2.1477,63.49,0.0149,0.0081,0.0175,0.0109,2.8893740423848015e-09,1.4878219789546726e-10,-1.83455067981581e-09,1.1363307643974485e-09
Subject01,Incline,825.0,0.1912,21.6113,-0.0028788222475582517,2.1477,63.49,0.0144,0.0088,0.017,0.0099,-3.4015214248390404e-10,-8.668303658751775e-11,-1.0428749623627624e-10,1.5876370711921454e-10
Subject01,Incline,840.0,0.1885,23.3113,-0.002916859671048543,2.1477,63.49,0.0138,0.0093,0.0167,0.0101,-2.511888595331022e-09,6.640444445027783e-11,3.566402084561247e-10,-1.2001175820917708e-09
Subject01,Incline,855.0,0.185,20.0113,-0.005078900561647779,2.1477,63.49,0.014,0.011,0.0192,0.0129,9.745808904818722e-10,1.299560899589401e-10,-3.6991276765667275e-10,7.213647489699145e-11
Subject01,Incline,870.0,0.1923,16.0113,0.003921594061810404,2.1477,63.49,0.0116,0.0131,0.0167,0.0131,-9.844061015579534e-10,-2.2808481305968797e-10,1.9169888181953596e-09,6.870944355525751e-10
Subject01,Incline,885.0,0.1879,20.3113,-0.003814420435005149,2.1477,63.49,0.0137,0.0105,0.0169,0.0124,1.949983509263258e-09,6.603103784068329e-11,-1.8440531088865457e-09,1.6494597982970412e-09
Subject01,Incline,900.0,0.1922,16.8113,0.002752019335157687,2.1477,63.49,0.0142,0.0131,0.0175,0.013,-1.4105972762800527e-09,1.6077053231136682e-09,2.5820726346295325e-09,-2.5466615048727304e-09
Subject01,Incline,915.0,0.1823,16.8113,-0.0014029046484944077,2.1477,63.49,0.0145,0.0118,0.0185,0.0123,-5.046335354761314e-10,-1.5472623362742703e-09,-1.7975369602596903e-09,1.0531905051074587e-09
Subject01,Incline,930.0,0.1863,16.0613,0.0019571667127660183,2.1477,63.49,0.0134,0.0125,0.0185,0.0135,-1.1649902384782396e-10,-8.170019744727914e-11,1.9337754562300282e-10,2.3563494726103424e-11
Subject01,Incline,945.0,0.2004,17.0113,-0.0036068744343984646,2.1477,63.49,0.0138,0.0107,0.0176,0.0115,7.31341819142325e-10,1.5805862122045208e-09,1.4489370501274858e-09,-9.942236165863996e-10
Subject01,Incline,960.0,0.1858,17.4113,0.001998495008245489,2.1477,63.49,0.0135,0.0106,0.0177,0.0116,2.1130779443744953e-09,-1.49294948570598e-09,-2.2133660288769767e-09,1.2091371620065563e-09
Subject01,Incline,975.0,0.1877,18.0113,-0.001901932216656938,2.1477,63.49,0.0141,0.0108,0.0176,0.0093,-2.424238929248669e-09,1.2247128250749395e-09,2.1763133690997275e-09,-1.1990231383264269e-09
Subject01,Incline,990.0,0.1939,17.0613,-0.002854355591109291,2.1477,63.49,0.0154,0.0098,0.019,0.0112,1.4585505041460515e-10,-1.139415738041613e-09,-2.091567565836985e-09,-8.073773686075073e-13
Subject01,Incline,1005.0,0.1885,16.6113,0.002690030706540044,2.1477,63.49,0.0135,0.0109,0.0205,0.0102,-5.566971297694766e-10,-6.294249452573667e-11,7.766205856481878e-10,1.4951063790652344e-09
Subject01,Incline,1020.0,0.1905,20.2113,-0.002441115686226276,2.1477,63.49,0.0135,0.0121,0.0193,0.0132,1.0631463351228228e-09,1.062828399421733e-09,-1.2202778970125096e-09,-1.5207480345893197e-09
Subject01,Incline,1035.0,0.1995,18.8113,-0.002991606815198591,2.1477,63.49,0.0155,0.0108,0.0231,0.0118,1.63107558970508e-09,-9.211103999651815e-10,9.219292068605273e-11,2.9080793254313245e-10
Subject01,Incline,1050.0,0.196,18.2113,0.0037594586577880183,2.1477,63.49,0.0165,0.0092,0.0196,0.0096,2.8899494997259166e-10,-2.8950301693931127e-10,6.317763854960774e-11,1.1540367262117988e-09
Subject01,Incline,1065.0,0.2052,18.4113,0.002144246049439973,2.1477,63.49,0.0156,0.0096,0.018,0.0113,-7.223199663957895e-10,8.88503312474717e-11,-3.8548154283873975e-11,3.315950778112082e-10
Subject01,Incline,1080.0,0.1681,18.478,0.002665204405040535,-0.0283,63.49,0.0081,0.0081,0.0097,0.01,-2.1531324696616827e-09,-4.824860652107258e-11,-8.104173922218398e-11,-1.7486467398619222e-09
Subject01,Incline,1095.0,0.0176,15.2113,-0.003957973456121341,-0.0283,63.49,0.0091,0.0035,0.0019,0.0044,1.1174776087742363e-09,1.4820620651770672e-11,2.5753374648226528e-11,-7.51013389383014e-11
Subject01,Incline,1110.0,0.0293,9.5613,-0.005441458032129721,-0.0283,63.49,0.0059,0.0054,0.0025,0.0056,-1.1418446860099163e-09,-1.1849960671292593e-10,1.6675227024583625e-11,1.9045648335253016e-10
Subject01,Incline,1125.0,0.0082,6.0613,0.0031881926136618868,-0.0283,63.49,0.0019,0.0035,0.0024,0.0059,9.36307380753867e-11,2.1869927696168121e-10,1.9234983690987262e-11,1.6619558025559913e-10
Subject01,Incline,1140.0,0.0293,5.4113,0.0023853848518448836,-0.0283,63.49,0.0031,0.0035,0.0013,0.0075,-3.59463694860534e-11,4.282767546503476e-10,-4.802537904088993e-11,-3.275882714219266e-10
Subject01,Incline,1155.0,0.0133,1.5613,-0.0023105827967119428,-0.0283,63.49,0.0018,0.0047,0.0015,0.007,9.665821622622412e-11,-2.0370137646708289e-10,2.6807588883556838e-11,4.3542969344790534e-10
Subject01,Incline,1170.0,0.0166,-0.6887,0.0023717215908886126,-0.0283,63.49,0.0046,0.0053,0.0027,0.0069,-1.5631596526538237e-10,-2.9983245733009475e-10,-3.9185713679914174e-11,3.096104834935319e-10
Subject01,Incline,1185.0,0.0217,2.0113,0.003756613546487263,-0.0283,63.49,0.0029,0.006,0.0011,0.0045,2.4110698857204733e-12,-7.537979196120713e-11,3.5164181984927866e-11,-3.1325445700575734e-10
Subject01,Incline,1200.0,0.0128,3.1447,-0.0033534659627227742,-0.0283,63.49,0.002,0.0037,0.0027,0.0091,5.3515932918003335e-11,-2.9108673473790986e-11,1.4841158754391986e-11,-4.0325917421173833e-11
Subject01,Incline,1215.0,0.0097,-0.7887,0.003270709310178673,-0.0283,63.49,0.002,0.0038,0.0016,0.0071,-5.785812014797086e-11,1.2520395804427512e-11,-4.559224450888631e-11,1.3327906259319951e-10
Subject01,Incline,1230.0,0.0054,4.478,-0.0053589704348349036,-0.0283,63.49,0.0012,0.0027,0.0011,0.0064,1.3969981298575278e-11,1.0478613407830889e-10,-3.5076105788200063e-12,-3.8876463739861665e-10
Subject01,Incline,1245.0,0.0124,0.8113,0.0047724104472343125,-0.0283,63.49,0.0013,0.0038,0.0018,0.0068,2.2711364602096471e-10,3.0427786708569617e-10,8.62676368521724e-11,1.8343491847000003e-11
Subject01,Incline,1260.0,0.0171,2.1447,0.0021884435960855754,-0.0283,63.49,0.0016,0.006,0.0023,0.0078,-1.6113664252010833e-10,-1.1511766613668689e-10,-3.7053537695750625e-11,2.57611617592843e-10
Subject01,Incline,1275.0,0.0044,2.478,-0.0035185071750399124,-0.0283,63.49,0.0021,0.005,0.001,0.0048,-6.855345730286984e-11,-2.6856889560970736e-10,-3.669669585625341e-11,3.7970008613984404e-11
Subject01,Incline,1290.0,0.004,0.0613,-0.0022463495473428593,-0.0283,63.49,0.0016,0.0041,0.001,0.0063,-1.546470184940037e-11,-3.962793777632522e-11,8.104306758145837e-12,-8.327351977874616e-11
Subject01,Incline,1305.0,0.0036,0.1447,-0.005006170581379681,-0.0283,63.49,0.002,0.0039,0.0011,0.0059,1.5290948140925613e-10,3.599400651006224e-10,-2.0825432469254043e-11,-4.1399932681314827e-10
Subject01,Incline,1320.0,0.0054,0.0113,-0.005082084785102434,-0.0283,63.49,0.0009,0.0023,0.0012,0.007,-1.3090235933740837e-10,-3.547919223105521e-10,1.2454265460579358e-12,3.970744601828611e-10
Subject01,Incline,1335.0,0.0029,-1.1887,0.0030355751719013968,-0.0283,63.49,0.0008,0.001,0.0009,0.0069,-2.9268389062328764e-11,8.184349230382941e-12,2.8718885525410573e-11,5.1826757651648536e-11
Subject01,Incline,1350.0,0.0044,4.3113,0.002132163070714198,-0.0283,63.49,0.001,0.002,0.0009,0.0057,2.5829584776099097e-11,4.0301606649910404e-10,-3.489334887164055e-11,-4.632959431019083e-10
Subject01,Incline,1365.0,0.003,2.0113,-0.005988648543267735,-0.0283,63.49,0.0018,0.006,0.0009,0.0013,1.092820820313168e-10,2.979696512641706e-11,-2.32283087066699e-12,5.719178072002221e-11
Subject01,Incline,1380.0,0.0066,1.8113,0.0020563227125207613,-0.0283,63.49,0.0014,0.0057,0.0011,0.0024,-6.819016671751965e-11,-8.272299496352342e-12,2.2722652288590946e-11,3.971049665948021e-11
Subject01,Incline,1395.0,0.1067,8.8113,0.0017318460470047159,-0.0283,63.49,0.0054,0.0052,0.0058,0.0053,5.96960484617282e-11,-2.674990687101641e-10,-1.6073089127820018e-11,2.758725261750004e-10
Subject01,Incline,1410.0,0.0092,12.8113,-0.0048580607918483724,-0.0283,63.49,0.0035,0.0039,0.0021,0.0056,1.037705985028347e-10,4.5147364957805004e-11,3.388236895919921e-11,5.983042221173747e-11
Subject01,Incline,1425.0,0.0028,8.3113,-0.002972998304465283,-0.0283,63.49,0.0058,0.0044,0.0017,0.0058,1.0895755671236289e-10,8.034414044661612e-11,1.2476037616231347e-10,-1.2133234469762574e-10
Subject01,Incline,1440.0,0.1302,12.4113,0.004255832762860293,3.406,63.49,0.0145,0.0112,0.0219,0.0128,2.449863534724855e-09,1.3704662329927894e-10,-2.0420847974585577e-10,8.278254434163797e-10
Subject01,Incline,1455.0,0.1503,23.0613,0.001136267940450031,3.406,63.49,0.0153,0.0095,0.0204,0.0122,-2.7018772083962047e-09,1.0495810920955904e-09,2.255606123654183e-09,-1.097624273762628e-09
Subject01,Incline,1470.0,0.1569,27.8113,0.003415170072223352,3.406,63.49,0.0168,0.0103,0.0216,0.013,-4.048559987621023e-11,-1.3372769128968351e-09,-6.009982854441558e-10,6.872880749210965e-10
Subject01,Incline,1485.0,0.1494,32.4113,-0.003812681175835382,3.406,63.49,0.017,0.0103,0.0224,0.0133,1.0354177758691764e-10,-6.397629106963078e-11,6.502139387953185e-11,9.82793560912177e-10
Subject01,Incline,1500.0,0.149,32.8113,0.0033621016810600883,3.406,63.49,0.0161,0.0104,0.0219,0.0136,2.344760782610586e-09,1.2421064412809842e-10,-1.6273155055336176e-09,-1.0560198872246403e-09
Subject01,Incline,1515.0,0.1478,33.8113,-0.0036526875259118964,3.406,63.49,0.0166,0.0103,0.0211,0.0121,-9.38784801883478e-10,1.1150308677394905e-10,5.670943211875493e-10,-5.450123153611744e-10
Subject01,Incline,1530.0,0.1452,30.6113,0.0017862424102436125,3.406,63.49,0.0156,0.0104,0.0229,0.0116,-7.650811168522497e-10,-3.3035475984227874e-10,-4.5123236657346156e-10,-1.3441465313024816e-12
Subject01,Incline,1545.0,0.1416,29.0113,-0.0035536641555934272,3.406,63.49,0.0162,0.0108,0.0266,0.01,-3.463338940105853e-10,5.843608131171927e-11,2.1217095436177812e-09,1.273440874526427e-09
Subject01,Incline,1560.0,0.1437,28.0113,0.0014871188325928165,3.406,63.49,0.0174,0.0107,0.0255,0.0139,1.462043455115077e-09,1.4097865005568988e-10,-2.4581769953813255e-09,1.9535455802115348e-09
Subject01,Incline,1575.0,0.1386,29.478,0.0016846748161282526,3.406,63.49,0.0169,0.0106,0.026,0.0137,-1.13799903966171e-09,-8.989866414129509e-11,2.461039732129823e-10,-3.1241645610918934e-09
Subject01,Incline,1590.0,0.1388,31.8113,-0.0020308739960117434,3.406,63.49,0.0157,0.0099,0.0247,0.0144,4.563753287114182e-10,1.0493136235032765e-09,6.544696382769902e-10,-9.364091574089681e-11
Subject01,Incline,1605.0,0.1444,30.478,-0.0027280318686751593,3.406,63.49,0.0163,0.0118,0.0283,0.0139,-1.2072594715106505e-09,5.549156577140015e-10,2.8496398970503662e-09,-5.8103537280213156e-11
Subject01,Incline,1620.0,0.152,29.0113,-0.0015863602984407211,3.406,63.49,0.0122,0.0114,0.0265,0.0149,4.647157422883508e-10,-1.0954849183666051e-09,-1.2004726542869116e-09,2.0682570078720433e-11
Subject01,Incline,1635.0,0.1434,28.978,0.0015572605962591594,3.406,63.49,0.0157,0.0123,0.0245,0.0144,-3.7794410186160957e-10,3.5560229301659525e-10,1.0126885887567222e-09,1.9447919973183903e-11
Subject01,Incline,1650.0,0.1482,29.6113,-0.001508902278292356,3.406,63.49,0.0171,0.0116,0.0279,0.0133,5.357199592948247e-11,8.141488412228519e-10,-6.782940514487532e-10,-3.33901429593271e-11
Subject01,Incline,1665.0,0.1531,28.4113,-0.002931875636517911,3.406,63.49,0.0155,0.0098,0.0268,0.0116,-9.356478559982207e-11,-1.6833353117648255e-09,-1.1689302345252446e-09,4.873768973278409e-10
Subject01,Incline,1680.0,0.1425,28.0113,0.002435301707512842,3.406,63.49,0.0147,0.0098,0.0242,0.0137,1.1716478901934414e-10,1.7145286401735299e-09,1.7055413144989306e-09,-4.758486893339462e-10
Subject01,Incline,1695.0,0.15,30.6113,-0.002133945746188317,3.406,63.49,0.015,0.0099,0.0232,0.0128,-1.6221537954944225e-10,3.542037281301777e-10,-6.959805255158969e-10,2.0566045183418523e-11
Subject01,Incline,1710.0,0.1625,29.0613,0.0022411504342039626,3.406,63.49,0.0157,0.011,0.0271,0.014,9.321888070098792e-11,-2.1363579029649206e-09,-9.870768566165897e-10,4.178755328317287e-10
Subject01,Incline,1725.0,0.1544,31.2113,-0.0019442483143514628,3.406,63.49,0.0155,0.0101,0.0211,0.013,1.3653023921558717e-09,1.7795925922522747e-10,-1.521849227884104e-09,-3.151735060656035e-10
Subject01,Incline,1740.0,0.144,30.6447,0.0015224769808656158,3.406,63.49,0.0155,0.0092,0.0195,0.0113,-1.4711677934007182e-09,-6.337023437234056e-11,2.5337344265446178e-09,4.1223863188378697e-10
Subject01,Incline,1755.0,0.1443,30.8113,-0.0018647381486054956,3.406,63.49,0.0168,0.0104,0.0239,0.013,2.7150402107451322e-09,-1.3673839558347087e-10,-2.371596932110512e-09,-3.1636235758216006e-10
Subject01,Incline,1770.0,0.1473,31.0613,-0.0032798453503804534,3.406,63.49,0.0146,0.0107,0.0243,0.0143,-1.8819258959480796e-09,2.659267545520905e-10,1.2949380682063322e-10,-1.8242732198804944e-10
Subject01,Incline,1785.0,0.1563,31.4113,-0.005070524305301068,3.406,63.49,0.0145,0.0109,0.0241,0.0149,1.2575282351201048e-09,-1.837700271809831e-10,7.941023049499841e-10,2.6106780728670918e-09
Subject01,Incline,1800.0,0.3699,33.3113,0.004210962987364171,7.3179,63.49,0.0214,0.0179,0.031,0.023,-1.2475655462127756e-09,8.741819329133484e-10,-1.424350266238614e-09,-2.354785019403527e-09
Subject01,Incline,1815.0,0.388,46.4113,0.0010818140933353004,7.3179,63.49,0.0211,0.0192,0.0322,0.0227,1.7558605605107631e-09,-9.416036820743665e-10,9.248222814258106e-10,-3.3131803469810046e-10
Subject01,Incline,1830.0,0.3988,53.6113,-0.0012635386074472583,7.3179,63.49,0.0214,0.0182,0.0314,0.0197,3.443150425741837e-10,2.4216578946858445e-10,-5.762465208374566e-10,4.101972032760264e-09
Subject01,Incline,1845.0,0.4065,56.2113,-0.002053701071785435,7.3179,63.49,0.0218,0.0181,0.0326,0.0196,5.654644388285802e-10,-2.3106499781595167e-10,7.569129485794112e-10,-7.875809561834033e-10
Subject01,Incline,1860.0,0.4013,57.478,0.0011020212315468122,7.3179,63.49,0.0214,0.0176,0.0315,0.0197,7.722118306407428e-10,-2.193091818999353e-11,6.788975372381647e-10,2.1008272774896124e-10
Subject01,Incline,1875.0,0.3936,61.1447,0.0015948295349378575,7.3179,63.49,0.022,0.017,0.0293,0.0209,-2.4456198306253555e-09,7.534157916985866e-10,-1.4619364731834658e-09,-2.927603833811335e-09
Subject01,Incline,1890.0,0.4038,62.2113,-0.001766881401640582,7.3179,63.49,0.0213,0.0186,0.0301,0.0208,5.242908256910992e-10,4.511785811463604e-10,1.2259801800914973e-09,-3.1544622509038816e-10
Subject01,Incline,1905.0,0.4032,61.478,0.0017542441638595933,7.3179,63.49,0.0218,0.0169,0.0325,0.0212,-2.653584604572724e-10,-4.99740801706204e-10,-7.163328475371262e-10,9.881582360017839e-12
Subject01,Incline,1920.0,0.3951,62.6447,-0.0017416526870496776,7.3179,63.49,0.0214,0.0168,0.031,0.0213,-1.2028479486069588e-09,9.756473741997814e-10,2.5094453231748363e-09,-1.9005669603185583e-10
Subject01,Incline,1935.0,0.4011,63.097,0.0026715520828924358,7.3179,63.49,0.0197,0.018,0.0321,0.0202,-8.188268554783711e-10,-1.5470898336567392e-09,2.9305814256241617e-10,9.152346485966547e-10
Subject01,Incline,1950.0,0.4041,64.8113,0.0015831447802436105,7.3179,63.49,0.0207,0.0173,0.0303,0.0211,2.695672786811516e-09,-5.6013935911546203e-11,-3.3266104597025433e-09,7.700155019418814e-10
Subject01,Incline,1965.0,0.401,65.978,0.0019199666637384953,7.3179,63.49,0.0205,0.0156,0.0303,0.0185,-2.7098784040675156e-09,4.534836976561897e-09,5.4035149008371945e-09,-1.659537316780396e-09
Subject01,Incline,1980.0,0.3939,64.1447,-0.003900152769099316,7.3179,63.49,0.0187,0.0169,0.0293,0.0213,4.3623672818132845e-09,-4.558131690245971e-09,-4.715990735090251e-09,3.837310927072616e-09
Subject01,Incline,1995.0,0.3992,62.6113,0.0022447815796813797,7.3179,63.49,0.0208,0.0166,0.0293,0.021,-2.684599228328604e-09,9.877950580693844e-10,-5.488583234287348e-10,-3.777944582421596e-09
Subject01,Incline,2010.0,0.4044,66.478,-0.0022985699070505565,7.3179,63.49,0.0195,0.0167,0.0285,0.0206,-1.2924231873003876e-09,-8.94218473029078e-10,1.365422120732745e-09,1.2965493605398548e-09
Subject01,Incline,2025.0,0.4066,67.8113,0.002223512191840888,7.3179,63.49,0.0225,0.0168,0.0306,0.0212,-2.622475989230454e-10,3.343499035001915e-09,3.1863836699320102e-09,-1.3455526625768935e-09
Subject01,Incline,2040.0,0.4095,69.8113,-0.001841562575539493,7.3179,63.49,0.0214,0.0162,0.0307,0.02,3.3339907231801127e-09,-3.3750688672358463e-09,-4.715470181705661e-09,4.909910427734826e-09
Subject01,Incline,2055.0,0.3999,69.3113,-0.001807435523243135,7.3179,63.49,0.0214,0.0172,0.0297,0.0202,-3.483026123489948e-09,1.4986092894365763e-09,3.039857637244052e-09,-4.9172677768106785e-09
Subject01,Incline,2070.0,0.3924,68.0113,-0.0025480768740382205,7.3179,63.49,0.0212,0.0173,0.0289,0.024,9.053805165048784e-10,-1.1326960823573825e-10,-2.600421584830482e-09,1.781700412345363e-10
Subject01,Incline,2085.0,0.3954,64.8113,-0.002068102848191129,7.3179,63.49,0.0202,0.0177,0.0282,0.0217,-5.089514669390836e-10,-1.3942745729369818e-09,1.8363523789987393e-09,1.425504030914576e-09
Subject01,Incline,2100.0,0.3966,65.0113,-0.001792092424408347,7.3179,63.49,0.0221,0.0165,0.0263,0.021,9.46382142261241e-10,8.688407152958324e-10,-1.2182383071159734e-09,-1.5887351936914913e-09
Subject01,Incline,2115.0,0.4065,65.478,0.002006392561732286,7.3179,63.49,0.0206,0.0179,0.0327,0.0208,-8.270733310026481e-10,-8.635424907006911e-10,7.214075267725538e-10,2.0045474467404275e-09
Subject01,Incline,2130.0,0.4017,68.8113,0.0018892185625773803,7.3179,63.49,0.0212,0.0183,0.0286,0.0237,1.673613274126253e-09,3.446976448249037e-10,-1.5350723971297311e-09,-2.2096710867931287e-09
Subject01,Incline,2145.0,0.3943,69.6447,0.0029887974358289633,7.3179,63.49,0.0218,0.0184,0.0289,0.0241,-1.411580265864406e-09,5.565993445311762e-10,5.848912105340142e-10,1.3727232172400878e-10
Subject01,Running,360.0,0.5155,12.7163,0.004418420126807692,2.1805,63.49,0.0048,0.0137,0.0194,0.0134,-3.165874080290636e-10,-6.012100445426231e-10,1.4932851587471973e-10,4.0078284334323653e-10
Subject01,Running,375.0,0.5893,22.7163,-0.005919042157178242,2.1805,63.49,0.0052,0.0143,0.0196,0.0153,-1.6090706499467045e-10,3.6809022241866786e-10,2.06421768295352e-09,-1.1737465042652503e-09
Subject01,Running,390.0,0.5913,14.383,-0.002730079281011723,2.1805,63.49,0.0052,0.0139,0.0183,0.0139,1.2269848521185598e-11,1.867911926463759e-09,2.460778415897898e-09,8.909747066111123e-11
Subject01,Running,405.0,0.5972,17.133,0.003833897378095868,2.1805,63.49,0.0051,0.0134,0.0195,0.0141,4.231543860717117e-11,-4.6038252687993885e-10,-4.781950114468896e-09,-7.46671377107432e-11
Subject01,Running,420.0,0.6039,17.583,0.0021395689961063616,2.1805,63.49,0.005,0.0131,0.0204,0.0132,-4.6068613160952606e-11,-2.4366526773544296e-10,2.5789817940507993e-10,-5.233457867946786e-11
Subject01,Running,435.0,0.5911,20.133,-0.004184300029379767,2.1805,63.49,0.0051,0.0134,0.0225,0.0135,3.139077783684095e-11,-8.80694227493131e-10,-4.264721701153697e-10,1.2615226695787443e-10
Subject01,Running,450.0,0.5964,15.983,0.00307637163397888,2.1805,63.49,0.0051,0.0133,0.0181,0.0131,3.269404253137393e-10,-6.760761832947485e-10,-7.50768150789272e-11,2.388102882745099e-11
Subject01,Running,465.0,0.5938,17.133,-0.003325210570004286,2.1805,63.49,0.0049,0.0137,0.0203,0.0133,4.816370817917917e-10,-3.992241524176329e-11,-2.5516650682797592e-11,3.420840602647609e-10
Subject01,Running,480.0,0.5843,15.783,0.002533893212162345,2.1805,63.49,0.0049,0.0133,0.018,0.0121,-6.026919327694101e-11,1.1800090713278763e-10,3.3780494319371494e-11,1.3823498598133207e-09
Subject01,Running,495.0,0.5918,14.983,-0.004285447036615841,2.1805,63.49,0.0048,0.0134,0.0188,0.0128,-1.2019928460747367e-10,-6.246770439571788e-11,-4.006175832048165e-12,-1.2664791570949022e-10
Subject01,Running,510.0,0.5926,13.133,0.0021637071469737235,2.1805,63.49,0.005,0.0138,0.0209,0.0132,-4.4853092345512035e-10,-6.620659633154926e-11,-1.0832528355440023e-10,-1.2823376834262333e-11
Subject01,Running,525.0,0.5786,14.383,-0.0016214612218679197,2.1805,63.49,0.005,0.0134,0.0178,0.0138,1.1156958727869224e-11,3.9874119105389634e-11,3.1577810464262236e-10,-1.1257037878987314e-09
Subject01,Running,540.0,0.5828,13.633,0.0019373665472297878,2.1805,63.49,0.0051,0.0123,0.018,0.012,-1.9732409830323154e-10,5.492578385010425e-10,2.6888270491763142e-09,-5.884024218554286e-10
Subject01,Running,555.0,0.588,14.133,-0.003417708715096202,2.1805,63.49,0.0048,0.0134,0.0213,0.0141,6.96928582561084e-11,1.2453193395676879e-09,1.9497044391889274e-09,2.8559373186011316e-10
Subject01,Running,570.0,0.5868,12.133,-0.00319056570127182,2.1805,63.49,0.0048,0.0142,0.0201,0.0154,-9.304750439858499e-11,4.72602548613624e-10,2.9055418332366754e-10,-2.870577760952182e-10
Subject01,Running,585.0,0.5968,13.983,0.0039398989562687515,2.1805,63.49,0.0048,0.0125,0.0192,0.0114,9.201385614913132e-11,-2.3506000596463207e-09,-3.426851562799472e-09,3.277591330004269e-10
Subject01,Running,600.0,0.5927,15.983,-0.003263202018450346,2.1805,63.49,0.0047,0.0127,0.0163,0.0126,9.498878917996364e-11,9.079036165044992e-11,-1.4899316114290827e-09,4.0974719494927767e-10
Subject01,Running,615.0,0.5904,15.383,0.002603306150690989,2.1805,63.49,0.0047,0.0123,0.0168,0.0119,-1.2324204613914298e-10,1.2445921677009268e-10,1.1833082588340447e-09,-2.2899586579146458e-10
Subject01,Running,630.0,0.5956,16.633,-0.004222506032628757,2.1805,63.49,0.005,0.0135,0.0204,0.0137,-2.199343972028619e-11,-2.685125818460792e-11,-8.18021184287836e-10,1.262825344872136e-10
Subject01,Running,645.0,0.59,16.583,0.0018594067679670381,2.1805,63.49,0.0051,0.0129,0.0171,0.0124,3.337318334698814e-11,-1.0876419437221626e-10,3.0291015029563417e-09,-4.845445481620429e-10
Subject01,Running,660.0,0.5871,13.633,-0.004436942106830232,2.1805,63.49,0.0049,0.0128,0.0192,0.0132,-1.9867445495396588e-11,8.273524638219103e-10,-9.831106871461325e-10,-1.476016266195385e-10
Subject01,Running,675.0,0.5876,15.383,0.0030258691462738147,2.1805,63.49,0.005,0.0126,0.0167,0.0127,-2.7835282321621672e-11,9.965967339093054e-10,9.432971952614888e-10,9.61397335278316e-12
Subject01,Running,690.0,0.5913,15.883,-0.004239729325507469,2.1805,63.49,0.0049,0.012,0.0166,0.0128,-2.100975860082714e-11,-6.400936988107503e-10,-2.646205575460668e-09,-2.065971086747058e-12
Subject01,Running,705.0,0.5978,12.583,-0.00498792115838125,2.1805,63.49,0.0047,0.0128,0.0175,0.0136,-1.74639303495322e-11,-1.1307767459148268e-11,-1.2532239700052084e-09,5.920072320940549e-11
Subject01,Running,720.0,1.0645,15.2163,0.006834275512013099,7.4136,63.49,0.0141,0.0241,0.0296,0.0237,1.5523195149436397e-09,-1.3591693231414957e-09,1.1298976370889515e-09,1.5080837421020462e-09
Subject01,Running,735.0,1.3223,32.883,-0.004341549392002218,7.4136,63.49,0.0182,0.0285,0.0271,0.0257,-1.1405075903024324e-09,3.6521625486933325e-10,-2.849340262130525e-10,3.117224359591245e-09
Subject01,Running,750.0,1.3521,38.583,0.0019705586660209037,7.4136,63.49,0.0184,0.0277,0.0273,0.0249,-2.1763313320284278e-10,1.9940092422900438e-10,-1.117218128458336e-10,5.134408837150288e-10
Subject01,Running,765.0,1.344,45.133,-0.0012633400426616285,7.4136,63.49,0.0175,0.0275,0.026,0.0258,1.1792641029449805e-09,-4.3405299280273163e-11,-2.9232651001065184e-10,-5.2188998651623064e-09
Subject01,Running,780.0,1.3635,51.0496,0.00364569889168326,7.4136,63.49,0.0177,0.0268,0.0258,0.0249,-2.835874423972337e-10,2.1940489422291195e-09,3.2020506668790116e-09,9.87012612054629e-11
Subject01,Running,795.0,1.3673,53.383,-0.0033323169213161988,7.4136,63.49,0.0171,0.0268,0.0278,0.0234,-7.699415454378908e-10,-2.0459632852933686e-09,-2.8419432103308746e-09,4.277348670179846e-09
Subject01,Running,810.0,1.3556,53.2163,-0.001917489170605104,7.4136,63.49,0.0177,0.0277,0.0249,0.0242,1.86132203380932e-09,3.572443297919368e-09,-3.83714828799661e-10,-4.043096621332832e-09
Subject01,Running,825.0,1.3424,54.383,0.002145752552930875,7.4136,63.49,0.0173,0.0265,0.0255,0.0253,-8.247137303776377e-10,-3.905003488347061e-09,2.315975274222106e-10,2.4898128027951423e-09
Subject01,Running,840.0,1.3337,56.5496,-0.001389063044261693,7.4136,63.49,0.0176,0.0279,0.0265,0.0231,-1.2087901324422471e-09,-2.025865765996367e-10,1.2278067838352184e-09,-1.6325466946774612e-09
Subject01,Running,855.0,1.3441,55.0496,-0.004272106466008371,7.4136,63.49,0.017,0.0279,0.0266,0.024,1.602008816723087e-09,1.9817189097696475e-09,-1.3123956343806062e-09,-9.593361008935225e-10
Subject01,Running,870.0,1.3608,54.383,-0.002884179682491237,7.4136,63.49,0.0169,0.027,0.0251,0.0238,-1.5438185897600106e-09,-1.6177857931464043e-09,4.970823959440724e-10,5.5366344813497195e-09
Subject01,Running,885.0,1.3408,52.0496,0.0025902486062661855,7.4136,63.49,0.0175,0.0257,0.0261,0.0234,-1.0075397578728705e-10,-5.396107549771957e-10,2.2906816269839897e-09,-5.357018008892165e-09
Subject01,Running,900.0,1.3672,54.7163,0.003982232547510851,7.4136,63.49,0.0167,0.025,0.0257,0.0249,2.1292476504859892e-09,4.964741084120419e-09,-3.376069781114259e-09,-3.14750724868102e-11
Subject01,Running,915.0,1.3682,57.8116,-0.004136341555321353,7.4136,63.49,0.0163,0.0265,0.0286,0.0235,-2.1860251850607524e-09,-4.36211212102965e-09,7.15522275075157e-09,4.769162806290374e-09
Subject01,Running,930.0,1.355,58.7163,0.004420144080838525,7.4136,63.49,0.0164,0.0255,0.027,0.0235,2.4974361552500495e-10,2.75409151294921e-10,6.630542837312779e-10,-5.330837548036024e-09
Subject01,Running,945.0,1.3699,58.7163,-0.0035003568454195816,7.4136,63.49,0.0167,0.0247,0.0261,0.0232,-2.75423102204193e-10,-6.271773383768184e-10,-1.8149792257964432e-09,1.0213980955528494e-10
Subject01,Running,960.0,1.3836,57.0496,0.007644798963312601,7.4136,63.49,0.0159,0.0251,0.0264,0.0233,-5.007719941066099e-11,-1.2237405821746704e-10,-1.5001797266841956e-09,3.1069240579950496e-10
Subject01,Running,975.0,1.3822,57.8116,-0.005164745789261867,7.4136,63.49,0.0167,0.0256,0.0252,0.0233,2.1182133793768294e-10,7.310977862334345e-10,-4.057460766389488e-09,4.88975883442786e-09
Subject01,Running,990.0,1.3883,54.2163,-0.0036401479616186916,7.4136,63.49,0.0168,0.0249,0.0252,0.0246,1.4611379460493463e-09,-5.586248453023338e-10,2.961049138036889e-11,-4.093641710323981e-09
Subject01,Running,1005.0,1.3903,50.883,0.005548370602066747,7.4136,63.49,0.0175,0.0248,0.0264,0.0237,-1.428114065806137e-10,3.749778632020014e-09,-3.5929458796422314e-10,-6.712463355454621e-10
Subject01,Running,1020.0,1.3895,51.383,0.013325111405514943,7.4136,63.49,0.0167,0.0251,0.0244,0.0234,8.63836883654126e-10,-1.3506140720544136e-10,-8.090776587047573e-11,2.914398911658889e-11
Subject01,Running,1035.0,1.3889,57.0496,-0.004147788410038949,7.4136,63.49,0.0166,0.0247,0.0254,0.0228,-5.051712262465961e-10,2.6914745494976927e-09,2.641011124431749e-10,2.717495161500593e-12
Subject01,Running,1050.0,1.3945,59.5496,0.002651239496737212,7.4136,63.49,0.0174,0.0251,0.0257,0.0228,5.571969555556328e-10,-1.414774869462578e-09,-7.48849206102124e-10,-9.808701940648438e-11
Subject01,Running,1065.0,1.4381,61.8116,-0.0020652439888645944,7.4136,63.49,0.0175,0.0239,0.0263,0.023,7.461624245696534e-10,-9.664726408398431e-10,5.752130812724265e-10,8.543789383655759e-11
Subject01,Running,1080.0,1.8382,65.0496,-0.002686063572576098,9.487,63.49,0.0188,0.0265,0.0351,0.024,-3.1250419272643304e-09,-4.267831919205975e-09,4.004818010940987e-09,3.5359924856270345e-10
Subject01,Running,1095.0,1.8357,67.883,0.0025992451096663502,9.487,63.49,0.0187,0.0257,0.0321,0.0255,1.880677495247079e-09,6.245464844115197e-10,-3.5416879734296052e-09,-7.119505577875476e-10
Subject01,Running,1110.0,1.848,73.8116,-0.008456526582814705,9.487,63.49,0.0188,0.0255,0.0309,0.0229,-1.7035366849771189e-09,-5.197209005342721e-12,2.059126791584613e-09,4.204460366777237e-09
Subject01,Running,1125.0,1.868,74.0496,0.0033677648105964646,9.487,63.49,0.0188,0.0247,0.0309,0.0232,-1.9433594607381144e-10,-2.4889542066146217e-10,4.335232716980536e-09,-4.160584844998734e-09
Subject01,Running,1140.0,1.8349,76.9544,-0.003143973119493654,9.487,63.49,0.0193,0.0257,0.0334,0.0247,1.6961491902228705e-09,3.4434713597405086e-09,-6.868516220949422e-09,3.843594209521444e-10
Subject01,Running,1155.0,1.825,78.9544,-0.0012572730901607588,9.487,63.49,0.0191,0.0249,0.0311,0.0241,-6.52467759468999e-10,-1.8236583322353184e-09,4.999156586124707e-10,-1.369177160830689e-10
Subject01,Running,1170.0,1.7779,79.6687,-0.005633700506633002,9.487,63.49,0.0189,0.0266,0.0307,0.0241,1.1778343523607286e-09,-1.2689465525919254e-09,-1.505243660829775e-10,-1.1088230097363822e-10
Subject01,Running,1185.0,1.8535,78.7163,-0.0024328321091184237,9.487,63.49,0.0184,0.0255,0.0301,0.0233,-1.678738400514834e-09,-1.0345845682663061e-10,2.4895867270035113e-09,3.547444741697293e-09
Subject01,Running,1200.0,1.8482,77.6687,0.004157549528306118,9.487,63.49,0.019,0.0258,0.0336,0.0236,-2.8719123032495063e-10,-4.2770528315968485e-11,-2.6528501584749857e-09,-4.854996396872369e-10
Subject01,Running,1215.0,1.838,78.9544,0.0025146766516001336,9.487,63.49,0.0175,0.0257,0.0301,0.0234,-2.5410787510607404e-11,4.746184403186938e-11,-1.926996925616498e-10,2.8311922949848527e-09
Subject01,Running,1230.0,1.8298,82.5258,-0.0022821474374740292,9.487,63.49,0.0173,0.0256,0.0296,0.0235,-4.230524208378373e-11,3.2028659985997056e-10,4.624492893155269e-10,-9.458666219944832e-10
Subject01,Running,1245.0,1.834,81.0973,-0.002927723963630769,9.487,63.49,0.0173,0.0257,0.0292,0.0231,4.5052589220625966e-11,-3.858160288342089e-10,-3.461540388638623e-10,-1.87801473177206e-09
Subject01,Running,1260.0,1.8709,81.5258,0.0019692009846473475,9.487,63.49,0.0171,0.0253,0.0308,0.0227,-1.7919580325761656e-10,-2.841960470091819e-10,3.5994283673915987e-09,-2.5042935242486583e-09
Subject01,Running,1275.0,1.7982,86.133,-0.0016693708616605826,9.487,63.49,0.0166,0.0255,0.0286,0.0232,-7.228901710628467e-11,-2.0219628334595463e-11,2.2504481927011225e-09,-5.638152641511032e-10
Subject01,Running,1290.0,1.7813,87.5496,-0.002023685156056928,9.487,63.49,0.0163,0.0257,0.0285,0.0232,-3.0513099968105375e-11,-1.4671047956069784e-10,4.2621712035318957e-10,9.825544769311411e-11
Subject01,Running,1305.0,1.8005,86.383,-0.0019534083806247234,9.487,63.49,0.0173,0.0253,0.03,0.0232,-6.0807622917307e-11,1.597933378104438e-10,6.632836231671777e-10,-9.544915173384977e-11
Subject01,Running,1320.0,1.8566,86.758,0.001719168209231977,9.487,63.49,0.0168,0.0245,0.0298,0.0226,1.9390894640704098e-10,3.8270287686236925e-10,-6.5691461853295046e-09,3.468907754138751e-09
Subject01,Running,1335.0,1.8149,87.8116,0.001738806628951733,9.487,63.49,0.017,0.0248,0.03,0.0226,7.906383594491512e-10,-1.9018794827829269e-10,4.990397869668545e-10,-1.6657250545952345e-09
Subject01,Running,1350.0,1.8375,88.133,-0.0018742404589261578,9.487,63.49,0.0161,0.0246,0.0302,0.0216,8.01204478580704e-10,3.876486342941135e-09,-1.064425404215749e-09,-1.5018096070913661e-09
Subject01,Running,1365.0,1.8392,87.383,-0.003008562796382142,9.487,63.49,0.0168,0.0243,0.0318,0.0227,-1.7102575496517566e-09,-3.5732404610237977e-09,8.878415275185588e-09,-6.95781780141661e-10
Subject01,Running,1380.0,1.8421,85.9544,-0.001972366985655049,9.487,63.49,0.0159,0.0244,0.0287,0.0226,2.77092581171709e-10,-2.798391417413184e-10,-7.505026944535446e-09,4.747972198541621e-09
Subject01,Running,1395.0,1.8619,84.133,0.002694623494339091,9.487,63.49,0.0164,0.0248,0.0283,0.0217,1.298274362045929e-09,-1.9133180762698798e-10,-9.247079990567306e-10,-4.48549292611364e-09
Subject01,Running,1410.0,1.8591,86.258,0.0022101929178036674,9.487,63.49,0.0163,0.0242,0.0295,0.0216,4.546429000697576e-10,4.026973360425869e-09,-2.9240591353742404e-10,5.197046343024843e-10
Subject01,Running,1425.0,1.8301,88.0973,0.0021302817790698025,9.487,63.49,0.0159,0.0243,0.0294,0.0221,-8.806247782996181e-10,-4.00579002559673e-09,3.3220588451214873e-10,-3.5919069994857536e-10
Subject01,Walking,360.0,0.346,2.7667,0.0029427952340785684,1.8304,63.49,0.0109,0.0098,0.0126,0.0113,-1.626377705503627e-09,1.1997869007186439e-09,-5.485769229953047e-10,-8.252775498974878e-10
Subject01,Walking,375.0,0.3831,12.4,-0.0023134224402126236,1.8304,63.49,0.0085,0.0102,0.0132,0.0124,-2.0939399080683248e-11,-1.219163981640057e-10,9.308765410454384e-11,-5.5106507705000915e-11
Subject01,Walking,390.0,0.3836,11.8,-0.0022312369365494688,1.8304,63.49,0.0084,0.01,0.0122,0.011,1.0722092069424918e-10,7.4449714989675e-10,-8.746662801828143e-10,9.329907872428317e-11
Subject01,Walking,405.0,0.3918,13.1,0.0034683427983686096,1.8304,63.49,0.0079,0.0094,0.012,0.0112,-1.3362804104985147e-10,-2.1257867963913712e-10,1.548070145806525e-09,-6.23696874457547e-11
Subject01,Walking,420.0,0.3934,13.6,-0.0037705206634120188,1.8304,63.49,0.0073,0.0097,0.0132,0.0119,8.661729948352781e-11,-3.503026605563761e-10,3.0500299708210096e-10,-5.822456530122908e-12
Subject01,Walking,435.0,0.3918,8.1,0.00259227954433468,1.8304,63.49,0.0079,0.0097,0.0137,0.0109,-1.0890403099510074e-10,-1.9568637311162838e-10,-3.9804032084277667e-10,-6.902561068139646e-11
Subject01,Walking,450.0,0.3889,7.4,-0.0016001574595953655,1.8304,63.49,0.0077,0.0092,0.014,0.0105,5.3539833704891766e-11,2.5663636230508764e-10,4.5020233938717573e-10,1.0806081722183763e-10
Subject01,Walking,465.0,0.3952,6.8,0.0028363922919094195,1.8304,63.49,0.0083,0.0093,0.0126,0.0112,6.253654894242823e-11,-8.172332775693155e-10,1.0637297842416344e-09,9.236095097893027e-12
Subject01,Walking,480.0,0.3894,7.2,-0.005232822104000065,1.8304,63.49,0.0083,0.0094,0.0144,0.0106,-4.6396859735759667e-11,-4.2381601762813403e-10,-1.4162228401333363e-09,7.570438559236376e-10
Subject01,Walking,495.0,0.3931,4.6,0.002144581634980074,1.8304,63.49,0.0077,0.0101,0.0147,0.0105,-2.7726440251777517e-11,6.071131990987318e-11,-1.3093716932821576e-09,4.1014243551834403e-10
Subject01,Walking,510.0,0.3933,5.1,0.002084049252850189,1.8304,63.49,0.0081,0.0092,0.0125,0.0107,1.083381036519209e-09,-1.232530308309175e-10,-3.44951025792994e-10,-1.2192517765363048e-10
Subject01,Walking,525.0,0.3833,4.4,-0.0026516613420748615,1.8304,63.49,0.0089,0.0099,0.0133,0.0114,2.9921997974462033e-10,-4.913137757455055e-11,7.068546892601233e-11,7.116005980110238e-10
Subject01,Walking,540.0,0.3892,2.6,0.0033254438994227086,1.8304,63.49,0.0072,0.0095,0.0119,0.0107,-5.292757918147073e-10,6.951351044848127e-11,2.4343030344793317e-10,-2.8784679430572595e-10
Subject01,Walking,555.0,0.4034,4.2,-0.004459497811450647,1.8304,63.49,0.0084,0.0092,0.0117,0.0103,8.809436489149996e-10,4.199623948526082e-10,-3.028848322095259e-10,-1.5317201905937728e-09
Subject01,Walking,570.0,0.3974,5.2,0.004336166960210704,1.8304,63.49,0.0083,0.0082,0.0123,0.01,-1.5972511319492192e-09,3.635600782702545e-10,-2.3177860010767546e-11,9.315402633723434e-11
Subject01,Walking,585.0,0.3954,7.0,-0.0028805345817999144,1.8304,63.49,0.0083,0.0102,0.0133,0.0116,-9.224966597818054e-11,6.944516739721479e-10,2.5413611492046914e-09,-5.360566373864863e-12
Subject01,Walking,600.0,0.3976,5.2,0.00473504947686013,1.8304,63.49,0.0082,0.0095,0.0143,0.0107,-3.23832944459218e-11,-1.098632764228054e-09,1.3080177487712092e-10,-1.10820811102859e-10
Subject01,Walking,615.0,0.3855,6.0,-0.0029194676059911308,1.8304,63.49,0.0082,0.0082,0.0129,0.0098,-8.063777880591849e-11,-2.2674657278042826e-10,-1.4334761002187503e-09,1.417937193325686e-09
Subject01,Walking,630.0,0.3937,4.6,0.0033155936414685084,1.8304,63.49,0.0105,0.0087,0.0126,0.0106,2.0754846031137917e-09,-1.1785783745752446e-10,-9.019397424793793e-10,-2.0888167018130925e-10
Subject01,Walking,645.0,0.3928,6.8,-0.004461052681931581,1.8304,63.49,0.0104,0.01,0.0113,0.0103,-1.754807208153205e-09,1.3423527016173607e-09,2.077126990532543e-10,-1.1981730164273007e-09
Subject01,Walking,660.0,0.3862,6.1,0.0028650575918585408,1.8304,63.49,0.0096,0.0094,0.013,0.0111,1.4261459942156392e-10,-1.3420207622311085e-09,7.72091850887471e-10,6.936568612247143e-10
Subject01,Walking,675.0,0.3881,6.6,-0.0026657140544082726,1.8304,63.49,0.0087,0.0087,0.0117,0.0103,4.3413757727375755e-10,3.8006670359705516e-11,-1.2719427776437314e-09,7.844548974333454e-10
Subject01,Walking,690.0,0.394,9.2,0.002887018798761914,1.8304,63.49,0.0094,0.0092,0.0104,0.0096,-4.200588308148131e-10,2.739207894395476e-10,7.047652668931888e-11,-1.4554170691335718e-09
Subject01,Walking,705.0,0.3935,9.0,-0.002985389772361664,1.8304,63.49,0.0092,0.0093,0.0118,0.0107,-3.8467050669670295e-10,7.573449894868886e-10,2.01972239305171e-09,4.0631469805269646e-11
Subject01,Walking,720.0,0.4908,6.0,0.0020476773179931664,2.2464,63.49,0.0101,0.0105,0.0145,0.0144,-6.223048456458703e-11,6.96769871748893e-10,-1.0884772798596393e-10,-3.495339582986295e-11
Subject01,Walking,735.0,0.5462,11.4,0.0024875648912159798,2.2464,63.49,0.0093,0.0116,0.0163,0.015,1.8418835658033902e-09,-1.672235489424022e-09,-1.7978919328798496e-09,2.6605777069949218e-09
Subject01,Walking,750.0,0.5621,13.1,0.0027254619488450062,2.2464,63.49,0.0081,0.011,0.0158,0.0139,-1.715055695121323e-09,-2.8522845952408564e-11,1.7339520081356752e-09,-1.4431145620483271e-09
Subject01,Walking,765.0,0.5658,13.8,-0.003061591520662495,2.2464,63.49,0.0082,0.0107,0.0155,0.0135,-7.783934871355708e-11,1.5678178151457943e-09,1.824670355737646e-10,-1.2266310256227086e-09
Subject01,Walking,780.0,0.561,7.85,0.003934588733283505,2.2464,63.49,0.0098,0.0115,0.0182,0.0157,8.738167307446404e-10,-1.4678676192782663e-09,-2.142413182852719e-09,4.38133790379851e-10
Subject01,Walking,795.0,0.5569,7.2,0.0034581976342055974,2.2464,63.49,0.01,0.0113,0.0176,0.013,1.0646757754692515e-09,-1.939454058784172e-10,-5.4181694045849674e-11,1.100916195938982e-09
Subject01,Walking,810.0,0.5748,11.0,0.0022242219860658516,2.2464,63.49,0.0088,0.0108,0.0197,0.0126,-1.949202910210347e-09,4.8251565725960214e-11,6.436985302887075e-10,-3.736038870741526e-10
Subject01,Walking,825.0,0.5656,10.8,-0.003042466186200778,2.2464,63.49,0.0085,0.0111,0.0182,0.0138,3.259022928110704e-11,3.7308062896081505e-10,3.9103380270745667e-10,-1.107017773413844e-09
Subject01,Walking,840.0,0.5703,10.4,0.003024625102415066,2.2464,63.49,0.0098,0.0105,0.0148,0.0136,1.875923964100718e-10,1.5313446318469292e-09,1.2077413126941515e-09,-5.387754241208878e-11
Subject01,Walking,855.0,0.5726,10.8,-0.0027693904308607313,2.2464,63.49,0.0085,0.0107,0.0181,0.0134,1.0520237238359001e-10,-1.524844130143236e-09,-2.003180133047782e-09,2.2209392673451917e-13
Subject01,Walking,870.0,0.5717,11.8,0.0020680539157466077,2.2464,63.49,0.0082,0.0115,0.018,0.0131,2.444245743554451e-09,-4.1361137091327107e-10,-1.0772006921311356e-10,1.9531543375651938e-09
Subject01,Walking,885.0,0.5746,9.8,-0.0035878457540880065,2.2464,63.49,0.008,0.0105,0.0202,0.0125,-2.9869277130924363e-09,6.81927914991469e-11,4.797023623869036e-10,-1.2864234546554304e-09
Subject01,Walking,900.0,0.5865,9.4333,0.002925837075232919,2.2464,63.49,0.0091,0.0104,0.0208,0.0128,3.6611197579550134e-11,-9.556883186852637e-12,1.0615764172251407e-09,3.1975285478626357e-10
Subject01,Walking,915.0,0.5777,11.2,0.00307858076955164,2.2464,63.49,0.0086,0.0111,0.0229,0.0129,2.570652185924007e-10,-6.2130458544220745e-12,-7.449093183717241e-10,7.03848961380513e-10
Subject01,Walking,930.0,0.5791,13.6,0.00202814248896612,2.2464,63.49,0.0086,0.0103,0.0239,0.0125,4.7624468067409746e-11,-1.8659496644563794e-11,1.189843456502819e-09,-1.4247549808698426e-09
Subject01,Walking,945.0,0.5721,11.8,-0.0027910584604527774,2.2464,63.49,0.0085,0.0107,0.0216,0.0125,-1.4087158473650676e-10,9.993258931581077e-10,6.898395407647746e-10,-2.279985857353764e-10
Subject01,Walking,960.0,0.5762,8.6,-0.004706404060215458,2.2464,63.49,0.0084,0.0102,0.0244,0.0126,-5.867473877599829e-12,1.2230958167213806e-09,8.585362420849985e-10,1.6391208679526073e-10
Subject01,Walking,975.0,0.5794,6.0,0.004224119659394423,2.2464,63.49,0.009,0.0102,0.0226,0.012,2.026199287364813e-11,-6.165186171960173e-10,-1.2958797660544822e-09,-2.672225355399872e-10
Subject01,Walking,990.0,0.5796,7.4,-0.0019773760578226914,2.2464,63.49,0.0081,0.011,0.0189,0.0129,2.1180962082066093e-10,-9.257643871948784e-10,3.3351070616899284e-10,1.6542041491401723e-10
Subject01,Walking,1005.0,0.5749,7.7667,-0.0012163011426508216,2.2464,63.49,0.008,0.0101,0.0208,0.0124,1.0443924745006022e-09,-5.994774070004156e-10,-2.7197549409160785e-09,1.2732361368916956e-09
Subject01,Walking,1020.0,0.5813,8.0,-0.002828510298552079,2.2464,63.49,0.0078,0.0106,0.0184,0.0122,-1.5183824620999722e-09,-5.56618532372884e-11,9.030918058589752e-10,-5.305163322212943e-10
Subject01,Walking,1035.0,0.5749,9.6,0.0022980862822653725,2.2464,63.49,0.0083,0.0109,0.0201,0.0127,4.0867412511774054e-10,7.645384357268143e-10,7.279363493740659e-10,-6.74955647103558e-10
Subject01,Walking,1050.0,0.5817,10.9333,-0.002139866087183677,2.2464,63.49,0.0079,0.0107,0.0201,0.0127,4.131311782446478e-11,7.711454999402586e-10,9.337947469530225e-10,-2.3038370373983278e-10
Subject01,Walking,1065.0,0.5224,8.8,-0.002595614156384547,2.2464,63.49,0.0088,0.0109,0.0194,0.0132,-2.3105833443100076e-10,-6.660680283328428e-10,-1.5198960404709915e-09,7.582911705897044e-11
Subject01,Walking,1080.0,0.2163,6.35,0.0019987590854178136,0.9629,63.49,0.0083,0.0089,0.0134,0.0099,9.331118864607484e-10,-9.921738447919613e-10,-1.0295825200234331e-09,1.940859430643261e-09
Subject01,Walking,1095.0,0.2096,3.1,-0.006298006995620328,0.9629,63.49,0.0081,0.0086,0.0106,0.0095,-3.9353268226670135e-10,5.431107065820098e-10,1.933669554866124e-10,-1.8839988305258466e-09
Subject01,Walking,1110.0,0.2166,3.8,0.0025471589098601086,0.9629,63.49,0.0069,0.0089,0.0108,0.0081,-5.207621681703187e-10,4.234117794544173e-10,-9.413862980777841e-11,-1.4846677819372735e-10
Subject01,Walking,1125.0,0.209,4.6,0.002980211501877017,0.9629,63.49,0.0064,0.0082,0.0096,0.0082,1.5056993244973336e-10,-3.564706499513807e-11,2.806097415195844e-10,2.1605508257857127e-10
Subject01,Walking,1140.0,0.2162,2.4,-0.004060856355662061,0.9629,63.49,0.0059,0.0082,0.0088,0.0089,-1.8923833286012125e-10,-8.089292118120272e-10,5.859784279203739e-10,1.005660540386052e-09
Subject01,Walking,1155.0,0.2137,2.6,-0.001967585800036277,0.9629,63.49,0.0054,0.0077,0.0094,0.0085,8.522478988293253e-10,-9.60176884988626e-11,-9.103648230861326e-10,7.317057333449632e-11
Subject01,Walking,1170.0,0.2127,4.0,-0.005089282480565325,0.9629,63.49,0.0062,0.0075,0.0098,0.0084,-6.217983724151605e-10,5.7906146661562305e-11,7.43154521298273e-12,-1.2498141121907167e-09
Subject01,Walking,1185.0,0.2162,0.0,0.002985630330786122,0.9629,63.49,0.0061,0.0081,0.0104,0.0085,-5.825446839119621e-11,5.929319673134757e-10,1.6856319825536604e-09,3.5038775336309335e-11
Subject01,Walking,1200.0,0.2159,5.2667,0.0017212349097514255,0.9629,63.49,0.0075,0.0076,0.0099,0.0085,-1.560586594393401e-11,-5.942299366748831e-10,-1.7441519312368484e-09,6.528127317235642e-10
Subject01,Walking,1215.0,0.22,8.1,0.0020883305823562147,0.9629,63.49,0.0057,0.0078,0.0089,0.009,-1.3135760811112165e-10,8.414456033949811e-11,8.054612468128274e-11,-7.176453259993511e-10
Subject01,Walking,1230.0,0.2115,7.8,-0.0033637357217843685,0.9629,63.49,0.0071,0.0076,0.0101,0.0077,4.3977055839866636e-10,5.390859009104421e-10,-1.0668100598877741e-10,1.2557686456261516e-10
Subject01,Walking,1245.0,0.2042,5.4,0.004024344255191417,0.9629,63.49,0.006,0.0077,0.008,0.0083,-4.220510878970134e-10,6.940590025038327e-10,8.035091898395149e-10,-9.460837551071746e-11
Subject01,Walking,1260.0,0.2108,1.85,0.0017464701083484077,0.9629,63.49,0.0069,0.0072,0.009,0.008,2.7949612049811408e-11,-1.279062637790298e-09,5.457986912850657e-10,8.393955564644085e-11
Subject01,Walking,1275.0,0.2055,1.2,0.002527105679302141,0.9629,63.49,0.0064,0.0074,0.0084,0.0083,-4.321473600803344e-11,-1.7237643605809632e-10,-3.705945552392371e-10,-2.2149088924072303e-11
Subject01,Walking,1290.0,0.2066,0.0,-0.00249160233859588,0.9629,63.49,0.0053,0.0072,0.0087,0.0083,6.205611966252179e-11,9.643009774028426e-11,-8.176185324525297e-10,7.615703877368405e-10
Subject01,Walking,1305.0,0.207,-2.0,0.0023644144871071923,0.9629,63.49,0.005,0.0069,0.0089,0.0086,3.377807916934664e-10,2.183834481551742e-11,-9.394874163742375e-11,7.299986183220723e-10
Subject01,Walking,1320.0,0.2068,-1.6,0.0027855293678297564,0.9629,63.49,0.0056,0.007,0.0103,0.0084,6.874746561659181e-10,-3.48238683059391e-13,4.6457783409353584e-11,-7.356525067215563e-10
Subject01,Walking,1335.0,0.2154,0.4,0.0016725679420800902,0.9629,63.49,0.0052,0.0075,0.0092,0.0089,-1.016164276110395e-09,5.478312154077674e-10,3.209941920755493e-10,-7.901760808377418e-10
Subject01,Walking,1350.0,0.2046,1.8,-0.0023836368382630507,0.9629,63.49,0.0054,0.0074,0.0079,0.0082,-3.5609073915362893e-12,5.326492553103756e-10,5.604024370005945e-10,-9.193144237843035e-11
Subject01,Walking,1365.0,0.2164,1.4,0.002979304821675116,0.9629,63.49,0.005,0.0079,0.0091,0.0084,-2.264069226327493e-11,-1.1085609074840337e-09,-6.834338913792667e-10,4.715224568822228e-10
Subject01,Walking,1380.0,0.2114,-0.4,-0.002716697619813552,0.9629,63.49,0.0068,0.0073,0.0079,0.0091,8.511854004691798e-10,-3.243180261584807e-13,-1.9903803424217406e-10,5.678114094068644e-10
Subject01,Walking,1395.0,0.2134,-1.15,-0.002200612455439318,0.9629,63.49,0.006,0.0074,0.0094,0.0084,-5.299203622949704e-10,2.8936497449940803e-10,-3.8271096790615636e-11,-1.0002090699289952e-09
Subject01,Walking,1410.0,0.2139,-0.4,0.0040856712786184,0.9629,63.49,0.0056,0.0074,0.009,0.0084,-3.384638180275493e-10,4.399377095868121e-10,-8.963462366428172e-11,-6.640795369886209e-12
Subject01,Walking,1425.0,0.2079,0.6,0.0015403392623502949,0.9629,63.49,0.0074,0.0074,0.0091,0.0089,2.2056501404657246e-11,-3.8795078882214324e-10,5.111030029242863e-10,1.4425150893961489e-11
Subject02,Cycling,360.0,0.3455,5.1214,0.007282390436257115,5.9295,63.49,0.0089,0.0233,0.0074,0.0214,3.942792430447517e-11,2.454940494612915e-10,-2.838538439901159e-10,3.992634768420945e-09
Subject02,Cycling,375.0,0.4802,28.5714,-0.0014495574677247975,5.9295,63.49,0.0135,0.0235,0.0077,0.0273,2.5299188254041727e-10,-1.586265077105146e-10,5.763251232483924e-10,-1.1730071748753869e-09
Subject02,Cycling,390.0,0.4423,39.6548,-0.002513104657632183,5.9295,63.49,0.0093,0.0197,0.0059,0.0237,-3.7919583751508613e-10,1.6243124354791164e-10,4.854058411184488e-10,-1.943944913682493e-09
Subject02,Cycling,405.0,0.4322,40.9881,-0.0017999422884910812,5.9295,63.49,0.0165,0.0215,0.0068,0.0249,4.322844560015529e-09,2.773292558554567e-09,-5.786311040945536e-10,-3.46380301085579e-10
Subject02,Cycling,420.0,0.4287,40.9881,0.0017123663677160615,5.9295,63.49,0.0102,0.0192,0.0063,0.0233,-4.148812097966432e-09,-2.6776542366026745e-09,1.6565629608772641e-10,3.074590692265266e-09
Subject02,Cycling,435.0,0.4144,40.8214,0.0006019029605641155,5.9295,63.49,0.0072,0.0175,0.0047,0.0212,6.727018454527596e-10,-1.845253922035823e-10,1.7643709325133523e-11,-3.4268742680258338e-09
Subject02,Cycling,450.0,0.4119,39.0714,0.0016357534291061514,5.9295,63.49,0.0057,0.016,0.0048,0.0183,-4.79760653275104e-10,3.000771611336347e-10,-1.0768932016513199e-10,2.5987791807358115e-09
Subject02,Cycling,465.0,0.4195,39.6548,-0.001659469900906257,5.9295,63.49,0.008,0.016,0.0063,0.0166,2.438751424853311e-10,-5.545448771420119e-10,-4.377284596540472e-11,-1.0365655050269475e-09
Subject02,Cycling,480.0,0.4154,36.9214,0.0019556944352073394,5.9295,63.49,0.0118,0.015,0.007,0.0164,1.662392605463521e-09,1.5641959183965334e-12,1.2795993911282034e-10,1.468384961939467e-10
Subject02,Cycling,495.0,0.4019,35.9881,-0.0019459481828868884,5.9295,63.49,0.009,0.0145,0.0065,0.0149,-2.1790023225587327e-09,3.8512631544109904e-10,4.923243367557871e-10,-2.0849869194135887e-09
Subject02,Cycling,510.0,0.4055,34.7214,0.0018694179544715998,5.9295,63.49,0.0077,0.016,0.0063,0.0164,-1.0444860925068414e-10,5.201698967310981e-11,3.5318238582233265e-10,8.169190784405189e-10
Subject02,Cycling,525.0,0.4097,34.3214,-0.0012169413447437117,5.9295,63.49,0.0078,0.016,0.0063,0.0157,-9.572462538919526e-11,-9.622919990846545e-11,-1.4489360623815776e-10,1.8711744116450015e-09
Subject02,Cycling,540.0,0.408,36.1214,0.0015099892384821069,5.9295,63.49,0.0116,0.0154,0.0069,0.0163,4.338609522047421e-11,-2.1927165515411878e-10,-7.36749346388095e-10,1.6997592705549013e-09
Subject02,Cycling,555.0,0.394,38.5714,0.0012517419298304442,5.9295,63.49,0.0134,0.0149,0.0088,0.0157,4.693834747815781e-10,1.1022215626227224e-11,9.867035310030061e-11,-4.118780312073108e-09
Subject02,Cycling,570.0,0.4116,40.0714,-0.0010717963468115214,5.9295,63.49,0.0117,0.0152,0.0078,0.0185,-2.4238133611137195e-10,5.293987358830433e-10,2.922869651666613e-10,-4.5257407960058715e-11
Subject02,Cycling,585.0,0.4049,38.8214,-0.001131786016344436,5.9295,63.49,0.0151,0.0149,0.0119,0.016,-1.4657810807783784e-10,-2.0503230951708947e-10,2.56930010997608e-10,2.131971008146746e-11
Subject02,Cycling,600.0,0.4,38.5714,-0.0033348984406631156,5.9295,63.49,0.0116,0.0132,0.0107,0.0149,2.094226159486546e-09,1.8078622336053604e-09,-8.601031135980198e-10,2.2983615143211852e-10
Subject02,Cycling,615.0,0.4185,36.3214,0.0014967816083649218,5.9295,63.49,0.0098,0.0152,0.0084,0.017,-2.059905405963737e-09,-1.6697459240691508e-09,4.4373518251484635e-10,-3.073136283376549e-10
Subject02,Cycling,630.0,0.432,38.5714,-0.0017446769576529503,5.9295,63.49,0.008,0.0157,0.0083,0.0179,2.255889239964034e-10,-5.264321098290026e-10,1.670437698326216e-10,1.2839327215225858e-09
Subject02,Cycling,645.0,0.4113,38.3214,-0.0022663197092605593,5.9295,63.49,0.0062,0.0144,0.007,0.0161,-3.479249562646249e-11,1.156319593854706e-09,-5.267416939012063e-10,-6.744397266463164e-10
Subject02,Cycling,660.0,0.4119,38.1214,-0.001259178537929759,5.9295,63.49,0.0063,0.0147,0.0076,0.0153,5.578616031148786e-10,-1.7238582204896182e-10,9.845784833711087e-11,-5.334087007441369e-10
Subject02,Cycling,675.0,0.4182,38.3214,-0.00025539162101628277,5.9295,63.49,0.0068,0.013,0.0086,0.0137,-7.104063824220541e-10,-7.027593449157492e-10,6.02305974487873e-10,3.3079458746621703e-10
Subject02,Cycling,690.0,0.4225,38.5214,0.0014111089858746093,5.9295,63.49,0.0089,0.0136,0.0103,0.0162,1.0689425635760987e-09,-4.888647900486586e-10,4.847891454227334e-10,3.327198122886354e-10
Subject02,Cycling,705.0,0.4194,41.1214,-0.001955816674366633,5.9295,63.49,0.0088,0.0129,0.0088,0.0148,-1.0113259919389572e-09,4.898484631297276e-10,-6.844918755956427e-10,1.328386056488619e-09
Subject02,Cycling,720.0,0.2645,40.4881,-0.0019696512825722874,6.3243,63.49,0.005,0.013,0.0067,0.0153,1.6893832245646927e-10,8.033620477147445e-10,-6.419386587254862e-10,-1.861121991890585e-09
Subject02,Cycling,735.0,0.2119,39.9214,0.0009559497895883056,6.3243,63.49,0.003,0.0193,0.0041,0.0163,7.110448605324518e-12,2.078995648459788e-09,-1.6286521839762932e-11,5.885960738939224e-10
Subject02,Cycling,750.0,0.2297,40.6548,0.0013068357245243285,6.3243,63.49,0.0026,0.0148,0.004,0.0149,-2.935128490065052e-10,-2.974549216743567e-09,2.4883218185499533e-10,-4.683074443916435e-12
Subject02,Cycling,765.0,0.2254,42.1214,-0.001285847259636933,6.3243,63.49,0.0022,0.0148,0.0037,0.0168,2.773647749104362e-11,-2.1089152305326577e-10,3.334494199303077e-10,6.482769071814255e-10
Subject02,Cycling,780.0,0.2287,42.5214,-0.0011733282560309217,6.3243,63.49,0.0028,0.014,0.0037,0.0172,-2.374766632831422e-11,2.9582520563611973e-11,-3.0374153380614867e-10,1.6071085876937747e-09
Subject02,Cycling,795.0,0.2329,43.6548,0.0016486128900160162,6.3243,63.49,0.0032,0.0135,0.0051,0.0155,1.4669691664481582e-10,-5.664576969808509e-11,-2.506446386540315e-10,-2.7609870001059464e-09
Subject02,Cycling,810.0,0.2479,46.3214,0.0025575948699621265,6.3243,63.49,0.0039,0.0131,0.0058,0.0185,3.379596893323072e-10,3.77827675502671e-09,-5.066687259826436e-11,-1.253620369275445e-10
Subject02,Cycling,825.0,0.2707,48.1214,0.0015816773199113941,6.3243,63.49,0.0039,0.0135,0.0057,0.0162,3.3772174699012455e-10,-2.8315442344980634e-09,1.5469473598860849e-10,-5.283951565812233e-11
Subject02,Cycling,840.0,0.2431,48.3214,-0.0016152709262319818,6.3243,63.49,0.0041,0.0112,0.0062,0.0137,-6.488849351032554e-10,-3.3851890401918276e-10,-1.4712107103512877e-10,-7.396793802828102e-11
Subject02,Cycling,855.0,0.2589,47.3214,0.0015774670549984842,6.3243,63.49,0.0045,0.0125,0.0063,0.0163,-1.0083240645228488e-10,-5.497258066685737e-10,1.0536178762678477e-09,4.764557229583675e-09
Subject02,Cycling,870.0,0.2457,47.3214,-0.0012831242463473395,6.3243,63.49,0.0046,0.0117,0.0072,0.0141,1.172248282264586e-09,3.044812645347163e-09,-9.409026198736283e-10,-4.817044031394677e-09
Subject02,Cycling,885.0,0.2455,45.3214,0.0016985453682807465,6.3243,63.49,0.0087,0.0129,0.0083,0.0151,-1.168176655405543e-09,-3.059942982923854e-09,-6.57035296722049e-11,2.9037419041341836e-10
Subject02,Cycling,900.0,0.2429,46.8214,0.0012441615456454593,6.3243,63.49,0.0075,0.0133,0.0052,0.0165,-6.943907291146869e-11,6.640122979225519e-11,2.118948381893552e-10,2.8585412176609144e-09
Subject02,Cycling,915.0,0.2474,48.5714,-0.002660142327445501,6.3243,63.49,0.0042,0.0121,0.0069,0.0142,8.012023179853242e-11,-1.359051022095998e-11,3.7684139947991504e-10,-2.112500324796575e-09
Subject02,Cycling,930.0,0.2492,46.0714,0.0011471332615723342,6.3243,63.49,0.0033,0.0114,0.0069,0.0134,4.273324634942262e-10,2.106109105400474e-09,-5.985038228105527e-10,-8.679289754966829e-10
Subject02,Cycling,945.0,0.247,45.9214,0.0013046543899342667,6.3243,63.49,0.0035,0.0122,0.0063,0.0125,-4.698236891005928e-10,-2.1721597143165757e-09,3.040538621724387e-09,1.395048388017685e-09
Subject02,Cycling,960.0,0.2621,46.3214,0.001252612726151911,6.3243,63.49,0.0034,0.0121,0.0068,0.0164,1.593264727434174e-11,-4.936500972123337e-11,-2.9926179543114164e-09,-1.3589401623476862e-09
Subject02,Cycling,975.0,0.263,46.1214,-0.0024207901716846478,6.3243,63.49,0.0042,0.0118,0.0061,0.0148,6.439987558801485e-10,1.0987673511878869e-09,1.4778120878510623e-10,-1.289019302316193e-10
Subject02,Cycling,990.0,0.2554,46.3214,0.0023244743431475277,6.3243,63.49,0.0046,0.0122,0.0048,0.0143,-3.566085620748723e-10,-5.919699198937521e-10,-1.52142961615674e-10,1.0650908755924919e-10
Subject02,Cycling,1005.0,0.2536,48.5714,0.0029717855113503915,6.3243,63.49,0.0051,0.0123,0.0058,0.0146,-3.102479670969001e-10,-2.4851952146848063e-10,2.7006686827514573e-09,2.0339901153047595e-09
Subject02,Cycling,1020.0,0.2613,52.0714,-0.0017997515427843325,6.3243,63.49,0.0075,0.0118,0.0074,0.0146,1.5323327068820161e-10,-6.701384155140102e-11,-2.34671200933009e-09,-1.7839748300371117e-09
Subject02,Cycling,1035.0,0.2656,49.3214,-0.0014889071769788509,6.3243,63.49,0.0047,0.0138,0.007,0.0138,-1.1333171047521317e-10,-2.551754951700996e-10,-3.346383643646416e-10,-5.420186855733919e-10
Subject02,Cycling,1050.0,0.2542,45.3214,0.001693736804982847,6.3243,63.49,0.005,0.0116,0.0081,0.0128,8.602472928067968e-11,9.6064488035473e-10,1.1068250329027297e-10,1.3380956967521611e-10
Subject02,Cycling,1065.0,0.2518,44.3214,0.0026302911031224536,6.3243,63.49,0.0047,0.0108,0.0086,0.0134,-3.851196154877967e-11,-3.214786037339493e-10,-1.7840006158942373e-10,-1.755992621344597e-10
Subject02,Cycling,1080.0,0.2514,47.3214,-0.002021343325623183,3.5758,63.49,0.0061,0.0102,0.0085,0.0107,-9.88178322132552e-11,-6.304217051764121e-10,7.391968490795276e-11,8.554040751945743e-10
Subject02,Cycling,1095.0,0.2445,42.7214,-0.0007880490857913393,3.5758,63.49,0.0038,0.0084,0.008,0.0092,1.2053945428815067e-11,3.236771189400434e-10,7.551507901280353e-10,2.4851702784852767e-10
Subject02,Cycling,1110.0,0.246,37.0714,-0.0015744305531188636,3.5758,63.49,0.0028,0.0086,0.007,0.0115,3.0734856592171345e-10,6.307064392706076e-10,-7.944831958412097e-10,-8.931897643291893e-10
Subject02,Cycling,1125.0,0.2444,32.3214,0.0022717784480330225,3.5758,63.49,0.0028,0.0086,0.0052,0.0108,-1.0015430870679208e-10,6.544243987607087e-10,-8.610002485245193e-12,2.0498989938872837e-10
Subject02,Cycling,1140.0,0.2413,32.0714,-0.0015695483606671533,3.5758,63.49,0.0021,0.008,0.0042,0.0098,-2.4734088184817196e-10,-1.6134848733455966e-09,1.1740304927185653e-10,-2.290324344944899e-11
Subject02,Cycling,1155.0,0.2524,30.3214,0.0019155573229383636,3.5758,63.49,0.0028,0.0082,0.0043,0.0105,3.859630867783242e-11,4.885568346520188e-10,-1.2352317936158263e-11,5.399512551565138e-11
Subject02,Cycling,1170.0,0.2548,30.9214,-0.0031038886511969943,3.5758,63.49,0.0026,0.0089,0.0066,0.0093,-8.02315767391299e-12,-3.639091407873952e-10,3.1872718530697264e-10,4.272882964268159e-10
Subject02,Cycling,1185.0,0.2305,26.9214,0.001787637497040337,3.5758,63.49,0.0026,0.009,0.0044,0.0087,1.1104861278241428e-10,7.991259312596898e-10,-3.085980560477281e-10,-6.348149276369608e-10
Subject02,Cycling,1200.0,0.2401,27.3214,0.0020244239980103562,3.5758,63.49,0.0022,0.0092,0.0037,0.0099,-3.743725782707278e-11,-8.447455770082854e-10,1.7728828310330273e-11,9.432266164578162e-11
Subject02,Cycling,1215.0,0.2487,28.5214,0.0021942625005252517,3.5758,63.49,0.002,0.0086,0.0028,0.0092,-7.209816412022995e-11,5.319127055234224e-11,-6.764547054858086e-11,2.676435881278078e-10
Subject02,Cycling,1230.0,0.2354,29.3214,-0.0019511790396244614,3.5758,63.49,0.0023,0.0082,0.0043,0.0085,2.3116004459678352e-10,1.8292028112769377e-09,-9.461517956533656e-11,-4.007197889556092e-10
Subject02,Cycling,1245.0,0.2303,28.0714,-0.0016878001469781976,3.5758,63.49,0.0024,0.0082,0.0041,0.0088,-2.1999212205598767e-10,-1.8924098256434816e-09,3.699486534330957e-10,1.8519400990691804e-09
Subject02,Cycling,1260.0,0.2288,27.5714,-0.0024297689157998844,3.5758,63.49,0.0022,0.0081,0.0033,0.0094,4.569200686230371e-11,6.740067233755976e-11,-3.1561590935105507e-10,-1.6990452957227297e-09
Subject02,Cycling,1275.0,0.225,27.5714,0.0012839331163151107,3.5758,63.49,0.0042,0.0081,0.0041,0.0081,4.3687543771940934e-10,1.7287572926959081e-10,-7.381345586654182e-12,-1.8959837044470928e-10
Subject02,Cycling,1290.0,0.2363,30.3214,-0.0014845056540557155,3.5758,63.49,0.0034,0.0081,0.0034,0.0096,-5.267350832744578e-10,-1.393666782309321e-10,2.575282157656084e-11,1.3943409116799237e-09
Subject02,Cycling,1305.0,0.2532,29.1214,-0.0016148628743102927,3.5758,63.49,0.003,0.0107,0.0038,0.0103,1.1592229998182527e-09,3.112040024516772e-11,-7.772344473690884e-11,-1.3441576137617508e-09
Subject02,Cycling,1320.0,0.233,27.3214,-0.002636245609583883,3.5758,63.49,0.0028,0.0091,0.0032,0.0095,-1.158364049391386e-09,6.084359748625502e-12,2.8037440774630427e-10,8.965181800201635e-10
Subject02,Cycling,1335.0,0.2289,22.9214,-0.0019071887184288602,3.5758,63.49,0.0023,0.0082,0.0028,0.0089,1.1038855988832417e-10,2.0463441065368964e-09,-2.200609348667247e-10,-6.315851670469346e-10
Subject02,Cycling,1350.0,0.2362,24.0714,0.002110634284868037,3.5758,63.49,0.0025,0.0076,0.0034,0.0086,-1.6869062711816117e-11,-2.177476361291995e-09,-6.465567265828338e-12,-1.1641644535805193e-10
Subject02,Cycling,1365.0,0.2261,26.3214,-0.0018502161692332294,3.5758,63.49,0.0025,0.0082,0.0039,0.0078,-7.970070439559988e-12,1.0791401362449324e-10,-3.770037502127562e-11,-1.649943153900402e-10
Subject02,Cycling,1380.0,0.2322,25.5714,-0.002051574267524233,3.5758,63.49,0.0028,0.0094,0.0036,0.0097,-9.997505850837289e-11,-5.123797294207389e-11,2.927706828250145e-11,5.603043275408592e-10
Subject02,Cycling,1395.0,0.2309,23.8214,-0.00156930822897948,3.5758,63.49,0.0019,0.0089,0.0027,0.0085,8.963156796008239e-11,1.539540854824344e-09,-6.029439286254572e-11,-3.333674523771325e-10
Subject02,Cycling,1410.0,0.2301,24.3214,0.001965942232442414,3.5758,63.49,0.0019,0.009,0.0027,0.0089,7.97707285482198e-11,-1.573921332778089e-09,7.389958398122039e-11,-2.5789128804026544e-10
Subject02,Cycling,1425.0,0.2324,27.9881,-0.0013569323714874887,3.5758,63.49,0.0024,0.0082,0.0028,0.0085,-1.5973730815047768e-10,1.1751738518599652e-11,6.173421967574746e-10,2.0281214011753954e-09
Subject02,Cycling,1440.0,0.2391,28.0714,0.0015834976132577743,4.8132,63.49,0.0031,0.0132,0.004,0.0135,4.840566703002141e-10,4.394711384220264e-09,-5.66804646432869e-10,-1.7705144554634524e-09
Subject02,Cycling,1455.0,0.2333,32.5714,0.0020250711108389173,4.8132,63.49,0.0036,0.0129,0.0055,0.0126,-4.06033987168424e-10,-4.2621152286606864e-09,1.2842623173616303e-10,2.8277713263679724e-10
Subject02,Cycling,1470.0,0.2221,34.3214,-0.0013811122542377533,4.8132,63.49,0.0037,0.0111,0.0052,0.0111,-8.349088591053747e-11,-1.4169703738498183e-10,-1.6287809908446561e-10,1.4135924880065431e-09
Subject02,Cycling,1485.0,0.2193,33.5714,0.0007927949428137332,4.8132,63.49,0.0032,0.0113,0.0043,0.0112,2.948547295879322e-11,-4.0638425972345256e-11,-7.376952314409297e-11,-1.886930111751786e-09
Subject02,Cycling,1500.0,0.2296,35.9214,0.0020731786647593025,4.8132,63.49,0.0025,0.0112,0.0034,0.0111,1.2807939078291276e-10,2.858576369152365e-09,-2.1469560939994347e-11,5.05061270282663e-11
Subject02,Cycling,1515.0,0.2271,40.5714,-0.001278105250177822,4.8132,63.49,0.0025,0.011,0.0038,0.0126,-2.1256437062268516e-11,-2.8350908697804964e-09,4.740380060412738e-11,-2.791708592109047e-11
Subject02,Cycling,1530.0,0.2292,40.8214,-0.001865921787587874,4.8132,63.49,0.003,0.0103,0.0042,0.0107,-1.200659268892749e-10,8.357095723112006e-11,1.880904809601974e-09,2.693414035571844e-09
Subject02,Cycling,1545.0,0.2371,39.5214,0.002131617017222334,4.8132,63.49,0.0028,0.0121,0.0045,0.012,2.3156894909703756e-10,2.3957743419225954e-09,-1.9304644546808796e-09,-2.5744005253340237e-09
Subject02,Cycling,1560.0,0.237,41.3214,0.0013751293860681858,4.8132,63.49,0.0028,0.0118,0.0041,0.0125,-1.908794565267857e-10,-2.3258142355065474e-09,5.992605485366698e-10,-2.349626367861063e-10
Subject02,Cycling,1575.0,0.2365,44.9214,-0.0018705966948295856,4.8132,63.49,0.0025,0.0109,0.0046,0.0124,1.5299451884242528e-11,-2.6248248945499703e-11,-5.660700647062447e-10,8.268691971569737e-11
Subject02,Cycling,1590.0,0.2276,41.3214,-0.0023813198786213777,4.8132,63.49,0.0037,0.0097,0.0072,0.0104,2.534106942347188e-10,2.6096588729072106e-09,2.2692823643264324e-11,-3.959998977753271e-12
Subject02,Cycling,1605.0,0.2473,40.5714,0.0012041446706585659,4.8132,63.49,0.0032,0.0115,0.0051,0.0114,-3.180291501826651e-10,-2.7227139402717e-09,4.38293411295784e-10,1.6163463930770452e-09
Subject02,Cycling,1620.0,0.2393,41.8214,-0.0012299960912511589,4.8132,63.49,0.0036,0.0113,0.0049,0.0113,8.984878560355458e-11,6.885748267474329e-11,-5.084782175898887e-10,-1.6543416397582802e-09
Subject02,Cycling,1635.0,0.2338,41.6548,0.001023492511088596,4.8132,63.49,0.0037,0.0094,0.0055,0.0097,-1.0387425116358946e-10,-1.1029201816816463e-11,2.7484095596486857e-10,1.9339233065801466e-09
Subject02,Cycling,1650.0,0.24,42.9214,-0.0013979488426122634,4.8132,63.49,0.0039,0.0104,0.0064,0.0105,3.009367631996998e-10,1.7222619125432042e-11,-1.714158098016126e-10,-1.954140893582495e-09
Subject02,Cycling,1665.0,0.2327,42.6548,-0.0011613258764968577,4.8132,63.49,0.0042,0.0087,0.0072,0.0099,-2.512938753065573e-10,-8.737751681400613e-11,-3.2079258477711756e-11,9.130702758952648e-10
Subject02,Cycling,1680.0,0.236,40.3214,0.0020220005208995443,4.8132,63.49,0.003,0.0115,0.0065,0.012,1.6752309611040603e-10,1.5271209324627367e-11,-1.6106202060624295e-11,-8.676431700437369e-10
Subject02,Cycling,1695.0,0.2394,40.8214,0.0027576433795125257,4.8132,63.49,0.0025,0.0092,0.0055,0.0111,-2.1597400520683368e-10,-2.0353787063929285e-11,1.2654243083507383e-10,4.098254889222546e-10
Subject02,Cycling,1710.0,0.2376,42.0714,-0.0023286238563012124,4.8132,63.49,0.0023,0.0097,0.0063,0.0104,3.196709522754988e-10,4.950021957690378e-10,-9.371063824262758e-11,-2.1373469814027298e-10
Subject02,Cycling,1725.0,0.2441,41.5714,0.0012576534985390593,4.8132,63.49,0.0022,0.0123,0.0049,0.0133,-2.30088440236966e-10,-5.422473302637569e-10,9.277166970842081e-11,1.2552606852531093e-10
Subject02,Cycling,1740.0,0.23,40.5714,-0.0017480697866319081,4.8132,63.49,0.0025,0.0109,0.0054,0.0095,-6.00934607290278e-12,1.5382535625485296e-10,-1.757938033424193e-11,-3.4324804475149877e-10
Subject02,Cycling,1755.0,0.2275,39.0714,0.001319455572893891,4.8132,63.49,0.0019,0.0109,0.0061,0.0098,-3.32438502665531e-11,1.5970460603793715e-10,1.635958196190466e-11,2.0680569278625635e-10
Subject02,Cycling,1770.0,0.2313,41.8214,0.004420854563948232,4.8132,63.49,0.002,0.011,0.0047,0.012,-2.6398960081447865e-11,-8.498012915563975e-11,1.628314337443889e-11,-7.145034548494388e-11
Subject02,Cycling,1785.0,0.2386,42.3214,0.003558971279289523,4.8132,63.49,0.0019,0.0132,0.0036,0.0098,-1.3438441971708767e-11,1.3393053213027671e-09,-1.9303368208262174e-10,-1.8208168953280447e-10
Subject02,Incline,360.0,0.4887,12.2281,0.00301508546530997,5.7172,63.49,0.0136,0.0137,0.0197,0.0201,2.0131281694049225e-09,-2.131330830830094e-11,-6.108284062456415e-10,4.170735597718655e-09
Subject02,Incline,375.0,0.5158,30.8947,-0.001022911513159865,5.7172,63.49,0.014,0.0143,0.0196,0.0202,-1.9776254023069444e-09,3.116891948691122e-11,1.0319994160197312e-09,-3.645171289295703e-09
Subject02,Incline,390.0,0.5066,35.8947,-0.0013773355194399662,5.7172,63.49,0.0144,0.0142,0.0194,0.0191,-1.1905353803642292e-11,2.7382455105163448e-11,2.899977779116556e-10,-2.1069577078786522e-10
Subject02,Incline,405.0,0.5126,35.3947,0.001068422126645616,5.7172,63.49,0.013,0.0137,0.0173,0.0173,-6.215099433277368e-11,3.011650549639164e-10,1.6058055319655648e-09,-2.4164808396480538e-11
Subject02,Incline,420.0,0.4934,36.8947,0.0011829645031360776,5.7172,63.49,0.0138,0.0141,0.0184,0.0189,6.306481171961825e-11,-3.314192164320051e-10,-4.90536465563869e-10,9.664609451451236e-11
Subject02,Incline,435.0,0.4932,36.3947,-0.002219330515158739,5.7172,63.49,0.0133,0.0142,0.0199,0.0196,-7.1643403294907384e-12,-1.6226258983753483e-10,-2.364710130526915e-09,-2.462878382927447e-10
Subject02,Incline,450.0,0.4879,32.3947,0.0005164440440209785,5.7172,63.49,0.0129,0.0141,0.019,0.0182,-2.554017853205746e-11,1.881941067843634e-10,3.202063573675445e-10,6.707370378388307e-10
Subject02,Incline,465.0,0.498,33.8947,0.0024321282502653896,5.7172,63.49,0.013,0.0134,0.0158,0.0178,1.3186329836662722e-09,-3.851944049790445e-11,-7.464901177370874e-10,1.122726130993799e-09
Subject02,Incline,480.0,0.5075,39.6447,-0.0011389425421965487,5.7172,63.49,0.0119,0.0132,0.0158,0.0171,5.100838446099391e-10,-4.5136063197675404e-11,2.6780016063822675e-10,1.798338665652291e-09
Subject02,Incline,495.0,0.5162,38.8947,-0.001257291489594153,5.7172,63.49,0.0112,0.0135,0.0167,0.0181,-4.934448054187618e-10,1.0533869703564378e-10,-2.3496188414673244e-10,8.869612730267105e-10
Subject02,Incline,510.0,0.5131,35.8947,-0.0023862227275971153,5.7172,63.49,0.0111,0.0142,0.0175,0.0186,5.105231268404019e-10,-9.79458475462844e-11,-1.8900882398340488e-11,-7.915102362529651e-10
Subject02,Incline,525.0,0.5071,31.6447,0.0029071462728402827,5.7172,63.49,0.0112,0.0136,0.0155,0.0178,2.3186434535848874e-10,1.465413724217029e-10,1.0014130316193622e-10,1.1516863545454529e-09
Subject02,Incline,540.0,0.5134,32.6447,-0.001854382109359832,5.7172,63.49,0.0123,0.0135,0.0159,0.0185,-2.6958767741134505e-10,1.5007821780938076e-10,-1.642453255861859e-10,-4.554242726590735e-09
Subject02,Incline,555.0,0.5341,31.1447,0.001267951493865149,5.7172,63.49,0.0113,0.0129,0.0151,0.0176,-5.072834049249664e-10,2.0052101964550417e-10,4.110154735296243e-11,2.293100103100283e-09
Subject02,Incline,570.0,0.5351,32.2281,0.0009126121108878641,5.7172,63.49,0.0114,0.0136,0.0155,0.0186,7.111891280586267e-10,-1.3845022254878562e-10,-1.046886382487547e-11,1.302024475548646e-09
Subject02,Incline,585.0,0.5393,33.3947,0.002270246598666546,5.7172,63.49,0.0112,0.0128,0.016,0.018,-5.168520821110545e-11,1.354917323531345e-10,-4.69668002261871e-11,-1.4475442266953224e-09
Subject02,Incline,600.0,0.544,36.2947,-0.0012885583250224018,5.7172,63.49,0.0108,0.0128,0.0163,0.0175,-3.0279081268889e-10,-8.143456544612256e-11,1.0973893446253246e-10,1.7717097007236385e-09
Subject02,Incline,615.0,0.5409,35.6447,0.0013109101942612715,5.7172,63.49,0.0102,0.0131,0.0165,0.0165,-1.6557278506060285e-10,-4.0089959557116453e-10,8.82127249088197e-12,-1.92197315193726e-09
Subject02,Incline,630.0,0.5449,33.2281,-0.0029530938658448996,5.7172,63.49,0.0102,0.0135,0.0147,0.0167,-4.756423372563942e-10,-2.1380354856781935e-11,1.8323173316130252e-11,3.3351961936789413e-10
Subject02,Incline,645.0,0.5298,30.5614,0.000352904369399697,5.7172,63.49,0.0111,0.0131,0.0152,0.0183,8.455010863214969e-10,-1.4273381942488557e-11,-1.8512136956529364e-10,-7.328237849434596e-13
Subject02,Incline,660.0,0.5228,31.8947,0.001883668607144572,5.7172,63.49,0.0109,0.0128,0.0165,0.0172,-2.1788170512929236e-10,1.391630331034628e-10,2.1969936206141083e-10,1.653942092364623e-09
Subject02,Incline,675.0,0.5313,32.6447,-0.0019113109053061495,5.7172,63.49,0.0111,0.0125,0.0157,0.0178,3.6788510132468094e-10,1.96595662372126e-10,-1.6210368952459385e-10,-2.420946590031268e-09
Subject02,Incline,690.0,0.5419,32.8947,0.002117657199333339,5.7172,63.49,0.0106,0.0131,0.0148,0.0173,-1.8476136350604716e-09,-2.8759113180368144e-10,1.2138152787305023e-11,-2.089404007369645e-09
Subject02,Incline,705.0,0.5373,34.6447,-0.0017354872552183,5.7172,63.49,0.0106,0.0129,0.0152,0.0173,2.637220624965011e-10,5.43961295035632e-10,-4.2170293252897763e-11,1.377719559080776e-10
Subject02,Incline,720.0,0.2411,30.6447,0.0023253234266527255,2.9349,63.49,0.0047,0.0102,0.0111,0.0123,2.362567285022995e-10,-4.548927413475872e-10,5.3997886467955126e-11,1.291774690995309e-09
Subject02,Incline,735.0,0.2148,28.5614,-0.0016002680983955304,2.9349,63.49,0.0045,0.0088,0.0095,0.012,-6.986569055946629e-10,1.0003853489059224e-09,4.912942893689369e-11,-1.389589300729635e-09
Subject02,Incline,750.0,0.2239,24.1447,0.002250504178519388,2.9349,63.49,0.0049,0.0087,0.009,0.0101,1.0422773979997357e-10,-1.1095948702280416e-09,-8.231064924111644e-11,1.110426229929149e-09
Subject02,Incline,765.0,0.2237,21.1447,-0.0028896140034464076,2.9349,63.49,0.0043,0.0086,0.01,0.0105,3.5398453822092464e-11,1.1200169291899658e-09,2.181962038637049e-09,-9.575012425611083e-10
Subject02,Incline,780.0,0.2355,17.3947,0.0015447113723106823,2.9349,63.49,0.0035,0.0082,0.0082,0.0117,-3.263646557756943e-11,-1.0655763636909484e-10,-2.0879933628235016e-09,-1.4438068883574796e-10
Subject02,Incline,795.0,0.2253,19.8947,0.0027479912979251893,2.9349,63.49,0.0043,0.0087,0.0097,0.0118,3.4083415943125535e-10,-7.387303623174426e-10,-1.268415935247391e-10,1.2628779058459315e-09
Subject02,Incline,810.0,0.2185,21.3947,0.0035050773985003214,2.9349,63.49,0.0039,0.0089,0.0096,0.0107,-3.845049283697164e-10,-3.340470551429086e-10,1.9586246116769607e-09,-8.212083887627378e-10
Subject02,Incline,825.0,0.2281,22.1447,-0.0019321291210762455,2.9349,63.49,0.004,0.0081,0.0092,0.0124,-7.66793188448988e-11,6.029398043039514e-10,-1.7695785936209065e-09,-4.524172612141533e-10
Subject02,Incline,840.0,0.2218,20.6447,-0.0013265331080238834,2.9349,63.49,0.0048,0.0083,0.0091,0.0114,1.361981244499677e-10,-5.554509153852796e-10,-8.345601238422771e-11,1.2112310566031885e-09
Subject02,Incline,855.0,0.2229,21.1447,0.0013523866836230318,2.9349,63.49,0.0054,0.0088,0.008,0.0125,-9.102344189764798e-13,2.2392816364765464e-09,-2.5789309822330524e-11,-1.188255089356745e-09
Subject02,Incline,870.0,0.2278,21.6447,0.0024627695518322523,2.9349,63.49,0.0041,0.0095,0.0095,0.0123,5.285387778770727e-10,-2.2168690000278596e-09,-4.699135878508695e-11,3.801083683615936e-10
Subject02,Incline,885.0,0.2173,23.6447,0.0022268300987629166,2.9349,63.49,0.0049,0.0099,0.0095,0.0108,-6.517913621076744e-10,3.71203268214866e-10,1.418398959760769e-09,-2.557635007583552e-10
Subject02,Incline,900.0,0.2252,23.6447,-0.001652091856750281,2.9349,63.49,0.005,0.0089,0.0089,0.0126,9.453515002513888e-11,-2.0350094319931961e-10,-1.388056502364071e-09,-9.969067079772017e-11
Subject02,Incline,915.0,0.2212,23.2281,-0.0011506437325021044,2.9349,63.49,0.0043,0.0092,0.0104,0.0111,-7.847336775831438e-11,-2.0575354412088295e-10,8.287975297193376e-11,4.75662845611287e-10
Subject02,Incline,930.0,0.2175,22.8947,0.0021898696172111065,2.9349,63.49,0.0042,0.0087,0.0102,0.0118,-1.643368982425578e-11,2.2543984476674945e-09,9.195608464161055e-10,-4.81417028317088e-10
Subject02,Incline,945.0,0.2332,24.6447,-0.0023125274815764527,2.9349,63.49,0.0042,0.0084,0.0101,0.0113,2.2381867463400243e-10,-2.254365751116986e-09,-1.0384032792662134e-09,1.8592800293938083e-11
Subject02,Incline,960.0,0.2268,18.8947,-0.004654042405636196,2.9349,63.49,0.0049,0.0086,0.0106,0.0114,-2.2628547136997651e-10,4.7787393227556745e-11,3.2354325018441485e-10,2.0409509611650523e-09
Subject02,Incline,975.0,0.2232,15.8947,0.002255688287487786,2.9349,63.49,0.0044,0.0094,0.0091,0.0113,6.530817287629299e-12,1.2377569827468975e-09,1.7463364208174643e-09,-1.7570357961219489e-09
Subject02,Incline,990.0,0.2298,19.3947,0.0023259775897554458,2.9349,63.49,0.0046,0.0077,0.0104,0.0117,4.798054657831308e-10,-5.599956491850546e-10,-2.1396170197529605e-09,-2.39685193680217e-10
Subject02,Incline,1005.0,0.2274,22.1447,-0.0016442319790658073,2.9349,63.49,0.0045,0.0079,0.0098,0.0116,-2.6946531389754843e-10,-6.92842849430339e-10,6.618600279893216e-11,2.133678009912542e-09
Subject02,Incline,1020.0,0.2341,22.2281,-0.0027373759660639283,2.9349,63.49,0.006,0.0077,0.0105,0.0114,-1.3103634403024705e-10,2.1360155692599597e-11,1.5553606125453661e-10,-1.7601374624671753e-09
Subject02,Incline,1035.0,0.2195,19.1447,0.0021169863476486247,2.9349,63.49,0.0047,0.0078,0.009,0.0125,-9.023335335343827e-11,1.6764979013669264e-09,6.875613711948337e-10,-4.799058324431403e-10
Subject02,Incline,1050.0,0.2175,17.6447,-0.0025921774995126224,2.9349,63.49,0.0051,0.0091,0.0085,0.0106,2.748193385204428e-10,-1.7369642373204911e-09,-7.942182278922238e-10,1.7053985613811866e-09
Subject02,Incline,1065.0,0.2206,17.6447,0.0033444302725953484,2.9349,63.49,0.0047,0.0085,0.0106,0.0114,-2.33430783272193e-10,7.276892417090333e-10,1.66283665858133e-09,-1.7012084982780936e-09
Subject02,Incline,1080.0,0.0512,22.3947,-0.0033146937869636974,0.2499,63.49,0.0025,0.0065,0.0058,0.0079,-4.864282778488912e-11,-3.3866763181759826e-10,-1.7157147739377344e-09,1.5314923979161137e-10
Subject02,Incline,1095.0,0.008,10.8947,-0.00483678194283052,0.2499,63.49,0.0011,0.0078,0.0017,0.0062,-1.3264128996564572e-11,2.444271372973949e-10,-3.3841947960086044e-11,2.1037818206254837e-10
Subject02,Incline,1110.0,0.0041,6.2281,0.0014026553518150554,0.2499,63.49,0.0011,0.0087,0.0014,0.0084,4.751115667147068e-11,-1.5772971163012546e-10,-1.837939829610435e-11,1.666953119185559e-10
Subject02,Incline,1125.0,0.004,5.3947,0.0016019854082556944,0.2499,63.49,0.0011,0.0082,0.0014,0.008,-1.3870393579460437e-11,-6.914824985630862e-11,4.222399035407618e-11,-1.4250911433062634e-10
Subject02,Incline,1140.0,0.004,6.3947,-0.0015521767039452464,0.2499,63.49,0.0011,0.0077,0.0014,0.0077,1.3673328768300997e-11,3.875712100264581e-11,-1.2565794089357338e-11,-3.3006923242135325e-12
Subject02,Incline,1155.0,0.004,1.8947,0.0018029058110071174,0.2499,63.49,0.001,0.0078,0.0013,0.0074,-2.8233586926465768e-11,8.567194086707146e-11,-1.906098014170194e-11,3.2342085304434975e-10
Subject02,Incline,1170.0,0.0039,1.3947,-0.0012921073147211983,0.2499,63.49,0.001,0.0083,0.0013,0.0086,-6.475912892727387e-12,-4.9956952627953315e-11,-8.22056859990591e-12,-4.1944862654415157e-10
Subject02,Incline,1185.0,0.0046,0.3947,0.000212904714717726,0.2499,63.49,0.0011,0.0062,0.0017,0.0068,-6.13785803530489e-12,-4.854377922948723e-10,5.552146308320624e-11,-4.0153876522922955e-11
Subject02,Incline,1200.0,0.004,-0.1053,-0.0006326670871267627,0.2499,63.49,0.0011,0.0013,0.0013,0.0065,1.7734993306722688e-11,4.8921851007547583e-11,-3.008280503166872e-11,-2.8642068599922183e-11
Subject02,Incline,1215.0,0.0041,-0.1053,-0.002026483034465738,0.2499,63.49,0.001,0.0052,0.0014,0.0084,-1.6258249238789683e-11,4.3187140065338486e-10,2.5151837140186278e-11,2.482401989341011e-10
Subject02,Incline,1230.0,0.004,-0.1053,0.008395916135612292,0.2499,63.49,0.0011,0.0084,0.0014,0.0086,2.0556904434203674e-11,-1.0105125031838574e-11,-1.0399870604649071e-12,-1.5902912536841464e-11
Subject02,Incline,1245.0,0.0039,14.8947,0.010708784279443507,0.2499,63.49,0.0011,0.0091,0.0015,0.0087,9.233749991152568e-12,5.580766303036162e-12,6.9772154625139e-12,2.2032716469082787e-10
Subject02,Incline,1260.0,0.0041,30.3947,-0.0023431791993732323,0.2499,63.49,0.0011,0.0082,0.0014,0.0072,-2.7133286358062348e-11,-4.653546167383493e-11,-3.596781032051551e-11,-2.2133447629520375e-10
Subject02,Incline,1275.0,0.004,32.3947,-0.0007484784365449251,0.2499,63.49,0.0011,0.0075,0.0013,0.0076,2.4218528688070584e-11,-2.1020516456879436e-11,-3.4572342117417515e-12,4.590727873066832e-12
Subject02,Incline,1290.0,0.0041,34.8947,-0.00033459331720397045,0.2499,63.49,0.001,0.0076,0.0013,0.0067,-9.836080812213672e-12,1.788483633906066e-11,4.45604672408924e-11,-6.193801599352195e-11
Subject02,Incline,1305.0,0.004,35.8947,0.0012024576988449037,0.2499,63.49,0.001,0.0074,0.0013,0.006,1.0563548307818096e-11,-1.8038594362365495e-11,-2.958599809392295e-11,-4.361266459794973e-11
Subject02,Incline,1320.0,0.004,38.8947,-0.0019554484785283136,0.2499,63.49,0.0011,0.0073,0.0014,0.0065,7.444028058026233e-12,4.193834716129478e-11,-2.2881380431873642e-11,-2.200047448942482e-11
Subject02,Incline,1335.0,0.0041,35.3947,0.0008065010208945896,0.2499,63.49,0.0012,0.0071,0.0014,0.0065,-2.221121065324624e-11,-3.924291073759901e-11,3.893846391709924e-12,3.5687123745498396e-11
Subject02,Incline,1350.0,0.0044,35.8947,-0.0008036157587312741,0.2499,63.49,0.0011,0.0072,0.0019,0.0053,3.272467381155786e-11,-9.652443158247123e-11,2.9842614729700577e-11,-7.893643587459909e-12
Subject02,Incline,1365.0,0.0045,35.2281,-0.0028329469850241758,0.2499,63.49,0.0018,0.0043,0.0014,0.0071,-3.3163127326753196e-11,-3.054443130440627e-10,-2.3171024136571428e-11,-9.77148786216269e-11
Subject02,Incline,1380.0,0.0041,31.8947,0.0012635296247857164,0.2499,63.49,0.0011,0.0037,0.0014,0.0068,1.982603021853546e-11,1.69471623179188e-10,-3.160842563888243e-12,8.193200327344627e-11
Subject02,Incline,1395.0,0.0045,32.8947,0.0020857407895589083,0.2499,63.49,0.0013,0.0047,0.0014,0.0072,1.7533501953832082e-11,4.5730780513443385e-10,3.32380420358922e-11,3.2059669201814156e-10
Subject02,Incline,1410.0,0.0042,36.8947,-0.0037481175565144058,0.2499,63.49,0.0015,0.0076,0.0013,0.0077,1.0476382313944875e-11,-2.847650696777931e-10,-1.3128740475575444e-12,-1.4157479103904547e-10
Subject02,Incline,1425.0,0.0108,30.3947,0.002935239878929865,0.2499,63.49,0.0013,0.0069,0.0013,0.0067,1.1373649841810525e-11,-1.460033834180817e-10,-6.159882751053829e-12,-2.651865589601894e-10
Subject02,Incline,1459.0,0.42,39.1447,0.004763506852781804,9.6217,63.49,0.0178,0.0163,0.0212,0.0229,1.6011683015398154e-09,-3.16638209516185e-10,-1.259288933875876e-10,3.435118477140089e-09
Subject02,Incline,1474.0,0.4506,46.8947,-0.004234785664048343,9.6217,63.49,0.0183,0.0153,0.0223,0.0241,2.302000251025596e-10,2.70010688286626e-10,-1.3101346464581892e-10,-3.0781523840222336e-09
Subject02,Incline,1489.0,0.4434,46.8947,0.02246407813556887,9.6217,63.49,0.0177,0.0178,0.0235,0.0213,-2.3426482883781784e-09,1.1129804330377067e-09,1.1414549607764374e-09,-1.63537597301133e-10
Subject02,Incline,1504.0,0.4333,72.8947,-0.0027881878372949557,9.6217,63.49,0.0165,0.0158,0.0213,0.0213,-3.430488257190326e-11,-1.4111635581717193e-09,6.135243221191363e-10,4.851696168282211e-10
Subject02,Incline,1519.0,0.4271,89.3947,-0.003144111103666344,9.6217,63.49,0.0174,0.0158,0.0227,0.023,1.8699926785065548e-09,5.688383263787004e-10,-1.656896130816397e-09,-5.765285151468636e-10
Subject02,Incline,1534.0,0.4322,88.3947,-0.0020990543392148597,9.6217,63.49,0.0168,0.0167,0.0222,0.0211,-2.03209185694409e-09,-5.254368997453088e-10,1.6554238887263003e-09,1.735058965594032e-09
Subject02,Incline,1549.0,0.4263,87.2947,0.0012675166249532877,9.6217,63.49,0.0167,0.0155,0.0218,0.0225,2.3465390676960607e-09,1.824609188021199e-10,-1.753945868151348e-09,-1.3835407271879385e-11
Subject02,Incline,1564.0,0.4286,85.2281,-0.0012544238340862642,9.6217,63.49,0.0159,0.0159,0.0215,0.0209,-2.12460695988958e-09,3.300474137382004e-09,3.0027105828099912e-09,-1.641325772296724e-09
Subject02,Incline,1579.0,0.4171,83.6447,0.002810580123564994,9.6217,63.49,0.0157,0.0165,0.022,0.0209,-3.809520404688434e-11,-3.514160893859364e-09,-1.663212504392268e-09,1.7344103641055693e-09
Subject02,Incline,1594.0,0.416,82.6447,0.002793203532074447,9.6217,63.49,0.0156,0.0158,0.0224,0.0212,2.458082446378129e-09,-5.171883124520466e-12,-1.2950695125968194e-09,2.810395138001795e-09
Subject02,Incline,1609.0,0.4112,83.1447,0.0015716510983607595,9.6217,63.49,0.0161,0.0152,0.0209,0.0218,-1.1737531116815143e-09,1.5460723586991187e-10,-5.0579398903376144e-11,-4.6007125515515025e-09
Subject02,Incline,1624.0,0.4219,84.1447,-0.001633251995967538,9.6217,63.49,0.0158,0.016,0.0203,0.0223,-1.149402259933561e-09,2.0990692734841597e-09,1.3406649290748531e-09,7.923275579815451e-11
Subject02,Incline,1639.0,0.4004,85.2947,-0.0018305106203895128,9.6217,63.49,0.0157,0.0177,0.0211,0.0225,-2.687414756537087e-10,-2.1624863814229823e-09,1.6979766823604532e-09,2.827267330017196e-10
Subject02,Incline,1654.0,0.4257,84.1447,0.0020314651468667875,9.6217,63.49,0.0142,0.0161,0.0188,0.0211,1.1229582797295705e-09,-1.5362497653345538e-10,-2.992176318443208e-09,1.5791141448525146e-09
Subject02,Incline,1669.0,0.4319,88.0947,0.0032587794810754627,9.6217,63.49,0.0157,0.0154,0.0189,0.0226,1.466037545200442e-09,6.234081838254014e-10,-7.684182234408783e-11,-1.2652299245350957e-09
Subject02,Incline,1684.0,0.4191,94.6447,-0.0024829126169463992,9.6217,63.49,0.0158,0.0158,0.0195,0.0211,-2.2600724009933637e-09,6.945599137287734e-10,3.0949759312796357e-10,-5.249102101772935e-10
Subject02,Incline,1699.0,0.4175,89.0947,0.0026106835407603063,9.6217,63.49,0.0146,0.0169,0.0191,0.0202,-3.06669285662439e-10,-4.754731038739654e-10,3.4152815180180124e-09,2.1640911803351209e-10
Subject02,Incline,1714.0,0.419,87.1447,-0.002352812403936174,9.6217,63.49,0.0147,0.0152,0.02,0.0211,7.483179897693493e-10,-8.093335077614765e-10,-3.647424678677574e-09,1.5059898172588394e-09
Subject02,Incline,1729.0,0.432,85.8947,0.0017215310376118716,9.6217,63.49,0.014,0.0148,0.0176,0.0212,7.577068884715916e-10,3.289872230028178e-10,-7.997121214527013e-12,3.3100311594413326e-10
Subject02,Incline,1744.0,0.4172,87.6947,-0.001810661980012783,9.6217,63.49,0.0145,0.0154,0.018,0.0213,5.099647531475505e-10,3.3488239723265074e-10,6.489998790348578e-12,-2.121943283716419e-09
Subject02,Incline,1759.0,0.4285,86.6447,-0.0026236132858267615,9.6217,63.49,0.0144,0.0147,0.0166,0.0208,-1.6314268532889835e-09,8.420061995430197e-10,1.0899692218675413e-09,-6.554029288780347e-12
Subject02,Incline,1774.0,0.4229,84.0947,0.0029685917412098535,9.6217,63.49,0.0152,0.0162,0.0188,0.0212,-3.662744831243435e-10,-1.6280724518269168e-09,1.2334041403922972e-09,7.819227853653237e-10
Subject02,Incline,1800.0,0.1418,87.3947,-0.0028319776951728857,4.8842,63.49,0.009,0.011,0.0126,0.0144,1.7984903327113235e-11,1.462934900251117e-11,-2.8880455746693636e-10,-1.099746937120574e-11
Subject02,Incline,1815.0,0.1481,76.6447,-0.0008031449657418556,4.8842,63.49,0.009,0.0109,0.011,0.0146,-2.710594152431661e-11,1.0947544098101551e-10,9.11981299133691e-10,-9.904930622062588e-10
Subject02,Incline,1830.0,0.1494,70.6447,-0.0015959129330599395,4.8842,63.49,0.0088,0.0097,0.0114,0.0151,-1.5459130267214054e-10,-1.0009609658323568e-10,6.237515699786105e-10,-3.3044535307957734e-10
Subject02,Incline,1845.0,0.1434,63.6947,0.0016687081555442254,4.8842,63.49,0.0088,0.0111,0.0111,0.0162,4.761291034265919e-10,1.8139604327822196e-09,-3.1445943463625284e-10,-1.0548775357530849e-10
Subject02,Incline,1860.0,0.1541,60.8947,0.0018095666078611562,4.8842,63.49,0.0077,0.0104,0.0106,0.0143,6.850463377682879e-10,3.231584828538386e-10,-5.848543937896707e-10,1.9219766276636465e-11
Subject02,Incline,1875.0,0.1493,63.5614,0.0019160469361299652,4.8842,63.49,0.0093,0.0102,0.0103,0.0151,-4.1059026854209137e-10,-1.107246639643635e-09,-1.3160247834429732e-09,-1.1013126398212647e-10
Subject02,Incline,1890.0,0.1402,64.6447,-0.002195587940963544,4.8842,63.49,0.0092,0.0102,0.0091,0.0159,-9.057112404342153e-11,-8.844106485479592e-10,-2.2713544466848568e-11,6.700707661898701e-11
Subject02,Incline,1905.0,0.1425,60.8947,-0.0016338954255374655,4.8842,63.49,0.0084,0.0105,0.0093,0.0153,7.03749621557246e-10,-1.743556743075288e-10,-4.706405355080411e-11,2.7237319125523945e-09
Subject02,Incline,1920.0,0.1442,60.1447,-0.0009361062507363516,4.8842,63.49,0.0089,0.0107,0.01,0.0144,-1.2429956116066528e-09,-6.389245051385354e-12,1.3057893921526514e-10,-2.772984301785109e-10
Subject02,Incline,1935.0,0.1381,60.1447,0.0010904727043017108,4.8842,63.49,0.0091,0.0112,0.0113,0.0143,-4.8423240519993833e-11,8.974822187391633e-11,1.1626862940482977e-09,-1.6819308155317543e-09
Subject02,Incline,1950.0,0.155,60.3947,0.0013626295033259768,4.8842,63.49,0.0091,0.0104,0.0102,0.0149,-7.372769044273769e-11,4.2030942531444624e-10,4.941954927002286e-10,-5.748194362737775e-10
Subject02,Incline,1965.0,0.1506,61.3947,0.001392931853552884,4.8842,63.49,0.0091,0.0094,0.0079,0.0159,5.789975868296918e-10,9.002542455656911e-10,-1.7370458174396505e-09,-2.4492689072488076e-10
Subject02,Incline,1980.0,0.1455,61.8947,-0.001407979139141173,4.8842,63.49,0.0093,0.0104,0.0091,0.0155,1.4626349483159673e-10,-1.0120798912015963e-09,-3.731033288958889e-11,1.57715394910728e-10
Subject02,Incline,1995.0,0.1479,59.3947,-0.0009740379180374058,4.8842,63.49,0.0096,0.0105,0.0097,0.0152,-7.095911416331639e-10,-3.866593356735479e-10,2.449143174172583e-10,1.4658288940316962e-09
Subject02,Incline,2010.0,0.1475,57.3947,0.001302168249501425,4.8842,63.49,0.0086,0.0095,0.0081,0.016,-4.7811118169207504e-11,9.98470716732361e-11,1.4908688504279194e-09,-1.3276571512430157e-09
Subject02,Incline,2025.0,0.1481,57.8947,-0.001497161648361856,4.8842,63.49,0.0085,0.0099,0.0096,0.0145,6.618063490743335e-10,6.216814597346059e-10,-1.7112604827935825e-09,-3.232944110857919e-10
Subject02,Incline,2040.0,0.1458,58.4947,0.0018421959934801172,4.8842,63.49,0.0075,0.0104,0.0086,0.0158,2.0849071882996238e-10,-1.6594082554765873e-10,4.6399060288306535e-11,-1.3558969853364824e-10
Subject02,Incline,2055.0,0.1434,60.6447,0.0018201366824679305,4.8842,63.49,0.007,0.0098,0.0079,0.0151,-6.96168635096786e-10,-5.200978767406309e-10,-5.443202989589515e-11,2.5625457997039317e-09
Subject02,Incline,2070.0,0.1421,60.5614,-0.002391593384828387,4.8842,63.49,0.0092,0.011,0.0083,0.0161,-1.5496489833863457e-11,9.225207619170143e-12,5.857299905379826e-10,-2.2770397452483463e-09
Subject02,Incline,2085.0,0.1471,58.4947,0.0021147113945419265,4.8842,63.49,0.0086,0.0093,0.0089,0.0158,-1.270026860687379e-10,4.382162991710464e-10,1.734838247544509e-09,-9.359089578176434e-12
Subject02,Incline,2100.0,0.1449,60.2281,-0.0018873295419435379,4.8842,63.49,0.0089,0.0105,0.0098,0.0172,1.1725438155837584e-09,6.112089562974289e-10,-2.284496541981396e-09,1.5783258638255126e-11
Subject02,Incline,2115.0,0.1507,56.8947,-0.0013602990934754836,4.8842,63.49,0.0083,0.0113,0.0102,0.0141,-3.379821437593491e-10,-7.305899825464049e-10,-7.609218976933686e-12,-2.2246402710495985e-12
Subject02,Incline,2130.0,0.1494,54.8947,0.0013970890670797437,4.8842,63.49,0.0073,0.0104,0.01,0.0131,-3.353750639774068e-10,-3.325677975884226e-10,-3.5703129363230155e-11,2.6608673422839266e-09
Subject02,Incline,2145.0,0.1431,54.8947,-0.0016287587363947894,4.8842,63.49,0.0078,0.0107,0.0089,0.0152,-3.324056676205222e-10,2.1088643461482917e-11,1.9120542627177992e-10,-2.5440769988383986e-09
Subject02,Running,360.0,0.5769,10.8026,0.004253933872926364,3.2756,63.49,0.0077,0.0143,0.0123,0.0156,-1.166715946301253e-09,2.2502066084960887e-09,2.4773722307495926e-09,-5.866972299967502e-10
Subject02,Running,375.0,0.6315,27.386,-0.0014412561573405123,3.2756,63.49,0.0103,0.0138,0.0109,0.018,5.60748129375706e-10,-2.4129431616110957e-09,-2.3768222323306495e-09,1.1753541432098296e-09
Subject02,Running,390.0,0.6416,35.0526,0.0010580976390078731,3.2756,63.49,0.0107,0.0132,0.0091,0.0187,-9.54209986707405e-11,4.3147358746760075e-10,-3.080433237548172e-10,-1.5497143399372769e-09
Subject02,Running,405.0,0.6467,39.7193,-0.0017865934151860545,3.2756,63.49,0.01,0.013,0.0092,0.0168,-4.920908009955593e-10,-3.497172067577534e-10,1.5687126401377897e-10,4.754384176181588e-10
Subject02,Running,420.0,0.6421,37.8526,0.0021129141579454016,3.2756,63.49,0.0094,0.013,0.0097,0.0163,7.345857979125456e-10,-6.887756164944913e-11,-1.0555734659305643e-10,-5.564660595847827e-10
Subject02,Running,435.0,0.6326,34.6526,-0.004309866466456556,3.2756,63.49,0.0088,0.0137,0.0093,0.0159,-7.662728955181743e-10,2.560748317480532e-09,2.0808242731507744e-09,1.9253743358127134e-10
Subject02,Running,450.0,0.632,25.8026,0.002835879507774187,3.2756,63.49,0.0086,0.0118,0.01,0.0161,2.15508100951328e-09,-2.4840202238292437e-09,-1.968560672790607e-09,3.1402163669299885e-09
Subject02,Running,465.0,0.6352,20.0526,0.0033430444852963056,3.2756,63.49,0.009,0.0126,0.0088,0.0147,-2.150587162571862e-09,2.020184366720444e-09,1.6612561991338492e-09,-3.4260715502000375e-09
Subject02,Running,480.0,0.6401,19.8526,-0.0030567648786889454,3.2756,63.49,0.0076,0.0124,0.0098,0.0153,-6.454374563878258e-11,-2.100228777304634e-09,-1.7980462673899624e-09,6.397727014874763e-10
Subject02,Running,495.0,0.6368,17.5526,-0.0031159644921511134,3.2756,63.49,0.0075,0.0121,0.0089,0.0156,1.0590511182939561e-09,2.4218993509080193e-10,-1.1198896048594672e-11,-3.402565425198592e-10
Subject02,Running,510.0,0.6349,14.0526,0.0025144367698598045,3.2756,63.49,0.0093,0.0123,0.0104,0.0146,-1.0050156372244578e-09,1.6292853684914303e-09,2.2468638883193696e-09,2.4184868577979e-10
Subject02,Running,525.0,0.6305,17.0526,0.002934888400438346,3.2756,63.49,0.0074,0.012,0.0086,0.0144,2.030546350897341e-09,-1.901303531667628e-09,-2.281630015665827e-09,1.923082918006958e-09
Subject02,Running,540.0,0.6329,18.8526,0.003200907518471439,3.2756,63.49,0.0079,0.0114,0.0076,0.0137,-2.0976561439356916e-09,2.6611160488977155e-10,7.474527303258174e-11,-2.400569022256188e-09
Subject02,Running,555.0,0.6332,19.886,-0.0029227853974717706,3.2756,63.49,0.0081,0.0126,0.0095,0.0149,7.739214165256136e-11,1.4810759915848786e-09,1.1759648655906713e-09,4.0241439250042593e-10
Subject02,Running,570.0,0.624,19.2526,-0.0028071530998304804,3.2756,63.49,0.0076,0.0119,0.0083,0.0141,9.086978534048397e-10,-1.7567883854513445e-09,-1.2738335359315709e-09,1.5478812790439127e-09
Subject02,Running,585.0,0.6309,15.2526,0.0023657446370339355,3.2756,63.49,0.0087,0.0116,0.0076,0.0152,-7.559093109785349e-10,5.472513315154687e-10,-8.179385498121339e-11,-1.8885652478367336e-09
Subject02,Running,600.0,0.6267,19.0526,-0.0028877372753495275,3.2756,63.49,0.0085,0.012,0.0094,0.0144,-1.5927684587308534e-10,-4.61904479155833e-11,9.547497646658001e-10,5.801922906041306e-10
Subject02,Running,615.0,0.6335,18.8526,0.0036400229057895967,3.2756,63.49,0.0074,0.0117,0.0076,0.0141,7.86549517358957e-10,-4.901637004041873e-10,-8.568131645023669e-10,9.171425665332511e-10
Subject02,Running,630.0,0.6261,26.0526,0.002075646265538892,3.2756,63.49,0.0063,0.0112,0.0071,0.0158,-3.6556905503858714e-10,8.683107913675293e-11,1.9910428114870155e-11,-1.3087640032553318e-09
Subject02,Running,645.0,0.6256,29.8526,-0.0023674250529462904,3.2756,63.49,0.007,0.0121,0.0083,0.0145,-4.223394234049102e-10,1.4960266900898062e-09,4.246508860261256e-10,-3.0192760610843225e-10
Subject02,Running,660.0,0.6317,25.886,-0.002480489792476331,3.2756,63.49,0.0068,0.0133,0.0083,0.0145,1.958124714161362e-11,-1.4665548107085499e-09,2.4676986539870854e-10,3.364800938499085e-10
Subject02,Running,675.0,0.6269,19.8526,0.0032117239514137786,3.2756,63.49,0.0067,0.0118,0.008,0.0142,1.7181073540430524e-09,-9.396958177919407e-11,-6.828539556788474e-10,2.529748757765738e-09
Subject02,Running,690.0,0.6449,19.3026,-0.004374706936042995,3.2756,63.49,0.0072,0.0117,0.0077,0.014,-1.1452483760641741e-09,9.284864455702242e-10,-1.0614234453224961e-10,-2.783293345735363e-09
Subject02,Running,705.0,0.626,16.0526,0.0045104205590683535,3.2756,63.49,0.0079,0.012,0.0085,0.0152,-5.160330467704288e-10,2.0479032148287177e-09,2.9836766071230565e-09,2.818617278974578e-10
Subject02,Running,720.0,1.115,18.0526,0.006580716935900442,9.9736,63.49,0.0246,0.0216,0.018,0.0231,1.1288025997750469e-10,-2.973718856236299e-09,-9.570115427522812e-10,2.7972816564439755e-10
Subject02,Running,735.0,1.3593,36.0526,-0.003238180821529993,9.9736,63.49,0.0243,0.0212,0.0174,0.0249,3.0837844806941567e-09,1.018518003118423e-10,-1.7402950112724778e-09,2.622583941836625e-10
Subject02,Running,750.0,1.3502,36.0526,-0.004135766394595268,9.9736,63.49,0.0211,0.0222,0.0167,0.023,-2.835053721524527e-09,1.8094149592720282e-09,1.962672705814093e-09,-6.940698943168889e-10
Subject02,Running,765.0,1.3786,36.0526,0.027839794191610465,9.9736,63.49,0.0212,0.0216,0.0165,0.0237,2.3111414809298882e-09,-1.7630912572322898e-09,-1.7718415586840788e-09,7.139818025767339e-10
Subject02,Running,780.0,1.3695,70.0526,-0.0033070349623247207,9.9736,63.49,0.022,0.0228,0.0156,0.0229,-2.1065143173173137e-09,3.92772651580275e-09,-3.3755876108446344e-10,-8.431563764798074e-10
Subject02,Running,795.0,1.3898,71.6526,-0.005926766548554866,9.9736,63.49,0.0197,0.0221,0.0167,0.0223,-7.055481237889899e-10,-3.925569860574333e-09,2.380499622474961e-10,5.457170526934597e-09
Subject02,Running,810.0,1.32,72.8526,0.006827422649047657,9.9736,63.49,0.0198,0.0225,0.0154,0.023,1.968967751167081e-09,4.968895214144077e-10,-1.0036043857272544e-11,-5.2733278931452235e-09
Subject02,Running,825.0,1.3871,77.0526,-0.008589184087067525,9.9736,63.49,0.0193,0.0231,0.0155,0.0228,-1.7852454318292976e-09,-1.008870483531569e-09,2.814298202738834e-09,-3.415969197425314e-11
Subject02,Running,840.0,1.3582,71.2526,0.002711298781625033,9.9736,63.49,0.0205,0.0202,0.0149,0.024,3.246648936242847e-09,1.9613205969891984e-09,-2.808989366925786e-09,-6.291596471399463e-11
Subject02,Running,855.0,1.3965,71.0526,0.002384670206552732,9.9736,63.49,0.0195,0.0222,0.0153,0.0213,-3.2769638999614706e-09,-1.4298467502822857e-09,9.141744910731802e-10,2.052359570631423e-09
Subject02,Running,870.0,1.4384,74.7193,-0.001555798263667558,9.9736,63.49,0.0182,0.0206,0.0154,0.022,4.690322421750307e-10,4.779504916752853e-09,-1.1422641244065608e-09,-2.028208215424919e-09
Subject02,Running,885.0,1.3995,73.8026,0.0019265549598420715,9.9736,63.49,0.0178,0.0204,0.0157,0.022,4.3684315181279e-10,-4.939166731929306e-09,8.734331239434485e-10,3.582803963397395e-09
Subject02,Running,900.0,1.3841,72.6526,0.014235224045804408,9.9736,63.49,0.0205,0.021,0.016,0.0203,-8.475362764036609e-10,6.254882778727148e-10,1.37842049111285e-09,-3.725302480129292e-09
Subject02,Running,915.0,1.4508,77.7193,-0.007268765775510414,9.9736,63.49,0.0185,0.019,0.0153,0.0203,2.6119877778464847e-09,-2.5989283673879314e-10,-2.126522535008175e-09,1.0381833588094548e-10
Subject02,Running,930.0,1.4108,79.0526,0.006978677751230697,9.9736,63.49,0.0173,0.0209,0.0156,0.0209,-2.648852476226293e-09,-2.3993589883277623e-10,2.5264214280025693e-11,4.1819691672426195e-09
Subject02,Running,945.0,1.4947,82.5526,-0.010469528426695924,9.9736,63.49,0.0199,0.0191,0.0151,0.0216,-3.4626674930647e-11,4.512892057261871e-09,-2.0646921534692129e-10,-4.29839703214158e-09
Subject02,Running,960.0,1.5069,82.0526,0.002618124297203836,9.9736,63.49,0.018,0.0184,0.0151,0.0209,4.3983344762553204e-09,-4.567425694200219e-09,3.2858900392911007e-10,2.5440514410875573e-10
Subject02,Running,975.0,1.33,80.8026,0.004964331082917682,9.9736,63.49,0.0214,0.0215,0.0178,0.025,-4.363280577483223e-09,-1.9769012770184617e-10,3.5951435447334547e-09,-2.083318305935943e-11
Subject02,Running,990.0,1.5737,83.886,-0.004341068195134487,9.9736,63.49,0.021,0.0199,0.0162,0.021,2.1476233730457042e-09,4.555448329156514e-09,-3.841098113870982e-09,-2.8609470744907935e-10
Subject02,Running,1005.0,1.5059,86.886,0.012686805396676298,9.9736,63.49,0.0181,0.0194,0.0147,0.0217,1.3691773040110701e-09,-4.304436572595041e-09,9.192336205479133e-11,3.989553767762612e-10
Subject02,Running,1020.0,1.5142,84.386,-0.011296590184679677,9.9736,63.49,0.0179,0.0201,0.0147,0.0195,-3.5091621357314018e-09,-3.126173777751127e-10,2.9766490966947585e-09,-2.41065658267894e-10
Subject02,Running,1035.0,1.5246,81.386,-0.015930511304458276,9.9736,63.49,0.0182,0.0195,0.0151,0.0206,-1.7322288511848233e-10,5.371303683096319e-09,-3.1480476269388234e-09,-8.682800323175008e-11
Subject02,Running,1050.0,1.6186,82.2526,0.003092465948521171,9.9736,63.49,0.0202,0.0186,0.0156,0.0194,4.972530973840582e-09,-5.372540954033558e-09,3.3409070651630134e-10,-2.1105694836862275e-11
Subject02,Running,1065.0,1.4849,82.2193,0.01934293702974005,9.9736,63.49,0.018,0.0183,0.0149,0.0192,-1.4798313301439195e-09,1.601284349186762e-10,1.3136445967860672e-11,-1.6200543096225034e-10
Subject02,Running,1080.0,2.0528,90.6241,0.003603064834963046,13.3416,63.49,0.023,0.02,0.0178,0.0212,-3.3198868876419497e-10,1.897242433597408e-10,8.206107758662463e-11,1.737407382535371e-10
Subject02,Running,1095.0,2.1772,91.2193,0.0021438613157117193,13.3416,63.49,0.0215,0.0199,0.0185,0.0198,-2.956023718083572e-09,3.892884422926882e-09,-3.0449234892937757e-10,1.1114308682164345e-10
Subject02,Running,1110.0,2.2212,94.1955,-0.008374834211602154,13.3416,63.49,0.021,0.0204,0.018,0.0201,6.881248400653347e-10,-4.040279785468409e-09,2.114921446386402e-09,3.488322562741767e-11
Subject02,Running,1125.0,2.2586,93.2193,0.011404582977377736,13.3416,63.49,0.0202,0.0201,0.0189,0.0191,-8.290524730438013e-10,6.070169898557393e-11,-1.7296980742993182e-09,5.9854909058604725e-09
Subject02,Running,1140.0,2.3229,97.386,-0.005928209529838135,13.3416,63.49,0.0216,0.0189,0.0164,0.0205,6.106495555253262e-09,-2.465956858106781e-10,-1.432074547779938e-10,-6.222648049495417e-09
Subject02,Running,1155.0,2.291,94.7669,0.004219762206181101,13.3416,63.49,0.0197,0.0208,0.0172,0.0192,-5.384950966980119e-09,3.2487106733865998e-09,3.504788056544982e-10,1.9281226846805782e-10
Subject02,Running,1170.0,2.3973,94.9098,0.0032723323834562596,13.3416,63.49,0.0204,0.0191,0.0173,0.0184,-6.42462952700545e-10,-2.9825269560267005e-09,-1.6720239004797973e-10,3.4761671379133394e-09
Subject02,Running,1185.0,2.4401,96.3026,-0.0019505760619484165,13.3416,63.49,0.0203,0.0197,0.0163,0.0195,4.9548508159334705e-09,-4.19298298647066e-10,-2.1440158442445828e-10,-3.72866976485498e-09
Subject02,Running,1200.0,2.4037,91.2749,-0.01832826139782567,13.3416,63.49,0.0226,0.0198,0.0163,0.0198,-4.928347287125187e-09,3.9366019311260765e-09,-2.0102370082668664e-10,1.0680053926871012e-10
Subject02,Running,1215.0,2.4166,89.7669,0.004488573521169819,13.3416,63.49,0.0212,0.0192,0.0163,0.0207,2.808463184849193e-10,-3.668191846756871e-09,2.5938554096653116e-09,2.1204977723108038e-10
Subject02,Running,1230.0,2.5218,96.4276,0.004616162422573965,13.3416,63.49,0.0217,0.0191,0.0172,0.0191,-2.8737030229768616e-10,2.1666506469105996e-10,-1.0658322830049965e-09,1.1502606857685142e-09
Subject02,Running,1245.0,2.5251,96.0526,-0.0004322813021908485,13.3416,63.49,0.0208,0.0201,0.0166,0.0208,1.2014910117402107e-09,-7.582517980292838e-11,-1.2433216396834523e-09,1.2024182057056006e-09
Subject02,Running,1260.0,2.5044,98.0526,-0.0038842571123160387,13.3416,63.49,0.0211,0.0188,0.0168,0.0193,1.236596836840416e-09,7.833447055555353e-10,-2.3645060466516546e-10,-2.2758579268953936e-09
Subject02,Running,1275.0,2.2849,97.6082,-0.002532483766499807,13.3416,63.49,0.0202,0.0199,0.0162,0.0195,-1.7752297102069757e-09,-5.329181985810623e-10,2.8851773446766806e-09,2.7812415360228084e-11
Subject02,Running,1290.0,2.1852,96.0526,0.00465382965025436,13.3416,63.49,0.0205,0.0195,0.0166,0.0207,-4.2837272263111223e-10,-3.479441633395552e-10,-2.9502522454709865e-09,5.166128489399841e-09
Subject02,Running,1305.0,2.4469,98.2526,0.006883086749384859,13.3416,63.49,0.0205,0.02,0.0169,0.0204,4.09044595078175e-09,4.996021229637467e-11,2.1267854576061578e-10,-4.752413938633457e-09
Subject02,Running,1320.0,2.5436,99.6776,-0.005785234988208716,13.3416,63.49,0.0201,0.0204,0.0164,0.0191,-4.383431279907751e-09,3.685189148588442e-09,-1.971164708828351e-10,-5.957247186507367e-10
Subject02,Running,1335.0,2.6827,96.6241,0.0017697173009948422,13.3416,63.49,0.0211,0.0205,0.0164,0.0197,1.1191431004649684e-09,-4.112627883154751e-09,2.669766716387645e-09,6.454933863194861e-11
Subject02,Running,1350.0,2.7209,97.386,0.004534637722356031,13.3416,63.49,0.0198,0.0197,0.0161,0.0199,-1.2466304986858356e-09,5.164356166690822e-10,-2.6196124979348966e-09,4.632772390176467e-09
Subject02,Running,1365.0,2.8241,98.0526,-0.0029387373892056914,13.3416,63.49,0.0208,0.0201,0.0167,0.0201,2.914435955649834e-09,-3.638031595606553e-10,9.108744811484602e-11,-4.8064080406531415e-09
Subject02,Running,1380.0,2.6437,96.3026,-0.003923715520570937,13.3416,63.49,0.0192,0.02,0.0161,0.0193,-3.759552786256694e-10,2.503307900907575e-09,2.8654909870340817e-10,1.2693624113113333e-10
Subject02,Running,1395.0,2.68,94.8026,0.003185112209068866,13.3416,63.49,0.0191,0.0191,0.0159,0.0195,-2.6531024467444643e-09,-2.3421657898094578e-09,-4.825845151200539e-10,5.6201634028334865e-09
Subject02,Running,1410.0,2.8763,95.8026,-0.001509419257940366,13.3416,63.49,0.0196,0.0196,0.0153,0.0199,1.861893136759121e-09,2.078279159346005e-09,6.016098049118182e-11,-5.457731904564295e-09
Subject02,Running,1425.0,2.7854,95.9276,-0.001664030276832215,13.3416,63.49,0.0187,0.0203,0.0163,0.019,-1.432609633025081e-09,-2.3352727134889604e-09,3.61835881707396e-09,-2.5399225887802685e-10
Subject02,Running,1440.0,1.6463,94.1955,-0.0047717934474183704,9.7279,63.49,0.0152,0.018,0.0132,0.0192,-1.916810524565352e-10,4.543594404439285e-09,-3.839844923523621e-09,2.1152597372632952e-10
Subject02,Running,1455.0,1.3102,88.2193,0.003540819720898723,9.7279,63.49,0.0146,0.018,0.0122,0.0185,-5.3970968747385e-11,-4.08621156096292e-09,3.986239322375668e-10,4.511169714019322e-09
Subject02,Running,1470.0,1.3706,87.2526,-0.0055456935965042,9.7279,63.49,0.014,0.0179,0.0119,0.0187,1.1816879314154208e-09,1.083150454516994e-09,7.724165490528714e-11,-4.5140788177503664e-09
Subject02,Running,1485.0,1.317,84.7193,-0.01513837062307657,9.7279,63.49,0.0136,0.0192,0.0124,0.0191,-1.0269453067878143e-09,-1.2479035835901996e-09,1.1533962858181456e-09,5.901618175371216e-10
Subject02,Running,1500.0,1.3277,80.386,0.010173605504907613,9.7279,63.49,0.0136,0.0177,0.0124,0.0189,3.614147605509143e-09,-2.048519388544883e-10,-1.3833879887950583e-09,-8.808297529428101e-10
Subject02,Running,1515.0,1.3529,80.3383,-0.0016897319295249322,9.7279,63.49,0.0144,0.019,0.0123,0.0177,-3.7162864799524452e-09,2.867683811691783e-10,1.6457614292697419e-09,6.17938969135773e-10
Subject02,Running,1530.0,1.3129,78.0526,0.0050612798089833605,9.7279,63.49,0.0145,0.0181,0.0123,0.0189,2.7304667370036945e-09,-1.9954282330638847e-10,-1.6504083696650434e-09,-6.437174702785342e-10
Subject02,Running,1545.0,1.355,81.2526,-0.008135967952397486,9.7279,63.49,0.0137,0.0189,0.0125,0.017,-2.6774072546825943e-09,9.041589771092111e-11,1.914745864289679e-09,5.047168326382218e-11
Subject02,Running,1560.0,1.3034,79.1776,0.0040379613329201945,9.7279,63.49,0.0144,0.0175,0.0122,0.0187,3.225776300540851e-09,-1.5958270942776124e-10,-1.9368906648828947e-09,1.172984343656805e-10
Subject02,Running,1575.0,1.3509,81.1955,-0.0048757606489561725,9.7279,63.49,0.0139,0.0187,0.0126,0.0185,-3.2564828888649247e-09,1.6013134202340325e-10,2.4477128733033534e-09,1.241284571646543e-10
Subject02,Running,1590.0,1.4539,79.6241,-0.007002310159454524,9.7279,63.49,0.0143,0.018,0.0115,0.0192,1.1620612226402206e-09,8.353245231052652e-10,-2.284869995875021e-09,-6.976027641504422e-11
Subject02,Running,1605.0,1.3169,78.5526,0.014051658632465675,9.7279,63.49,0.0141,0.0186,0.0127,0.0185,-1.1704811323467043e-09,-6.698264909630365e-10,2.2725649454334847e-09,2.7854249026403515e-10
Subject02,Running,1620.0,1.4188,82.6526,-0.009698474958451197,9.7279,63.49,0.0151,0.018,0.0126,0.0181,2.298527139644813e-09,2.998660154920275e-10,-2.3582022288413654e-09,-3.673472727840799e-10
Subject02,Running,1635.0,1.4869,79.0526,-0.0031337218530042626,9.7279,63.49,0.0144,0.0186,0.0123,0.0174,-2.2893465351516017e-09,-2.813074396047122e-10,2.476640471063064e-09,-2.4199672065948602e-11
Subject02,Running,1650.0,1.4314,79.7193,-0.00534083709397319,9.7279,63.49,0.0143,0.0178,0.0118,0.0185,1.1353209788402156e-09,-5.82732709301628e-11,-2.4696136074842917e-09,2.1775395354226186e-09
Subject02,Running,1665.0,1.3763,78.7193,-0.008311892766913317,9.7279,63.49,0.015,0.0185,0.0123,0.0175,-1.329284744803241e-09,3.901914219965491e-09,-3.6212017279290184e-11,-2.0984341096190156e-09
Subject02,Running,1680.0,1.4058,74.386,0.006442290879145185,9.7279,63.49,0.0148,0.0186,0.0128,0.0168,2.77642942237047e-10,-4.009486392398915e-09,2.0054951197213873e-09,-6.192655833265456e-11
Subject02,Running,1695.0,1.4052,79.0526,0.011137899460476254,9.7279,63.49,0.0153,0.0179,0.0119,0.0181,3.21731291169935e-10,6.764013559771522e-11,-1.8952902997027734e-09,4.138758097072469e-09
Subject02,Running,1710.0,1.3386,82.6776,-0.006612613192609089,9.7279,63.49,0.015,0.0179,0.0122,0.0186,6.304045553243768e-10,1.0927911341157058e-09,-1.3635862664380677e-10,-4.0113536353299425e-09
Subject02,Running,1725.0,1.3448,80.9098,-0.002996033942167665,9.7279,63.49,0.0141,0.0182,0.0119,0.0181,-1.0902281031635174e-09,-1.2794369450351277e-09,2.707026206572859e-09,-1.4523131789016765e-10
Subject02,Running,1740.0,1.3617,78.386,0.0025877505673574347,9.7279,63.49,0.0141,0.0177,0.0122,0.0181,-1.057092233779667e-10,2.5560485710735345e-10,-2.840826327206523e-09,4.920357394392188e-09
Subject02,Running,1755.0,1.4381,79.2526,-0.0024934023331133846,9.7279,63.49,0.0157,0.0181,0.013,0.0179,3.3749168649795527e-09,5.2423205562815886e-11,3.821621417355784e-10,-4.777476899946162e-09
Subject02,Running,1770.0,1.4611,79.4526,0.0029487300603606268,9.7279,63.49,0.0142,0.018,0.0121,0.0174,-3.1602960047960853e-09,3.4216566452837786e-09,-3.694208442813986e-10,-1.0124587993292619e-10
Subject02,Running,1785.0,1.4201,83.1955,0.004985078935590577,9.7279,63.49,0.0137,0.0177,0.0126,0.0173,-4.788279760963142e-11,-3.4952527283245145e-09,-2.5730332111494956e-11,4.127725481246068e-09
Subject02,Stairs,360.0,0.0395,8.8162,0.007738911018672985,4.4224,63.49,0.0224,0.0307,0.0125,0.0413,4.243341485653404e-09,2.1460111226121708e-09,-1.9349558910571333e-09,-1.1236957288751332e-09
Subject02,Stairs,375.0,0.043,20.0162,-0.003551749923082501,4.4224,63.49,0.0231,0.0339,0.0201,0.0352,-3.524718366927274e-09,-2.178572482883375e-09,9.723578334247846e-10,4.578758515763611e-09
Subject02,Stairs,390.0,0.0362,27.2162,0.002058570552229367,4.4224,63.49,0.0213,0.034,0.0167,0.0425,-3.026554728340171e-10,4.950832614117361e-10,-5.959640405479417e-10,-2.4607896911224227e-09
Subject02,Stairs,405.0,0.0432,33.2162,-0.0015756676861487001,4.4224,63.49,0.0207,0.0389,0.0132,0.0366,1.5855817243240854e-09,2.7707311023023013e-09,-8.480009825001334e-11,-2.0917322536683806e-09
Subject02,Stairs,420.0,0.0369,31.8162,-0.0011468445603421747,4.4224,63.49,0.0204,0.0345,0.0135,0.0327,-1.987048462790676e-09,2.2800898618551543e-09,-8.221273323711003e-10,1.28777040707055e-09
Subject02,Stairs,435.0,0.0372,31.2162,0.0016886220201968512,4.4224,63.49,0.0165,0.0284,0.014,0.0309,6.145529137762739e-10,-5.223116601073805e-09,1.4895775331839703e-09,3.5944955334009685e-09
Subject02,Stairs,450.0,0.04,33.0162,-0.0020852998741555215,4.4224,63.49,0.0174,0.0298,0.0133,0.0367,1.1420342927397321e-09,4.60510274870176e-09,7.123807788471954e-11,-2.6437272491471225e-09
Subject02,Stairs,465.0,0.0505,28.2162,-0.0013436485947034861,4.4224,63.49,0.0189,0.0355,0.0149,0.0291,-7.968021406198688e-10,3.449657338152857e-09,-8.102580499864756e-10,4.3033144458399694e-10
Subject02,Stairs,480.0,0.0397,26.7162,0.0010796552049041138,4.4224,63.49,0.0192,0.0304,0.0134,0.0334,-9.166234505691659e-10,-8.285676567935014e-09,4.903261699196352e-10,-1.451733754623579e-09
Subject02,Stairs,495.0,0.0403,27.9662,-0.0012608395474024488,4.4224,63.49,0.0177,0.0319,0.0107,0.0292,1.3754764472789538e-09,3.4424355871736863e-09,-3.2658910184570943e-10,-1.2982696569305934e-09
Subject02,Stairs,510.0,0.0423,28.4662,0.000918116905750418,4.4224,63.49,0.0163,0.0286,0.0121,0.0283,-1.3916238817543542e-09,2.2014436608364057e-09,-7.512538664146116e-10,-1.123796751051555e-11
Subject02,Stairs,525.0,0.0406,30.4162,-0.0015448216223376448,4.4224,63.49,0.0149,0.0291,0.0124,0.0336,3.376363153385893e-10,-5.57240271175102e-09,1.4136182164595757e-10,2.5522820948635612e-09
Subject02,Stairs,540.0,0.0473,30.8829,0.001873416675474198,4.4224,63.49,0.0166,0.0308,0.013,0.0296,6.586676175500168e-10,1.468341032984456e-09,8.764995317081907e-11,-2.587528928504357e-09
Subject02,Stairs,555.0,0.0542,30.2162,0.0019441452887025991,4.4224,63.49,0.0191,0.0282,0.0132,0.0259,-2.9647311471845024e-10,-1.5319199310937796e-09,1.366177097745101e-10,8.455493831563004e-09
Subject02,Stairs,570.0,0.0367,29.4662,-0.0020130856763968794,4.4224,63.49,0.0169,0.0299,0.011,0.0351,-3.718443312546694e-10,1.316191044099795e-10,8.144030327798838e-11,-5.3578779229543975e-09
Subject02,Stairs,585.0,0.0437,27.6162,-0.0017191335894302345,4.4224,63.49,0.0147,0.032,0.014,0.036,7.801550496949556e-10,2.373947756241113e-09,-2.2936600153644164e-10,-2.9976823154875022e-09
Subject02,Stairs,600.0,0.0388,31.2162,0.0024051111522981495,4.4224,63.49,0.0157,0.0297,0.0115,0.0309,-1.1482468257713811e-09,4.80045108333883e-09,-2.801463253560017e-10,1.492750021589683e-10
Subject02,Stairs,615.0,0.0394,36.4662,-0.0012234171245076623,4.4224,63.49,0.013,0.0257,0.01,0.0321,9.99776210843419e-10,-7.264967908372053e-09,3.243062859970827e-10,1.5311481191095514e-09
Subject02,Stairs,630.0,0.0415,36.7162,-0.0012452584211036604,4.4224,63.49,0.0149,0.0316,0.01,0.0275,1.861654745574424e-09,9.949237609362447e-09,-1.6035615943993869e-10,-1.872546387362188e-09
Subject02,Stairs,645.0,0.0427,36.4162,0.0017024530366975185,4.4224,63.49,0.0147,0.035,0.011,0.0229,-2.2367727557409386e-09,-1.0097115528631973e-08,-3.5347897214194485e-12,1.996308938623303e-09
Subject02,Stairs,660.0,0.0439,35.2162,0.0012839371435931833,4.4224,63.49,0.0169,0.0265,0.0095,0.0321,-3.390056902937897e-10,4.972438865863942e-10,-4.869120440324534e-10,4.731294552921996e-09
Subject02,Stairs,675.0,0.0362,34.6162,-0.0019152417601382577,4.4224,63.49,0.0185,0.0312,0.0134,0.0343,1.6693364559253675e-09,2.3159542659921464e-09,1.1651599888995602e-09,-6.5192921136350856e-09
Subject02,Stairs,690.0,0.0414,33.2162,-0.00106173705733108,4.4224,63.49,0.0133,0.0333,0.0099,0.0297,-1.6509848864429074e-09,4.268359311916594e-09,1.4046421287154988e-10,4.8568453145708464e-09
Subject02,Stairs,705.0,0.0425,31.4662,-0.002039909253726742,4.4224,63.49,0.013,0.0327,0.0102,0.0346,-3.142244753008571e-10,-7.06643501374582e-09,-1.3096809293376649e-09,-3.111914531409809e-09
Subject02,Stairs,720.0,0.0582,30.4162,-0.0014952608439868448,5.8041,63.49,0.0173,0.0372,0.0115,0.0369,9.982545565388079e-10,2.9942570019391866e-09,5.9475147853978e-10,-1.858569407605334e-09
Subject02,Stairs,735.0,0.0566,34.2162,0.0018530031082755114,5.8041,63.49,0.0169,0.0357,0.0132,0.0401,-5.799273579024514e-10,-2.641637657083619e-09,-1.874959919343341e-10,6.075995267431132e-09
Subject02,Stairs,750.0,0.0619,39.6162,-0.000733040781729462,5.8041,63.49,0.014,0.0354,0.0112,0.0375,2.4312887218246786e-10,2.2882403188136875e-09,4.005143681495169e-10,-5.925519440426096e-09
Subject02,Stairs,765.0,0.0672,40.4662,-0.0012969360403641667,5.8041,63.49,0.0153,0.0356,0.012,0.0338,-6.566710584213051e-10,-2.6304116688727328e-09,-8.231022278520017e-10,1.7049804987497976e-09
Subject02,Stairs,780.0,0.0603,39.2162,0.001533553215934416,5.8041,63.49,0.0161,0.0355,0.011,0.0284,1.5259549376844117e-09,2.0704839660744512e-09,5.069874935178979e-10,-1.8257358132343774e-09
Subject02,Stairs,795.0,0.051,39.7162,-0.0010254954354986187,5.8041,63.49,0.0168,0.0493,0.0146,0.0365,-1.3615237223756291e-09,5.53216735346591e-09,6.748396635431341e-10,3.596779921502515e-09
Subject02,Stairs,810.0,0.0583,39.7162,-0.0012228548853682546,5.8041,63.49,0.0126,0.0335,0.0106,0.0423,1.3896321312092957e-09,-4.194731850773864e-09,-4.6182450510840597e-10,4.862087186200778e-09
Subject02,Stairs,825.0,0.0685,40.8162,0.0012880411289074702,5.8041,63.49,0.0153,0.0433,0.0112,0.0337,-6.736576329363176e-10,-3.2478777736399263e-09,2.2289746785710472e-10,-4.985459669543441e-09
Subject02,Stairs,840.0,0.0584,45.8162,0.0016543486986075747,5.8041,63.49,0.0177,0.0329,0.0113,0.0407,4.65011624830202e-10,3.954887613113287e-09,-9.211591538468719e-10,5.322371801190573e-09
Subject02,Stairs,855.0,0.0596,48.2162,-0.0012190889317279675,5.8041,63.49,0.0193,0.0403,0.0117,0.0388,-8.432583425326012e-11,-4.028330926081827e-09,7.169692356921686e-10,-5.945630874435811e-09
Subject02,Stairs,870.0,0.0513,43.7162,-0.0015906867366694277,5.8041,63.49,0.0199,0.0467,0.0137,0.0477,-5.419531615347524e-10,7.208190812252195e-10,-7.228405572821946e-10,1.1808244726376324e-09
Subject02,Stairs,885.0,0.0611,39.9662,0.0012188882375605604,5.8041,63.49,0.017,0.0424,0.0105,0.0423,-7.291716544371981e-10,1.0224697554477555e-09,3.5274699180896824e-10,-4.11140620499652e-09
Subject02,Stairs,900.0,0.061,40.2162,0.001463847158199524,5.8041,63.49,0.0148,0.0355,0.0107,0.0386,2.4786722024015676e-10,-1.5653523725820362e-09,4.4540282596150275e-10,1.7319177469727637e-09
Subject02,Stairs,915.0,0.0612,41.8162,0.001298034260277784,5.8041,63.49,0.0164,0.036,0.0122,0.0343,-8.750223975097254e-11,2.0772602582789e-09,-5.377283967414736e-10,-1.8429345163264684e-09
Subject02,Stairs,930.0,0.0612,41.8162,-0.0018840591778135555,5.8041,63.49,0.0154,0.0355,0.0105,0.0313,1.4135175196978303e-10,-2.2521054287286868e-09,-2.550369852749767e-10,1.654680224827032e-09
Subject02,Stairs,945.0,0.0558,42.4662,0.0013686971339826803,5.8041,63.49,0.0147,0.0367,0.0114,0.038,2.32039565446571e-09,5.8058194113235835e-09,9.405301942743546e-10,-1.6219449843309824e-09
Subject02,Stairs,960.0,0.0603,42.6162,0.0011092052599151491,5.8041,63.49,0.0153,0.0399,0.0099,0.0343,-6.182330517630129e-10,-6.142660681527745e-09,3.2988039128394363e-10,6.173445046712925e-09
Subject02,Stairs,975.0,0.0608,44.4162,-0.0014857931816575948,5.8041,63.49,0.0158,0.0346,0.0106,0.0381,-8.260446341397488e-10,3.0747718065231735e-09,-4.825133917132582e-10,-4.308778041465862e-09
Subject02,Stairs,990.0,0.0656,44.4662,0.001317602734628746,5.8041,63.49,0.016,0.0377,0.0123,0.0324,-9.741824817916272e-10,-2.595542389824353e-09,6.651171074035139e-10,1.0054372542615619e-09
Subject02,Stairs,1005.0,0.061,47.0162,0.0008400960498077381,5.8041,63.49,0.0161,0.0313,0.0109,0.0339,1.3289280263939014e-09,2.433264377727013e-09,-9.527795463026652e-10,-2.550729969522362e-09
Subject02,Stairs,1020.0,0.0554,45.9662,-0.001034168730399397,5.8041,63.49,0.0178,0.0389,0.0112,0.0353,-1.6052650327620681e-09,4.984082913404127e-09,-1.6197550100694876e-10,8.366547444009514e-11
Subject02,Stairs,1035.0,0.065,43.2162,-0.0009328646209374888,5.8041,63.49,0.0128,0.0349,0.0088,0.0395,2.943056477953034e-10,-6.338682990454821e-09,4.881085001183859e-10,3.4018044202591307e-09
Subject02,Stairs,1050.0,0.0617,41.2162,-0.0014611364355353595,5.8041,63.49,0.0133,0.0383,0.0097,0.0346,-2.536566077358054e-10,3.3133040423090494e-09,-2.1325119712249813e-10,-3.258988114704541e-09
Subject02,Stairs,1065.0,0.0681,41.2162,0.0013044662207533832,5.8041,63.49,0.0108,0.0333,0.0092,0.0352,5.438229742547849e-10,-3.9408432553879435e-09,-4.801428122834841e-10,2.047893305052112e-09
Subject02,Stairs,1080.0,0.0654,42.7162,0.0017900796949894095,6.6176,63.49,0.0175,0.0375,0.0108,0.0405,-4.322816744233845e-10,-1.9125239889869197e-10,-1.2371370037325465e-10,4.917772226088205e-10
Subject02,Stairs,1095.0,0.0741,46.4162,0.0013449343782383836,6.6176,63.49,0.0151,0.0436,0.0105,0.0372,1.2714219818615432e-09,3.316047129674079e-09,3.153459167090848e-10,-2.9723418293478456e-09
Subject02,Stairs,1110.0,0.0621,48.7162,-0.0019614844181412633,6.6176,63.49,0.0135,0.0402,0.0104,0.0412,-1.2410954603159872e-09,-3.4016100033416635e-09,2.3155725084275038e-10,3.2415820304198004e-09
Subject02,Stairs,1125.0,0.0658,48.4162,0.002080976781844749,6.6176,63.49,0.0196,0.0439,0.0139,0.0466,3.1461408497119806e-09,4.320069506158819e-09,9.444205392553158e-10,-6.979179618557113e-10
Subject02,Stairs,1140.0,0.0697,52.2162,0.0009648118181617147,6.6176,63.49,0.0159,0.0451,0.0134,0.0325,-2.2273970682527844e-09,7.281469596779255e-10,-5.531043630949163e-10,-2.3960248817142297e-09
Subject02,Stairs,1155.0,0.0717,50.6162,-0.0022154078020655476,6.6176,63.49,0.0152,0.0434,0.0108,0.036,5.308959467224666e-11,-1.9253602569311864e-09,-3.788146428295663e-10,2.9281653598407024e-11
Subject02,Stairs,1170.0,0.068,49.4662,0.0018298213038904004,6.6176,63.49,0.0141,0.0441,0.0116,0.0423,4.944095492882973e-10,1.2513277787646875e-09,4.2364428475040167e-10,5.090970465299223e-11
Subject02,Stairs,1185.0,0.0667,50.6162,-0.0028894894012792736,6.6176,63.49,0.0176,0.0399,0.0125,0.0424,3.518174291654029e-09,-3.190651092557023e-10,9.301911420316706e-10,9.445414018543054e-10
Subject02,Stairs,1200.0,0.0766,50.9662,0.001709386272511606,6.6176,63.49,0.0172,0.0394,0.0113,0.0409,-4.598950459248837e-09,-1.9980543306872988e-09,-1.5742735387429481e-09,-1.0079500955877446e-09
Subject02,Stairs,1215.0,0.07,51.7162,-0.0015630881694452987,6.6176,63.49,0.0167,0.0381,0.0112,0.0334,-4.672990256740031e-10,8.154257001600641e-10,8.686364721102988e-11,-2.8489561832288795e-10
Subject02,Stairs,1230.0,0.0731,51.2162,-0.00197587035210894,6.6176,63.49,0.0184,0.0406,0.0125,0.0372,5.281124721042293e-10,3.5242564169061837e-10,-1.2335185471331653e-10,5.309520081137828e-10
Subject02,Stairs,1245.0,0.0736,53.0162,0.0019013868976157989,6.6176,63.49,0.0153,0.0387,0.0123,0.0321,-5.106220026424347e-10,3.8238341073909465e-09,2.9776759916775865e-10,2.538782699997292e-09
Subject02,Stairs,1260.0,0.074,53.3829,-0.0012504992516417862,6.6176,63.49,0.0132,0.0362,0.0105,0.0385,2.4538642479204815e-10,-7.249831019762071e-10,2.1668754060454671e-10,1.3947888969916479e-09
Subject02,Stairs,1275.0,0.0796,50.4162,-0.0013561580889080633,6.6176,63.49,0.018,0.0351,0.0136,0.0428,6.890633512191433e-11,-6.47898812346093e-09,2.494962420725204e-10,-1.6745784019752644e-09
Subject02,Stairs,1290.0,0.0801,48.4162,0.0020357909593147366,6.6176,63.49,0.0144,0.032,0.0129,0.0351,-3.302520065620286e-10,8.570586902088592e-11,-9.427135734056967e-10,-1.7136369528038496e-09
Subject02,Stairs,1305.0,0.0774,48.6162,-0.0014472000062449855,6.6176,63.49,0.0124,0.0346,0.0117,0.0326,1.2156729606217939e-09,2.4034815427990906e-09,1.1416050572751337e-09,5.149942522915702e-09
Subject02,Stairs,1320.0,0.0769,49.0162,0.0015913383472688648,6.6176,63.49,0.0139,0.0374,0.0126,0.0364,-1.2086120772832619e-10,3.02263972929414e-09,5.464562542847928e-10,1.7689233766372104e-09
Subject02,Stairs,1335.0,0.0793,51.0162,-0.0014385236148033874,6.6176,63.49,0.0149,0.0391,0.0115,0.0319,7.906122544133728e-10,-6.626716086842504e-10,-1.2924362818826086e-09,-7.805755728389307e-09
Subject02,Stairs,1350.0,0.0747,50.6162,0.0026820480110923218,6.6176,63.49,0.0173,0.0391,0.0117,0.035,-6.347562113713121e-10,-4.6528732595200034e-10,-1.3719589412623748e-10,8.239467411718821e-11
Subject02,Stairs,1365.0,0.0838,50.0495,-0.0018523383805824657,6.6176,63.49,0.0153,0.0425,0.0112,0.0324,-1.347290503639146e-09,-1.4506510849081068e-09,4.4618114415151225e-12,1.5865317490367228e-10
Subject02,Stairs,1380.0,0.0716,48.4662,-0.0015425656968492448,6.6176,63.49,0.0143,0.0378,0.012,0.0401,9.798909530714632e-10,6.627953233477831e-10,6.784556002405162e-10,-1.9809792050445915e-10
Subject02,Stairs,1395.0,0.0835,50.2162,0.001912859484509069,6.6176,63.49,0.0155,0.0413,0.0117,0.0319,-5.333689699520423e-10,-2.0117413168369874e-10,-7.472240859673586e-10,-9.164619243033094e-11
Subject02,Stairs,1410.0,0.0786,51.0495,0.001989830596552609,6.6176,63.49,0.0183,0.0407,0.0112,0.0367,4.824302772486593e-10,-3.6451811348532398e-09,1.0100683542962594e-09,3.4273065495644873e-09
Subject02,Stairs,1425.0,0.073,51.8829,0.0018931623615334936,6.6176,63.49,0.02,0.0449,0.0146,0.0411,3.2441115285718624e-10,1.0530521921894697e-08,-2.21574725348717e-10,-1.7452683413141242e-09
Subject02,Walking,365.0,0.3314,3.5294,0.0034410227589875245,3.9037,63.49,0.004,0.0101,0.0092,0.0117,-1.0535824313861666e-11,-4.692841780496296e-10,-8.731619979323873e-11,1.0155722554616473e-10
Subject02,Walking,380.0,0.6083,17.0294,0.00045241128616998176,3.9037,63.49,0.0077,0.0142,0.012,0.017,1.3853050253691563e-09,-5.912147368574699e-11,1.559647078483316e-10,3.0646466277362505e-09
Subject02,Walking,395.0,0.624,24.5294,-0.0008547715711946556,3.9037,63.49,0.0086,0.014,0.0116,0.0172,-1.187428064450364e-09,1.8753362028149683e-09,1.4221699515865014e-09,-3.501745023231865e-09
Subject02,Walking,410.0,0.6121,25.5294,-0.0010809644694240682,3.9037,63.49,0.0079,0.0133,0.0122,0.0162,4.104955856099424e-10,-1.8269039307033718e-09,-1.4569090420352179e-09,1.1704704141623567e-09
Subject02,Walking,425.0,0.6014,26.0294,-0.0031354736486477537,3.9037,63.49,0.0076,0.013,0.0117,0.0167,-6.524814247211545e-10,6.445482062699126e-10,-1.0920486661462921e-10,-1.1785764176809425e-09
Subject02,Walking,440.0,0.6161,21.0294,0.0007776804488274034,3.9037,63.49,0.0066,0.0127,0.0107,0.0152,1.3366356329064617e-10,-6.590182161620015e-10,4.11005592116667e-10,1.3347439692734255e-10
Subject02,Walking,455.0,0.6169,20.5294,-0.0012780649282412805,3.9037,63.49,0.0063,0.013,0.0107,0.0164,1.0618713490087045e-09,6.727920323137019e-10,-2.8767521718525114e-10,-2.869478167707906e-10
Subject02,Walking,470.0,0.5966,19.0294,0.0018478319589742625,3.9037,63.49,0.0062,0.0127,0.0103,0.0147,-1.1068476677468369e-09,2.050389510548045e-09,1.4301307890520733e-09,1.646074414533398e-10
Subject02,Walking,485.0,0.6092,22.8627,-0.002175739577494654,3.9037,63.49,0.0066,0.0132,0.0104,0.0158,9.601413940248058e-10,-2.757889731298656e-09,-1.420854596240089e-09,2.3237947285005156e-09
Subject02,Walking,500.0,0.6124,21.0294,-0.0018647285273970455,3.9037,63.49,0.0065,0.0124,0.0099,0.0157,-9.528119713842045e-10,1.918024511199114e-09,2.1837733020225685e-10,-2.3569542151023802e-09
Subject02,Walking,515.0,0.573,20.1008,0.0020522984816826913,3.9037,63.49,0.0062,0.0123,0.0138,0.0173,9.719817307998337e-10,-6.259803489002406e-10,-2.4835529575201335e-10,9.623194227252151e-10
Subject02,Walking,530.0,0.566,23.0294,0.0032309987942758995,3.9037,63.49,0.0103,0.0135,0.0191,0.0166,-7.897867285926965e-10,-1.2314054805271505e-09,6.927020937591284e-10,7.0507147733592e-10
Subject02,Walking,545.0,0.5526,19.8627,-0.0034794869425091076,3.9037,63.49,0.0066,0.0118,0.0138,0.0157,-1.9569844323805347e-10,1.2304059014824903e-09,-7.37225175381046e-10,-1.6404812647322007e-09
Subject02,Walking,560.0,0.5768,17.3627,0.003091738483402447,3.9037,63.49,0.0062,0.0109,0.0128,0.015,1.1329626402893362e-10,-1.228043745248069e-09,2.9241900853809343e-09,7.200775506710762e-10
Subject02,Walking,575.0,0.5607,15.5294,0.002525038370326306,3.9037,63.49,0.0068,0.0111,0.0137,0.0156,-8.821612232072217e-11,1.9950528174111164e-09,-1.3876664054735713e-09,-8.292315232986486e-10
Subject02,Walking,590.0,0.5858,15.1294,-0.002672572793488617,3.9037,63.49,0.0055,0.012,0.0119,0.0142,1.2623281514118113e-10,-1.9552462424712224e-09,-1.2775573014858307e-09,7.557636523438423e-10
Subject02,Walking,605.0,0.5901,12.0294,0.0036097137377852414,3.9037,63.49,0.006,0.0114,0.0116,0.0161,2.1888575299394535e-10,4.361586879884002e-10,-2.2838784113650252e-10,-9.257712382514614e-10
Subject02,Walking,620.0,0.5995,14.7794,-0.003301899037585035,3.9037,63.49,0.0053,0.0129,0.0112,0.0146,-2.9290087670436854e-10,-4.1754105610066527e-10,6.495447188919803e-10,1.0028898981800418e-09
Subject02,Walking,635.0,0.59,10.7794,-0.002746448002883836,3.9037,63.49,0.0061,0.0132,0.0109,0.0155,3.9920260642412455e-10,4.473252057393677e-10,-6.180772549307396e-10,1.880940937578549e-09
Subject02,Walking,650.0,0.5843,8.6961,0.004051881066206062,3.9037,63.49,0.0048,0.0116,0.009,0.0145,-3.6572381216326054e-10,8.089869261987127e-10,2.634687037350978e-10,-2.6539734221392438e-09
Subject02,Walking,665.0,0.5825,15.1294,-0.002145058459802737,3.9037,63.49,0.0045,0.0116,0.0085,0.0137,-1.0513861026646076e-10,-8.915294629919783e-10,-5.657081835605461e-11,6.848598372217689e-10
Subject02,Walking,680.0,0.5751,15.1008,-0.0024933358730264677,3.9037,63.49,0.005,0.0109,0.0095,0.0155,2.877810186129819e-10,-4.956066699001578e-10,-2.3980602309160276e-10,1.6169151696770952e-09
Subject02,Walking,695.0,0.59,16.1961,0.0018538688443383087,3.9037,63.49,0.0059,0.0127,0.0096,0.0149,-1.7803435587511404e-10,7.668439821896395e-10,-8.79600541426613e-11,-2.1490957053597083e-09
Subject02,Walking,720.0,0.4245,21.1961,0.0022116362933221286,2.5451,63.49,0.0091,0.0114,0.01,0.0123,-6.448884015520044e-11,-1.8757511214657512e-10,-2.1491522021136556e-10,1.5833923128212163e-09
Subject02,Walking,735.0,0.3847,20.0294,-0.003904586996107923,2.5451,63.49,0.0041,0.0098,0.0072,0.0121,-2.129043599135732e-10,3.806255775755098e-11,-1.3916268684508542e-11,1.1251918233780432e-09
Subject02,Walking,750.0,0.385,12.8627,-0.003596791785073271,2.5451,63.49,0.0042,0.009,0.0061,0.0122,3.8974055863192015e-10,1.0385125773676833e-10,1.869012158379673e-12,-4.714689846833223e-10
Subject02,Walking,765.0,0.3854,9.7794,0.0024247251177903313,2.5451,63.49,0.0046,0.0094,0.0065,0.0124,-4.3341490683755773e-10,2.0399780289012947e-10,-3.282940742150048e-11,-2.3181198364989725e-09
Subject02,Walking,780.0,0.4028,8.5294,0.0016327685457752763,2.5451,63.49,0.0042,0.0095,0.0062,0.0122,-1.7200719740610576e-10,7.611438316409621e-10,1.1633854902321636e-09,2.1812557970885022e-10
Subject02,Walking,795.0,0.3927,9.8627,-0.0017270990804966512,2.5451,63.49,0.004,0.0092,0.0063,0.0122,3.942069148865317e-11,-1.15553397977477e-09,-1.0233122307935756e-09,1.0051255488116884e-10
Subject02,Walking,810.0,0.3894,6.7794,-0.0016267996599680953,2.5451,63.49,0.0036,0.0088,0.0056,0.0111,4.346847939595194e-10,1.800736722524512e-12,-8.382906616241332e-11,8.78262245265564e-10
Subject02,Walking,825.0,0.3947,9.0294,0.004899627124454534,2.5451,63.49,0.0043,0.0096,0.0056,0.0118,-2.623580916872033e-10,7.981002602935209e-11,-1.7131131261337275e-11,1.001251708713159e-09
Subject02,Walking,840.0,0.3976,10.1294,-0.0013640205565443196,2.5451,63.49,0.0045,0.0089,0.005,0.0117,1.0987740699331572e-09,1.5855401634723494e-10,-1.189702123234145e-11,3.0785558494505074e-10
Subject02,Walking,855.0,0.4035,8.5294,-0.0019363453052824193,2.5451,63.49,0.0043,0.009,0.0053,0.0123,-1.040390811573495e-09,-1.0893995580762352e-10,5.841440806952985e-11,-2.295650099095652e-09
Subject02,Walking,870.0,0.3975,8.5294,0.0014019620565144616,2.5451,63.49,0.0035,0.0094,0.006,0.0118,-1.4002633979799708e-10,2.817741851432571e-10,-5.908751589096496e-11,-3.161601415232921e-10
Subject02,Walking,885.0,0.3994,8.6961,-0.0018608362869366717,2.5451,63.49,0.004,0.0095,0.0049,0.0108,-4.348646813233397e-11,1.0554549006128263e-09,5.150624524864329e-10,-9.054207111037564e-11
Subject02,Walking,900.0,0.413,8.1961,-0.0017790811610689634,2.5451,63.49,0.0043,0.0094,0.0052,0.0115,-6.083690954881792e-11,-4.0775931392204417e-10,6.491638733658743e-10,5.48784851438842e-10
Subject02,Walking,915.0,0.4038,8.3294,-0.0021508398704760145,2.5451,63.49,0.0039,0.0098,0.0061,0.0119,1.725712534039198e-11,-9.06916452766414e-10,-4.0680949533453897e-10,-5.212432973658535e-10
Subject02,Walking,930.0,0.4019,10.0294,0.000732966385921078,2.5451,63.49,0.0044,0.0092,0.0062,0.0129,5.387331495533304e-10,-1.679132897703767e-10,-7.589868587092002e-10,1.884255137160329e-09
Subject02,Walking,945.0,0.4127,13.0294,0.002596046481384144,2.5451,63.49,0.0047,0.0094,0.0063,0.0119,-6.793357898353772e-11,3.826997310187494e-10,3.388935355041049e-11,-1.5737878028606865e-10
Subject02,Walking,960.0,0.4024,17.5294,-0.0020181988354138806,2.5451,63.49,0.0042,0.0094,0.0063,0.0118,-4.132145832773533e-10,1.1992672756933166e-10,2.8425738050327993e-11,-1.6630051027484436e-09
Subject02,Walking,975.0,0.4105,17.3294,-0.0031684474415624173,2.5451,63.49,0.0037,0.0092,0.0054,0.0105,-9.396828465577438e-11,7.354117879045715e-10,4.5554001776195454e-10,-9.337833448806384e-11
Subject02,Walking,990.0,0.4143,17.7794,0.0030549123498404096,2.5451,63.49,0.0041,0.0093,0.0065,0.0115,2.301651976738112e-12,-7.740075748906396e-10,2.631704093921009e-10,5.501754302701044e-10
Subject02,Walking,1005.0,0.4048,17.9294,-0.0010404651114397827,2.5451,63.49,0.0039,0.0088,0.0058,0.0115,-1.2963416128935743e-11,-3.8479554288142125e-10,-3.7892488084579646e-10,-2.4398106632994613e-11
Subject02,Walking,1020.0,0.4051,14.5294,-0.001089362050713919,2.5451,63.49,0.0038,0.0088,0.006,0.0111,3.610993644594372e-10,-9.818715318931789e-11,-3.9878403000769077e-10,1.0030215760689022e-09
Subject02,Walking,1035.0,0.4195,12.2794,0.004632813357706627,2.5451,63.49,0.0037,0.0086,0.0055,0.0118,-2.8411085351919605e-10,2.3513332777065973e-10,6.346568369225083e-11,-1.5835677741396185e-09
Subject02,Walking,1050.0,0.4138,12.2794,-0.003122020219423318,2.5451,63.49,0.0041,0.009,0.0061,0.0114,-9.096421836503387e-11,7.78130016054037e-10,2.6364456939382454e-10,5.356172811399816e-11
Subject02,Walking,1065.0,0.4011,7.5294,-0.0015152491413117884,2.5451,63.49,0.0042,0.0088,0.0063,0.0115,6.007225796950973e-11,4.736617054386496e-10,1.2656829950174203e-10,2.990764728433993e-11
Subject02,Walking,1080.0,0.06,2.7294,0.0014368321256334371,0.2939,63.49,0.0011,0.007,0.0022,0.0055,-4.782322135347042e-11,-1.2405200385776862e-09,-4.893627953537826e-10,2.891711252168248e-10
Subject02,Walking,1095.0,0.0046,3.5294,0.002038030775707133,0.2939,63.49,0.0022,0.0065,0.0011,0.0042,-1.3621223526497136e-11,2.33696829967297e-10,2.8376796063478278e-11,-7.562600542871155e-11
Subject02,Walking,1110.0,0.0055,4.3294,0.0017356416470935279,0.2939,63.49,0.0019,0.007,0.0016,0.0045,1.1499912358568658e-10,-3.773175449103562e-11,2.5012257545800096e-11,-4.246380039540531e-11
Subject02,Walking,1125.0,0.004,4.5294,-0.0020952171176245537,0.2939,63.49,0.0021,0.0078,0.0014,0.0051,-1.1209327175383968e-10,-2.4913842891289814e-11,-1.572202492248904e-11,8.868758429366254e-11
Subject02,Walking,1140.0,0.0038,3.0294,-0.0010058425183488828,0.2939,63.49,0.0009,0.008,0.0018,0.0054,6.141235511051086e-13,5.170093860460896e-11,5.6033860010749666e-12,2.893191908087491e-11
Subject02,Walking,1155.0,0.0039,3.5294,-0.0015651013723393108,0.2939,63.49,0.0009,0.0074,0.002,0.0055,-5.073797810190692e-12,-1.0311245763397057e-10,3.189835848978498e-11,-1.924741312372219e-11
Subject02,Walking,1170.0,0.0039,2.5294,0.002858018067799118,0.2939,63.49,0.0009,0.0076,0.0013,0.0059,7.30998042816712e-12,1.7381781796813105e-10,-5.836178244727349e-11,4.254297481154115e-11
Subject02,Walking,1185.0,0.0038,9.5294,-0.002993398366667394,0.2939,63.49,0.0009,0.0073,0.0013,0.0053,-9.95743514083632e-13,-8.333645677480325e-11,1.0207329020873215e-11,-6.283759243981757e-11
Subject02,Walking,1200.0,0.004,6.5294,-0.0014050880585551445,0.2939,63.49,0.0013,0.0072,0.0014,0.0049,4.535203437871556e-11,-6.96934587486818e-11,2.3386201837400006e-11,-2.582669128379705e-11
Subject02,Walking,1215.0,0.0043,4.9294,-0.002227946725302281,0.2939,63.49,0.0012,0.0075,0.0013,0.0048,5.530071889418267e-12,1.191965073829002e-10,2.565926659217312e-11,4.828082542134797e-11
Subject02,Walking,1230.0,0.0117,4.0294,0.004269580095564539,0.2939,63.49,0.0015,0.0063,0.0033,0.008,-4.099413285643336e-11,-2.760466750972018e-10,-6.694162539144776e-11,1.5127595400637702e-10
Subject02,Walking,1245.0,0.0134,11.3294,0.0033986699552595472,0.2939,63.49,0.0018,0.0072,0.0034,0.0078,-1.7680143012162365e-11,1.847671154405342e-10,1.297332719546267e-11,-5.880063717192845e-11
Subject02,Walking,1260.0,0.0039,13.5294,-0.003750312849142986,0.2939,63.49,0.0008,0.0091,0.001,0.0082,-4.705909328204097e-13,5.0734715447445235e-11,-1.0076445567666296e-11,3.403044516814082e-11
Subject02,Walking,1275.0,0.0039,6.5294,-0.002111936613752067,0.2939,63.49,0.0008,0.0086,0.001,0.0078,3.4375631292447455e-12,5.2386881556219556e-11,-4.745105347028619e-12,8.481664435810537e-11
Subject02,Walking,1290.0,0.0038,3.5294,0.0010886353358484798,0.2939,63.49,0.0011,0.0086,0.001,0.0074,-7.925230590487867e-12,-7.340142302958488e-11,2.69972878682244e-12,1.22571739576881e-11
Subject02,Walking,1305.0,0.0047,5.8627,0.004920502845147365,0.2939,63.49,0.0009,0.0085,0.0012,0.0078,2.1555748783247453e-11,-6.659271481468754e-11,1.2077315175679536e-09,-3.4640232220290094e-10
Subject02,Walking,1320.0,0.0052,13.5294,-0.002748845899197213,0.2939,63.49,0.0008,0.0081,0.0011,0.0074,-2.3008370508667787e-12,6.346253701253152e-11,-1.1916891852931553e-09,1.7579901760092712e-10
Subject02,Walking,1335.0,0.0038,7.0294,-0.0015412963359992197,0.2939,63.49,0.0009,0.0076,0.001,0.0077,-1.1288151717340858e-11,-1.5046425897143633e-11,-1.0665410874419211e-11,1.5053140863409172e-10
Subject02,Walking,1350.0,0.0038,3.5294,-0.000704701253525397,0.2939,63.49,0.0009,0.0075,0.001,0.0077,2.546287614575227e-12,-5.720245461830183e-11,3.977369661466635e-11,-1.1678435002594057e-10
Subject02,Walking,1365.0,0.0038,2.1961,0.002722016709728374,0.2939,63.49,0.0009,0.0073,0.001,0.0076,3.1734608763380472e-12,2.0385183441803338e-11,-3.4858994225045876e-11,-1.2514600204540385e-10
Subject02,Walking,1380.0,0.0038,5.0294,-0.0015366632732774685,0.2939,63.49,0.0008,0.0068,0.001,0.0066,-9.818449922131589e-12,-1.345226582000864e-10,-9.172400237681135e-12,1.705380781043416e-10
Subject02,Walking,1395.0,0.0038,1.0294,-0.0005633978868995492,0.2939,63.49,0.0008,0.006,0.001,0.0077,8.440946336266495e-12,9.935708625931071e-11,4.019959625996937e-11,1.0606486940113646e-10
Subject02,Walking,1410.0,0.0039,0.5294,-0.0006411747522675806,0.2939,63.49,0.0011,0.006,0.001,0.0081,2.4393686265491393e-11,-2.3522793449606484e-11,-4.11651826201219e-11,-3.7998561907616063e-11
Subject02,Walking,1425.0,0.0114,1.1961,0.0025145901529092804,0.2939,63.49,0.0012,0.0047,0.0018,0.0078,1.558793700181803e-12,4.698314223263192e-10,2.852215778627491e-11,-5.188312330542211e-10
Subject02,Walking,1440.0,0.2461,10.5294,0.003470878187237817,1.5413,63.49,0.003,0.008,0.0057,0.009,-4.3587814412038444e-11,3.4772129048157987e-10,3.133277561327036e-11,5.594459190204139e-12
Subject02,Walking,1455.0,0.2439,9.2794,-0.004158472505691307,1.5413,63.49,0.0029,0.0079,0.0065,0.0093,3.148911122377775e-11,1.599090458101742e-10,1.5442113799051663e-10,4.503791268648255e-11
Subject02,Walking,1470.0,0.2482,11.0294,0.0023275160800834923,1.5413,63.49,0.0031,0.0082,0.0067,0.0094,1.1962418376561539e-11,1.2419376794088655e-12,1.4113663263078622e-09,1.1012003386528671e-10
Subject02,Walking,1485.0,0.2496,14.5294,-0.0011281953343269422,1.5413,63.49,0.0032,0.0079,0.0072,0.0091,1.4134186614692892e-10,-1.1253039673110467e-09,-1.4116114506732724e-09,4.060538760873757e-10
Subject02,Walking,1500.0,0.2431,15.5294,-0.004112802599098119,1.5413,63.49,0.003,0.0084,0.0065,0.0092,-3.078834341402452e-11,-1.6249060530267907e-10,-1.553460702595307e-11,-2.328322762949017e-10
Subject02,Walking,1515.0,0.2487,11.8627,0.002841784195720153,1.5413,63.49,0.0031,0.0073,0.0025,0.0027,1.028805084477674e-10,-3.142633902019276e-11,-2.4307063521649163e-10,-3.8752530171959316e-10
Subject02,Walking,1530.0,0.2516,10.5294,-0.0011144318501522044,1.5413,63.49,0.0038,0.0072,0.0061,0.0076,-4.4148633142276536e-11,4.358747784580036e-11,7.488860154177783e-11,1.4595999554492198e-09
Subject02,Walking,1545.0,0.2475,7.1961,0.0026865390134141183,1.5413,63.49,0.0031,0.0076,0.0059,0.0091,1.0729372358747268e-10,3.37327782477026e-12,1.0767634561655349e-13,2.2056663539988366e-10
Subject02,Walking,1560.0,0.2472,7.0294,0.002124578316566632,1.5413,63.49,0.0031,0.0073,0.0065,0.009,-2.530540233201252e-10,2.949467849755452e-11,7.918554864345195e-11,-2.315189909343068e-10
Subject02,Walking,1575.0,0.2419,10.0294,0.0009089222462832192,1.5413,63.49,0.0028,0.007,0.0074,0.0092,9.221636128214986e-11,-3.20711568387559e-11,-5.3574793265071226e-12,-3.00552075232809e-12
Subject02,Walking,1590.0,0.2389,9.8627,-0.0011275464557680946,1.5413,63.49,0.0024,0.0069,0.006,0.0086,-2.0901080848318363e-11,-1.5004957776724248e-11,-4.217352118871105e-11,-4.721329082667e-10
Subject02,Walking,1605.0,0.243,5.8627,-0.001484949430626056,1.5413,63.49,0.0024,0.0069,0.0067,0.0088,-4.117240142187594e-11,7.565849299131734e-12,1.7274951604343492e-10,-3.3113913483461545e-10
Subject02,Walking,1620.0,0.2441,1.5294,0.0025443719665234027,1.5413,63.49,0.0031,0.0068,0.007,0.0088,7.035386481659297e-11,3.1769553044833374e-11,-2.1273511082912494e-10,-2.538791385915233e-11
Subject02,Walking,1635.0,0.2439,5.8627,-0.0020767501384585875,1.5413,63.49,0.0028,0.0076,0.0067,0.0094,-6.778749500194373e-11,-1.7780377018718968e-11,9.256038323925106e-10,-4.352158107668372e-10
Subject02,Walking,1650.0,0.2439,1.5294,-0.0026473788165757004,1.5413,63.49,0.0022,0.007,0.0059,0.009,-6.672691167788967e-11,9.34900528851796e-10,2.0334189392078948e-09,8.697121227076567e-11
Subject02,Walking,1665.0,0.2383,0.0294,0.005172722537713221,1.5413,63.49,0.0028,0.0075,0.007,0.0102,3.3054751357189327e-11,-1.153573287458005e-10,-2.8409521866560916e-09,-1.676907169837679e-11
Subject02,Walking,1680.0,0.2424,8.0294,-0.0013471626708765373,1.5413,63.49,0.0026,0.007,0.0056,0.0098,-1.938023753641725e-11,1.9813699371569007e-10,-2.358455199994889e-11,-1.9433897673512247e-10
Subject02,Walking,1695.0,0.2371,7.8627,-0.0024783951111413205,1.5413,63.49,0.003,0.0073,0.0066,0.0099,1.1749503133476522e-09,-7.834407753137439e-10,-7.228226831666127e-11,1.1267134721695577e-09
Subject02,Walking,1710.0,0.233,5.5294,0.001545507042800581,1.5413,63.49,0.0032,0.0075,0.0062,0.0092,-1.141614088990488e-09,-2.8891464693294433e-10,3.234804392188581e-11,-2.74835098368517e-12
Subject02,Walking,1725.0,0.2392,5.5294,0.0016540907725824715,1.5413,63.49,0.0026,0.0067,0.0055,0.0086,4.7874034257128545e-11,1.3126957705552995e-11,3.411081267256722e-10,-8.999492392628088e-10
Subject02,Walking,1740.0,0.242,4.5294,-0.0016092653126852604,1.5413,63.49,0.0028,0.0068,0.0067,0.0083,2.733822950314407e-11,9.065684571864289e-11,1.078758820969775e-10,-1.464102205070217e-10
Subject02,Walking,1755.0,0.2367,0.5294,-0.0012775287607986678,1.5413,63.49,0.0024,0.007,0.006,0.009,-1.1667994873542043e-10,1.198675772347466e-09,2.4981557446834683e-10,1.7213565247019436e-10
Subject02,Walking,1770.0,0.2483,0.5294,0.0012558527677310086,1.5413,63.49,0.0025,0.0072,0.006,0.0087,2.9681609671023646e-11,-1.736219806346956e-10,2.791613459916609e-10,2.2314874573712082e-10
Subject02,Walking,1785.0,0.2299,2.2794,-0.0027174539854426896,1.5413,63.49,0.0026,0.0069,0.0059,0.0076,-1.923942602088728e-11,-5.872149103948856e-10,-4.986603102126811e-10,-1.5619957062344516e-10
Subject03,Backwards,360.0,0.3559,-5.4462,-0.004633977291823106,2.9285,71.2,0.0091,0.0152,0.0061,0.0158,1.3584817835177153e-10,-2.989172360648028e-11,2.2290290632496466e-10,1.5336059403019351e-09
Subject03,Backwards,375.0,0.4422,2.2205,0.002765078728219458,2.9285,71.2,0.0089,0.0155,0.0069,0.0168,9.016073446784652e-11,1.511399582153334e-10,-1.1392019776911906e-10,-1.3727099395898117e-09
Subject03,Backwards,390.0,0.4176,6.8872,-0.002619184292503835,2.9285,71.2,0.009,0.0165,0.0062,0.0147,-1.58027045753424e-10,-4.3461277078682465e-11,3.7554308390082397e-11,6.053079906867243e-10
Subject03,Backwards,405.0,0.4158,7.1538,-0.002454590292731916,2.9285,71.2,0.0098,0.017,0.0067,0.0165,4.523576528175763e-10,5.920894944931465e-10,-7.681349790918265e-11,-4.265550582887586e-10
Subject03,Backwards,420.0,0.3781,7.7205,0.002435154619163273,2.9285,71.2,0.0086,0.0116,0.0061,0.0157,-2.1456759881113746e-10,-1.9017306085978183e-10,1.8428808121510546e-10,1.0003026240308605e-10
Subject03,Backwards,435.0,0.4056,8.2205,-0.0026485489751554483,2.9285,71.2,0.0085,0.013,0.0052,0.0135,6.643723112964588e-10,-3.439085857799822e-10,-1.7935280326612448e-10,-4.003083553118888e-10
Subject03,Backwards,450.0,0.4144,9.3872,0.0036547365593557935,2.9285,71.2,0.0085,0.0097,0.0053,0.0146,6.691777274923574e-10,3.946146497450757e-10,-2.5646879075289134e-11,1.3418188521971984e-09
Subject03,Backwards,465.0,0.4006,9.411,-0.0028559136081586834,2.9285,71.2,0.0074,0.0109,0.0047,0.0146,-1.4391902798620448e-09,-5.309772449195043e-10,4.953877588094882e-11,-1.1341012473639247e-09
Subject03,Backwards,480.0,0.4,9.8872,0.0022102087935995606,2.9285,71.2,0.0081,0.0101,0.005,0.0139,-2.480871861888751e-10,-4.951843482272263e-11,5.764544076265714e-10,-3.0088620606307415e-11
Subject03,Backwards,495.0,0.418,10.6967,0.003248691586279347,2.9285,71.2,0.0088,0.0095,0.0047,0.013,2.0365381962777304e-10,2.3843015078877396e-10,2.7956790916549873e-10,8.771688461813538e-11
Subject03,Backwards,510.0,0.4097,8.9824,-0.00381724162877122,2.9285,71.2,0.0088,0.0108,0.005,0.013,4.251330926763338e-10,-1.5269192284707465e-10,-9.319831503820763e-10,4.229828703536492e-11
Subject03,Backwards,525.0,0.4131,8.5538,0.0026978568047678606,2.9285,71.2,0.0086,0.0096,0.0045,0.0121,-1.5094878640696716e-10,1.5670350275144313e-10,4.0547086837925446e-11,1.0062040675785222e-11
Subject03,Backwards,540.0,0.4075,10.1253,-0.0028943225506405526,2.9285,71.2,0.0071,0.0094,0.0043,0.0098,-3.8485918639689634e-10,4.82349405959437e-10,1.122872882534306e-09,2.136739838232154e-10
Subject03,Backwards,555.0,0.3995,7.8872,0.002920806817722458,2.9285,71.2,0.0062,0.0072,0.0042,0.0096,9.847227507871814e-10,-4.168909161866878e-10,-1.1133742130035135e-09,1.050152395455578e-09
Subject03,Backwards,570.0,0.4068,11.9824,0.0025857363356121548,2.9285,71.2,0.0076,0.0095,0.0049,0.01,-8.503452026885225e-10,1.6559731268037493e-10,2.2529533026943883e-10,-1.3468172308159183e-09
Subject03,Backwards,585.0,0.3947,12.1538,-0.004569755679060455,2.9285,71.2,0.0075,0.0092,0.0046,0.0104,4.768514848506716e-10,-3.308733047398521e-12,-3.036306812002509e-10,-7.121558402508216e-11
Subject03,Backwards,600.0,0.3891,7.5538,0.0027434361059653655,2.9285,71.2,0.0075,0.0118,0.0044,0.0113,-6.88782022420416e-10,-2.09908945467551e-10,1.0964971102441226e-10,-7.958507564877328e-11
Subject03,Backwards,615.0,0.3965,10.0538,0.0020777218812176286,2.9285,71.2,0.0068,0.0114,0.0038,0.0102,1.8624813101454578e-10,-1.5085642319111865e-10,-9.301965569289166e-11,6.626110151795748e-10
Subject03,Backwards,630.0,0.3834,11.5538,0.0037413087944796774,2.9285,71.2,0.0058,0.0112,0.0038,0.0104,7.394081091218499e-10,9.430112156789697e-10,2.9736196409414014e-11,9.87527092339243e-10
Subject03,Backwards,645.0,0.4014,15.7538,-0.004580067214284062,2.9285,71.2,0.0062,0.0113,0.0038,0.0104,-2.0936849865048886e-10,-1.110153440332179e-09,5.941310819425578e-11,-1.5051155351184445e-09
Subject03,Backwards,660.0,0.4024,10.411,0.003770939064570264,2.9285,71.2,0.0062,0.0115,0.0039,0.0094,-6.863418327309387e-10,1.2932866747613474e-09,-6.667916710332561e-11,-3.102604140993769e-11
Subject03,Backwards,675.0,0.4325,14.3538,0.002461032211289434,2.9285,71.2,0.0059,0.0095,0.004,0.0111,4.0083701249156e-10,-1.0284441972044113e-09,1.1379678808094509e-11,4.189418972209333e-10
Subject03,Backwards,690.0,0.4346,10.7205,-0.004583411837298958,2.9285,71.2,0.0061,0.0104,0.0043,0.0125,2.9134213910797905e-10,-1.861495507356727e-11,6.291324911394515e-11,5.194298035462679e-10
Subject03,Backwards,705.0,0.3709,12.1253,0.0025692404759486203,2.9285,71.2,0.0059,0.0115,0.0036,0.0119,-5.374852141026265e-10,1.1735164481634796e-10,5.2855857429853496e-11,5.294573382659256e-10
Subject03,Backwards,720.0,0.2755,10.0538,0.0027093926425448313,1.9719,71.2,0.0037,0.0117,0.0029,0.0086,1.3041766558377454e-10,4.593617506584563e-10,-1.447064641627085e-10,-6.36118067152925e-10
Subject03,Backwards,735.0,0.235,8.5538,-0.007359062031663906,1.9719,71.2,0.0039,0.0107,0.0027,0.0093,-2.8118737960256303e-10,-5.195762186797491e-10,1.1290741339286692e-10,-1.035033858863629e-09
Subject03,Backwards,750.0,0.2911,2.3538,0.006813442592102283,1.9719,71.2,0.0036,0.0093,0.0027,0.0086,3.1885693330774736e-11,-3.11462260436016e-11,-3.449649535629742e-11,3.919006653885133e-11
Subject03,Backwards,765.0,0.2401,0.5538,0.0028988369076542197,1.9719,71.2,0.0026,0.0063,0.0023,0.0074,-5.337801646828344e-11,-7.099268685451174e-11,1.59164645436611e-10,3.7351501407827655e-11
Subject03,Backwards,780.0,0.2653,4.1253,0.001935325726179024,1.9719,71.2,0.0025,0.0059,0.0021,0.0078,3.83897789002843e-10,-8.471423620764556e-11,-2.4821640801441124e-10,2.358476216200278e-10
Subject03,Backwards,795.0,0.2509,5.5538,-0.005371043295949025,1.9719,71.2,0.0035,0.0056,0.0021,0.0069,-1.2791370481679367e-10,3.6189875143603205e-10,1.770920381355821e-11,-1.411331714005882e-10
Subject03,Backwards,810.0,0.2372,7.9538,0.011738383431204681,1.9719,71.2,0.0038,0.0072,0.0026,0.0073,-1.0949132894759313e-11,-2.100425098862388e-10,1.471426153075101e-10,4.546105373226099e-10
Subject03,Backwards,825.0,0.2963,15.9538,-0.008590820995429621,1.9719,71.2,0.004,0.0109,0.0029,0.0085,-3.513226185709145e-11,-1.7009460937146647e-10,-1.222182006707588e-10,-5.823422165978645e-11
Subject03,Backwards,840.0,0.2764,4.9824,-0.002626101761220613,1.9719,71.2,0.0042,0.0062,0.0026,0.0068,1.297808017003682e-10,9.315261164574435e-11,-7.838640977578589e-12,-5.035258338607381e-10
Subject03,Backwards,855.0,0.2564,5.5538,-0.0035748583837984012,1.9719,71.2,0.0033,0.007,0.0031,0.0076,4.648422754871121e-10,8.514653198586294e-11,-1.0287901030769054e-12,1.4425667077819391e-09
Subject03,Backwards,870.0,0.3034,28.0538,0.04384024852711263,1.9719,71.2,0.0035,0.0084,0.0031,0.008,-1.9663709509094387e-10,-5.592994221728506e-11,6.485351256714488e-11,-1.3969558097975304e-09
Subject03,Backwards,885.0,0.2807,45.7538,-0.005868543895184492,1.9719,71.2,0.0041,0.0072,0.0031,0.009,5.509724555365206e-10,-7.839786655091784e-11,-1.191906251962016e-10,3.854911943952596e-10
Subject03,Backwards,900.0,0.2657,44.5538,-0.03573381712304227,1.9719,71.2,0.0042,0.0071,0.0029,0.0076,-8.471515732565201e-10,1.3049715759680104e-11,2.1718159470184817e-10,2.6008082649691505e-10
Subject03,Backwards,915.0,0.2561,0.8396,0.006527878154338682,1.9719,71.2,0.0041,0.0083,0.0031,0.0086,-2.841537136863273e-10,1.106545613151253e-09,-5.993070595758469e-11,-4.920934668947421e-10
Subject03,Backwards,930.0,0.2714,-3.4462,0.0073104820425596495,1.9719,71.2,0.0034,0.0063,0.0026,0.007,2.138961861057525e-11,-8.345587518284417e-10,-1.1775599183084438e-10,-2.6351459500110253e-10
Subject03,Backwards,945.0,0.2251,-2.2795,0.003673427983325523,1.9719,71.2,0.0036,0.0069,0.0031,0.0071,-2.7893434144177224e-11,-3.7053952387968126e-10,4.0560873213029064e-10,2.5909460292091914e-10
Subject03,Backwards,960.0,0.2171,-4.2795,-0.004147697561825155,1.9719,71.2,0.0037,0.0043,0.0026,0.0072,1.2605081995272264e-11,6.143368343382803e-10,-4.2460515072172144e-10,-2.0992609731315603e-10
Subject03,Backwards,975.0,0.2433,-6.6128,0.0054772834234381625,1.9719,71.2,0.0032,0.0062,0.0029,0.0069,7.747150621338337e-10,-5.80813493672004e-10,1.100636323241555e-11,4.8599475027908414e-11
Subject03,Backwards,990.0,0.2704,-1.2795,-0.0031936279495508525,1.9719,71.2,0.0042,0.007,0.0028,0.0079,-4.992952382623657e-10,3.65694275685123e-11,1.442914637936918e-11,4.0103653004609205e-10
Subject03,Backwards,1005.0,0.2025,-2.2795,-0.003046961264351135,1.9719,71.2,0.003,0.0079,0.0027,0.0073,-2.784560324672351e-10,-2.836423444649222e-11,9.059521802411756e-11,-4.692025408541061e-10
Subject03,Backwards,1020.0,0.2368,-2.7795,-0.002039247237840214,1.9719,71.2,0.0039,0.0092,0.003,0.007,4.3334316528200895e-11,3.223345085060755e-10,5.5139943523652466e-11,6.100370152217354e-11
Subject03,Backwards,1035.0,0.2106,-5.1128,0.00438202497625314,1.9719,71.2,0.0033,0.0062,0.0027,0.0077,-6.385314986089072e-11,1.4692634490049426e-10,-1.0056611576955411e-10,6.516950278519264e-10
Subject03,Backwards,1050.0,0.2293,-4.4462,0.00343909692754735,1.9719,71.2,0.0041,0.0103,0.0029,0.0073,1.141791859494521e-11,1.4976411088287855e-10,1.1270194426796182e-10,-6.897659254771666e-10
Subject03,Backwards,1065.0,0.2078,-3.6128,0.003949482510510635,1.9719,71.2,0.0042,0.0086,0.003,0.0087,-5.042628041924757e-12,-5.271939400162422e-10,-2.046053495498892e-10,4.206696214759942e-10
Subject03,Cycling,360.0,0.0054,-4.431,-0.004979243880344618,6.6793,71.2,0.0006,0.0008,0.0007,0.0025,-6.993370416904346e-12,4.374727342075983e-12,5.3890258638189425e-12,3.117167466926906e-11
Subject03,Cycling,375.0,0.3611,0.969,-0.004657152750897919,6.6793,71.2,0.0124,0.0151,0.0073,0.0155,9.600972372831036e-11,3.2671873280463777e-09,9.371586942141073e-11,6.965671034025488e-10
Subject03,Cycling,390.0,0.4746,10.169,0.002229868703138883,6.6793,71.2,0.0109,0.0526,0.0066,0.0308,1.0391558754051918e-09,-2.0706958008564022e-09,9.81914730636518e-10,3.3767773938537515e-09
Subject03,Cycling,405.0,0.479,21.9023,-0.0017413026226122555,6.6793,71.2,0.0107,0.0696,0.0062,0.0344,-5.568432123261324e-10,9.99012123438602e-10,5.333521971783735e-10,-1.7886261380621016e-09
Subject03,Cycling,420.0,0.4689,25.9023,-0.0017504374871020081,6.6793,71.2,0.0121,0.0601,0.0069,0.0336,-1.0495701595780423e-10,6.875721458285784e-09,-1.5571049098148762e-09,-6.134490730129423e-10
Subject03,Cycling,435.0,0.4984,29.369,-0.002062026381872573,6.6793,71.2,0.0099,0.0554,0.006,0.0327,5.918261643184566e-10,-8.450689813622043e-10,1.105473095392399e-10,-9.057174426384524e-10
Subject03,Cycling,450.0,0.4675,29.369,-0.002017560656814174,6.6793,71.2,0.0103,0.046,0.0056,0.0326,-9.15328445961053e-10,-8.099440442524914e-09,9.174370237421637e-10,2.048185016559246e-09
Subject03,Cycling,465.0,0.506,30.4023,0.0025017894753988665,6.6793,71.2,0.0106,0.0454,0.0052,0.0322,3.195057071201749e-11,5.022909042816833e-10,-4.554226135032349e-10,1.0901841896862894e-09
Subject03,Cycling,480.0,0.5499,31.769,-0.003432153921662585,6.6793,71.2,0.012,0.0405,0.0045,0.0303,3.09358240353228e-10,6.038691618568451e-10,-2.7561735853871436e-10,-3.7836638584130825e-09
Subject03,Cycling,495.0,0.5382,31.4023,0.0019646086238041057,6.6793,71.2,0.0128,0.032,0.0038,0.0303,-1.8779704127915807e-11,1.6243597247768083e-09,-2.7942845788186606e-10,2.019056196220681e-09
Subject03,Cycling,510.0,0.5405,33.2356,0.0010900144311800982,6.6793,71.2,0.0159,0.0341,0.0037,0.0297,-4.052626559558357e-10,-5.021718487698784e-10,-4.983965367312684e-12,-1.8296116746796472e-09
Subject03,Cycling,525.0,0.571,34.7356,0.0017819310842267884,6.6793,71.2,0.0145,0.0337,0.0042,0.0295,3.6048326901014493e-10,-2.085621170928317e-09,2.9046040030628846e-10,3.455070580139542e-09
Subject03,Cycling,540.0,0.5322,37.2356,0.00177475140056978,6.6793,71.2,0.0164,0.0281,0.0039,0.03,1.7083999345047742e-09,2.605362157518999e-09,-3.016061467447974e-10,-3.391846581994106e-09
Subject03,Cycling,555.0,0.5316,37.069,-0.0013218754172168105,6.6793,71.2,0.0185,0.0299,0.004,0.0313,6.493991334071013e-10,-1.9177299034027002e-09,6.054126065786919e-10,3.736693878834557e-09
Subject03,Cycling,570.0,0.5715,34.9023,-0.001852299218050151,6.6793,71.2,0.0192,0.0318,0.0045,0.0279,-2.7641685824370146e-09,4.160663132898739e-11,-4.599594127442082e-10,-3.9103449798214905e-09
Subject03,Cycling,585.0,0.5851,36.069,0.0023898290905285495,6.6793,71.2,0.0171,0.0353,0.005,0.0285,1.5600593975814154e-09,4.839206721429842e-09,-1.2243391914759157e-10,1.2732743712100607e-09
Subject03,Cycling,600.0,0.5998,40.4023,-0.0020889191712752664,6.6793,71.2,0.0155,0.0379,0.0061,0.026,-1.6108371931491172e-09,-2.775972444274523e-09,1.4855346583885578e-11,-1.3605193237866654e-09
Subject03,Cycling,615.0,0.5931,40.069,-0.0017523421305870156,6.6793,71.2,0.0124,0.0316,0.0042,0.0267,6.996156818265407e-10,-1.3030310728409191e-09,-3.095820003079323e-11,1.8813054367865623e-10
Subject03,Cycling,630.0,0.5872,42.7118,0.0014610756722258243,6.6793,71.2,0.0115,0.0344,0.0039,0.0274,-5.550881442171213e-10,1.2713667770508625e-09,2.448934319708164e-12,3.23100963416732e-11
Subject03,Cycling,645.0,0.531,44.969,-0.00198606132010095,6.6793,71.2,0.0119,0.0348,0.0052,0.0242,2.1345181333282604e-09,3.3856866464961323e-09,-9.268714566728133e-11,1.718718127327284e-09
Subject03,Cycling,660.0,0.5207,42.2356,-0.00196636597763195,6.6793,71.2,0.0114,0.0368,0.0044,0.0258,-2.0126797995059466e-09,-5.872405766403064e-09,4.58067878552344e-10,-3.9549467763442635e-11
Subject03,Cycling,675.0,0.5535,40.569,0.0017898765751216464,6.6793,71.2,0.0121,0.0381,0.0053,0.0242,3.361310829095087e-11,9.726726690815853e-10,2.8352649248144886e-10,-1.543277584306598e-09
Subject03,Cycling,690.0,0.5977,43.2356,-0.0021779115151763944,6.6793,71.2,0.0111,0.0362,0.0055,0.0221,-6.887957306127199e-11,-2.6653167972556566e-10,-4.079621915368023e-10,-4.0530740019288184e-10
Subject03,Cycling,705.0,0.5583,41.569,-0.0027500593527241906,6.6793,71.2,0.0125,0.0295,0.0052,0.0249,1.8235868220353106e-09,2.132638122978807e-10,3.468057845573493e-12,7.519360655467761e-10
Subject03,Cycling,720.0,0.4616,42.9023,0.0015737304839623584,6.4356,71.2,0.0201,0.0248,0.0063,0.0211,-1.6612302245771588e-09,-1.0657794500376047e-09,4.954595983355443e-10,2.9824622231400103e-09
Subject03,Cycling,735.0,0.3155,41.569,-0.0013351083526110064,6.4356,71.2,0.0167,0.014,0.0099,0.011,1.0871918028078909e-09,-2.2676261231117334e-10,-3.5542343926078474e-10,-3.476207067986444e-09
Subject03,Cycling,750.0,0.2518,39.7356,-0.0017517342461680716,6.4356,71.2,0.0136,0.0177,0.0112,0.0108,-1.271904375912275e-09,2.213968328622467e-10,1.6847311982641075e-09,1.1771802461918699e-09
Subject03,Cycling,765.0,0.2762,39.7356,0.001577096426758003,6.4356,71.2,0.0114,0.0176,0.0107,0.0093,1.9550210280029763e-09,4.0182835794050167e-10,-1.981043046539132e-09,-1.574313430723827e-09
Subject03,Cycling,780.0,0.3073,39.7356,0.0017138541804222697,6.4356,71.2,0.0121,0.0149,0.0122,0.0085,1.8832478886940063e-10,-3.3311313806513705e-10,2.2589696623810602e-10,8.592699500975944e-11
Subject03,Cycling,795.0,0.301,44.4023,-0.0017057538052979168,6.4356,71.2,0.0126,0.0145,0.014,0.0101,-2.103843619710869e-09,-2.8440584651486223e-10,2.1812727743038538e-11,-5.276378245616186e-11
Subject03,Cycling,810.0,0.3224,44.9975,0.0018186902974944958,6.4356,71.2,0.0109,0.0158,0.0115,0.0091,-4.43605339821043e-10,3.690637568814131e-10,-3.232392314234282e-10,-6.347626981400378e-12
Subject03,Cycling,825.0,0.3623,46.9023,-0.0014130124532881056,6.4356,71.2,0.0125,0.0105,0.0116,0.0088,1.1461812263900472e-10,3.3203523088244355e-11,4.117602988673833e-09,1.353232037931589e-09
Subject03,Cycling,840.0,0.3386,47.569,0.0014521194060674496,6.4356,71.2,0.0121,0.0116,0.0137,0.0119,4.678876035825697e-09,7.506398444825506e-10,-3.855814031416936e-09,-1.1088775083621686e-09
Subject03,Cycling,855.0,0.3263,49.069,-0.0017223717226939213,6.4356,71.2,0.0152,0.0164,0.0127,0.0129,-4.316384230051739e-09,-6.744087171158812e-10,1.0244150549322855e-10,-3.6298721142330573e-10
Subject03,Cycling,870.0,0.308,48.569,0.0016580088040457212,6.4356,71.2,0.0133,0.0189,0.0115,0.0172,-7.011223520915052e-11,-3.853413862879785e-10,1.2517350117881959e-10,1.6834936274961878e-10
Subject03,Cycling,885.0,0.3162,48.7356,-0.0017308019651162477,6.4356,71.2,0.0144,0.0167,0.013,0.01,-2.206209555771487e-10,2.1324812764972866e-10,3.154426357169186e-11,4.741771462230839e-10
Subject03,Cycling,900.0,0.3299,47.569,0.0017421732688376686,6.4356,71.2,0.0137,0.0173,0.015,0.0113,2.5427158518354897e-10,2.759691363019979e-09,-5.597821941185468e-10,-2.6096386648674703e-10
Subject03,Cycling,915.0,0.2803,46.9023,-0.0018322963919586617,6.4356,71.2,0.0128,0.0223,0.0147,0.0131,3.770391087021357e-09,-7.105306102635147e-10,2.9766880220138595e-10,-1.3044409410163857e-10
Subject03,Cycling,930.0,0.2889,46.2833,0.0010251909413424676,6.4356,71.2,0.0126,0.0203,0.0116,0.0141,-4.579311811950552e-10,-6.125625825548693e-10,-1.0734918768693586e-10,3.659705097221614e-10
Subject03,Cycling,945.0,0.2876,46.569,-0.0019842575112379857,6.4356,71.2,0.0125,0.0226,0.0108,0.0152,5.398582272264809e-11,3.1043127347261857e-09,-9.471642764041181e-11,4.3338673819385407e-10
Subject03,Cycling,960.0,0.3022,47.9975,0.0014848198743076847,6.4356,71.2,0.014,0.0253,0.0108,0.0158,-3.5532712428589502e-09,-4.385756840546008e-09,9.936705955340756e-11,1.7564129203345826e-10
Subject03,Cycling,975.0,0.3152,49.8547,-0.0015856003817874744,6.4356,71.2,0.0143,0.023,0.0122,0.0131,-2.2872559320225017e-11,2.3614313647808815e-09,-2.5359671102383764e-11,-1.0114173465410436e-09
Subject03,Cycling,990.0,0.3144,49.7118,0.001629962825158355,6.4356,71.2,0.014,0.0229,0.0111,0.0136,1.517370949671906e-10,-2.8693513505695414e-09,2.4329685992114666e-09,1.5970736208486961e-09
Subject03,Cycling,1005.0,0.3181,51.2833,0.0018698497437218218,6.4356,71.2,0.0129,0.017,0.0107,0.0115,1.6258547365691618e-10,2.0901576100312612e-10,-1.4712294981881849e-09,6.260084898250741e-10
Subject03,Cycling,1020.0,0.2837,49.569,-0.0022616242953886058,6.4356,71.2,0.0103,0.0157,0.0123,0.0108,-2.0524915702296014e-10,1.0331318276525706e-10,-5.254997809856488e-10,-2.372328358381214e-09
Subject03,Cycling,1035.0,0.3106,47.569,0.0019345972899567226,6.4356,71.2,0.0145,0.0148,0.0134,0.0104,2.7995930010845744e-09,3.1492716274619334e-09,-4.441071490440048e-10,4.5904536702727804e-10
Subject03,Cycling,1050.0,0.3168,48.7356,0.0019140093731769966,6.4356,71.2,0.0151,0.0192,0.0108,0.0117,-2.0443733380783366e-09,-3.182282006996733e-09,2.2014246564692976e-10,6.583196437534698e-10
Subject03,Cycling,1065.0,0.3008,48.4261,0.0019132649104039153,6.4356,71.2,0.013,0.0232,0.0128,0.012,-5.772776017500304e-10,-5.136481666322684e-12,-1.938440356743546e-10,-8.184644929405533e-10
Subject03,Cycling,1080.0,0.2607,47.069,-0.00171398993154323,3.9889,71.2,0.0124,0.0194,0.0104,0.0127,-3.605683834194143e-10,2.431033871463675e-10,-3.73322674489282e-10,-1.0955066779728843e-10
Subject03,Cycling,1095.0,0.2743,42.569,-0.0013171220637032202,3.9889,71.2,0.0131,0.0212,0.0103,0.0122,1.3707476656407602e-09,3.752672850497417e-09,3.5253540460187234e-10,1.5605497429649662e-10
Subject03,Cycling,1110.0,0.2758,40.069,0.0015426168078587522,3.9889,71.2,0.0122,0.0207,0.0091,0.0127,-1.2259144699013366e-09,-4.148345047229639e-09,2.512916870184153e-10,-3.323993339995119e-10
Subject03,Cycling,1125.0,0.2732,38.1404,-0.0022334856887538793,3.9889,71.2,0.0117,0.0141,0.008,0.0113,-6.2431164930113e-11,-1.5961380459522604e-10,1.781548528962906e-09,1.1414454872895611e-09
Subject03,Cycling,1140.0,0.2769,36.7356,0.001795571677770725,3.9889,71.2,0.0104,0.0201,0.0081,0.0094,-1.4050028570398357e-10,6.907871338291869e-10,-2.2886926182786636e-09,-7.598550742050947e-10
Subject03,Cycling,1155.0,0.2801,36.8547,0.002012957828318747,3.9889,71.2,0.0112,0.0179,0.0081,0.0098,1.1344832492309873e-10,-4.277141781289821e-10,3.7383210718121986e-10,-3.063601917442683e-10
Subject03,Cycling,1170.0,0.2777,34.2356,-0.0021587017032351045,3.9889,71.2,0.0082,0.0123,0.0097,0.0092,5.551273713717535e-11,-1.1309275474203238e-10,2.1078815337612015e-10,1.2197562957098604e-09
Subject03,Cycling,1185.0,0.2852,34.4261,0.0019575607502078426,3.9889,71.2,0.0101,0.0135,0.0122,0.0098,-6.995113670762265e-11,1.2021030723527325e-09,-7.664662129437006e-10,-8.723680912069035e-10
Subject03,Cycling,1200.0,0.2593,32.569,0.002595398681302276,3.9889,71.2,0.0071,0.0174,0.0102,0.0108,5.526908666216454e-10,-1.1339410732344132e-09,3.300950740855195e-10,-3.2491419425915703e-10
Subject03,Cycling,1215.0,0.278,32.7118,-0.002031232261251704,3.9889,71.2,0.008,0.015,0.0083,0.0135,-7.096073086900609e-10,2.49408824996305e-09,4.940887843724747e-10,6.754595679755718e-10
Subject03,Cycling,1230.0,0.2713,31.769,0.0014968527352898185,3.9889,71.2,0.0086,0.0154,0.0081,0.0138,2.77176185766903e-10,-2.593211033298881e-09,-4.071614997286858e-10,-1.9358251137280764e-10
Subject03,Cycling,1245.0,0.2785,32.569,0.0016952823284504743,3.9889,71.2,0.0089,0.0209,0.008,0.0118,1.4926283317997525e-10,4.64610241654901e-11,8.987346064103291e-10,-3.1086802444127845e-10
Subject03,Cycling,1260.0,0.2568,34.569,-0.0024554335166454624,3.9889,71.2,0.0071,0.0157,0.009,0.0078,-2.99322075661408e-10,1.1095719796411747e-09,-9.174078814758619e-10,2.690982281053295e-10
Subject03,Cycling,1275.0,0.2571,31.569,-0.001506804657494438,3.9889,71.2,0.0069,0.0166,0.0086,0.0084,4.4148986019085144e-10,-1.113773943653488e-09,3.4074120768377984e-10,3.60897933764797e-10
Subject03,Cycling,1290.0,0.2775,30.569,-0.0015951239531301821,3.9889,71.2,0.008,0.0145,0.0102,0.0108,-2.8504894277679336e-10,-4.385100715033921e-11,-2.631613465179758e-10,-2.0659601215191372e-10
Subject03,Cycling,1305.0,0.2987,29.069,-0.0017884341615580124,3.9889,71.2,0.0093,0.0091,0.0119,0.0079,-1.0031331766519607e-10,1.010276229193684e-10,2.3356579888907915e-09,1.5041957021017393e-09
Subject03,Cycling,1320.0,0.2726,29.9975,0.002094160808734312,3.9889,71.2,0.0084,0.0117,0.0097,0.011,-3.9369060864939516e-11,-2.327277662139514e-10,-1.5540375281418282e-09,-5.882490408767931e-11
Subject03,Cycling,1335.0,0.2995,32.9023,-0.0026869872655248964,3.9889,71.2,0.0082,0.0158,0.0089,0.0111,2.2525860577149442e-10,8.140403677093826e-10,-1.0732982007735198e-09,-1.9470846693638846e-09
Subject03,Cycling,1350.0,0.2909,29.069,-0.003051059649667046,3.9889,71.2,0.0085,0.0152,0.0088,0.0099,1.026566345287636e-09,1.0547603237991838e-11,1.761771263184311e-10,7.104391900484072e-10
Subject03,Cycling,1365.0,0.2818,29.569,-0.0021213175937246243,3.9889,71.2,0.0108,0.0218,0.0096,0.0142,-1.2568213269361147e-09,6.183771534610915e-10,8.578143245637947e-11,3.0577321369390014e-10
Subject03,Cycling,1380.0,0.2882,29.069,0.001695544920376707,3.9889,71.2,0.0077,0.0277,0.0087,0.0138,2.245403988063215e-10,-1.3897326579594217e-09,1.3144266682841007e-09,-9.458019051407393e-10
Subject03,Cycling,1395.0,0.3059,30.9023,0.0025437614405556803,3.9889,71.2,0.0105,0.0239,0.0106,0.0102,-1.169105244119893e-10,1.9272591657292235e-09,-4.110491127698647e-10,4.555243931922554e-10
Subject03,Cycling,1410.0,0.2881,29.4023,-0.00321238321101076,3.9889,71.2,0.0087,0.0257,0.0099,0.012,-1.1281486326277741e-10,-1.8539470227388899e-09,-6.907929860301168e-10,-1.4642665066460113e-10
Subject03,Cycling,1425.0,0.2954,28.069,-0.0024279578064597654,3.9889,71.2,0.0078,0.0197,0.0099,0.0101,4.418689436154241e-11,-2.496695059434196e-10,1.7228310373705974e-09,-9.164786206188836e-11
Subject03,Cycling,1440.0,0.2703,27.9975,0.0020950087089989028,4.921,71.2,0.0109,0.0161,0.0103,0.01,3.763746920413417e-11,4.6058380050808364e-10,-1.8797417275320765e-09,-3.366117681029352e-10
Subject03,Cycling,1455.0,0.2593,31.7356,0.0018559329657934455,4.921,71.2,0.0082,0.0194,0.0104,0.0147,1.1276030775418256e-09,2.3569365814290877e-09,-1.9089682182325453e-10,2.409659991917783e-10
Subject03,Cycling,1470.0,0.2968,34.2356,-0.001900961204617015,4.921,71.2,0.0088,0.0226,0.0083,0.0141,-1.043242309436428e-09,-2.420673337607782e-09,4.980209156520396e-10,-7.591435654639413e-11
Subject03,Cycling,1485.0,0.29,33.7118,-0.0019520107930278091,4.921,71.2,0.0112,0.0168,0.01,0.0147,-2.0831586497800474e-11,6.581251581487898e-10,-8.314614477441581e-10,8.232084751116294e-10
Subject03,Cycling,1500.0,0.2793,33.4261,0.0016921287910360689,4.921,71.2,0.0126,0.0178,0.0103,0.0149,-4.2662239587013025e-10,8.728233717279803e-10,1.4667950058382933e-09,-5.295207616755236e-10
Subject03,Cycling,1515.0,0.2808,35.1404,0.001429206693168359,4.921,71.2,0.0111,0.0169,0.008,0.0178,3.004370551372149e-10,-1.738708905627093e-09,-2.7845428905091854e-10,1.358431715254912e-09
Subject03,Cycling,1530.0,0.2882,34.9023,-0.0019722150587075664,4.921,71.2,0.0119,0.0175,0.0115,0.0155,4.013281396162259e-09,1.7759822147128339e-09,-5.908558725503251e-10,-1.5911506450852353e-09
Subject03,Cycling,1545.0,0.2711,33.7118,0.002082787268114995,4.921,71.2,0.0123,0.0223,0.0112,0.0169,-3.979314255455146e-09,-1.8762155999755107e-09,1.0910714776323833e-09,2.8563722460606566e-09
Subject03,Cycling,1560.0,0.2802,36.569,-0.0024963184207251617,4.921,71.2,0.0096,0.0197,0.0088,0.019,-1.2547294458334877e-11,5.327889710340328e-10,-9.589778471068027e-10,-2.8043757315863322e-09
Subject03,Cycling,1575.0,0.2665,35.8547,0.0014992404273827117,4.921,71.2,0.011,0.0122,0.0101,0.0124,1.14404276227567e-11,-3.872522709871492e-11,-1.9480458781292282e-10,-4.690868908701306e-10
Subject03,Cycling,1590.0,0.2658,36.8547,-0.001285549066229932,4.921,71.2,0.0102,0.0148,0.0103,0.0143,-2.4929993114767718e-11,-3.399093611330258e-10,2.5416357800879263e-10,1.9259150673620446e-09
Subject03,Cycling,1605.0,0.2478,33.2833,-0.0023862074164624028,4.921,71.2,0.0098,0.0184,0.0113,0.0129,-5.965834376988327e-11,9.162265895987506e-10,-4.019914367289517e-10,-1.869980974222528e-09
Subject03,Cycling,1620.0,0.2738,33.4023,0.001995307150569353,4.921,71.2,0.0096,0.0192,0.0121,0.0144,6.494835067093479e-11,-9.860181771896487e-10,3.3372492689866166e-09,2.351848914847311e-09
Subject03,Cycling,1635.0,0.2857,34.4261,-0.0017622711049570723,4.921,71.2,0.0121,0.0268,0.0091,0.0207,3.9726008396591794e-10,2.082630616842119e-09,-3.5725690217354253e-09,-8.913336590188911e-10
Subject03,Cycling,1650.0,0.2623,33.4023,-0.001045300708258101,4.921,71.2,0.011,0.0174,0.0109,0.0122,-1.459534452454649e-11,1.0257282002009672e-09,2.4158286158836615e-10,-8.311901417632982e-10
Subject03,Cycling,1665.0,0.2412,33.569,-0.002432255331082958,4.921,71.2,0.0119,0.0223,0.009,0.0169,-3.337283148609144e-11,-3.0782842780505163e-09,1.4370555453077806e-09,-2.5857326628757516e-10
Subject03,Cycling,1680.0,0.2569,31.8547,0.0020199550830508517,4.921,71.2,0.0104,0.0173,0.0106,0.0124,-1.3454528027924189e-10,3.874420115453193e-10,-6.236004244281108e-10,5.005992405316713e-10
Subject03,Cycling,1695.0,0.2597,31.8547,-0.001445263595916978,4.921,71.2,0.0105,0.0186,0.0104,0.0115,-2.631741369263579e-10,-3.469377444678956e-10,-3.142226258650863e-10,2.4569792760173177e-09
Subject03,Cycling,1710.0,0.2699,31.1404,0.0025951261978721103,4.921,71.2,0.0121,0.0183,0.0096,0.0169,4.0351491282412385e-10,2.43961052216249e-10,1.913024542851651e-09,-2.352853876725378e-09
Subject03,Cycling,1725.0,0.2452,34.569,-0.0019306971435327825,4.921,71.2,0.0103,0.0158,0.0103,0.0146,-3.772278898207186e-10,-3.635204952081303e-11,-1.8234208033823187e-09,-8.746875265206859e-10
Subject03,Cycling,1740.0,0.2521,32.9975,0.0017808860670363096,4.921,71.2,0.0107,0.0163,0.0116,0.0129,1.4505472805925921e-10,1.0336493243102065e-11,-8.880254187403189e-10,8.929342009504122e-10
Subject03,Cycling,1755.0,0.2559,33.2833,-0.0022958320889232752,4.921,71.2,0.0112,0.0192,0.0116,0.0156,-1.8338263172873257e-10,1.6937543296424323e-09,3.261588065606971e-11,-9.662616466946755e-11
Subject03,Cycling,1770.0,0.2898,31.2356,-0.0016293313992902419,4.921,71.2,0.0102,0.0205,0.0101,0.0138,1.5059124598207386e-10,-2.0078414616054904e-09,2.085352425713039e-10,-4.738788166447641e-10
Subject03,Cycling,1785.0,0.2822,33.4023,0.0017605372028058426,4.921,71.2,0.015,0.0114,0.0126,0.0143,1.356133720577444e-09,1.513383384574947e-09,1.0967793481846696e-10,2.1465156810886574e-10
Subject03,Incline,360.0,0.3071,-2.4435,-0.007112587050688956,3.4757,71.2,0.0038,0.0144,0.0038,0.0123,3.5245011361662796e-10,-7.895470170709052e-10,-6.722454629187451e-11,-5.337091994323232e-10
Subject03,Incline,375.0,0.3246,7.8898,0.005438066358825007,3.4757,71.2,0.0041,0.016,0.0039,0.0129,1.4485819919690844e-10,-2.2660381536997275e-10,2.6808309384182436e-10,1.402917242556037e-09
Subject03,Incline,390.0,0.3065,13.7232,-0.006115710826995152,3.4757,71.2,0.0037,0.0149,0.0037,0.0127,-2.4882257193442886e-10,2.492253158342003e-10,-3.065481345120753e-10,-3.4596942983518203e-10
Subject03,Incline,405.0,0.3063,7.3898,0.0037958303422128844,3.4757,71.2,0.0036,0.013,0.0033,0.014,-6.929253161129207e-12,-4.642015300875296e-10,-2.0878195519721077e-11,-1.6864993883430407e-11
Subject03,Incline,420.0,0.3218,7.3898,-0.003179773600157176,3.4757,71.2,0.0037,0.0108,0.0038,0.0108,-1.5883404285879848e-10,1.3213521590555451e-09,2.8665615529826836e-10,-1.5470755647312457e-09
Subject03,Incline,435.0,0.3356,7.0565,0.0025728776817593923,3.4757,71.2,0.0046,0.0124,0.0038,0.011,3.023072203911016e-10,-1.2093312842305963e-09,-1.3699371948709116e-10,2.139454786390423e-09
Subject03,Incline,450.0,0.3174,9.3898,-0.002330712487664575,3.4757,71.2,0.004,0.0124,0.0035,0.0123,-2.8223615379401506e-10,3.674679922248117e-10,5.599189682482707e-10,-2.1820782028624922e-09
Subject03,Incline,465.0,0.3249,6.9613,-0.00397482530956492,3.4757,71.2,0.0041,0.0124,0.0036,0.0103,1.2937081969816993e-10,-5.377323191625822e-10,-7.211371266801491e-10,1.6020096820392624e-09
Subject03,Incline,480.0,0.3425,4.8898,-0.0028262990709249985,3.4757,71.2,0.0036,0.0126,0.0039,0.0113,-1.5134651166723248e-10,8.404989918818083e-10,1.8764905204481643e-10,-1.6700417791615933e-09
Subject03,Incline,495.0,0.3413,4.0565,0.002531877013577886,3.4757,71.2,0.0042,0.0126,0.0034,0.0111,1.1765381093104388e-10,-6.058838707830696e-10,-1.5599171972883112e-10,1.1231877724560356e-09
Subject03,Incline,510.0,0.3385,5.5565,0.003018307742093855,3.4757,71.2,0.0038,0.012,0.0034,0.0107,-1.291546937374619e-10,-7.333148480789262e-11,6.114766736967072e-10,-1.0958772544751829e-09
Subject03,Incline,525.0,0.3461,7.3898,0.0019304204786030562,3.4757,71.2,0.0039,0.0129,0.0037,0.0097,-3.721486993620032e-11,-9.247364222067498e-12,-5.231956154643063e-10,3.11916957596885e-10
Subject03,Incline,540.0,0.3366,8.1898,0.002979034485565252,3.4757,71.2,0.0038,0.0121,0.0039,0.0108,7.157573308074323e-11,-1.309703052564359e-11,-3.225839577949504e-11,-3.1496842997306983e-10
Subject03,Incline,555.0,0.3363,8.8898,-0.003054698927329739,3.4757,71.2,0.0038,0.0128,0.0037,0.0104,1.2056925806948972e-11,-1.8740748712122868e-10,8.97227136457547e-11,-6.45889830905656e-11
Subject03,Incline,570.0,0.3155,6.7232,-0.00314672040651492,3.4757,71.2,0.0036,0.0098,0.0037,0.0102,-3.623308070545467e-11,6.734079277335548e-10,8.760661890134161e-10,9.010727057488683e-11
Subject03,Incline,585.0,0.3216,8.2232,0.002801182914211097,3.4757,71.2,0.0035,0.0119,0.0038,0.0099,6.76674122692337e-10,-5.762331351728622e-10,-9.829755806226222e-10,2.0909379647978121e-10
Subject03,Incline,600.0,0.3268,6.3898,-0.004560518522267186,3.4757,71.2,0.0037,0.0106,0.0037,0.0098,-6.660361537536806e-10,2.2878562488082375e-09,9.287997718482101e-11,-1.1165517339691033e-10
Subject03,Incline,615.0,0.3079,1.9613,0.0042013432853500714,3.4757,71.2,0.0036,0.0106,0.0035,0.0097,2.5384821831802746e-12,-2.1902423513231445e-09,-1.2522113779427432e-10,-1.6413530506525572e-10
Subject03,Incline,630.0,0.331,5.8898,0.0023712429557112844,3.4757,71.2,0.0035,0.0125,0.0038,0.0109,2.558134540563763e-10,-3.933734070961334e-11,-9.25180930350601e-12,4.971646717213189e-10
Subject03,Incline,645.0,0.3371,8.2232,-0.002146719510817826,3.4757,71.2,0.0039,0.0107,0.0038,0.0097,-2.7446578195476464e-10,2.785385058178998e-09,2.511525535057483e-10,-3.474898451798266e-10
Subject03,Incline,660.0,0.3297,7.8898,-0.004381437330209411,3.4757,71.2,0.0041,0.012,0.0032,0.0106,5.497470522205767e-10,-2.800929851245541e-09,-2.551582602091906e-10,1.5237679938078051e-09
Subject03,Incline,675.0,0.3326,6.3898,-0.0025219135357201386,3.4757,71.2,0.0039,0.0127,0.003,0.0111,-4.814467682577308e-10,-5.2624486293715124e-11,-7.68217926224814e-12,-1.7181844740657422e-09
Subject03,Incline,690.0,0.3223,7.3898,0.004036420403828561,3.4757,71.2,0.0036,0.0116,0.0035,0.0106,-3.9693105567044695e-11,2.5336746466027757e-09,1.7473187843172033e-10,2.007384887905765e-10
Subject03,Incline,705.0,0.335,8.1398,-0.004414384660424147,3.4757,71.2,0.0036,0.0119,0.0032,0.0104,3.4053860331223525e-11,-2.4187765972260212e-09,-7.799727103959437e-11,3.580057166534129e-10
Subject03,Incline,720.0,0.6843,3.0565,0.004272818956798268,6.2116,71.2,0.0074,0.0201,0.008,0.0175,1.3210889186380039e-09,3.842351455654566e-09,7.463223574435549e-10,-2.3277150140637672e-10
Subject03,Incline,735.0,0.7113,14.5327,0.002815417008841978,6.2116,71.2,0.0073,0.02,0.0087,0.0173,-1.2026259688284038e-09,2.656277554076099e-10,-4.0384519820521057e-10,-5.7851731703320575e-11
Subject03,Incline,750.0,0.7136,17.2232,-0.002419869317980992,6.2116,71.2,0.0077,0.0204,0.0088,0.0182,-1.7279041299525584e-10,5.145766688349999e-10,3.061640065884389e-11,1.1270543371862424e-10
Subject03,Incline,765.0,0.7206,20.7898,0.00182049768679152,6.2116,71.2,0.0073,0.0185,0.0088,0.0174,3.059571266958147e-11,-4.529522143881036e-09,-3.777430578328606e-10,3.578713517271591e-10
Subject03,Incline,780.0,0.7132,25.5327,-0.0028345780895811966,6.2116,71.2,0.0079,0.0198,0.0085,0.0171,1.8621401065910357e-09,-1.9907916125210562e-10,2.7466224422054557e-10,1.2642427936703286e-09
Subject03,Incline,795.0,0.7035,26.3898,-0.002480897504301801,6.2116,71.2,0.0075,0.0179,0.0095,0.0181,-1.7326326264924016e-09,1.9256900203653268e-10,-4.5900928921944476e-10,3.9660633362514474e-11
Subject03,Incline,810.0,0.7144,25.9613,-0.0028521020155686237,6.2116,71.2,0.0077,0.0195,0.0096,0.0167,-1.1330778614451403e-11,-6.574067492254559e-11,2.613944943255376e-10,-1.923393289623539e-09
Subject03,Incline,825.0,0.7324,27.5565,0.0027126586629172417,6.2116,71.2,0.0074,0.0201,0.0084,0.017,-1.577583115335174e-10,-9.47324675729215e-11,-2.4121141152211227e-10,1.5856262126175006e-10
Subject03,Incline,840.0,0.7334,28.6755,0.0024293550957947855,6.2116,71.2,0.0075,0.0224,0.0097,0.0185,8.338320981044362e-11,5.743209641397105e-09,2.300966071371996e-10,3.8064378397714526e-10
Subject03,Incline,855.0,0.7287,29.6755,-0.002200081964198008,6.2116,71.2,0.0075,0.0212,0.0093,0.0166,-6.009934880681823e-11,-5.8789086069914545e-09,1.0963665258463588e-10,-4.6374446904765026e-10
Subject03,Incline,870.0,0.7149,26.7898,-0.002231104489895506,6.2116,71.2,0.0073,0.0199,0.0095,0.0158,2.7369460751756416e-10,1.4836557828876965e-10,-2.8380746711727083e-10,5.653791428248373e-10
Subject03,Incline,885.0,0.7352,27.6755,0.002121024060997013,6.2116,71.2,0.0079,0.0192,0.0086,0.0155,7.200870439906272e-10,2.0424110112999277e-10,4.79632589289624e-10,2.6347836698969472e-09
Subject03,Incline,900.0,0.7372,29.9613,0.0016853757934621205,6.2116,71.2,0.0074,0.0194,0.0082,0.0156,-8.619091923962187e-10,3.0738135810913464e-11,-5.736754018598457e-10,-1.9651200279074405e-09
Subject03,Incline,915.0,0.7163,30.8898,0.0019863200279040118,6.2116,71.2,0.0071,0.0177,0.0086,0.0157,1.3344251053048783e-10,-3.2763880285656086e-10,1.6211418267433678e-10,-1.554464996873461e-09
Subject03,Incline,930.0,0.7253,33.3898,-0.001664045224395525,6.2116,71.2,0.0076,0.0183,0.0084,0.015,-1.5185945729839142e-10,9.780888002087021e-10,1.0612663159863179e-11,3.383825645248719e-10
Subject03,Incline,945.0,0.7394,31.7232,0.002767004471697266,6.2116,71.2,0.0071,0.0195,0.0079,0.016,2.7720455280916168e-11,1.8779281052860867e-09,1.6138926299945561e-09,-1.719470451690164e-10
Subject03,Incline,960.0,0.7076,32.7232,-0.002043144426882266,6.2116,71.2,0.0074,0.0193,0.0087,0.0165,-5.14391988448677e-11,1.7026890247825062e-09,-1.0494687072161652e-09,3.054542637057581e-10
Subject03,Incline,975.0,0.746,33.0565,0.002863530633580832,6.2116,71.2,0.0079,0.0184,0.0082,0.0156,-7.146561322508968e-11,-7.10067687802529e-10,-3.7211985964011993e-10,2.354598615576069e-10
Subject03,Incline,990.0,0.7279,32.0565,-0.0024358282942273627,6.2116,71.2,0.0073,0.0179,0.0081,0.0152,-6.381673107001964e-12,-8.165964520280994e-11,1.5055569546521917e-10,-4.10382283827315e-10
Subject03,Incline,1005.0,0.7206,28.8898,-0.0026859264672212525,6.2116,71.2,0.0078,0.0199,0.0074,0.0158,1.2726236124661743e-10,-3.5356130878063177e-09,-1.7864826096249669e-10,2.743313725511689e-10
Subject03,Incline,1020.0,0.7404,30.3898,0.0018324305703942873,6.2116,71.2,0.0077,0.0189,0.0088,0.0158,-1.7642605042034663e-10,2.822422109842924e-10,-8.470777097478686e-11,-4.2458112946257466e-12
Subject03,Incline,1035.0,0.6981,32.5565,0.001684056105751768,6.2116,71.2,0.0073,0.0178,0.0087,0.0155,5.1912965092871694e-11,-2.3131647936409862e-10,-5.933786883142658e-11,-2.6516862203323324e-10
Subject03,Incline,1050.0,0.7238,31.9613,-0.0027909671907995876,6.2116,71.2,0.0075,0.0188,0.0073,0.0143,9.598790789152013e-11,-1.1002839111591498e-10,4.7182214105610314e-11,6.408187346621345e-11
Subject03,Incline,1065.0,0.7394,32.7898,0.0018888686580753945,6.2116,71.2,0.0075,0.0176,0.0069,0.0149,-2.6641117378281656e-11,5.1704398752204735e-11,-1.4202656310449141e-11,-1.208667168037215e-10
Subject03,Incline,1080.0,0.5409,32.5565,-0.004863654847884028,0.222,71.2,0.0056,0.0162,0.0068,0.0152,-7.987694644031273e-11,9.805018314088943e-10,-6.478946123650658e-11,9.727268105936757e-10
Subject03,Incline,1095.0,0.0663,25.1898,0.004616772138856371,0.222,71.2,0.0017,0.0059,0.002,0.006,3.897822458013975e-11,-1.0883058753408754e-09,-6.554050302957826e-11,-1.099818193078574e-09
Subject03,Incline,1110.0,0.0062,33.7898,0.0059198393180033984,0.222,71.2,0.0014,0.0026,0.0018,0.0026,-3.5506577668297224e-11,4.621763874588853e-12,2.9353220732015924e-11,1.1394277004302693e-10
Subject03,Incline,1125.0,0.0047,27.7898,-0.005264882161043361,0.222,71.2,0.0015,0.0023,0.0018,0.0021,2.6194946991941692e-11,-8.78059784277612e-11,-3.5503221064589854e-11,-1.7000917793708389e-10
Subject03,Incline,1140.0,0.0086,13.1398,-0.004649184218573237,0.222,71.2,0.0016,0.0025,0.0019,0.0034,-1.9180093004768302e-13,3.466534605279628e-11,4.707185615401828e-11,2.5999527418248006e-10
Subject03,Incline,1155.0,0.0126,12.3898,0.0029130514778841032,0.222,71.2,0.0015,0.0021,0.0018,0.0033,2.9150789636290095e-11,6.818879686519468e-11,-2.4995318052283692e-11,4.1072421654992643e-10
Subject03,Incline,1170.0,0.0069,8.8898,0.0032640444322224486,0.222,71.2,0.0014,0.0017,0.0018,0.0031,-4.3446279155657536e-11,-6.611963742235791e-11,-1.5285495865213013e-12,-6.300906018371582e-10
Subject03,Incline,1185.0,0.0041,8.3898,0.0037264341662213295,0.222,71.2,0.0013,0.0018,0.0016,0.0028,1.617825330936194e-11,-1.7603184750174307e-11,2.1056719156921774e-11,5.2271364538665356e-11
Subject03,Incline,1200.0,0.0041,8.3898,0.0017597305473549235,0.222,71.2,0.0012,0.0016,0.0016,0.0033,-1.232208250745969e-11,-9.441089981737591e-12,-4.916657879351588e-11,1.419474598154934e-11
Subject03,Incline,1215.0,0.1104,9.7898,-0.006696762183331955,0.222,71.2,0.0015,0.0035,0.002,0.0058,-1.1446931438820506e-11,1.849047812061181e-10,1.3569588718235797e-11,9.302366284943866e-11
Subject03,Incline,1230.0,0.0135,7.6398,0.004036398418896825,0.222,71.2,0.0013,0.0034,0.0015,0.0046,-1.1932790250616356e-11,-2.1632438210787181e-10,5.952661047841712e-11,-1.0904100768773815e-10
Subject03,Incline,1245.0,0.0043,15.5565,0.006640087543488896,0.222,71.2,0.0011,0.0019,0.0014,0.0017,2.243700987718272e-11,4.752091715365564e-12,-5.5658854086379236e-11,-1.1470073615564484e-10
Subject03,Incline,1260.0,0.0041,20.9898,0.0024009169973697266,0.222,71.2,0.0011,0.0011,0.0014,0.0019,-1.511873738048837e-11,2.2254270687026642e-11,3.2525932534383084e-11,8.392019812289507e-11
Subject03,Incline,1275.0,0.0043,22.5898,-0.001850515215164075,0.222,71.2,0.001,0.0014,0.0015,0.0018,2.0733885241136754e-11,3.144630104199492e-11,-5.694514466270659e-11,9.891870227494605e-11
Subject03,Incline,1290.0,0.004,20.3898,0.0023293748891557754,0.222,71.2,0.001,0.0014,0.0014,0.0024,-3.012726920424816e-11,-1.2965837596494208e-11,2.501533274629203e-12,-7.829714933394401e-11
Subject03,Incline,1305.0,0.0087,15.7898,-0.013176920062390511,0.222,71.2,0.0011,0.0021,0.0015,0.0047,6.922623311865453e-12,5.692257526124725e-11,2.9094907288761464e-11,2.538448722868961e-10
Subject03,Incline,1320.0,0.0046,10.3898,0.006934858237581634,0.222,71.2,0.0011,0.0018,0.0013,0.0034,2.551120567204218e-12,-7.420595420242733e-11,-3.330833783552636e-12,-1.9148091899175698e-10
Subject03,Incline,1335.0,0.0041,13.3898,0.005277834298170759,0.222,71.2,0.001,0.0014,0.0014,0.0037,-1.404485416790735e-13,2.3474210823146916e-11,-1.5338423668885498e-11,6.672183684283628e-11
Subject03,Incline,1350.0,0.0045,8.9898,-0.0037278927308456093,0.222,71.2,0.001,0.0014,0.0015,0.0037,7.264464789207959e-12,1.165356837108803e-10,1.1572786742168703e-11,-8.37363590337557e-11
Subject03,Incline,1365.0,0.0073,5.8898,0.0038234436877387402,0.222,71.2,0.001,0.0023,0.0014,0.0028,-3.974621899006665e-12,-9.991989615818071e-11,-1.4922559169498703e-11,4.087293258307349e-11
Subject03,Incline,1380.0,0.0039,9.7898,-0.0036439629415776424,0.222,71.2,0.001,0.0016,0.0014,0.0033,-1.8624363784430847e-11,-1.235118158118362e-11,1.8095632176086134e-11,-7.429591921265395e-11
Subject03,Incline,1395.0,0.0042,14.7898,0.0013977341261058695,0.222,71.2,0.001,0.0013,0.0014,0.0021,3.34014296114988e-11,-2.793825931441225e-11,-3.216956989980135e-11,-1.2032928979717136e-10
Subject03,Incline,1410.0,0.004,19.7898,0.0011983035522639847,0.222,71.2,0.001,0.0015,0.0014,0.0019,-1.7009133138838965e-11,-1.0083381851819677e-11,3.260005651832516e-11,1.7553944873502277e-11
Subject03,Incline,1425.0,0.0063,20.9898,-0.002826468375439471,0.222,71.2,0.0013,0.0015,0.0015,0.0027,-1.1530818947302525e-12,-1.2958829914482282e-12,6.724149531895076e-11,2.4358201154320336e-11
Subject03,Incline,1440.0,0.4815,17.5327,-0.009524623190421175,10.2795,71.2,0.0087,0.0199,0.009,0.0166,2.1592028692936683e-09,6.172199009615121e-10,1.7019683827751652e-09,4.36801170548943e-09
Subject03,Incline,1455.0,0.7471,11.7232,0.015067096514561161,10.2795,71.2,0.0136,0.0225,0.0139,0.0208,-1.8321224031315873e-09,-1.3076426350848176e-10,-1.9012482849549037e-09,-2.3946532164303476e-09
Subject03,Incline,1470.0,0.7627,35.2232,0.004572319278310952,10.2795,71.2,0.0138,0.0262,0.0135,0.0223,-6.043829576252213e-10,8.8635811415424e-10,1.0932401378852686e-09,-1.615946537243814e-09
Subject03,Incline,1485.0,0.7587,43.1041,-0.0018525580385261226,10.2795,71.2,0.0124,0.0254,0.0135,0.0208,3.781555025202803e-10,3.56891210337124e-10,5.155597093089819e-10,-1.5065880153584455e-10
Subject03,Incline,1500.0,0.7737,50.8898,0.0012763393004210472,10.2795,71.2,0.013,0.0254,0.0128,0.0227,-3.650711704215652e-11,3.3470225226885787e-10,-3.3695013597214907e-10,5.150860675773365e-10
Subject03,Incline,1515.0,0.773,56.2232,-0.0021062353272832154,10.2795,71.2,0.0129,0.0242,0.0146,0.0222,-1.6975394846356772e-10,-1.0275966124416972e-09,-4.6197307177143627e-10,-1.2069875771232248e-10
Subject03,Incline,1530.0,0.7767,58.7232,-0.002955443303667434,10.2795,71.2,0.0121,0.0218,0.0122,0.02,1.709647195514321e-10,-7.538050538493997e-10,1.0497134000340129e-10,-5.539357645072614e-10
Subject03,Incline,1545.0,0.7714,62.8184,0.001430101779069699,10.2795,71.2,0.0118,0.0241,0.0123,0.022,-2.0054248563359188e-10,6.251827558417246e-11,-7.642544479208104e-10,1.416934294638577e-09
Subject03,Incline,1560.0,0.7928,65.7232,-0.0013254318558079236,10.2795,71.2,0.0121,0.0239,0.013,0.0212,9.177355247996726e-11,4.6203485115045735e-11,1.2381736455794787e-10,-7.420373351726999e-10
Subject03,Incline,1575.0,0.781,66.3898,0.001313713761420389,10.2795,71.2,0.0128,0.0241,0.013,0.0216,2.041124065463625e-10,-3.211234478003201e-10,6.328986382353643e-10,-2.1274316355052688e-10
Subject03,Incline,1590.0,0.7812,68.6755,-0.0015553676235166092,10.2795,71.2,0.0124,0.0247,0.0129,0.0208,-7.481995235275308e-11,-2.6343571697782965e-10,-4.043106033731056e-10,-1.100332390504648e-10
Subject03,Incline,1605.0,0.8009,70.5327,0.0019242932819678914,10.2795,71.2,0.0114,0.023,0.0127,0.0207,3.7094645390276733e-10,6.668730656171977e-09,2.6792567560499084e-10,3.0292284070844474e-10
Subject03,Incline,1620.0,0.7979,72.2232,0.0012096786360332884,10.2795,71.2,0.0114,0.0236,0.0129,0.0219,1.7130611608429294e-10,-3.0914028436868897e-09,2.0561911258499587e-09,-6.014665119575048e-10
Subject03,Incline,1635.0,0.8129,73.3898,-0.001963549830311001,10.2795,71.2,0.0128,0.0237,0.0132,0.0198,-3.82918062323606e-10,-2.0681175747484553e-09,-2.6488225259679075e-09,3.64190640490097e-10
Subject03,Incline,1650.0,0.8217,73.8184,0.0016058012551833278,10.2795,71.2,0.0134,0.0225,0.0127,0.0196,6.771034669077106e-11,-1.0093671308283608e-09,2.1146227740892704e-11,3.989563568313768e-09
Subject03,Incline,1665.0,0.8503,74.8184,0.0014890095126603095,10.2795,71.2,0.0114,0.0218,0.0129,0.0192,1.756535677167139e-10,-1.8548698581823143e-10,4.8543622729634846e-11,-3.5033880663387436e-09
Subject03,Incline,1680.0,0.7912,75.0148,-0.0016278205886292357,10.2795,71.2,0.0116,0.023,0.0125,0.0205,-2.363159294069809e-10,-2.9465270704131964e-10,1.9842832581795503e-10,-6.826522586079851e-10
Subject03,Incline,1695.0,0.8369,76.3898,0.0016005264125975441,10.2795,71.2,0.0108,0.0214,0.0122,0.0192,-3.280129700422038e-10,2.287598154194864e-09,3.338032505494205e-10,1.5058097030215227e-10
Subject03,Incline,1710.0,0.8245,76.1676,0.0017024723448839678,10.2795,71.2,0.0111,0.022,0.0122,0.0192,2.0063735153313293e-09,3.469869478376039e-09,8.575651073459778e-10,4.043209179665522e-11
Subject03,Incline,1725.0,0.8071,77.8184,-0.0017178501120302893,10.2795,71.2,0.0114,0.0243,0.0127,0.0201,-1.9330541660681697e-09,-4.303906554758651e-09,-9.996170548408646e-11,-1.679618652559006e-10
Subject03,Incline,1740.0,0.8364,77.3898,0.00170300607097456,10.2795,71.2,0.011,0.0224,0.0134,0.0189,1.4009884305476352e-10,-1.0525641500724557e-09,-1.4407744068997858e-09,2.8773408900610144e-09
Subject03,Incline,1755.0,0.8292,77.2648,0.0017241709392678624,10.2795,71.2,0.0107,0.0222,0.0122,0.019,5.545723054944375e-10,-1.1350863900394819e-10,3.73809489991332e-10,-2.5093393287841426e-09
Subject03,Incline,1770.0,0.7983,78.6398,0.0017713953431631858,10.2795,71.2,0.0108,0.0239,0.0127,0.0206,-5.196802846953711e-10,-3.834440729261907e-12,2.400126623460747e-11,-1.0934940693967332e-10
Subject03,Incline,1785.0,0.7693,78.8898,0.0017470146284325396,10.2795,71.2,0.0107,0.0211,0.0112,0.0202,4.744990030675172e-11,6.219164655920502e-10,-9.594954396894481e-11,2.0331403083122275e-09
Subject03,Incline,1800.0,0.2989,76.7232,-0.0012205299280468149,5.9422,71.2,0.0045,0.0158,0.0045,0.0144,-1.2708674473713642e-10,4.1647025656855975e-10,4.641509329325256e-11,-2.227953147826589e-09
Subject03,Incline,1815.0,0.2838,73.0565,-0.0013900113705366094,5.9422,71.2,0.0043,0.0167,0.0042,0.0129,-2.0695204379680364e-11,-7.254225111604313e-10,-1.1504591869031283e-10,-1.375998506272493e-10
Subject03,Incline,1830.0,0.2897,65.9898,-0.0017157407718322894,5.9422,71.2,0.0046,0.0155,0.0038,0.0151,9.984347367086502e-11,8.272663338099254e-10,-1.2036593136659293e-10,6.755507341455244e-10
Subject03,Incline,1845.0,0.2859,60.8898,0.0015531216965723198,5.9422,71.2,0.0048,0.0153,0.0038,0.0134,-9.451758215948767e-11,-4.4896022478954523e-10,1.2136347941636866e-10,-6.639511355161476e-10
Subject03,Incline,1860.0,0.2831,58.8184,0.0017096746337961146,5.9422,71.2,0.0044,0.0154,0.004,0.0135,-1.53533348732459e-11,-4.663932330834194e-10,1.1016046876838846e-10,4.767883535370788e-10
Subject03,Incline,1875.0,0.2846,56.5565,-0.0015936799115023423,5.9422,71.2,0.0053,0.0135,0.0038,0.015,1.865771996394093e-11,8.739674287098489e-11,-1.0278998304708047e-10,-3.165695338882799e-10
Subject03,Incline,1890.0,0.2839,55.1898,0.0028022668600620805,5.9422,71.2,0.0046,0.0144,0.0038,0.0134,4.030928731720725e-10,-2.269935208262516e-10,-1.3187239657684186e-10,1.9542016443196964e-09
Subject03,Incline,1905.0,0.2794,54.247,0.0015866066026734198,5.9422,71.2,0.0054,0.0153,0.0035,0.0148,-2.85173376339341e-10,8.01594312226695e-10,6.111076569477479e-11,6.917045495413393e-10
Subject03,Incline,1920.0,0.283,52.7232,-0.0018013378295969424,5.9422,71.2,0.0049,0.015,0.0042,0.0124,-2.765824307726645e-11,-6.899039289445785e-10,8.887989911139906e-11,-2.5190968096748996e-09
Subject03,Incline,1935.0,0.2661,50.1898,0.001604211446568056,5.9422,71.2,0.0044,0.0145,0.0033,0.0128,-1.7752957065778566e-10,2.5484053126247093e-09,-4.087528354162701e-11,-5.4113850002834445e-11
Subject03,Incline,1950.0,0.2815,49.2232,0.0021557601115519158,5.9422,71.2,0.0048,0.0146,0.0037,0.0132,7.977352552730024e-11,-2.1983896894786173e-09,-1.5798055793531123e-11,-2.2200462823489057e-10
Subject03,Incline,1965.0,0.2676,48.5565,-0.0030967086817468114,5.9422,71.2,0.004,0.015,0.0038,0.0107,-3.136156638363898e-11,2.8595223651339066e-09,2.5460522901897384e-11,9.54697457511007e-10
Subject03,Incline,1980.0,0.2883,45.7232,-0.0024811010555463127,5.9422,71.2,0.0046,0.0154,0.0038,0.0135,3.181132277349807e-10,-3.376761309642419e-09,-6.763700481312871e-11,-8.358843802682651e-10
Subject03,Incline,1995.0,0.2974,45.2232,0.002136018075157468,5.9422,71.2,0.0041,0.0161,0.0034,0.0128,-1.309661050308739e-10,8.509898974978655e-10,-7.725905993390475e-11,1.9796329796594354e-09
Subject03,Incline,2010.0,0.2682,49.8898,0.0014369596610677576,5.9422,71.2,0.0043,0.0141,0.0031,0.0138,3.4628126827090294e-10,1.697147710429365e-10,1.0018793471353467e-10,-2.1692889792483295e-09
Subject03,Incline,2025.0,0.2858,48.7232,-0.0018695612380869337,5.9422,71.2,0.0049,0.0137,0.0038,0.0143,-4.975492394519307e-10,-9.044400861530232e-10,2.8606588963482335e-11,-8.032680686283395e-11
Subject03,Incline,2040.0,0.2708,49.5327,0.0017913386963170662,5.9422,71.2,0.0045,0.0162,0.0037,0.015,-2.576230298849764e-11,3.6945263447446558e-09,1.4823747111061456e-10,1.0329398946167072e-10
Subject03,Incline,2055.0,0.2688,51.0565,-0.002020419342441825,5.9422,71.2,0.0039,0.0131,0.0033,0.0153,1.3683311258751299e-10,-3.890488334510002e-09,-3.0865516917853284e-11,1.7083542909239784e-09
Subject03,Incline,2070.0,0.2765,49.8898,0.003706543791184692,5.9422,71.2,0.004,0.015,0.0032,0.0132,-1.3175304091631117e-10,2.9438105797878444e-09,-8.540054544062448e-11,-1.841895774718908e-09
Subject03,Incline,2085.0,0.2777,51.5898,-0.0023343428151561315,5.9422,71.2,0.0038,0.015,0.0032,0.0125,3.5546165009900776e-11,-2.386346620497596e-09,-1.0515101509701826e-10,2.35242660247651e-10
Subject03,Incline,2100.0,0.261,48.8184,0.0019005403600513276,5.9422,71.2,0.0044,0.0151,0.0031,0.0143,1.923885810882994e-10,-5.526362592632711e-10,-5.861074421173856e-11,1.9171798104121365e-09
Subject03,Incline,2115.0,0.2632,49.7232,-0.0027213823988457733,5.9422,71.2,0.0036,0.0133,0.003,0.0143,-2.200682180190504e-10,2.0972667255701701e-10,7.44878199377824e-11,-1.956394521220738e-09
Subject03,Incline,2130.0,0.2602,49.8898,0.0028560747475235523,5.9422,71.2,0.0038,0.0135,0.0033,0.0126,-3.0570776224526525e-11,8.880680021820592e-10,-4.345859838534322e-11,-8.316133364341816e-11
Subject03,Incline,2145.0,0.2718,51.5565,0.0026023306409477223,5.9422,71.2,0.0048,0.014,0.0033,0.0127,7.433668103362349e-11,-1.0511673678380674e-09,1.103689453236985e-11,1.1257911731815438e-10
Subject03,Running,360.0,0.6059,-3.2222,-0.006972249244543836,3.1877,71.2,0.0061,0.017,0.005,0.0235,1.4484545099667715e-11,1.3874379712088024e-09,-2.1444402838467444e-11,4.094351083390059e-10
Subject03,Running,375.0,0.7839,-1.4722,0.0056494172292609855,3.1877,71.2,0.0076,0.0189,0.0066,0.0253,1.5942228900306845e-11,-1.6105088245297647e-09,2.342912942388475e-10,-2.895318975195413e-10
Subject03,Running,390.0,0.7644,7.5778,-0.0041426547561878345,3.1877,71.2,0.0068,0.0179,0.006,0.0232,1.8742086151503463e-09,4.907911052892434e-10,-1.6592736331685965e-10,4.617664928528482e-09
Subject03,Running,405.0,0.785,5.1111,0.0029682351654303205,3.1877,71.2,0.0068,0.0187,0.0061,0.0243,-1.8487156914783236e-09,1.1110594355298499e-09,1.5186670593667757e-09,-4.547554581104719e-09
Subject03,Running,420.0,0.76,5.1778,-0.0027936658308132015,3.1877,71.2,0.008,0.0178,0.0067,0.0223,6.589742352099643e-10,-1.3689241761890413e-09,-1.5123944131245221e-09,3.880960490169195e-09
Subject03,Running,435.0,0.7508,4.5778,0.0035673097882002636,3.1877,71.2,0.0084,0.0178,0.0061,0.026,-6.551019792114106e-10,1.4680186870096933e-09,7.470099176068755e-10,-3.89840574830624e-09
Subject03,Running,450.0,0.7843,2.5778,-0.003058196122768267,3.1877,71.2,0.0071,0.0174,0.0061,0.0224,3.1881407567462836e-10,-1.5356156412429006e-09,-7.656375344076218e-10,7.859587958779943e-10
Subject03,Running,465.0,0.7744,-0.4222,0.002290320116648539,3.1877,71.2,0.0073,0.0155,0.0057,0.0221,-1.3570435014285146e-11,9.862091077740127e-10,1.8867074696604556e-11,-7.591144370584077e-10
Subject03,Running,480.0,0.7613,1.7778,0.003683156453886365,3.1877,71.2,0.0067,0.0151,0.0061,0.0201,-3.329569360362556e-10,-1.0012720682457264e-09,6.499821282715375e-11,5.405789986204458e-10
Subject03,Running,495.0,0.7807,-1.5556,-0.0026806924965977644,3.1877,71.2,0.0074,0.0157,0.0055,0.0241,3.27444774490341e-10,3.6866820827054377e-10,-6.32182168738503e-11,-4.845354333001902e-10
Subject03,Running,510.0,0.7764,-2.3889,0.0025221929433032007,3.1877,71.2,0.0066,0.0152,0.0062,0.0214,-4.0093669440132263e-10,1.4588086085562632e-09,-1.9195749781576498e-11,2.002753476600036e-11
Subject03,Running,525.0,0.7963,-0.8222,-0.0051863440982545025,3.1877,71.2,0.0066,0.0147,0.0056,0.0233,1.1609388137153022e-09,-1.6699106031205974e-09,-9.680207060720892e-12,2.985170812046281e-09
Subject03,Running,540.0,0.775,-4.0556,-0.0023610455527449696,3.1877,71.2,0.0062,0.0144,0.0053,0.0208,-1.07175320561088e-09,6.953828324171677e-10,5.152627844802499e-10,-3.196961395843512e-09
Subject03,Running,555.0,0.7785,-5.3889,0.0028375397608464215,3.1877,71.2,0.0061,0.0152,0.0061,0.0218,-6.535301242241412e-11,3.211874394836522e-10,-3.6797858907584066e-10,1.9210398581278653e-09
Subject03,Running,570.0,0.7599,-0.8222,0.004276111594519758,3.1877,71.2,0.0064,0.0155,0.0055,0.0227,2.360563312968097e-09,-9.805227179825238e-10,-1.7860528811875223e-10,2.0230721201766296e-09
Subject03,Running,585.0,0.7639,-0.6222,-0.0028791600938699543,3.1877,71.2,0.0068,0.0155,0.0054,0.0219,-2.3099192696419897e-09,2.2691736822986668e-10,1.21321173984778e-09,-3.927233409508556e-09
Subject03,Running,600.0,0.7722,-1.8222,0.0030841710277185273,3.1877,71.2,0.0063,0.0142,0.0058,0.0202,-4.520192545195349e-11,-3.749770754653485e-10,-1.2082113735613364e-09,1.0367423786721908e-09
Subject03,Running,615.0,0.7742,-1.4222,-0.004825183550164628,3.1877,71.2,0.0068,0.0146,0.0054,0.0244,1.6781419414728214e-10,3.4908122552042185e-10,9.163339583946949e-11,-1.0750882535821653e-09
Subject03,Running,630.0,0.7838,-4.0556,0.0021468519166287447,3.1877,71.2,0.0062,0.0153,0.0059,0.0228,-1.054073216735558e-10,7.822093229265873e-11,-9.962920748880414e-11,-1.2177453606218712e-10
Subject03,Running,645.0,0.7758,-2.8222,-0.0022066495835306285,3.1877,71.2,0.007,0.0141,0.0057,0.0206,1.6138741598767518e-09,-4.2395528112055244e-10,5.2897198971928375e-12,3.0056373612794455e-09
Subject03,Running,660.0,0.7813,-6.6222,-0.00400597144510928,3.1877,71.2,0.0059,0.0143,0.0056,0.0228,-1.650873027976581e-09,1.1117085292874494e-09,6.781097946613783e-10,-2.832212263771031e-09
Subject03,Running,675.0,0.7714,-7.4222,0.004760736612027098,3.1877,71.2,0.0067,0.016,0.006,0.024,-4.107130160813279e-11,-9.941834036764218e-10,-6.214856527098924e-10,2.4476657190982007e-09
Subject03,Running,690.0,0.7479,-1.4222,-0.0028449502674336314,3.1877,71.2,0.0067,0.0149,0.0056,0.0237,2.5799918321792827e-10,3.904072605187514e-11,-4.809300687541725e-11,2.7123505249995652e-11
Subject03,Running,705.0,0.7365,-0.3889,-0.0019623351256137164,3.1877,71.2,0.0061,0.0142,0.0052,0.0223,1.597399139739423e-10,1.1286967993161583e-09,1.0942719966636874e-09,-2.5639580233302943e-09
Subject03,Running,720.0,2.0377,6.7778,0.0035235096645734004,11.0262,71.2,0.0185,0.0251,0.0211,0.0338,-2.079333263382411e-10,-1.2644935928470956e-09,1.8903098489176118e-10,4.498299629273537e-09
Subject03,Running,735.0,2.3642,16.0278,-0.001719061134691169,11.0262,71.2,0.0185,0.0207,0.0198,0.0318,7.903987721860381e-12,2.1508547615798405e-09,-4.170754279887309e-10,-4.035541064314613e-09
Subject03,Running,750.0,2.249,21.3778,0.0027739671260936342,11.0262,71.2,0.0183,0.0218,0.0189,0.0351,6.787735739836899e-11,-2.1714650074270895e-09,2.566141321913426e-09,2.5754241169488336e-10
Subject03,Running,765.0,2.3379,33.6111,0.0019343803453246943,11.0262,71.2,0.0171,0.0199,0.017,0.0349,1.6114680976489927e-09,-5.392954686093874e-11,-1.9741066593328874e-09,1.3208894694338285e-09
Subject03,Running,780.0,2.3019,38.3778,-0.0031265768022301125,11.0262,71.2,0.0177,0.0202,0.0176,0.0322,-1.0507129172180036e-09,3.3317516018716528e-09,-5.86248210862111e-10,-1.9201841117373587e-09
Subject03,Running,795.0,2.2586,39.4444,0.0022416463972406717,11.0262,71.2,0.0168,0.0205,0.0175,0.0306,-2.5531925795547713e-10,6.326337467593717e-11,-4.07262893388292e-10,-6.648494467197411e-11
Subject03,Running,810.0,2.0826,44.7778,0.0034232871857358786,11.0262,71.2,0.0149,0.02,0.0151,0.0316,1.7115501253295228e-10,-3.434744987547869e-09,1.0905291135173702e-09,1.3734626684287268e-09
Subject03,Running,825.0,2.2388,50.1111,-0.003265757220806055,11.0262,71.2,0.0145,0.0189,0.015,0.0323,1.2022513164397783e-10,1.596414097650533e-10,-1.068833685346136e-09,8.751509607601858e-09
Subject03,Running,840.0,2.1773,50.2778,0.002667116130613691,11.0262,71.2,0.0151,0.0194,0.0144,0.0328,4.2502370885001203e-10,2.2452426048057567e-10,-3.425341009691742e-10,-1.0253931099587516e-08
Subject03,Running,855.0,2.4183,52.0278,-0.001595173545618124,11.0262,71.2,0.015,0.0191,0.0151,0.0304,-4.776169515877805e-10,3.0983292181214565e-09,4.454438334743609e-10,2.5552351838889575e-10
Subject03,Running,870.0,2.6071,48.2778,-0.0026080204455957417,11.0262,71.2,0.0144,0.0191,0.0145,0.0296,-8.535820654539697e-10,-2.676893797832755e-09,1.5079502801017002e-09,-1.4297012957020717e-10
Subject03,Running,885.0,2.4492,50.2063,0.0029466797910652084,11.0262,71.2,0.0139,0.0192,0.0144,0.0301,7.755193156929935e-10,-6.701866444957823e-10,-1.5780658407348896e-09,8.321840456603237e-09
Subject03,Running,900.0,2.5309,52.7778,0.0024935451769665918,11.0262,71.2,0.0141,0.0187,0.0132,0.0313,-5.2892537045535416e-11,2.065249023153022e-09,-6.850713875903403e-11,-7.90614184016286e-09
Subject03,Running,915.0,2.669,54.4921,-0.002392429716778611,11.0262,71.2,0.0137,0.0191,0.0139,0.0311,-7.173383239873299e-10,-6.27367721246543e-10,9.418574028747143e-10,-3.2202958793457143e-10
Subject03,Running,930.0,2.6053,54.1111,-0.0026077149896917276,11.0262,71.2,0.0135,0.0188,0.0131,0.0309,4.592180046245572e-10,-1.5391345462062441e-09,-1.2686777487029147e-09,4.602405017919297e-09
Subject03,Running,945.0,2.6509,54.4028,0.0017214227541549397,11.0262,71.2,0.0133,0.0186,0.0127,0.0295,1.1082991269520291e-09,4.083163668155054e-11,-9.076712344420564e-11,-2.553555419179614e-09
Subject03,Running,960.0,2.6528,53.9444,-0.010784143477254355,11.0262,71.2,0.0135,0.0177,0.0129,0.0302,-9.510862736914178e-10,3.456045585041575e-09,5.282064255003571e-10,-2.129629741777249e-09
Subject03,Running,975.0,2.7324,53.7778,0.006334595838161197,11.0262,71.2,0.0138,0.0179,0.0139,0.0299,-6.657799472454699e-10,-2.4183562192629064e-09,9.880063976493184e-10,1.6214099340717401e-10
Subject03,Running,990.0,2.5424,56.4028,0.004044909866281043,11.0262,71.2,0.0134,0.0179,0.0138,0.0288,8.477385701197631e-10,-9.709866059209534e-10,-1.1754833237124894e-09,4.826812250099771e-09
Subject03,Running,1005.0,2.5002,59.5278,-0.002160474102489803,11.0262,71.2,0.0125,0.0178,0.0129,0.0302,7.036934676895974e-10,1.0765260062331241e-10,-3.1979597183586627e-10,-5.086129653270734e-09
Subject03,Running,1020.0,2.9371,59.4921,-0.0015008711528942547,11.0262,71.2,0.013,0.0182,0.0133,0.0307,-6.007493727703687e-10,4.536068578078861e-09,2.971355592388465e-10,2.321319729404787e-10
Subject03,Running,1035.0,3.1297,57.2778,-0.003896743678497591,11.0262,71.2,0.0131,0.0179,0.0137,0.0294,-7.912605170773834e-10,-3.922260188082193e-09,2.2959658441063656e-09,-1.575223035153197e-10
Subject03,Running,1050.0,2.9114,56.4921,-0.005370423797755386,11.0262,71.2,0.0128,0.0172,0.0145,0.0306,6.311237846404824e-10,-7.383391515670385e-10,-2.3505125962216635e-09,4.053617938803745e-09
Subject03,Running,1065.0,3.0207,58.7778,-0.006792620535342015,11.0262,71.2,0.0141,0.0184,0.014,0.029,-1.6222508867027862e-10,1.7416338377452556e-09,-1.0314848039254473e-10,-3.917296798349054e-09
Subject03,Running,1080.0,3.9367,60.0,0.0016465680104124636,12.5893,71.2,0.0162,0.0196,0.0164,0.0306,1.7471971050893998e-10,8.120908633919707e-10,-8.150700771305e-11,-2.061516310933339e-10
Subject03,Running,1095.0,4.1294,63.6349,0.0019303343710198751,12.5893,71.2,0.0168,0.0195,0.0166,0.0304,-4.4127982157271077e-10,-9.70973648703452e-10,8.296446387692051e-10,1.6123690271427846e-10
Subject03,Running,1110.0,4.5081,65.3492,0.00719591612369785,12.5893,71.2,0.0181,0.0201,0.0168,0.0311,4.4578432985405067e-11,-1.2372432211794918e-09,2.4940934885691455e-09,1.481891100291302e-10
Subject03,Running,1125.0,4.685,69.8889,-0.003648263877696492,12.5893,71.2,0.0174,0.0211,0.0188,0.0311,2.786014839509373e-10,2.5276190020292445e-09,-3.3203804833806927e-09,-1.816106525883044e-10
Subject03,Running,1140.0,4.4235,70.4444,0.0011730829847404396,12.5893,71.2,0.0167,0.0201,0.016,0.0317,-5.701074705781987e-10,-2.6034786977961425e-09,4.627388740744951e-09,5.276649980691994e-10
Subject03,Running,1155.0,4.648,72.7778,0.00412152104500093,12.5893,71.2,0.0159,0.019,0.0159,0.0301,1.9979198384540938e-10,-3.1141158497913116e-10,-1.2745871333397412e-09,-5.883580148741399e-10
Subject03,Running,1170.0,4.4092,73.6349,-0.0027578292042960925,12.5893,71.2,0.0161,0.0199,0.0151,0.0331,1.0812345101175577e-10,1.4462474716190876e-11,-3.1140021691984216e-09,8.97146996489082e-09
Subject03,Running,1185.0,4.0136,75.6667,0.0032798910575160736,12.5893,71.2,0.0157,0.0193,0.016,0.0323,3.459281603868068e-09,2.192671227499202e-11,-3.2624139410937734e-10,-8.104523221153312e-09
Subject03,Running,1200.0,4.2032,76.7778,-0.0021430637798687683,12.5893,71.2,0.0152,0.0196,0.0151,0.0303,-1.4468614796167307e-09,-1.0465346545358053e-10,5.0948146557263725e-11,-1.0362378805919344e-09
Subject03,Running,1215.0,4.2062,77.3333,0.0026757795634633633,12.5893,71.2,0.0151,0.019,0.0151,0.0321,-2.096459607850724e-09,2.2664375196452375e-09,2.436586166912852e-10,4.39159727331943e-10
Subject03,Running,1230.0,4.1232,77.7778,-0.0016276661326190415,12.5893,71.2,0.0157,0.02,0.0152,0.0308,-1.4099904460115485e-10,2.711777883700919e-10,1.2764129824458014e-10,-7.661319352828501e-11
Subject03,Running,1245.0,4.2891,76.5778,-0.0016094599343924884,12.5893,71.2,0.0152,0.0191,0.0152,0.0304,-1.7001460776912868e-11,-3.144290996826684e-10,-2.7895450689616593e-10,-1.3780140653351108e-10
Subject03,Running,1260.0,4.1447,77.3778,0.002154485615564925,12.5893,71.2,0.0153,0.0189,0.0165,0.0319,7.796384669936701e-10,-8.305969644839598e-10,7.588348567167202e-11,2.221105447016053e-10
Subject03,Running,1275.0,4.1559,79.2222,0.0032369091311620283,12.5893,71.2,0.0142,0.0198,0.0148,0.0306,-2.1024632504043064e-10,-4.0898829054905585e-10,-6.355829177320502e-11,-1.7942039058894887e-10
Subject03,Running,1290.0,4.1948,78.6667,-0.0029481487848031064,12.5893,71.2,0.0148,0.0214,0.0143,0.0323,-1.44823262058756e-10,3.821239788780988e-09,-2.3053629140390366e-10,9.029365209068897e-11
Subject03,Running,1305.0,4.1873,78.1528,0.0019411693631694446,12.5893,71.2,0.0145,0.0214,0.0143,0.0313,-3.9710931240271997e-10,-3.5950877303059955e-09,6.106112388216611e-10,-1.768893843947018e-10
Subject03,Running,1320.0,4.1627,79.4444,0.0016275296008426239,12.5893,71.2,0.0144,0.0215,0.0145,0.0308,1.1501183341229621e-10,1.078115394990719e-09,1.85607868789428e-10,1.8180380939576043e-10
Subject03,Running,1335.0,4.183,80.4444,-0.0019371632750377285,12.5893,71.2,0.0144,0.0216,0.0143,0.0308,-2.865570610504327e-10,-1.5411249150247906e-09,1.96769760478682e-09,-7.98695657945635e-11
Subject03,Running,1350.0,4.1071,80.2323,-0.0023948873256551114,12.5893,71.2,0.0141,0.0209,0.0149,0.0318,9.83126476432561e-11,-3.3013514497470047e-10,1.752332240777339e-10,-4.871469932449742e-11
Subject03,Running,1365.0,4.0844,80.1778,-0.0016125288354369455,12.5893,71.2,0.0138,0.0202,0.0148,0.0299,9.542251978077802e-11,-4.52873579943309e-10,-1.6607583170010304e-11,-2.3411415231755727e-10
Subject03,Running,1380.0,3.9518,80.6778,0.0018038247770264869,12.5893,71.2,0.0141,0.0206,0.0142,0.0308,1.0448235451286803e-10,4.808259210904142e-10,-2.190435671328494e-09,5.298409173324219e-09
Subject03,Running,1395.0,4.0227,80.5778,0.00211476786203584,12.5893,71.2,0.014,0.02,0.0153,0.0293,3.4259677283375386e-11,-9.44088556211224e-11,-8.779869714194631e-11,3.884098457629662e-09
Subject03,Running,1410.0,3.8746,79.7778,-0.002314296680774987,12.5893,71.2,0.0146,0.0206,0.0145,0.0296,3.4303945608732986e-09,-9.971591005577367e-11,-6.149737327200324e-10,-6.547951718493773e-09
Subject03,Running,1425.0,3.7435,79.3778,0.001692015100041653,12.5893,71.2,0.0137,0.0216,0.0142,0.0308,-1.4357875307710087e-09,-7.604337570272694e-11,-1.939811957796729e-11,-7.319844965227259e-10
Subject03,Running,1440.0,2.0286,77.7778,-0.0016052022737480473,9.3661,71.2,0.0119,0.0221,0.0121,0.0331,-7.777149259105739e-10,-4.5883207181011724e-10,1.581350603281854e-10,-7.29248096704491e-10
Subject03,Running,1455.0,1.9035,74.1111,-0.001864385721590954,9.3661,71.2,0.0112,0.0206,0.0118,0.0312,1.5508979341245695e-10,3.3874926189802015e-10,-9.711030121283695e-11,1.7343476190598973e-09
Subject03,Running,1470.0,1.895,71.3492,0.0011985364623419083,9.3661,71.2,0.0112,0.0194,0.0112,0.0308,-1.0484034164379803e-09,1.197316321588305e-10,2.6354502117054864e-10,4.17204957941043e-09
Subject03,Running,1485.0,1.89,68.6667,-0.00155036901693428,9.3661,71.2,0.0113,0.0209,0.0116,0.0321,1.1479315805490303e-10,-3.825066907345414e-11,1.9929157899056278e-10,-8.754308912631739e-10
Subject03,Running,1500.0,1.9138,66.4444,0.0013447234999221613,9.3661,71.2,0.0108,0.0208,0.0118,0.031,-6.666142347689423e-10,2.5268132635623066e-10,1.8226353148993048e-09,-6.296253406116317e-09
Subject03,Running,1515.0,1.8388,66.0635,-0.0011917180804369017,9.3661,71.2,0.0113,0.0212,0.012,0.0308,-8.722025033550147e-11,1.5551831299193738e-09,-1.7323140496352272e-09,3.3970128883069716e-10
Subject03,Running,1530.0,1.9962,65.8889,0.0019411238287482969,9.3661,71.2,0.0112,0.0196,0.011,0.0299,1.2196189982656385e-09,-2.06674977686632e-09,-5.121111938620754e-10,2.172943381150621e-10
Subject03,Running,1545.0,1.8318,65.6349,-0.001983624061272705,9.3661,71.2,0.011,0.0208,0.0107,0.0311,-3.510828505408508e-10,2.8031571183989395e-10,2.3537284935433054e-10,5.9617067903100745e-09
Subject03,Running,1560.0,1.977,63.2778,0.0016210007637999062,9.3661,71.2,0.0114,0.0197,0.0109,0.0314,-8.300958335689195e-10,2.238377611364638e-09,4.4665456668970037e-10,-6.2191594471968095e-09
Subject03,Running,1575.0,1.8502,61.7778,-0.002079435208790227,9.3661,71.2,0.0117,0.0204,0.0111,0.032,6.691292887367444e-10,1.1850390930127808e-09,-4.24902033411348e-10,1.6879049312308728e-10
Subject03,Running,1590.0,1.8393,56.9206,-0.0012997581195443699,9.3661,71.2,0.0113,0.0193,0.0111,0.0307,-4.773174487459742e-10,-2.4734878526321574e-09,-1.540603181788284e-11,-1.7021097128275008e-10
Subject03,Running,1605.0,1.7816,56.3492,0.0011696416614721096,9.3661,71.2,0.0118,0.0202,0.0121,0.0302,1.6708042136108934e-09,-7.909974486736314e-10,-1.5377606278057162e-10,6.308349458218748e-10
Subject03,Running,1620.0,1.7632,58.6349,0.0016027367592392565,9.3661,71.2,0.0117,0.0212,0.0113,0.0318,-1.462347322094039e-09,-1.2497153900568203e-10,2.7910406938291285e-10,4.468419923345976e-09
Subject03,Running,1635.0,1.9744,59.4444,-0.0017902592617281014,9.3661,71.2,0.014,0.0236,0.0134,0.0379,2.0030315512436912e-09,-2.6689298412992894e-10,-3.307864333145779e-10,-2.325674987907497e-09
Subject03,Running,1650.0,1.8747,56.4444,-0.0025910329841146336,9.3661,71.2,0.0117,0.0197,0.0121,0.0299,-1.6132375352370034e-09,2.1142816026566127e-10,9.863743150731225e-11,-1.4906910707483244e-10
Subject03,Running,1665.0,2.0075,55.9028,-0.0019573785628920165,9.3661,71.2,0.012,0.0198,0.0118,0.0322,-8.518170259920242e-10,1.3813290407454577e-09,1.0298674968572055e-09,-2.551273575598737e-09
Subject03,Running,1680.0,1.8522,56.1111,0.0018466678649653164,9.3661,71.2,0.0117,0.0199,0.0118,0.0338,1.5852742405658014e-09,-1.511016611192931e-09,-1.1317930600998e-09,1.7391703077615608e-09
Subject03,Running,1695.0,1.9139,57.3492,0.0017009096117122438,9.3661,71.2,0.0111,0.02,0.0113,0.0308,-7.205924291754533e-10,1.4812834418197525e-10,2.809465060748557e-10,3.1249153838962363e-09
Subject03,Running,1710.0,1.967,59.0278,0.00299120685692623,9.3661,71.2,0.012,0.0188,0.0109,0.0305,-9.730148000660874e-11,-1.2683193912187977e-10,1.3881337321108087e-10,-3.7050165352808457e-09
Subject03,Running,1725.0,1.8872,59.2222,-0.0033323335501047303,9.3661,71.2,0.0115,0.0191,0.0106,0.0305,-8.057484935800649e-10,1.6021452242271472e-09,1.2752812641438785e-09,-1.273623650146577e-09
Subject03,Running,1740.0,1.8419,59.2063,-0.003017931017783331,9.3661,71.2,0.0113,0.0192,0.0113,0.0336,6.187635465791978e-10,7.971076720436394e-10,-1.1316883376617011e-09,3.724820421903897e-10
Subject03,Running,1755.0,1.8602,55.0278,0.003592365021562433,9.3661,71.2,0.0115,0.0176,0.0116,0.0302,2.2900978005526122e-10,-2.4642998868182874e-09,-5.682941317668056e-10,-3.305109587379534e-10
Subject03,Running,1770.0,1.8642,55.0635,0.0024541577751635703,9.3661,71.2,0.0109,0.0175,0.0108,0.0297,1.942673873523133e-09,1.614969397307992e-10,-1.5947358128737905e-10,2.989795615395414e-09
Subject03,Running,1785.0,1.9146,56.4028,-0.002452580223120669,9.3661,71.2,0.0118,0.0188,0.0121,0.0325,-9.17297821101396e-10,1.0124301485727817e-10,2.979941518660423e-10,-8.505141875339211e-10
Subject03,Stairs,120.0,0.1115,-2.4641,0.0035710843991733354,4.4575,71.2,0.0098,0.0173,0.0106,0.0392,4.148751577512851e-10,5.960444914594936e-09,1.5515315732448663e-10,1.4476523834508818e-10
Subject03,Stairs,135.0,0.0949,2.6192,-0.006019751883965949,4.4575,71.2,0.0159,0.0342,0.0145,0.0655,5.232112461842618e-11,-5.454259286405493e-09,4.4144824504924366e-10,3.7598218320849687e-10
Subject03,Stairs,150.0,0.0716,-2.4641,0.003710136239295264,4.4575,71.2,0.015,0.0347,0.0133,0.0611,-7.892796441641791e-11,6.274867079284373e-10,-4.654900868127923e-10,7.46667613656085e-09
Subject03,Stairs,165.0,0.0772,-1.4641,-0.0049430326511360955,4.4575,71.2,0.0121,0.0301,0.0115,0.0521,-3.368166517310379e-10,3.816277513017558e-10,1.890096670640222e-10,-8.273298037322179e-09
Subject03,Stairs,180.0,0.0854,-1.6308,-0.003354906257214527,4.4575,71.2,0.0122,0.0303,0.0115,0.057,1.035002031406532e-09,-1.0802804758326126e-09,-2.368392459404088e-10,5.103362319923498e-10
Subject03,Stairs,195.0,0.0728,-3.2308,-0.0019180310550488868,4.4575,71.2,0.0134,0.0328,0.0117,0.0559,-1.045456990519164e-09,3.1980177091410247e-09,1.2104081932437576e-11,-4.819971494724821e-10
Subject03,Stairs,210.0,0.0866,-1.6308,0.0021706933144183573,4.4575,71.2,0.0133,0.035,0.0117,0.0544,1.648672438236953e-09,-2.815556435813335e-09,8.53440382649472e-10,6.8159653096249935e-09
Subject03,Stairs,225.0,0.0871,1.5359,-0.0021547648931104836,4.4575,71.2,0.0136,0.0362,0.014,0.0542,-1.4477781689353926e-09,1.853030002425771e-09,3.5096916077347546e-10,-6.992691318590686e-09
Subject03,Stairs,240.0,0.0815,3.9692,0.002261842920980224,4.4575,71.2,0.0126,0.0324,0.0141,0.0447,3.2720024735327675e-10,-1.7120131952851966e-09,-7.89712098863258e-10,5.341054409829461e-09
Subject03,Stairs,255.0,0.0717,6.5692,-0.0023412364383218025,4.4575,71.2,0.0119,0.0308,0.0101,0.0478,-2.0765623280888757e-10,3.730217973168221e-09,1.4868872615935866e-09,-5.390154139666377e-09
Subject03,Stairs,270.0,0.0721,-0.4641,-0.004258683162963663,4.4575,71.2,0.0127,0.0354,0.0132,0.0522,3.9902198428036265e-09,-4.000808857605608e-09,-1.272155439863895e-09,1.4443732389549791e-09
Subject03,Stairs,285.0,0.0701,-0.4641,0.005189929024938351,4.4575,71.2,0.0111,0.033,0.01,0.0521,-3.6011128005957452e-09,2.8476169908890784e-10,-5.870568788107649e-10,7.416794652065013e-09
Subject03,Stairs,300.0,0.0712,2.9692,0.00563785169181489,4.4575,71.2,0.0115,0.032,0.0108,0.0483,-7.617838471032052e-10,1.02644858215766e-09,1.6822286318315558e-12,-8.75715470451794e-09
Subject03,Stairs,315.0,0.0967,3.9692,0.002651958863089736,4.4575,71.2,0.0122,0.0355,0.014,0.0446,6.399279445716195e-10,-1.6832555855955813e-09,5.861112771109487e-12,2.2204971279627614e-09
Subject03,Stairs,330.0,0.0816,-0.6308,-0.005064569904655746,4.4575,71.2,0.01,0.0294,0.0089,0.0433,-5.828641250920318e-10,3.547463676447415e-09,3.8937691932537914e-12,-2.5709830540507447e-09
Subject03,Stairs,345.0,0.0694,-8.9641,0.002824481891484485,4.4575,71.2,0.0136,0.0322,0.0102,0.0443,5.382984921133922e-10,-3.3625159165163505e-09,4.1660836082226134e-11,3.6845562634890733e-09
Subject03,Stairs,360.0,0.0759,-2.0308,0.006612602838127618,4.4575,71.2,0.0097,0.0367,0.0082,0.0467,6.759616256816436e-10,3.5435267671679337e-09,3.6689988845283985e-10,-3.2295599377132943e-09
Subject03,Stairs,375.0,0.0766,5.2026,-0.002319809861263768,4.4575,71.2,0.0107,0.0284,0.0105,0.0372,-3.0860697711844925e-10,-3.935559578701711e-09,2.1086579108057372e-09,5.9652662298616565e-09
Subject03,Stairs,390.0,0.0775,8.9407,-0.0019128843390799316,4.4575,71.2,0.0128,0.0239,0.0087,0.0399,-3.0779941853847527e-10,4.512634155427949e-09,-1.7520040599258987e-09,-6.34552071824047e-09
Subject03,Stairs,405.0,0.0699,11.2026,0.0022143541277990964,4.4575,71.2,0.0104,0.0332,0.0093,0.0372,-6.750274806709119e-10,3.4541308797088255e-09,-4.2752130466300063e-10,8.70239460646586e-10
Subject03,Stairs,420.0,0.072,14.7978,-0.003125907446445559,4.4575,71.2,0.0097,0.0298,0.0095,0.047,3.2339646024164917e-10,-7.457341589882284e-09,-4.3775585512711294e-10,2.6937027179331804e-10
Subject03,Stairs,435.0,0.0756,18.5359,0.003715606493382372,4.4575,71.2,0.0126,0.0308,0.0088,0.0417,-3.1489450016096896e-10,1.6725564646761136e-09,-1.1505536246348574e-11,-1.1799542730495743e-09
Subject03,Stairs,450.0,0.0763,17.2264,-0.0036775887865021306,4.4575,71.2,0.012,0.0268,0.0083,0.0294,2.348852963868452e-10,-1.9749060927635384e-09,1.5995596958605395e-10,2.429427186301027e-09
Subject03,Stairs,465.0,0.0815,15.0835,-0.0022544526127659965,4.4575,71.2,0.0115,0.0218,0.0092,0.0427,8.00123258099059e-11,4.166895679417376e-09,1.632003131404223e-09,-1.9775180690740274e-09
Subject03,Stairs,480.0,0.1047,14.7026,-0.0026446088372001843,5.4713,71.2,0.014,0.0373,0.0129,0.0377,2.354741195130813e-10,-3.755752926821824e-09,-1.1230947473163802e-09,9.920889356643389e-10
Subject03,Stairs,495.0,0.1024,14.6549,0.0023799793938254965,5.4713,71.2,0.0149,0.031,0.0109,0.0473,-4.947341549523659e-10,-3.6993430407549593e-10,-6.892713744055779e-10,5.490639594595829e-09
Subject03,Stairs,510.0,0.0926,17.8692,0.0014420462075505757,5.4713,71.2,0.0106,0.0368,0.0103,0.032,2.4340510779037665e-10,4.57861559521453e-09,2.3871310448613056e-10,-7.200493241705945e-09
Subject03,Stairs,525.0,0.0963,18.0835,-0.0016502460301922202,5.4713,71.2,0.0098,0.031,0.0079,0.0296,5.784129008467377e-10,-4.628184435361813e-09,4.1695511932261245e-11,3.5481854610920992e-09
Subject03,Stairs,540.0,0.0992,16.8692,0.002394403719200246,5.4713,71.2,0.0101,0.0287,0.0084,0.0372,-7.852211160371771e-10,7.003489188621607e-11,1.6797616109655852e-09,-1.896470939038492e-09
Subject03,Stairs,555.0,0.1014,18.0359,-0.00204989317495096,5.4713,71.2,0.0142,0.0339,0.0092,0.0393,-1.4652535289299577e-10,5.607389060197593e-10,-1.962548169995206e-09,-1.266997185956017e-09
Subject03,Stairs,570.0,0.0997,17.5359,-0.002188552832562733,5.4713,71.2,0.0107,0.0339,0.0087,0.0376,5.298047618030102e-10,-2.7922511513681333e-10,1.5764769409211364e-10,3.8320203219444745e-09
Subject03,Stairs,585.0,0.1077,15.0359,0.0018358700622031195,5.4713,71.2,0.0129,0.0268,0.0088,0.04,6.612131327610194e-10,1.7378712612735994e-09,1.6574431367547107e-09,-3.6394611814779472e-09
Subject03,Stairs,600.0,0.1042,18.5121,0.0024132258197678736,5.4713,71.2,0.0116,0.0251,0.0086,0.0339,3.675884604903143e-09,-1.7553959209524037e-09,-1.447842637400434e-09,4.616644138118807e-09
Subject03,Stairs,615.0,0.1006,19.5121,-0.002325807313262747,5.4713,71.2,0.0115,0.025,0.0081,0.0377,-4.120273221756128e-09,-4.162357686024507e-10,-3.429814612520061e-10,-4.121712916441842e-09
Subject03,Stairs,630.0,0.1077,18.3692,0.0018316788445876342,5.4713,71.2,0.0089,0.0278,0.0087,0.0283,-7.34592370649754e-10,-4.5785644603624263e-11,2.1886363358402905e-09,-1.7341404981991585e-10
Subject03,Stairs,645.0,0.1014,19.7026,-0.0018114329776084395,5.4713,71.2,0.0122,0.0318,0.0095,0.036,1.4371543970050223e-09,6.919047102932145e-10,-1.8782647599636497e-09,2.9590568694863964e-09
Subject03,Stairs,660.0,0.1064,16.5359,0.0029936935226153962,5.4713,71.2,0.012,0.0233,0.0142,0.0455,-1.2090925309239658e-09,3.052316938841766e-09,3.009531384953951e-09,-3.1584480107197266e-09
Subject03,Stairs,675.0,0.0981,18.3692,0.00220331213739287,5.4713,71.2,0.0117,0.0339,0.0094,0.0409,-2.1362563076386672e-10,-2.707496036241736e-09,-3.1919032036836647e-09,-2.149790083854222e-10
Subject03,Stairs,690.0,0.1101,19.0835,-0.002433309978899702,5.4713,71.2,0.0111,0.0284,0.0101,0.0368,3.945839543831534e-10,-9.90091038267604e-10,5.402725132254677e-11,1.9768395641934673e-10
Subject03,Stairs,705.0,0.1083,16.8692,0.001750135707822609,5.4713,71.2,0.0109,0.0294,0.0113,0.0354,-2.615710467574827e-10,9.825331712175743e-10,-4.0854340294574976e-11,-4.161428416534602e-10
Subject03,Stairs,720.0,0.105,18.2264,-0.00255565948076028,5.4713,71.2,0.0111,0.0329,0.0116,0.0447,1.296773070092871e-09,-6.656986391716724e-10,7.591272985530192e-12,3.4623871012752503e-09
Subject03,Stairs,735.0,0.1098,19.3692,0.002076991591424949,5.4713,71.2,0.0112,0.0297,0.011,0.031,-1.1313240794081915e-09,3.5442869879371803e-09,6.932549056814534e-10,-3.198456055495861e-09
Subject03,Stairs,750.0,0.1041,24.2026,0.002091201148528858,5.4713,71.2,0.012,0.0284,0.0097,0.0379,-3.2256587674076854e-10,4.175806055432007e-09,-7.532936075151417e-11,2.2909352427620833e-09
Subject03,Stairs,765.0,0.0967,28.6549,0.0018821056153401777,5.4713,71.2,0.0118,0.0267,0.0081,0.0408,2.2086509218828639e-10,-8.055774507021318e-09,-6.295171207196017e-10,2.1727917629364977e-09
Subject03,Stairs,780.0,0.1022,29.2264,-0.002207347736025443,5.4713,71.2,0.0091,0.0278,0.0103,0.0404,-3.8212684483955454e-11,1.0075078224833891e-09,-7.087144924343205e-11,-4.219353376727216e-09
Subject03,Stairs,795.0,0.1115,27.2442,-0.002599916909669289,5.4713,71.2,0.0117,0.0349,0.0117,0.0472,1.1544587147491172e-11,-6.27566506987955e-10,5.929443494480457e-10,4.7457654160237834e-09
Subject03,Stairs,810.0,0.1004,27.9407,0.00223655040267155,5.4713,71.2,0.0117,0.0383,0.0123,0.0571,-3.456403300643402e-11,3.1162633008508007e-09,-1.2062574333900072e-12,-5.133315302714434e-09
Subject03,Stairs,825.0,0.1057,30.2026,-0.0023716594589366083,5.4713,71.2,0.0111,0.0322,0.0096,0.0369,7.215555174112771e-10,-3.2658477422608427e-09,-5.032256406779741e-10,9.748712737319906e-10
Subject03,Stairs,840.0,0.1164,30.7442,0.0019028331573190567,5.5952,71.2,0.0135,0.0292,0.012,0.0418,-6.737671188403876e-10,-3.16156750432672e-10,-1.8671348886210264e-10,-8.632354161354367e-11
Subject03,Stairs,855.0,0.1101,33.9407,0.002855288151799205,5.5952,71.2,0.0131,0.0327,0.0126,0.0412,-6.3409305707272454e-12,6.235557182175172e-10,2.3398650205475573e-10,-1.3803383497009369e-09
Subject03,Stairs,870.0,0.1113,33.0835,0.0019114450454830669,5.5952,71.2,0.0107,0.0233,0.0104,0.041,-9.174284192309687e-11,-3.7763906348006614e-10,-1.2270121492864707e-10,2.288286846483113e-09
Subject03,Stairs,885.0,0.1062,33.2264,0.002229103901917556,5.5952,71.2,0.0104,0.0346,0.0116,0.0454,4.016655122073704e-11,6.103973354178708e-10,7.615233598378303e-11,-1.6162521002130455e-09
Subject03,Stairs,900.0,0.1043,32.7442,-0.0024977535310028243,5.5952,71.2,0.0134,0.0298,0.0104,0.0431,1.8312501071563938e-10,-8.701088057902185e-10,1.2332536903483768e-10,-1.83096464340696e-10
Subject03,Stairs,915.0,0.1125,33.2264,-0.002139554592977056,5.5952,71.2,0.0116,0.0381,0.0115,0.0435,3.87043272051482e-10,5.265209544934042e-09,1.7154496921860388e-10,2.0439860149661967e-09
Subject03,Stairs,930.0,0.1055,31.8692,-0.0024877415775042566,5.5952,71.2,0.0123,0.0284,0.01,0.0419,-4.074436516667618e-10,-5.092640106485462e-09,-2.9865559080444176e-10,5.632778091770068e-09
Subject03,Stairs,945.0,0.1058,33.5121,0.0019423836374912696,5.5952,71.2,0.0105,0.0234,0.0099,0.0333,3.077709500094569e-09,-2.9865618231817167e-10,4.297517728454328e-10,-2.5957739166587484e-09
Subject03,Stairs,960.0,0.0992,33.9407,0.0019538327712584768,5.5952,71.2,0.0131,0.0226,0.0096,0.0366,-2.7119544223149305e-09,6.32500333468493e-09,1.777141475244994e-10,-5.083582089183908e-09
Subject03,Stairs,975.0,0.1092,34.8692,-0.0021480089350638,5.5952,71.2,0.0133,0.0291,0.0109,0.0348,3.890928993144599e-11,-6.086683135349306e-09,8.169840923112513e-12,3.498485595229767e-09
Subject03,Stairs,990.0,0.105,32.8692,0.0025208363821647138,5.5952,71.2,0.0118,0.0283,0.0099,0.0413,-2.65973967037992e-10,6.405819804548337e-09,1.0428684728922469e-09,-3.4071375351572997e-09
Subject03,Stairs,1005.0,0.1135,33.7978,0.0022818389892741604,5.5952,71.2,0.0129,0.0359,0.0122,0.0472,-3.0123132601054847e-10,-2.6398176879797713e-09,-1.0551814078912833e-09,4.213552301188911e-09
Subject03,Stairs,1020.0,0.1083,35.2264,-0.0038662043921955133,5.5952,71.2,0.0112,0.0293,0.0108,0.0415,1.519927101107865e-09,-1.44625269645119e-09,-4.580405346703903e-10,-4.340131528293623e-09
Subject03,Stairs,1035.0,0.1048,32.2264,0.002336496909753344,5.5952,71.2,0.0141,0.0341,0.0129,0.0315,-7.859051908760771e-10,-2.257754575086293e-09,-7.62448829170976e-11,2.0869450267992032e-09
Subject03,Stairs,1050.0,0.1065,30.6192,0.0018073321835881228,5.5952,71.2,0.0101,0.0301,0.0102,0.0406,-4.844319322889392e-10,2.5411661206546017e-09,5.244109885812336e-10,-2.1121752125269144e-09
Subject03,Stairs,1065.0,0.1075,32.0835,0.002371205007561987,5.5952,71.2,0.0114,0.0288,0.0106,0.0437,2.4843888023462854e-10,-2.627889819730353e-09,-5.067054268756907e-10,3.7832918180284166e-09
Subject03,Stairs,1080.0,0.1102,33.9942,-0.002223304811503816,5.5952,71.2,0.0104,0.0275,0.0104,0.04,-4.45417044531697e-10,1.264657996668691e-10,-1.1074029031760438e-10,-3.811205961199007e-09
Subject03,Stairs,1095.0,0.119,35.7978,0.0019829477802432056,5.5952,71.2,0.0133,0.0201,0.0113,0.0383,1.047238131833828e-09,1.4956998376248067e-10,1.5907547011146814e-11,4.070099242653231e-09
Subject03,Stairs,1110.0,0.1181,36.3692,-0.0026446836420614913,5.5952,71.2,0.0103,0.0233,0.0098,0.035,2.323184158831258e-09,1.5605932276328442e-09,5.206948523288009e-10,-2.3136269848393228e-09
Subject03,Stairs,1125.0,0.1138,37.0359,-0.002356106908440578,5.5952,71.2,0.0124,0.0227,0.01,0.0389,-3.2432655800622316e-09,-1.8403256640124165e-09,-5.625627288861254e-10,7.399562787394222e-09
Subject03,Stairs,1140.0,0.1047,35.5121,0.0028487027517289532,5.5952,71.2,0.0104,0.0233,0.0088,0.0319,-1.5994446278073935e-10,4.345103175419855e-09,7.706247942684716e-10,-9.250582455895236e-09
Subject03,Stairs,1155.0,0.1151,37.8692,0.0020096419800979784,5.5952,71.2,0.013,0.0295,0.0098,0.0385,2.2985046969906643e-10,-8.88176430072149e-10,1.2865901588194258e-09,9.277142867152112e-10
Subject03,Stairs,1170.0,0.0952,39.7978,-0.002089650718411752,5.5952,71.2,0.0102,0.0326,0.0093,0.0383,5.969148985440204e-11,-3.318288085320081e-09,-1.6956466127627554e-09,5.423192062983243e-09
Subject03,Stairs,1185.0,0.1067,39.3692,-0.003114262425312473,5.5952,71.2,0.0097,0.0265,0.0089,0.0321,-1.8191027289177525e-10,1.837968035579309e-10,1.33181452749084e-10,-6.329629485156794e-09
Subject03,Walking,360.0,0.3061,-9.0203,-0.008769896246049869,1.9761,71.2,0.0044,0.0218,0.0,0.0137,-1.670499548664258e-09,-2.3357250790590533e-09,0.0,5.638030496556897e-10
Subject03,Walking,375.0,0.3186,-10.387,0.002626852439813603,1.9761,71.2,0.0042,0.02,0.0,0.0142,5.4986770722727675e-11,-4.393371969979888e-10,0.0,-8.660683785568286e-10
Subject03,Walking,390.0,0.3236,-9.7203,-0.003985996650175525,1.9761,71.2,0.0043,0.0202,0.0,0.0123,-2.1817883957164577e-11,1.430957765840198e-09,0.0,6.458748559529738e-11
Subject03,Walking,405.0,0.3502,-12.2203,0.002744044083612527,1.9761,71.2,0.0042,0.0184,0.0,0.0106,2.61075548269609e-11,3.9237468086894974e-10,0.0,1.1382838883347819e-10
Subject03,Walking,420.0,0.3491,-12.2203,-0.004506719502196763,1.9761,71.2,0.0041,0.0166,0.0,0.0102,-4.0358901068937776e-13,-5.740425852779671e-10,0.0,-9.346953505366198e-11
Subject03,Walking,435.0,0.3396,-13.6203,0.0038527064785734543,1.9761,71.2,0.004,0.0138,0.0,0.0102,-3.0140360327652897e-11,-1.0212817984764714e-09,0.0,4.58561429313611e-11
Subject03,Walking,450.0,0.352,-9.2203,-0.0019871244447502855,1.9761,71.2,0.0043,0.0139,0.0,0.0105,1.8601864728604115e-11,6.609888754976043e-10,0.0,1.1430180443669725e-09
Subject03,Walking,465.0,0.3527,-10.387,-0.0022378114597876174,1.9761,71.2,0.0041,0.0136,0.0,0.0118,3.158077858007404e-10,-6.615364944466994e-10,0.0,9.814355510950225e-11
Subject03,Walking,480.0,0.341,-14.0537,-0.0036649171505180314,1.9761,71.2,0.0039,0.0144,0.0,0.0123,-3.153491757010903e-10,-1.4852295283129516e-10,0.0,-1.276278096551971e-09
Subject03,Walking,495.0,0.3548,-14.4203,0.0028586319508016596,1.9761,71.2,0.0039,0.0123,0.0,0.0114,2.0991072721246647e-11,4.1464371910451444e-10,0.0,1.0811045043124449e-10
Subject03,Walking,510.0,0.3528,-13.2203,-0.004172065942238247,1.9761,71.2,0.0041,0.0111,0.0,0.0114,9.821374892431935e-10,-4.583921354688996e-10,0.0,4.082424645668233e-10
Subject03,Walking,525.0,0.3629,-13.5537,0.0032325072529957605,1.9761,71.2,0.0044,0.0144,0.0,0.0119,-9.694172418433191e-10,-8.238575686965258e-11,0.0,1.824377121608515e-11
Subject03,Walking,540.0,0.3531,-12.387,-0.002360181652970791,1.9761,71.2,0.004,0.0125,0.0,0.0106,-3.8919519987218315e-11,2.106905879518786e-09,0.0,-5.817886697883357e-10
Subject03,Walking,555.0,0.3585,-13.387,0.0022456450805596728,1.9761,71.2,0.0042,0.0141,0.0,0.0099,-1.5853491837433818e-11,-9.31739083037558e-10,0.0,1.996403511927131e-11
Subject03,Walking,570.0,0.3618,-11.4203,0.0042969906418534225,1.9761,71.2,0.0039,0.012,0.0,0.0085,2.154095234786799e-11,-1.0015435173882949e-09,0.0,2.0156134757790811e-10
Subject03,Walking,585.0,0.36,-10.0537,-0.0034194779678188344,1.9761,71.2,0.0041,0.0137,0.0,0.0088,6.740627572817544e-10,1.5882883689866903e-10,0.0,2.2962614839313357e-10
Subject03,Walking,600.0,0.3764,-13.5537,0.0028956250958615186,1.9761,71.2,0.004,0.0127,0.0,0.0089,-6.56358748021194e-10,-1.6542117202264388e-10,0.0,-4.115316710370002e-10
Subject03,Walking,615.0,0.3654,-15.2203,-0.0029588745949403568,1.9761,71.2,0.0041,0.0138,0.0,0.0086,-3.0177268041955085e-11,7.996706828160021e-10,0.0,1.06850878725479e-10
Subject03,Walking,630.0,0.3679,-15.387,0.0020904126722671827,1.9761,71.2,0.0042,0.0135,0.0,0.009,4.0145672243084853e-11,-9.014582238851422e-10,0.0,8.264977427647635e-10
Subject03,Walking,645.0,0.3783,-15.2203,-0.003949549533734761,1.9761,71.2,0.0045,0.0112,0.0,0.0093,-3.996033031046273e-11,3.8538167297236746e-10,0.0,-9.755099589561244e-10
Subject03,Walking,660.0,0.3761,-13.887,0.0027178693165775913,1.9761,71.2,0.0045,0.013,0.0,0.0086,1.729758723444755e-09,-3.4338083300191625e-11,0.0,1.418321200691526e-10
Subject03,Walking,675.0,0.394,-13.7203,0.0013349676460925716,1.9761,71.2,0.0045,0.0133,0.0,0.0091,-1.7003369624664965e-09,-1.8024597135886864e-10,0.0,7.538202608392162e-11
Subject03,Walking,690.0,0.3753,-14.8203,-0.005393427605661487,1.9761,71.2,0.0044,0.0121,0.0,0.0099,-4.1875993270637995e-11,1.0325205579316333e-09,0.0,-2.1814874670096206e-10
Subject03,Walking,705.0,0.3896,-10.4203,0.0036254942823553717,1.9761,71.2,0.0041,0.0128,0.0,0.0081,5.259342648325015e-12,-1.1210326490829423e-09,0.0,8.327344723778821e-11
Subject03,Walking,720.0,0.677,-13.9346,-0.005134887662973743,3.4229,71.2,0.0068,0.0235,0.0,0.0166,3.816099841469379e-11,3.7887544561390327e-10,0.0,3.2429054864868285e-10
Subject03,Walking,735.0,0.7544,-10.0537,0.0031570134314049996,3.4229,71.2,0.0072,0.0207,0.0,0.0153,-3.598505584639823e-11,2.9745570862989737e-09,0.0,-2.2381095685843564e-10
Subject03,Walking,750.0,0.7822,-7.2203,-0.002730067614503356,3.4229,71.2,0.0078,0.0205,0.0,0.0148,-1.1774732969078978e-12,-1.505192687725837e-09,0.0,-1.2115562968377784e-10
Subject03,Walking,765.0,0.7763,-10.387,-0.0026278022289585486,3.4229,71.2,0.0074,0.0219,0.0,0.0161,6.969916599750895e-12,2.7965787862046577e-10,0.0,1.0928917670407285e-10
Subject03,Walking,780.0,0.7604,-11.0537,-0.004672833749125246,3.4229,71.2,0.0072,0.0203,0.0,0.0149,4.975388295139171e-11,-2.084771364714055e-09,0.0,1.8990434025698698e-09
Subject03,Walking,795.0,0.7691,-11.7203,0.0025610113050329657,3.4229,71.2,0.0072,0.0201,0.0,0.0147,2.642113541360489e-09,2.182843900612663e-10,0.0,-2.427251615263839e-10
Subject03,Walking,810.0,0.7731,-11.887,-0.0052914948753447185,3.4229,71.2,0.0066,0.0216,0.0,0.0161,-2.690965542425475e-09,7.15565021789238e-10,0.0,-1.247851956582105e-09
Subject03,Walking,825.0,0.7659,-11.0537,0.003723702398714289,3.4229,71.2,0.0074,0.0188,0.0,0.015,-2.234544716590917e-12,1.301992000857191e-09,0.0,-4.3278999011676504e-10
Subject03,Walking,840.0,0.7581,-11.2203,-0.0025469707760888993,3.4229,71.2,0.0062,0.0202,0.0,0.0149,2.5528342468986355e-09,-1.8300984839897355e-09,0.0,1.8506164778706764e-09
Subject03,Walking,855.0,0.7639,-13.7203,0.0036473212858303653,3.4229,71.2,0.0061,0.0221,0.0,0.016,-2.5550745793237026e-09,-2.407211053613754e-10,0.0,-1.7492843320012055e-09
Subject03,Walking,870.0,0.7702,-9.887,-0.002357184609084035,3.4229,71.2,0.0069,0.0169,0.0,0.0142,-1.4387809891912096e-12,2.1020906888933003e-09,0.0,-9.852455639187797e-11
Subject03,Walking,885.0,0.784,-9.0775,0.002382196942688346,3.4229,71.2,0.0069,0.0196,0.0,0.0147,-5.014645271738645e-12,-1.4665627392111331e-09,0.0,-5.5436256865413296e-11
Subject03,Walking,900.0,0.7816,-5.0537,0.003655763702869985,3.4229,71.2,0.0068,0.0191,0.0,0.0152,5.948763696564396e-11,4.919803925445029e-10,0.0,5.148436595087646e-11
Subject03,Walking,915.0,0.781,-8.7203,-0.0025642814833490434,3.4229,71.2,0.007,0.018,0.0,0.0145,6.005400046697414e-11,-1.2319593145339744e-09,0.0,-1.7214844028258865e-10
Subject03,Walking,930.0,0.7725,-11.387,-0.0037040918902257387,3.4229,71.2,0.0062,0.0176,0.0,0.0131,1.0108335275959056e-09,2.2997848500399044e-10,0.0,1.557921632563823e-09
Subject03,Walking,945.0,0.7828,-11.5537,0.0023008245237136756,3.4229,71.2,0.0067,0.0173,0.0,0.0134,-1.1234410611038495e-09,3.3369278641923693e-09,0.0,-1.2743246114045139e-09
Subject03,Walking,960.0,0.7684,-8.5061,0.001709551855258656,3.4229,71.2,0.0067,0.0172,0.0,0.0134,3.663230518518418e-10,-3.333553077051737e-09,0.0,1.7971849511316322e-09
Subject03,Walking,975.0,0.7895,-7.9346,-0.002378427491710907,3.4229,71.2,0.0061,0.017,0.0,0.0127,-3.9316396799435065e-10,8.424096688727809e-10,0.0,-1.6966320669730294e-09
Subject03,Walking,990.0,0.7769,-6.887,0.0022440787790688537,3.4229,71.2,0.0071,0.0182,0.0,0.0139,1.6767206225521537e-10,2.6656930052300136e-10,0.0,2.0902358583079088e-10
Subject03,Walking,1005.0,0.7778,-7.5537,0.003131773056939721,3.4229,71.2,0.0065,0.0169,0.0,0.0131,-1.643202843835907e-10,-1.341737614264428e-09,0.0,1.940862266618394e-10
Subject03,Walking,1020.0,0.7818,-8.5061,-0.002991163601597733,3.4229,71.2,0.0067,0.0166,0.0,0.0133,1.4128726840374922e-11,1.7035935437191576e-09,0.0,-6.115230102957422e-10
Subject03,Walking,1035.0,0.7789,-8.0537,0.0038421569190291464,3.4229,71.2,0.0068,0.0166,0.0,0.0125,2.017982800393287e-09,-1.5336177718987512e-09,0.0,2.1537038134685643e-09
Subject03,Walking,1050.0,0.7742,-7.887,-0.0014505746255494725,3.4229,71.2,0.0061,0.0175,0.0,0.0136,-2.0370253861148e-09,-2.6833299727314814e-12,0.0,-2.151233256842852e-09
Subject03,Walking,1065.0,0.7615,-9.4203,-0.002842427540091041,3.4229,71.2,0.0066,0.017,0.0,0.0136,1.1397215896196958e-09,-6.002972365007438e-11,0.0,2.1624293462841613e-09
Subject03,Walking,1080.0,0.5079,-12.7203,0.0055004208008764864,2.6824,71.2,0.0047,0.0187,0.0,0.012,-1.0284071217240346e-09,3.9850872494978684e-10,0.0,-2.033778509935079e-09
Subject03,Walking,1095.0,0.5218,-6.387,-0.0031023243564413817,2.6824,71.2,0.0047,0.0166,0.0,0.0109,-7.671419757141298e-11,2.1857310181913754e-09,0.0,-1.528021292637313e-10
Subject03,Walking,1110.0,0.5566,-8.2203,-0.0032035816759101114,2.6824,71.2,0.0046,0.0155,0.0,0.0109,-1.9573220437059292e-11,-2.381766491204376e-09,0.0,6.575494397370637e-10
Subject03,Walking,1125.0,0.5461,-8.4203,0.004482008363673551,2.6824,71.2,0.0046,0.0141,0.0,0.0105,-3.5307564638012415e-11,-3.4317617005817623e-10,0.0,-5.491349420712948e-10
Subject03,Walking,1140.0,0.5654,-10.8203,-0.0028666054262286916,2.6824,71.2,0.0045,0.0135,0.0,0.01,3.5741887556406443e-10,-4.030572878242715e-11,0.0,3.249424798214961e-10
Subject03,Walking,1155.0,0.5504,-14.887,-0.004535082439801948,2.6824,71.2,0.0047,0.0133,0.0,0.0096,-3.755733387064604e-10,8.011692066288261e-11,0.0,-3.61873550811727e-11
Subject03,Walking,1170.0,0.5673,-16.2203,-0.0031669877075343944,2.6824,71.2,0.0044,0.0156,0.0,0.0099,6.231657994450376e-11,-3.7649614332931644e-11,0.0,-2.546516409368564e-10
Subject03,Walking,1185.0,0.5412,-13.7918,0.0029251325292800586,2.6824,71.2,0.0045,0.0139,0.0,0.0096,1.2426096356160141e-11,3.186465730261656e-09,0.0,-1.4425580315391803e-10
Subject03,Walking,1200.0,0.563,-9.4203,-0.005755140662555258,2.6824,71.2,0.0047,0.017,0.0,0.0108,-7.234254068240912e-12,-3.015307617459507e-09,0.0,-8.983976744239434e-12
Subject03,Walking,1215.0,0.5641,-12.2203,-0.005456690478073413,2.6824,71.2,0.0049,0.0135,0.0,0.0105,1.6889687979219635e-10,-2.2294150575803492e-10,0.0,2.1240947688670432e-10
Subject03,Walking,1230.0,0.5666,-11.0537,0.0039610215507560175,2.6824,71.2,0.0052,0.013,0.0,0.0102,-1.5767360202941078e-10,-1.5178604033801246e-10,0.0,1.0418678031977392e-09
Subject03,Walking,1245.0,0.5641,-10.5537,0.003119227170919956,2.6824,71.2,0.0045,0.0136,0.0,0.0094,3.10049041421635e-11,2.0627315916440419e-10,0.0,-1.457114204975028e-09
Subject03,Walking,1260.0,0.5711,-8.9346,0.002555718968484853,2.6824,71.2,0.0048,0.0126,0.0,0.0095,-3.746784520063775e-11,9.117488280015982e-10,0.0,6.755533024720694e-11
Subject03,Walking,1275.0,0.5827,-9.4203,-0.004484215904038511,2.6824,71.2,0.0056,0.0152,0.0,0.0105,1.8235575342004277e-09,-7.402151132639873e-10,0.0,1.2969815051839517e-09
Subject03,Walking,1290.0,0.5549,-14.7203,0.002691178554466684,2.6824,71.2,0.0049,0.014,0.0,0.0111,-1.6924456690334236e-09,-2.9571279763706647e-10,0.0,-8.729252729631059e-10
Subject03,Walking,1305.0,0.5246,-10.387,0.002187559578457085,2.6824,71.2,0.0044,0.0138,0.0,0.0106,1.8987675606043228e-09,4.0142052207468316e-10,0.0,1.068018639254992e-09
Subject03,Walking,1320.0,0.5558,-10.5537,0.0027890860691342357,2.6824,71.2,0.005,0.0139,0.0,0.0106,-8.3419719306631e-10,-3.586718154440234e-10,0.0,-1.7211594364184277e-10
Subject03,Walking,1335.0,0.5649,-6.387,0.0019030642478002797,2.6824,71.2,0.0044,0.0136,0.0,0.0099,-5.782861185986826e-10,7.064380055429653e-11,0.0,8.487036338945421e-10
Subject03,Walking,1350.0,0.5622,-7.0203,-0.0026766134366822234,2.6824,71.2,0.0043,0.0137,0.0,0.0095,-4.586009308233754e-10,1.9363794430882298e-11,0.0,-1.6669970704490833e-09
Subject03,Walking,1365.0,0.5719,-12.0537,-0.003083184017277543,2.6824,71.2,0.0045,0.0139,0.0,0.0103,-1.4574849406516975e-10,-1.783582821683106e-10,0.0,-3.708527723713666e-10
Subject03,Walking,1380.0,0.5706,-10.6489,0.002228894812043924,2.6824,71.2,0.0043,0.0132,0.0,0.0096,1.9663053307062683e-11,1.317213749041677e-10,0.0,-3.4034141774025234e-11
Subject03,Walking,1395.0,0.5525,-8.5537,0.002128991206801281,2.6824,71.2,0.0051,0.0135,0.0,0.0093,-7.566068759724259e-11,4.407710403935536e-11,0.0,-9.797367805327178e-11
Subject03,Walking,1410.0,0.5652,-8.887,-0.003910613415153228,2.6824,71.2,0.0047,0.0151,0.0,0.0098,1.387097624561301e-09,3.0297516432071475e-11,0.0,6.798662900654275e-10
Subject03,Walking,1425.0,0.5538,-9.7203,-0.002272168371540487,2.6824,71.2,0.0046,0.0134,0.0,0.0099,-6.76109321190067e-10,-6.588269726083044e-11,0.0,3.064840817069968e-10
Subject04,Backwards,360.0,0.1908,0.907,-0.005077043954788886,1.2357,68.03,0.0036,0.0123,0.0064,0.0125,-1.6487404156545782e-11,1.344310277847951e-09,-2.624918957345515e-10,-6.87727483069043e-11
Subject04,Backwards,375.0,0.1555,2.107,0.003280122198673629,1.2357,68.03,0.0025,0.0132,0.0035,0.0102,1.281726817300698e-10,-1.620227870504373e-09,4.032570333233355e-11,7.01660907516436e-10
Subject04,Backwards,390.0,0.1555,8.707,-0.004143171133596952,1.2357,68.03,0.0018,0.0115,0.0039,0.0117,-7.241282810636827e-11,-3.40922962313096e-10,-3.9553347294688026e-11,-1.1702875331670968e-10
Subject04,Backwards,405.0,0.1627,7.507,0.0026541944886287845,1.2357,68.03,0.0014,0.0113,0.0033,0.0101,-9.279558290316424e-11,-1.4800101652184589e-10,9.835452453929984e-11,4.815231091647786e-10
Subject04,Backwards,420.0,0.1681,12.907,-0.0030334607025738736,1.2357,68.03,0.0015,0.0102,0.0038,0.012,-2.2182735033073448e-12,7.858099657375354e-10,1.8274740538843873e-11,-9.866161522692946e-10
Subject04,Backwards,435.0,0.1544,12.157,0.003886021905386252,1.2357,68.03,0.0013,0.0104,0.0028,0.0091,-2.7232358469479314e-12,1.3505101719341402e-09,-1.4054294943531944e-11,-5.145554234252696e-11
Subject04,Backwards,450.0,0.1483,12.707,-0.0041968624985222235,1.2357,68.03,0.0012,0.0104,0.0025,0.0098,3.1870879806888327e-11,-1.6108466166256864e-09,4.1650223095891706e-11,3.635848763303218e-11
Subject04,Backwards,465.0,0.1463,8.107,0.006387695079885452,1.2357,68.03,0.0013,0.0093,0.0023,0.0082,-8.681025016989441e-12,-1.6480086530323122e-10,-1.2987237409560052e-10,7.964155164198495e-11
Subject04,Backwards,480.0,0.1531,10.707,-0.0024043481068550853,1.2357,68.03,0.0014,0.0097,0.0031,0.0099,4.754923547612493e-13,4.152944447839253e-10,-1.012388915912491e-11,-1.0907383218866286e-10
Subject04,Backwards,495.0,0.1705,8.107,0.0019584415077173387,1.2357,68.03,0.0017,0.0093,0.004,0.0116,5.94657029423862e-11,-5.464507067624432e-10,3.1701107095896525e-11,2.1833460642221597e-11
Subject04,Backwards,510.0,0.1338,6.907,-0.00307538271977331,1.2357,68.03,0.0014,0.0093,0.0029,0.0089,-8.374165516411334e-11,1.19147163593579e-09,-4.738418160170893e-12,5.727621088010238e-11
Subject04,Backwards,525.0,0.1437,4.307,0.0027731692212317346,1.2357,68.03,0.0015,0.0112,0.0027,0.0103,4.588195108530524e-11,-1.0184149474367885e-09,-2.785244497020848e-11,-6.162052625126753e-11
Subject04,Backwards,540.0,0.1433,4.157,-0.003291937329125468,1.2357,68.03,0.0011,0.0098,0.0023,0.009,-1.8834255863632238e-11,-4.072617230157461e-10,-3.8357313652420714e-11,1.3132082368362464e-10
Subject04,Backwards,555.0,0.1378,3.907,0.002826366564049153,1.2357,68.03,0.0012,0.0087,0.0026,0.0101,9.915949848014676e-11,2.3093312231592494e-10,4.532716492831e-11,2.525260789880471e-10
Subject04,Backwards,570.0,0.1516,8.907,-0.0020672822304952623,1.2357,68.03,0.0018,0.0104,0.003,0.0094,5.214046713777468e-11,-1.6904459749049197e-10,-4.712848212110719e-11,-2.778051162843964e-10
Subject04,Backwards,585.0,0.1337,11.107,-0.004478615130758745,1.2357,68.03,0.0015,0.0122,0.0027,0.0108,6.655533686472517e-11,-5.265914953545676e-11,9.963493015738795e-11,-1.3283781655622058e-10
Subject04,Backwards,600.0,0.1459,6.157,0.0018155396688375241,1.2357,68.03,0.0015,0.0117,0.0025,0.0089,-2.545233963110203e-10,1.6330389676367577e-09,-2.84252409070543e-11,2.2410233226640087e-10
Subject04,Backwards,615.0,0.1254,9.657,-0.0019331976642835715,1.2357,68.03,0.0014,0.0109,0.0025,0.0112,3.8935574589896326e-11,-1.5921086287933975e-09,-3.9971781503566295e-11,1.5467625351558346e-09
Subject04,Backwards,630.0,0.1344,13.5736,0.003497280577835054,1.2357,68.03,0.0015,0.0096,0.0023,0.0094,4.328096141761961e-11,3.2165545693749124e-12,-2.9516224988165686e-11,-6.785999287252219e-10
Subject04,Backwards,645.0,0.1385,19.657,0.0022274683438610844,1.2357,68.03,0.0014,0.0111,0.0025,0.0111,-5.645602087808989e-11,5.972408669047748e-10,2.5329015335988394e-11,-1.0315195786987513e-10
Subject04,Backwards,660.0,0.1352,20.407,-0.0017284614709492077,1.2357,68.03,0.0019,0.0115,0.0032,0.01,2.6829266936045228e-11,-3.55800646106346e-10,6.503596987938167e-10,-1.0151652933904953e-09
Subject04,Backwards,675.0,0.1407,15.907,-0.003910371813696524,1.2357,68.03,0.0015,0.0127,0.0031,0.0098,-4.787364361057985e-11,6.973467087207385e-10,-6.131110607318866e-10,2.2347396446648129e-10
Subject04,Backwards,690.0,0.137,8.157,-0.0034705103214569435,1.2357,68.03,0.0019,0.0125,0.003,0.0137,4.0321901986294614e-11,1.17649495565005e-09,3.06331746422523e-12,2.696994627956035e-10
Subject04,Backwards,705.0,0.1748,5.407,0.004858075693301931,1.2357,68.03,0.002,0.012,0.0039,0.013,6.292069772955234e-10,-1.2256661662538668e-09,3.154378400834005e-10,2.9583008550540064e-09
Subject04,Backwards,720.0,0.3116,11.657,-0.008903257047418376,2.1072,68.03,0.0053,0.0148,0.0077,0.0143,-5.312036149316787e-10,-8.003394822969563e-10,-1.5603262458238638e-10,-2.21280209818451e-09
Subject04,Backwards,735.0,0.2977,11.107,-0.0034232604126939715,2.1072,68.03,0.0067,0.0159,0.01,0.0158,6.802101788871694e-11,-1.4610378697024268e-10,-1.5955910886209153e-10,-5.291123378308165e-10
Subject04,Backwards,750.0,0.2908,10.507,0.003764844235596463,2.1072,68.03,0.0027,0.0132,0.0058,0.0156,-1.143599742400399e-10,1.615895487433514e-09,2.1239397397110216e-09,-5.079853554974775e-10
Subject04,Backwards,765.0,0.2864,13.507,0.006574564992727527,2.1072,68.03,0.0028,0.0129,0.0045,0.0144,1.3256422345988385e-11,1.1141669622257608e-09,-2.117646461174467e-09,1.7791531029642004e-12
Subject04,Backwards,780.0,0.2886,15.5736,-0.0024915966857608027,2.1072,68.03,0.0034,0.0133,0.0042,0.0146,4.313864291240372e-10,-2.6509370195584563e-09,1.3797183000863144e-11,1.5068613522599833e-09
Subject04,Backwards,795.0,0.3011,16.657,0.0029223254978542204,2.1072,68.03,0.0029,0.0127,0.0049,0.0156,-1.285200576440352e-10,6.605009113149189e-11,-4.7505031825332045e-11,-6.251119803287598e-10
Subject04,Backwards,810.0,0.3118,16.657,-0.0036701574808478544,2.1072,68.03,0.0031,0.0134,0.0057,0.0149,-3.784946734717069e-11,-2.9642258477662565e-11,1.6279815172290305e-12,-5.358319651616581e-10
Subject04,Backwards,825.0,0.3128,15.307,0.002800824164935042,2.1072,68.03,0.0031,0.0133,0.0048,0.014,-1.3459080219916308e-10,-1.2568139499059246e-10,2.7763859077825564e-12,7.174491615835913e-10
Subject04,Backwards,840.0,0.3163,16.407,0.0023033830194700614,2.1072,68.03,0.0035,0.0138,0.0048,0.0161,-2.1891639555221556e-10,1.286724387519456e-09,1.193487226837928e-09,-9.452079949517828e-10
Subject04,Backwards,855.0,0.3146,18.307,-0.0020341767658068536,2.1072,68.03,0.004,0.0127,0.0051,0.0123,-3.294573845612309e-11,-1.2644563272069469e-09,-1.1639364888539378e-09,1.0473052973511821e-09
Subject04,Backwards,870.0,0.3004,15.657,0.0030106603078101004,2.1072,68.03,0.0034,0.013,0.0062,0.012,1.0943142299232179e-11,3.2462516653841585e-10,2.7612077423818714e-10,-1.468144423865648e-09
Subject04,Backwards,885.0,0.3049,18.657,-0.002541814796615731,2.1072,68.03,0.0036,0.012,0.005,0.0135,5.749384015490901e-11,3.1426060008552856e-10,-2.383939484136626e-10,2.2646839435062672e-10
Subject04,Backwards,900.0,0.2893,18.907,0.0011477044104038908,2.1072,68.03,0.0032,0.012,0.0041,0.0135,1.032711247691498e-10,-6.983109618102657e-10,-6.73666514417525e-11,6.32656055820597e-10
Subject04,Backwards,915.0,0.2894,20.907,-0.0029077607393120696,2.1072,68.03,0.0031,0.0133,0.0055,0.0141,1.0615392752891013e-10,6.388908559316117e-10,2.171251845080277e-10,-6.88656070345118e-10
Subject04,Backwards,930.0,0.2975,17.907,0.0011178169114562577,2.1072,68.03,0.0039,0.0136,0.0047,0.015,2.2215564647071434e-11,-3.4832071596594773e-10,-2.0135695003396962e-10,-8.866786132458118e-11
Subject04,Backwards,945.0,0.2952,18.157,-0.0021590787214228486,2.1072,68.03,0.0035,0.0145,0.0053,0.0141,-1.712165627737315e-10,-1.4897619248987656e-10,-1.466852055544946e-11,2.9185736350529895e-09
Subject04,Backwards,960.0,0.2759,15.707,-0.0031257987943788725,2.1072,68.03,0.0032,0.0121,0.0042,0.0147,-9.372857629163835e-11,4.0614306940213234e-10,3.5982339034709776e-10,-1.7528172959208024e-09
Subject04,Backwards,975.0,0.3035,14.907,0.0020318982706085315,2.1072,68.03,0.0035,0.0112,0.0045,0.0143,8.363507981389298e-11,-6.444737774733057e-10,2.5439303913793174e-10,9.943774026452577e-10
Subject04,Backwards,990.0,0.2946,18.907,-0.0019991561037968368,2.1072,68.03,0.0035,0.0127,0.0054,0.0147,-7.515092602661702e-11,8.618928038310187e-10,-4.72189623920236e-10,-2.1215387872716902e-09
Subject04,Backwards,1005.0,0.2915,17.2403,-0.001814922096617063,2.1072,68.03,0.0031,0.0124,0.0038,0.0136,1.057411101198715e-10,-5.839271781216333e-10,4.628476942323955e-12,-3.0024146291738323e-10
Subject04,Backwards,1020.0,0.2899,17.157,0.0020073491104023204,2.1072,68.03,0.0031,0.0126,0.0041,0.0142,1.1826195908662813e-10,4.484115533621625e-11,-1.138429817149879e-10,1.4865588588816752e-09
Subject04,Backwards,1035.0,0.2931,19.507,0.0027540296150711154,2.1072,68.03,0.0033,0.0128,0.0044,0.0145,-2.041176126921823e-10,-2.2486026077784363e-11,8.269436540650457e-10,-1.069018336776444e-09
Subject04,Backwards,1050.0,0.2916,20.5736,0.002153807522282717,2.1072,68.03,0.0028,0.0126,0.0046,0.015,-8.125229614593469e-13,1.0113058710857344e-10,-7.476961408876195e-10,2.4624301158055357e-09
Subject04,Backwards,1065.0,0.2971,19.507,-0.004092855930604919,2.1072,68.03,0.0037,0.013,0.0054,0.0149,-2.0903385450479142e-11,-2.380138728438308e-10,5.369165410322603e-10,-1.8205290538265402e-09
Subject04,Cycling,360.0,0.2286,-7.6224,0.006981789113994335,3.9562,68.03,0.0026,0.0198,0.0065,0.0113,-2.0593205633141263e-10,-4.145400091770788e-09,-9.142669638449756e-11,-8.716128790242218e-12
Subject04,Cycling,375.0,0.2546,8.3776,0.003735519654611175,3.9562,68.03,0.0027,0.0186,0.0068,0.0098,3.3882581196636026e-10,8.471527187119526e-10,9.162824095397361e-11,-1.9598711638871608e-10
Subject04,Cycling,390.0,0.2537,14.6276,-0.0035730225055403313,3.9562,68.03,0.0038,0.0155,0.0056,0.0091,-1.0319655854789305e-10,-8.721876603896149e-10,-8.588619836472114e-11,1.9610278598760324e-11
Subject04,Cycling,405.0,0.2942,18.4776,-0.002909245883921544,3.9562,68.03,0.0032,0.0172,0.0054,0.0128,-2.3399239444949755e-10,-2.8249344799967048e-11,2.0336687637605378e-10,1.2756509600648116e-10
Subject04,Cycling,420.0,0.2406,20.1276,0.0019233119851978994,3.9562,68.03,0.003,0.0153,0.0049,0.0091,1.5432114924543636e-12,1.2647072318662923e-10,1.1682056299471343e-09,1.2322514970030006e-10
Subject04,Cycling,435.0,0.276,24.0776,-0.0035803111052568064,3.9562,68.03,0.0032,0.0169,0.0052,0.0109,2.539684412500656e-11,-9.38580578898433e-11,-1.2794024951744743e-09,6.660190670662752e-10
Subject04,Cycling,450.0,0.2283,23.3776,0.001052716099790313,3.9562,68.03,0.0049,0.0134,0.0075,0.0077,2.300566051246688e-10,4.792800131273525e-10,-1.9690295365321523e-10,-1.0316860105817052e-09
Subject04,Cycling,465.0,0.2324,26.1276,0.0018672959756359942,3.9562,68.03,0.0034,0.0159,0.0061,0.0084,-1.734544017062622e-10,-5.380897727978579e-10,1.7301024509007667e-10,3.1140456466575813e-10
Subject04,Cycling,480.0,0.2259,28.2776,0.0009369097755577264,3.9562,68.03,0.0049,0.0162,0.0067,0.0067,-8.043940372668549e-11,1.20661975306545e-11,1.383861117014674e-10,-1.344698591038487e-11
Subject04,Cycling,495.0,0.2423,29.2776,-0.001706416587649498,3.9562,68.03,0.0042,0.0157,0.0054,0.0076,7.491328423800739e-10,7.117581470131133e-10,-3.314441969716334e-10,-2.824932107991115e-10
Subject04,Cycling,510.0,0.23,29.8776,0.0015017452615921452,3.9562,68.03,0.0046,0.0143,0.0063,0.0064,-7.472607583775826e-10,-7.476097952439127e-10,4.3914318297766884e-10,3.531502470686061e-10
Subject04,Cycling,525.0,0.2666,32.1276,0.0011103090281895764,3.9562,68.03,0.0042,0.0141,0.0053,0.0072,3.1560953053870224e-10,2.8402334652410903e-09,-4.426238980712305e-10,-3.1241338695626374e-10
Subject04,Cycling,540.0,0.2946,30.6276,0.0021966952023997166,3.9562,68.03,0.0045,0.0134,0.0062,0.009,-3.064319637511581e-10,-2.863829196394904e-09,5.066935005879439e-10,6.13153751727958e-10
Subject04,Cycling,555.0,0.3058,32.0776,-0.0017748022149112312,3.9562,68.03,0.0034,0.0178,0.0117,0.0105,2.8079252723627255e-10,3.3875796696537132e-09,-5.132644885048507e-10,-5.867541258742024e-10
Subject04,Cycling,570.0,0.2308,27.8776,-0.00221219726600366,3.9562,68.03,0.0021,0.0166,0.0062,0.0068,-2.6837945285400187e-10,-3.3592188122181466e-09,3.818829805303716e-10,3.3474127249633865e-10
Subject04,Cycling,585.0,0.2489,28.6276,0.002370501495091821,3.9562,68.03,0.0022,0.0174,0.0043,0.007,1.0855755532878952e-11,6.654923727964362e-12,-4.5266106047512565e-10,1.3679053240107872e-09
Subject04,Cycling,600.0,0.2467,32.0776,-0.0021473961910399653,3.9562,68.03,0.0025,0.0203,0.0046,0.0064,1.008637777445599e-11,3.2882194971452447e-10,2.422702634337713e-10,-1.6914484581075828e-09
Subject04,Cycling,615.0,0.245,31.3776,-0.0016812164237484926,3.9562,68.03,0.0028,0.0182,0.0038,0.0076,2.2200125393000643e-10,2.212081801510127e-09,-2.1678000247937387e-10,-9.148580853056958e-12
Subject04,Cycling,630.0,0.2478,32.3776,0.0014407373577165759,3.9562,68.03,0.0032,0.0192,0.003,0.0074,-8.38330595614937e-12,2.6443812619078215e-09,1.076800075448251e-11,3.986686456689591e-11
Subject04,Cycling,645.0,0.2333,34.3776,0.0014892213239185903,3.9562,68.03,0.0034,0.0195,0.0031,0.0068,-2.784105739602847e-10,-4.257803860328942e-09,3.5555288253631664e-10,2.35249327439604e-10
Subject04,Cycling,660.0,0.2194,34.1276,-0.0021901169795792695,3.9562,68.03,0.0048,0.0163,0.0037,0.0069,1.5005715930146612e-10,-3.49225290425748e-10,-2.3174723604490268e-10,-2.464935291058826e-10
Subject04,Cycling,675.0,0.2124,31.3776,0.0026085019678226307,3.9562,68.03,0.0034,0.0179,0.0028,0.0065,-1.0514141912206705e-10,-7.085930516491508e-10,-4.700387907623187e-12,2.982240028300561e-10
Subject04,Cycling,690.0,0.2016,31.6776,0.0016922161157680183,3.9562,68.03,0.0041,0.0172,0.0029,0.0061,5.477029038539009e-11,3.76189071529223e-10,1.1486723550399409e-10,4.890630466282777e-10
Subject04,Cycling,705.0,0.196,33.2776,-0.0018525146326620592,3.9562,68.03,0.0038,0.0169,0.0042,0.0064,2.9922566675988743e-10,3.3371493482084025e-09,-6.800883818440854e-11,-7.909596393499353e-10
Subject04,Cycling,720.0,0.2384,32.8776,-0.003300665305957957,5.3276,68.03,0.0048,0.0181,0.007,0.0093,-7.361025043382462e-11,-1.2945202856612121e-09,3.1523652856871944e-11,-1.133808632263585e-11
Subject04,Cycling,735.0,0.2424,36.3776,0.0016055732564220486,5.3276,68.03,0.0055,0.0194,0.0068,0.0084,-1.7930426563761461e-10,-2.2635030429429798e-09,4.966492344925064e-10,1.714614408370493e-10
Subject04,Cycling,750.0,0.2373,39.4776,-0.001879220961753522,5.3276,68.03,0.0041,0.0209,0.0076,0.0085,-1.2597720207562795e-10,-1.9242456985719296e-10,1.035754809297084e-09,2.6943642007027263e-11
Subject04,Cycling,765.0,0.2237,40.6276,-0.0009748103967757316,5.3276,68.03,0.0036,0.0168,0.005,0.0079,2.1142863590583463e-09,2.138601370462986e-09,-1.6574471457783746e-09,-2.451013227990929e-10
Subject04,Cycling,780.0,0.2475,40.8776,0.002165421557882106,5.3276,68.03,0.0035,0.0182,0.0059,0.0071,-1.4371268014948632e-09,2.7496072324851213e-10,3.6511198005005844e-11,1.0915459553957717e-10
Subject04,Cycling,795.0,0.2278,44.5442,0.0020276438673241946,5.3276,68.03,0.0033,0.0165,0.0051,0.0075,-5.748292557202263e-10,-2.3310352993442327e-09,2.820898691709005e-10,2.1281202937499958e-10
Subject04,Cycling,810.0,0.2146,43.6776,-0.001613177893001501,5.3276,68.03,0.0032,0.0171,0.006,0.0069,6.461487113394878e-11,1.267472154140353e-09,2.5138163901729214e-10,-2.0997733871924658e-10
Subject04,Cycling,825.0,0.2232,44.8776,0.0014498841872855985,5.3276,68.03,0.0035,0.0173,0.0066,0.0068,-6.534457165754908e-11,-4.924047769078888e-10,-3.534481551785301e-10,1.5356200079379292e-10
Subject04,Cycling,840.0,0.2253,46.3776,-0.0021393367616188157,5.3276,68.03,0.0032,0.0177,0.009,0.0072,-3.6276510354046096e-11,-3.613082391398857e-10,-1.1267254663679931e-10,-1.5781324945298192e-10
Subject04,Cycling,855.0,0.2679,45.8776,0.0026857500595955878,5.3276,68.03,0.0039,0.0196,0.0072,0.0095,3.413470452613938e-11,-6.036831313129028e-10,2.994051003604406e-10,2.9842080303541555e-10
Subject04,Cycling,870.0,0.2571,44.6276,-0.001186447035057947,5.3276,68.03,0.0028,0.0186,0.0094,0.0093,2.0194368321802159e-10,2.1580046331469966e-09,-3.143830858597359e-10,-3.806341993101426e-10
Subject04,Cycling,885.0,0.2687,46.3776,0.002496452974651485,5.3276,68.03,0.004,0.0215,0.0079,0.0105,6.453194501903953e-11,2.297857858827471e-09,1.4977580951094582e-10,4.738530970260869e-11
Subject04,Cycling,900.0,0.2574,45.2776,-0.0014739545307206944,5.3276,68.03,0.0055,0.0175,0.0097,0.01,7.94411117742159e-11,-2.3280088616925075e-09,-9.411485299493855e-11,3.645725725968853e-11
Subject04,Cycling,915.0,0.2855,45.2776,0.0013299084353123555,5.3276,68.03,0.0032,0.0192,0.0059,0.0086,-2.8839818311685244e-10,-1.9567433316058654e-09,-4.6217915411135636e-11,-6.686240754504638e-11
Subject04,Cycling,930.0,0.2584,46.4776,0.0014487643082784025,5.3276,68.03,0.0027,0.0192,0.0091,0.0088,-1.223972258443726e-10,1.9321139022607796e-10,1.0364318816562532e-09,9.679424740431841e-11
Subject04,Cycling,945.0,0.2729,48.8776,0.0014715387863997024,5.3276,68.03,0.0043,0.0178,0.0086,0.0075,7.371280221927426e-11,-1.210063156071216e-10,2.709667134047776e-11,6.517492171288791e-10
Subject04,Cycling,960.0,0.2662,48.1276,-0.0037675832284673446,5.3276,68.03,0.0056,0.0176,0.0104,0.0087,2.611676834029342e-10,1.1415453475893711e-09,-1.0318276505156998e-09,-5.866267316754855e-10
Subject04,Cycling,975.0,0.2752,47.2109,0.0016050030431887423,5.3276,68.03,0.0037,0.0209,0.005,0.0103,-2.957124315596239e-10,-1.0587813318013056e-09,3.508792434965103e-10,1.743221125999756e-09
Subject04,Cycling,990.0,0.2637,48.5442,-0.004265139516283078,5.3276,68.03,0.0031,0.0191,0.006,0.0096,-1.0472847639052602e-12,-6.783450299313507e-11,-4.0261329065841896e-10,-2.228346197199828e-11
Subject04,Cycling,1005.0,0.2926,43.2109,0.0021639822533640082,5.3276,68.03,0.0047,0.0174,0.0044,0.0091,1.2130170065132024e-10,1.8525692338600495e-10,7.585775407974552e-11,-1.7455413078045793e-09
Subject04,Cycling,1020.0,0.2667,46.1276,-0.0011621544983253438,5.3276,68.03,0.0054,0.0206,0.0056,0.0099,4.842347554888265e-10,7.187066856779426e-10,-1.1709404437396723e-10,-6.338794183415218e-11
Subject04,Cycling,1035.0,0.2573,48.3776,0.0017457153380692353,5.3276,68.03,0.0054,0.0192,0.0053,0.0101,-6.866563696789725e-10,-7.083421782214978e-10,-9.044447862719632e-11,3.0375993108192266e-10
Subject04,Cycling,1050.0,0.264,48.8776,-0.001729935635415178,5.3276,68.03,0.0041,0.0181,0.0045,0.0098,4.4586264581752767e-10,3.5053226363403716e-09,-1.327519645975921e-11,-2.5188032479402625e-10
Subject04,Cycling,1065.0,0.2311,50.5442,0.0018951610333616095,5.3276,68.03,0.0034,0.0169,0.0045,0.0097,-2.893542066410482e-10,-3.08950745430276e-09,1.1527609372784627e-10,-1.0164204238098981e-10
Subject04,Cycling,1080.0,0.2571,48.4776,-0.001369590593247635,3.0171,68.03,0.0024,0.0159,0.0045,0.0071,-1.1179261001776311e-10,-2.2565111032746157e-10,7.683479909093227e-13,7.035772273973469e-11
Subject04,Cycling,1095.0,0.3282,45.0204,-0.0024647962792893685,3.0171,68.03,0.0032,0.0189,0.0041,0.012,5.23348700170465e-10,5.482143164938873e-09,-8.566403999855149e-11,-5.985728009316368e-11
Subject04,Cycling,1110.0,0.3047,38.6776,-0.002241690780666182,3.0171,68.03,0.0046,0.0152,0.004,0.006,-5.824788770539504e-10,-6.00079915811979e-09,2.0002874554743793e-10,9.956530629818172e-11
Subject04,Cycling,1125.0,0.3069,36.8776,0.0016358743903086758,3.0171,68.03,0.0017,0.0169,0.0046,0.0059,1.385703280161311e-10,2.714829597912755e-09,-2.1787812946417082e-10,-1.1086800683170008e-10
Subject04,Cycling,1140.0,0.2616,38.8776,-0.0032592061974186654,3.0171,68.03,0.0024,0.0152,0.0044,0.0058,-2.7106184228460634e-11,-1.238861752748877e-09,5.1619455948882966e-11,-5.7601744780673654e-11
Subject04,Cycling,1155.0,0.2377,34.8776,0.003050994011346643,3.0171,68.03,0.002,0.0165,0.0032,0.0054,-1.1055374684988817e-10,-1.2996595441128864e-09,6.811308737653099e-11,2.475127298185094e-10
Subject04,Cycling,1170.0,0.2485,37.8776,-0.0019812558959079575,3.0171,68.03,0.0017,0.0148,0.0042,0.0061,3.321303025873123e-11,-2.559034239950138e-10,1.1183794887283967e-10,-1.611060591363525e-10
Subject04,Cycling,1185.0,0.2481,36.8776,0.001335826907994533,3.0171,68.03,0.0036,0.0142,0.0062,0.0061,-5.5643055706819714e-11,3.959213332414846e-10,4.870396995897079e-11,4.374933361536139e-10
Subject04,Cycling,1200.0,0.2557,34.8776,-0.0031151801072711862,3.0171,68.03,0.0039,0.0138,0.0047,0.0079,2.525712203011928e-10,3.3390492171714424e-10,-2.7490588644688764e-10,-3.825871513637681e-10
Subject04,Cycling,1215.0,0.2472,33.8776,0.0018227967276383034,3.0171,68.03,0.0023,0.0159,0.0048,0.0071,-2.1267783541454896e-10,-4.5366432655077546e-10,5.571481140743335e-10,2.0697699577513066e-10
Subject04,Cycling,1230.0,0.2864,32.2109,-0.002025930843834331,3.0171,68.03,0.0049,0.0152,0.0035,0.0066,3.2336443975324495e-11,2.1136207313932235e-10,-2.539580672705056e-10,1.1209102227391221e-09
Subject04,Cycling,1245.0,0.2723,31.2109,0.0018113904366300927,3.0171,68.03,0.0023,0.0193,0.004,0.0075,-3.173473739866932e-12,2.362374211518801e-09,-3.3678923663705716e-10,-1.3822351391737184e-09
Subject04,Cycling,1260.0,0.26,31.6276,0.002009029140752885,3.0171,68.03,0.002,0.0204,0.0026,0.0064,-7.465036981568661e-11,-1.5100702818600012e-09,2.0354346548880305e-10,6.283197091690376e-11
Subject04,Cycling,1275.0,0.253,31.2109,0.0018597395093123234,3.0171,68.03,0.0038,0.0155,0.0027,0.0073,3.5237545309098154e-11,-8.717920235911797e-10,1.660790393545445e-10,2.1811968546752516e-10
Subject04,Cycling,1290.0,0.3323,29.3776,-0.003185752240166264,3.0171,68.03,0.0024,0.0216,0.003,0.0081,1.692552364934429e-12,4.3399765839437116e-10,-2.695107577344555e-10,9.297693840479841e-10
Subject04,Cycling,1305.0,0.268,30.5442,0.0029475304675087954,3.0171,68.03,0.0017,0.0172,0.0024,0.0058,1.3275498715083302e-10,3.0694576385358036e-09,-8.61906545637155e-11,-1.1927685984795636e-09
Subject04,Cycling,1320.0,0.2497,31.5442,0.0007807990882900343,3.0171,68.03,0.0022,0.0195,0.0021,0.0054,4.693853185684865e-10,-3.27007297542367e-09,-1.1517500586464549e-11,2.5710990417169737e-11
Subject04,Cycling,1335.0,0.2327,31.4776,-0.002254223014285316,3.0171,68.03,0.0024,0.019,0.0018,0.0062,-6.086481769396667e-10,-7.435260579557502e-10,1.754476405696944e-10,9.651572324127066e-11
Subject04,Cycling,1350.0,0.2522,29.8776,0.0014850570787559054,3.0171,68.03,0.0014,0.0209,0.002,0.0069,8.032481676500379e-12,1.0042645778931947e-09,-6.39665634902923e-11,9.981575491140532e-10
Subject04,Cycling,1365.0,0.2376,32.2109,-0.0016446535173395807,3.0171,68.03,0.0014,0.0188,0.0018,0.0058,2.0459934329106215e-11,1.8372973228707835e-10,1.1587247068266206e-12,-1.2144510110074214e-09
Subject04,Cycling,1380.0,0.2716,29.5442,0.002740057446132317,3.0171,68.03,0.0018,0.0223,0.0024,0.0078,-1.60364431736201e-11,-2.997778138276082e-11,-7.873138790649311e-11,1.3573551261851552e-10
Subject04,Cycling,1395.0,0.2811,31.3776,0.0021812902268337113,3.0171,68.03,0.0023,0.0223,0.0032,0.0091,5.2030964283009986e-11,-8.552934786259518e-10,3.413429527999439e-10,2.12120358837698e-11
Subject04,Cycling,1410.0,0.2587,27.8776,-0.002869022160699988,3.0171,68.03,0.0015,0.0216,0.0026,0.0077,-6.273999505071452e-11,-6.439186349376783e-11,-3.502688163908374e-10,-4.5403708941240955e-11
Subject04,Cycling,1425.0,0.2464,28.4776,0.002328500461596112,3.0171,68.03,0.0015,0.0212,0.0027,0.0071,-7.442173766505577e-12,-6.508961996388533e-11,2.0048130629818908e-10,6.70241894561635e-11
Subject04,Cycling,1440.0,0.4541,27.7347,0.0033512555600171655,5.7793,68.03,0.003,0.0208,0.007,0.0113,3.6649702434576265e-10,2.8987016832960314e-12,5.497199425864901e-11,-1.1359068401630067e-10
Subject04,Cycling,1455.0,0.5965,34.6776,0.0016126658739184126,5.7793,68.03,0.003,0.0204,0.0096,0.0145,-3.2105795205618126e-10,2.1876750477072442e-10,1.4553023548259878e-10,1.374049804533467e-09
Subject04,Cycling,1470.0,0.6243,40.0442,-0.004689028357783893,5.7793,68.03,0.0031,0.0202,0.0065,0.0134,1.136462080719531e-10,3.721769409995188e-09,1.2867316767563297e-11,-1.2832829323315034e-09
Subject04,Cycling,1485.0,0.5992,42.2776,0.0022925845916376584,5.7793,68.03,0.003,0.0183,0.0044,0.0118,-1.0323450037112225e-10,-3.3332779224856464e-09,-1.4005981343857092e-10,7.682836652600192e-10
Subject04,Cycling,1500.0,0.5678,45.3776,-0.0020632471434209733,5.7793,68.03,0.0029,0.0193,0.0051,0.0105,-2.9630908237752385e-12,-3.2151211813297353e-10,-1.2747750736991269e-10,8.814970567888312e-11
Subject04,Cycling,1515.0,0.533,47.0442,0.002211803188515794,5.7793,68.03,0.0026,0.0196,0.0049,0.0097,2.3877587710314874e-10,5.210345824984161e-09,-1.271346980950636e-10,-8.335825902689527e-10
Subject04,Cycling,1530.0,0.5498,48.8776,0.0019180666989696748,5.7793,68.03,0.0027,0.0215,0.007,0.0091,-2.9996454811639106e-10,-5.253869041752196e-09,6.392044159563653e-10,1.2035482245389609e-10
Subject04,Cycling,1545.0,0.5366,50.1633,-0.0024820876786490033,5.7793,68.03,0.0033,0.0234,0.0049,0.0097,1.1283814742321624e-10,1.3900617082405154e-10,-3.1622055114681803e-10,8.780464902625633e-10
Subject04,Cycling,1560.0,0.6066,52.0442,-0.001974761808081887,5.7793,68.03,0.0037,0.0226,0.0063,0.0101,1.0651929187687509e-10,3.130326866117423e-09,4.168237588446352e-10,-1.2339075488438476e-09
Subject04,Cycling,1575.0,0.5682,53.8776,0.0016495887030265164,5.7793,68.03,0.0028,0.0236,0.0048,0.0104,-1.5336157390052907e-10,-1.7621079798034399e-09,-5.745140932727341e-10,2.6108580548464607e-09
Subject04,Cycling,1590.0,0.584,55.7347,0.0017496646612404096,5.7793,68.03,0.0028,0.0226,0.0051,0.0125,2.5732516659547206e-10,8.08532183468794e-10,-1.4734199165862227e-10,-2.4279432861104054e-09
Subject04,Cycling,1605.0,0.5745,56.8776,0.0019290274240114204,5.7793,68.03,0.0032,0.0244,0.0044,0.0122,-3.063853929904205e-10,-2.2809682680962945e-09,3.182063313315372e-10,1.0969146483008115e-09
Subject04,Cycling,1620.0,0.5354,55.7347,-0.0018988022436885852,5.7793,68.03,0.0028,0.0239,0.0053,0.013,4.2056158474686597e-11,1.3402173291817633e-10,1.1928983954211383e-10,-1.0470576415793989e-10
Subject04,Cycling,1635.0,0.5276,53.2109,-0.0021883397990231333,5.7793,68.03,0.0028,0.0232,0.0041,0.0117,7.2657535756516e-13,-1.193175518512915e-10,-2.0405442201079247e-10,-9.048432913831162e-10
Subject04,Cycling,1650.0,0.5608,51.8776,0.003258591212822964,5.7793,68.03,0.0026,0.0182,0.0039,0.0108,6.110526297866559e-11,-2.3027290583328646e-10,1.3894604912409447e-10,1.4309541241535051e-09
Subject04,Cycling,1665.0,0.5316,54.7109,0.0015865667852650836,5.7793,68.03,0.0028,0.0196,0.0049,0.0106,-2.024257803385838e-11,1.770878135853169e-10,-7.556437097379052e-11,-2.5470769044238445e-10
Subject04,Cycling,1680.0,0.5659,54.3061,-0.002703126537589529,5.7793,68.03,0.0026,0.0211,0.0046,0.0113,2.002375597650249e-10,1.8437130081603975e-09,-3.230897821510594e-10,-1.1982596827262198e-09
Subject04,Cycling,1695.0,0.576,56.0776,0.001276600219216311,5.7793,68.03,0.0027,0.0201,0.0063,0.0099,5.489170256542098e-12,2.78855166214029e-09,7.228822973695893e-11,2.913248601386557e-11
Subject04,Cycling,1710.0,0.5289,56.1276,-0.001581175220577519,5.7793,68.03,0.0026,0.0207,0.0051,0.0106,-2.8795176648982557e-10,-4.088818377982176e-09,2.041884987146314e-10,-3.051698283750832e-11
Subject04,Cycling,1725.0,0.5399,54.4776,-0.0015790197174567555,5.7793,68.03,0.0032,0.0199,0.0061,0.0119,5.734490653270802e-11,-4.882839482675649e-10,6.454625130303906e-10,4.933527828499331e-10
Subject04,Cycling,1740.0,0.5388,53.1276,-0.0019935839608952954,5.7793,68.03,0.0029,0.022,0.007,0.0119,1.3289771288884028e-10,-5.266501963317511e-10,-8.276956038359445e-10,-4.2012389037913276e-10
Subject04,Cycling,1755.0,0.5435,52.3776,0.0018271601673827693,5.7793,68.03,0.0032,0.022,0.0094,0.0105,-1.356010530624309e-10,3.854587049339013e-10,3.2576419762320856e-10,1.7604646089052833e-09
Subject04,Cycling,1770.0,0.5321,53.6776,-0.0014997933551598034,5.7793,68.03,0.003,0.0218,0.009,0.0104,-4.635777806644944e-12,-3.558039073087022e-10,-3.7269404006475134e-11,-1.7339699076085398e-09
Subject04,Cycling,1785.0,0.4939,53.3776,0.00198327887160787,5.7793,68.03,0.0027,0.0144,0.0084,0.0122,-5.2655506724762366e-11,1.7350707121065116e-10,-3.6648111117192617e-10,8.649733106447554e-10
Subject04,Incline,360.0,0.2201,-1.3636,-0.003871871874846665,2.5002,68.03,0.0049,0.0121,0.0075,0.0137,1.5798165878446285e-10,-6.67882906117587e-11,2.5671874015325323e-11,9.044998066791395e-11
Subject04,Incline,375.0,0.2342,0.6364,0.0018646219120033477,2.5002,68.03,0.0039,0.0143,0.0053,0.0167,-1.3350597741187593e-10,1.1555771713521819e-09,-3.230473068142597e-11,-6.734153265242077e-10
Subject04,Incline,390.0,0.2352,6.2364,0.0044077211884189895,2.5002,68.03,0.0038,0.0152,0.0047,0.0169,7.586007346915351e-10,-1.4191454752364537e-09,1.118896503979206e-10,2.0627936047184123e-09
Subject04,Incline,405.0,0.2399,8.6364,0.0026341733098141635,2.5002,68.03,0.0051,0.0132,0.0064,0.0184,-6.593118887908798e-10,1.108619490678384e-09,-1.5720585084325507e-10,6.893831823754281e-10
Subject04,Incline,420.0,0.2363,15.3864,0.002563019670464024,2.5002,68.03,0.0045,0.0138,0.0053,0.0178,-5.666606018747343e-11,-1.105869687528296e-09,3.833009838332166e-11,-2.5500170362821436e-09
Subject04,Incline,435.0,0.2319,15.1364,-0.004358777193460246,2.5002,68.03,0.0042,0.0136,0.0054,0.0157,3.9193976570535275e-11,9.809320461657359e-10,1.283277380742296e-11,8.331567752887883e-10
Subject04,Incline,450.0,0.2379,14.1364,-0.002386519752767446,2.5002,68.03,0.004,0.0127,0.0051,0.0149,-1.009142569814604e-10,-1.0437753819034926e-10,6.580869214665491e-12,-9.417285394102206e-10
Subject04,Incline,465.0,0.2495,9.1364,-0.0020877912215158446,2.5002,68.03,0.0055,0.0118,0.0053,0.0156,-4.1501061937685885e-11,3.776008337986056e-11,1.8008344800796566e-10,4.823992611751875e-10
Subject04,Incline,480.0,0.2395,7.6364,-0.0018673701301100693,2.5002,68.03,0.0048,0.0122,0.004,0.018,2.595790298109966e-09,-1.0709430011054201e-09,-1.9801207308138493e-10,1.6115273388865552e-09
Subject04,Incline,495.0,0.2519,9.9697,0.001444837611786143,2.5002,68.03,0.0046,0.0121,0.0035,0.0159,-2.3060861925177538e-09,5.563435507578289e-10,-3.638539708099886e-11,-8.658373033743605e-10
Subject04,Incline,510.0,0.247,15.6364,0.0029582180967796844,2.5002,68.03,0.004,0.0119,0.0048,0.0164,-1.262740913797473e-10,-2.449352222415073e-10,3.1864969839086307e-11,9.642047260143132e-10
Subject04,Incline,525.0,0.2438,17.6364,-0.006488344440996175,2.5002,68.03,0.0047,0.0124,0.0048,0.0157,2.793572733571977e-10,7.209950122950027e-10,6.793806933105438e-11,-1.3835482025800563e-10
Subject04,Incline,540.0,0.2446,12.4364,-0.005145125491807165,2.5002,68.03,0.004,0.0123,0.0035,0.0149,3.908750038383894e-10,-9.320818419054917e-10,1.9722305388780843e-11,4.970261801898712e-10
Subject04,Incline,555.0,0.2405,6.1364,0.00241851071311067,2.5002,68.03,0.0046,0.0115,0.0036,0.0156,-7.877615876853448e-10,7.72823451810308e-10,-8.038659004298809e-11,-2.6689768003216213e-09
Subject04,Incline,570.0,0.2353,10.6364,-0.003804652231634363,2.5002,68.03,0.0046,0.0121,0.0035,0.0154,6.244340276712952e-11,-5.911309294430019e-10,-1.0640857830397376e-11,-3.9554561686359464e-11
Subject04,Incline,585.0,0.2439,10.6364,0.0030536753562611686,2.5002,68.03,0.0037,0.0122,0.0034,0.0147,-8.801376056096909e-11,1.3004481411182392e-09,1.5472663786480126e-11,1.5848489340616877e-10
Subject04,Incline,600.0,0.2374,17.1364,0.004175619342406793,2.5002,68.03,0.0041,0.0118,0.0044,0.0164,-7.508162936475281e-12,-2.43773114052369e-10,4.618507169330192e-10,4.794766056763957e-11
Subject04,Incline,615.0,0.2475,15.9697,-0.004020431970661118,2.5002,68.03,0.0039,0.012,0.0041,0.0153,-9.729465351458397e-11,-1.1126220644647497e-09,-4.0333168258600485e-10,1.0235085081028434e-09
Subject04,Incline,630.0,0.2343,10.2364,0.0018756191563363154,2.5002,68.03,0.0051,0.0116,0.0042,0.0153,1.1720966527056034e-10,7.893548125641561e-10,-1.0640402151330471e-11,-1.1594544805996959e-09
Subject04,Incline,645.0,0.2542,9.6364,0.003674589788644354,2.5002,68.03,0.0047,0.0126,0.0042,0.0152,-1.5499871150537149e-12,1.569673064268115e-09,1.72884338635001e-10,8.207509813471005e-11
Subject04,Incline,660.0,0.2471,8.4364,0.00236796793100901,2.5002,68.03,0.0038,0.0134,0.0038,0.014,-3.323432194493314e-11,-2.5847855722435322e-09,-1.718227712877477e-10,9.393508076792101e-10
Subject04,Incline,675.0,0.2401,9.1364,-0.004748255203705804,2.5002,68.03,0.0041,0.0111,0.0033,0.0142,-6.790882639182451e-13,1.0922148660869916e-09,8.954043076491173e-12,-8.939110796043648e-10
Subject04,Incline,690.0,0.2571,12.0364,0.0009931492298066319,2.5002,68.03,0.0047,0.0116,0.0037,0.0144,1.3032974796445501e-09,-1.104356422968425e-09,-7.317505462187395e-11,2.3079245035715374e-09
Subject04,Incline,705.0,0.2584,13.4364,-0.0037292882593702842,2.5002,68.03,0.0043,0.0125,0.0033,0.0158,-1.2840369257360062e-09,2.721415020980585e-09,1.5449469651099393e-09,-2.248820781387988e-09
Subject04,Incline,720.0,0.6243,13.9697,0.004642648134680716,5.3252,68.03,0.0075,0.0192,0.0071,0.0225,1.1232450922506146e-10,-9.310795053571668e-10,-1.4761842996016992e-09,-4.305631480376954e-11
Subject04,Incline,735.0,0.6478,22.8864,-0.002572264327540791,5.3252,68.03,0.0078,0.0181,0.0077,0.0229,-1.476995789374486e-12,-6.854079726118826e-10,-9.393487486047546e-11,-3.4028244721033245e-10
Subject04,Incline,750.0,0.6556,26.0364,-0.002820204022504257,5.3252,68.03,0.0074,0.0202,0.0072,0.0231,-1.0935090726438573e-10,2.441474599102121e-09,1.2631168483816736e-09,4.894369925456173e-10
Subject04,Incline,765.0,0.6469,28.6364,0.0016745456524748807,5.3252,68.03,0.0077,0.0199,0.0083,0.0216,2.8220479415221696e-11,2.332854379786552e-11,-2.2429901128517591e-10,-2.0394031041938117e-10
Subject04,Incline,780.0,0.6651,29.6364,-0.0020355309306331467,5.3252,68.03,0.0073,0.0192,0.0074,0.0238,-2.9048455750525455e-11,-2.527024692318642e-09,-1.0776649279950892e-09,-1.2646236661230554e-10
Subject04,Incline,795.0,0.6376,28.6364,0.0021221274085774827,5.3252,68.03,0.0067,0.0187,0.0079,0.0244,5.55877824144315e-12,2.935828371325727e-09,1.117465936857348e-09,9.916344080025554e-11
Subject04,Incline,810.0,0.6384,30.8864,-0.0009759737022060427,5.3252,68.03,0.0067,0.0201,0.0088,0.0241,2.7527154424832056e-09,-3.80291924094129e-09,-1.0918863076004803e-09,5.259301689234577e-09
Subject04,Incline,825.0,0.6417,31.3864,0.0006287604857297199,5.3252,68.03,0.0069,0.0189,0.0078,0.0244,-1.9117114025837766e-09,-2.7107354546367327e-12,2.181632066916421e-10,-1.1889684136117574e-09
Subject04,Incline,840.0,0.6492,32.3864,0.0017665052258637349,5.3252,68.03,0.007,0.0201,0.0079,0.0234,2.1099389227668873e-09,-2.6192969737944036e-11,-1.2746602819587764e-10,1.0813314840673798e-09
Subject04,Incline,855.0,0.6523,34.3864,-0.0013291873079988494,5.3252,68.03,0.0069,0.02,0.0074,0.023,-1.5202550978429073e-09,-4.6700949526031884e-11,-6.51420981371284e-11,-1.0114620755923647e-09
Subject04,Incline,870.0,0.655,33.3864,-0.0011681412648522809,5.3252,68.03,0.0068,0.0204,0.0074,0.0226,-9.89618091694962e-10,-3.165845257169271e-11,1.9010841395745252e-10,-3.5734973406741183e-10
Subject04,Incline,885.0,0.653,31.9697,0.0018678612448627095,5.3252,68.03,0.0064,0.0204,0.0078,0.0231,-4.683426888008981e-10,1.3986698285756115e-11,-8.478466288436747e-11,-3.2755554423251317e-09
Subject04,Incline,900.0,0.6349,35.3864,-0.001363056798308414,5.3252,68.03,0.0071,0.0191,0.0073,0.0233,4.737395687471291e-12,4.543662948511131e-09,2.1680800900300523e-09,-4.458716111480008e-10
Subject04,Incline,915.0,0.6604,37.1364,0.0025924432654505546,5.3252,68.03,0.0069,0.0192,0.007,0.023,-3.4712059706620942e-12,-6.293730747617564e-10,5.882572047373663e-10,-1.1784514258969082e-10
Subject04,Incline,930.0,0.6547,37.8364,0.002096549452611208,5.3252,68.03,0.0066,0.0196,0.0071,0.0224,1.5931711275593554e-12,-2.418739763702427e-09,-2.889013637633963e-09,1.451298434508901e-11
Subject04,Incline,945.0,0.6466,38.8864,-0.00315054506047489,5.3252,68.03,0.007,0.02,0.0069,0.0233,6.283935204979397e-11,-3.552038629620569e-10,5.4144870262307574e-11,-4.182313046449141e-11
Subject04,Incline,960.0,0.6499,34.1364,0.0022145816520263576,5.3252,68.03,0.0071,0.0211,0.0078,0.0236,-8.804451913057552e-11,-2.5336192444912236e-10,6.507975331034647e-11,1.0823420476665172e-10
Subject04,Incline,975.0,0.6556,34.303,0.0011927815966112003,5.3252,68.03,0.007,0.021,0.0073,0.0238,1.0357750009243425e-10,3.815678681120831e-10,-1.10758577609791e-10,-1.890683947546132e-10
Subject04,Incline,990.0,0.6339,34.303,-0.002805252539133009,5.3252,68.03,0.0069,0.0209,0.007,0.0244,-7.448227326537329e-11,-8.588178499688389e-10,1.8357467083165983e-11,9.178267130650273e-11
Subject04,Incline,1005.0,0.6537,32.6364,0.0023287076703232216,5.3252,68.03,0.0064,0.0202,0.007,0.0221,7.339271231805321e-10,-3.858759405939914e-10,5.33842813619096e-12,5.6724628270702694e-09
Subject04,Incline,1020.0,0.6667,35.8864,-0.002807293959894836,5.3252,68.03,0.0069,0.0203,0.0074,0.0236,-6.584677233431469e-10,1.1870238831734587e-10,1.8135406185865454e-10,-3.320201806104324e-09
Subject04,Incline,1035.0,0.6523,36.8864,-0.0025476202685017105,5.3252,68.03,0.0065,0.0206,0.0077,0.0223,-9.005730802788785e-11,4.665252664493596e-10,3.2190321960785745e-11,-1.6226496137026073e-09
Subject04,Incline,1050.0,0.6442,39.6364,0.004359642855052554,5.3252,68.03,0.0072,0.0199,0.007,0.0234,7.94179549559261e-12,-6.83209240083323e-10,-1.2599213838172708e-10,-3.560367613602197e-10
Subject04,Incline,1065.0,0.651,38.1364,-0.0018207945928912627,5.3252,68.03,0.007,0.0202,0.0073,0.0229,-2.2037738039687682e-11,3.817106125959041e-09,8.311707710737909e-10,-2.0522785235317205e-10
Subject04,Incline,1080.0,0.1717,34.4364,0.003446925630193138,0.2518,68.03,0.0022,0.0098,0.0036,0.0125,3.41613448995629e-11,-3.563926787879274e-09,-9.081256500696449e-10,1.1168484230198755e-10
Subject04,Incline,1095.0,0.0247,32.2364,-0.0024908037134607174,0.2518,68.03,0.0011,0.0097,0.002,0.0094,1.4108941671276593e-11,1.2458235345849857e-10,3.4498169764598783e-11,-6.964460608291572e-11
Subject04,Incline,1110.0,0.0359,27.3864,-0.0027648077824215353,0.2518,68.03,0.0012,0.0093,0.002,0.0109,-2.4912867950574966e-11,-2.4062096721785455e-10,-8.790097325208885e-11,3.881896732217186e-10
Subject04,Incline,1125.0,0.0685,22.0364,0.005170842972912559,0.2518,68.03,0.0011,0.0108,0.002,0.0112,1.2546098904626324e-11,-1.1825478354372232e-10,1.2490093772712526e-11,-4.600419037205903e-10
Subject04,Incline,1140.0,0.0042,16.9697,-0.004300066045124415,0.2518,68.03,0.001,0.0102,0.0021,0.0134,-4.00510650408519e-11,6.762637646397464e-10,2.8870662600920016e-11,3.7200469917431804e-10
Subject04,Incline,1155.0,0.0193,14.8864,0.0028360770691955987,0.2518,68.03,0.0013,0.0108,0.0022,0.0109,8.543192727267947e-11,-7.385086077455184e-10,5.2268701294139665e-11,-4.0479849708306914e-10
Subject04,Incline,1170.0,0.0107,18.4364,0.006497236569380181,0.2518,68.03,0.0012,0.0113,0.002,0.0115,-5.953581363850343e-11,6.457118054617236e-10,-5.6055815423284436e-11,7.116850214860094e-10
Subject04,Incline,1185.0,0.0044,16.3864,-0.007532553388844435,0.2518,68.03,0.0011,0.0088,0.0019,0.0113,-8.801698225838526e-13,3.361421387679121e-10,5.565632387602912e-11,2.1035010586893501e-10
Subject04,Incline,1200.0,0.0129,11.0364,0.0016679452047856334,0.2518,68.03,0.0012,0.0096,0.002,0.0104,2.945207828975453e-11,-8.227727722418353e-10,-3.71541731007694e-11,-9.135208075162157e-10
Subject04,Incline,1215.0,0.035,10.8364,0.0037977476137475534,0.2518,68.03,0.001,0.0121,0.002,0.0133,-5.1971357304410987e-11,-2.19568301102753e-10,-2.0672007148410823e-11,1.3082908295738777e-09
Subject04,Incline,1230.0,0.0156,10.8864,0.006375195154244797,0.2518,68.03,0.001,0.0091,0.0019,0.0105,4.1333151706233285e-11,4.6548920957504295e-10,1.2483931149535496e-12,-1.071406986679957e-09
Subject04,Incline,1245.0,0.0069,14.2364,-0.0028984775822435316,0.2518,68.03,0.001,0.0091,0.002,0.0122,-2.67922511757588e-11,-1.0122051821069982e-10,2.1077192173748613e-11,7.487764779193829e-10
Subject04,Incline,1260.0,0.0128,9.0364,-0.0030108032882878617,0.2518,68.03,0.0009,0.008,0.0019,0.0111,2.0645323326665595e-11,-3.051965940537308e-10,1.2056471105743504e-11,-3.0513738946412655e-10
Subject04,Incline,1275.0,0.0101,3.6364,0.0033388918746434845,0.2518,68.03,0.001,0.0085,0.002,0.0094,2.4121902273840516e-11,6.492947282254233e-10,-3.0648954986641825e-11,-4.42589951640526e-10
Subject04,Incline,1290.0,0.0074,4.8864,-0.0019735113517580075,0.2518,68.03,0.001,0.0072,0.0019,0.0112,-5.238383798811784e-11,-6.128589535188871e-10,1.5053478587726973e-11,3.054348167164787e-10
Subject04,Incline,1305.0,0.0143,2.0364,0.002385585180695222,0.2518,68.03,0.001,0.0112,0.0019,0.0117,-6.093538669665235e-12,6.264308699423543e-10,-4.298655698008195e-11,-8.44581422283084e-12
Subject04,Incline,1320.0,0.0229,4.6364,-0.002390942306531471,0.2518,68.03,0.0009,0.0117,0.0019,0.0115,3.8503506230291235e-11,-8.599567003598119e-11,4.024818326951192e-11,1.7584434900322536e-10
Subject04,Incline,1335.0,0.0188,2.6364,-0.001770978526065053,0.2518,68.03,0.001,0.0086,0.0019,0.012,-3.235186733209434e-11,-1.3545555509869295e-10,9.363917220744622e-12,-4.560928919238791e-10
Subject04,Incline,1350.0,0.0944,3.6364,0.006467636097366623,0.2518,68.03,0.001,0.0087,0.002,0.0101,4.764566081827138e-11,-2.6632803815029687e-10,2.5966740799202075e-11,-1.0992874609393503e-10
Subject04,Incline,1365.0,0.0085,12.303,-0.0025464931443673644,0.2518,68.03,0.001,0.011,0.0019,0.0122,-3.328808079853924e-11,7.315068505180586e-10,-4.0069647144823654e-11,5.29599841326646e-10
Subject04,Incline,1380.0,0.0102,7.1364,-0.00475016173879786,0.2518,68.03,0.0011,0.0121,0.002,0.0115,-1.1018509847642371e-11,2.1805960001815222e-10,3.896507223137395e-11,-1.8847723547590215e-10
Subject04,Incline,1395.0,0.1036,4.6364,0.004841261071999043,0.2518,68.03,0.0013,0.0101,0.0022,0.0099,-7.704335848579334e-12,-4.021783547966111e-10,-2.8459018723316923e-11,-3.394001810434194e-12
Subject04,Incline,1410.0,0.0034,9.3864,-0.004815773410400109,0.2518,68.03,0.0009,0.0117,0.002,0.0107,5.011414568344348e-12,-4.661354781692646e-10,-5.301078544299782e-12,-4.850778214729476e-10
Subject04,Incline,1425.0,0.0201,2.3864,-0.004378564044310188,0.2518,68.03,0.0016,0.0118,0.0028,0.0129,4.0215133280123e-11,-3.0846935679296034e-10,1.2755955144947715e-09,1.7702549720998614e-09
Subject04,Incline,1440.0,0.5176,12.3864,0.004122638920477935,10.5005,68.03,0.0072,0.024,0.0087,0.0296,-1.1409671631421803e-11,3.516332282399102e-09,-2.1706144345301405e-10,-1.5276910613901381e-09
Subject04,Incline,1455.0,0.5645,31.6364,0.0027299790372615727,10.5005,68.03,0.0082,0.0252,0.0094,0.0303,1.3673358769191383e-09,-3.395677645464832e-09,-1.0673624199843979e-09,7.2837497511943e-09
Subject04,Incline,1470.0,0.5815,38.8864,-0.0036682817436098636,10.5005,68.03,0.0094,0.0277,0.0091,0.0297,-1.3730817943649304e-09,4.138723313082537e-09,2.2348644313876157e-09,-7.574139378686775e-09
Subject04,Incline,1485.0,0.5818,46.6364,-0.0020916636098691167,10.5005,68.03,0.0103,0.0274,0.0112,0.0324,2.6423252770272915e-09,-4.09902709415228e-09,-1.8675703915429907e-09,6.878925925443655e-09
Subject04,Incline,1500.0,0.5961,48.8864,-0.0030115036256702313,10.5005,68.03,0.0112,0.0285,0.0111,0.0293,-2.5960512920539595e-09,3.6954667297284846e-09,6.704415684018732e-10,-6.9309450190542675e-09
Subject04,Incline,1515.0,0.6042,55.1364,-0.002490447669264715,10.5005,68.03,0.012,0.028,0.0098,0.029,1.6435499127261276e-09,-3.688283313074242e-09,-9.898707502751116e-10,5.8296246176220384e-09
Subject04,Incline,1530.0,0.6061,59.6364,0.0014694062635680156,10.5005,68.03,0.0124,0.0277,0.0122,0.0311,-1.6913122660901317e-09,3.5996212630807617e-09,1.0507096709235583e-09,-5.8461427655927035e-09
Subject04,Incline,1545.0,0.6123,64.4364,0.0006587265104825369,10.5005,68.03,0.0137,0.0304,0.0132,0.0324,2.8607634166696487e-09,-3.615968319413729e-09,-1.1034090866456406e-09,6.892190396129505e-09
Subject04,Incline,1560.0,0.6112,67.8364,-0.001649438407064059,10.5005,68.03,0.0143,0.029,0.0121,0.0284,-2.8442230877442857e-09,9.546676874437557e-11,1.3578638364436174e-09,-4.487400165511828e-09
Subject04,Incline,1575.0,0.6001,70.4364,0.0008411343265447676,10.5005,68.03,0.0138,0.0283,0.0114,0.0299,-4.579284508083053e-11,-1.4869453735507895e-11,-6.009218448674568e-10,-2.984052512954909e-10
Subject04,Incline,1590.0,0.6066,72.2364,-0.002162945545684032,10.5005,68.03,0.0123,0.0282,0.0108,0.0309,1.1987796140667672e-11,1.484321208541676e-09,3.474736031820429e-10,-2.0160960630130773e-09
Subject04,Incline,1605.0,0.602,73.8364,0.0030201813122211064,10.5005,68.03,0.0111,0.0278,0.0104,0.0304,1.3307234117833154e-09,-1.277983874988303e-09,-1.0010361513934597e-09,2.7702715769699946e-09
Subject04,Incline,1620.0,0.6232,77.4697,0.0025745467296276634,10.5005,68.03,0.0121,0.0271,0.0106,0.0306,-8.009845035887996e-10,3.077726059279817e-10,-5.518937463698749e-11,-2.0998904348363397e-09
Subject04,Incline,1635.0,0.6064,77.803,0.0017215583479695787,10.5005,68.03,0.0126,0.0279,0.0104,0.0323,-3.8007715357231236e-10,2.0979634445237282e-10,-2.887011951371557e-11,-1.00640134400825e-09
Subject04,Incline,1650.0,0.6097,79.8364,-0.0016655405392391185,10.5005,68.03,0.0133,0.0291,0.01,0.0311,-1.1645770361496616e-10,2.236112498119236e-09,3.719968680902165e-12,3.206522954203747e-10
Subject04,Incline,1665.0,0.6144,79.9697,-0.0018242363780940618,10.5005,68.03,0.0156,0.0292,0.0123,0.031,1.5395620939101708e-11,4.0458485021558e-09,3.1803668310132172e-09,-5.693717697119932e-12
Subject04,Incline,1680.0,0.6136,80.6364,0.0016378485275817612,10.5005,68.03,0.0131,0.0298,0.0125,0.0314,-2.5511035394475355e-11,-6.983303535268942e-09,-2.2499444169718763e-09,2.2379159923604473e-09
Subject04,Incline,1695.0,0.6129,82.9697,-0.0014731086014938492,10.5005,68.03,0.0119,0.0288,0.0114,0.0353,2.8163927021938903e-09,2.059527502778597e-10,-9.02205815953193e-10,4.517355675104544e-09
Subject04,Incline,1710.0,0.6329,84.4697,0.0013833045146719029,10.5005,68.03,0.012,0.0321,0.0097,0.0314,-2.6037331322167685e-09,4.3044558589938436e-09,1.06446344860951e-09,-6.754771614733073e-09
Subject04,Incline,1725.0,0.6252,85.803,-0.0016725478840962308,10.5005,68.03,0.0123,0.0307,0.0115,0.0337,-2.0879466179241047e-10,-4.844430808440471e-09,-8.52425799744868e-10,1.2343037373375096e-09
Subject04,Incline,1740.0,0.6359,86.4364,0.0017771850597552705,10.5005,68.03,0.0129,0.0302,0.0107,0.0337,1.3958183048068205e-09,3.0588847713194995e-09,-3.661373837828005e-10,-1.2025929371899946e-09
Subject04,Incline,1755.0,0.6399,85.4364,0.004214009921806257,10.5005,68.03,0.0138,0.032,0.0119,0.0343,1.6507587221021394e-09,-2.783519796993668e-09,5.025867235332576e-10,5.990549537174331e-09
Subject04,Incline,1770.0,0.6584,88.0364,-0.001413187560423298,10.5005,68.03,0.0136,0.0307,0.0112,0.0317,-3.1647908909794573e-09,9.22859591145662e-11,2.0409248742511188e-10,-3.540637964464425e-09
Subject04,Incline,1785.0,0.6465,89.9221,0.0018295685914845338,10.5005,68.03,0.0147,0.0281,0.0114,0.0347,6.820125567611441e-10,2.879592216619569e-09,-7.089776092433006e-10,-2.5576111397812417e-09
Subject04,Incline,1800.0,0.323,91.1364,-0.003672247481798123,5.4443,68.03,0.0086,0.0219,0.007,0.0236,-6.003915005918885e-10,-2.986311238193998e-09,1.9995011193984875e-10,2.591260782527163e-09
Subject04,Incline,1815.0,0.2499,84.1364,0.001244710167516091,5.4443,68.03,0.0058,0.0193,0.0046,0.0228,5.924875909286321e-11,2.4714195331544155e-09,-2.1447128833117237e-12,-2.5422349550957595e-09
Subject04,Incline,1830.0,0.2484,80.2078,-0.00202342996213338,5.4443,68.03,0.0047,0.0193,0.0047,0.0188,-2.292135896054532e-11,1.0644021822422128e-09,1.2173166881870178e-09,-1.0184190788242251e-11
Subject04,Incline,1845.0,0.2553,74.0364,0.001824196713343636,5.4443,68.03,0.0048,0.0193,0.0048,0.0198,-8.196954235076282e-13,-8.43627545884103e-10,-9.788514522654165e-10,2.6397489474958166e-11
Subject04,Incline,1860.0,0.2602,72.303,0.0018053833432252933,5.4443,68.03,0.0058,0.0179,0.0052,0.0182,1.3817417179874994e-09,-2.777343180829298e-09,-1.375484966979802e-10,2.556705271270718e-09
Subject04,Incline,1875.0,0.2524,70.9697,-0.0023367528868152103,5.4443,68.03,0.0053,0.0161,0.0054,0.0199,-1.3081462727230583e-09,9.479752266271852e-10,-2.3220349551485576e-10,-2.8804855565508218e-09
Subject04,Incline,1890.0,0.2386,68.4697,-0.002471242598944681,5.4443,68.03,0.0049,0.0167,0.0048,0.0195,1.7318673126542365e-10,8.043731802143934e-11,1.6302152446334338e-10,2.7511204236598107e-10
Subject04,Incline,1905.0,0.2439,66.2364,-0.0030975672011081443,5.4443,68.03,0.0054,0.0193,0.0049,0.0196,-2.6865210300715354e-10,2.563441947235508e-09,1.8078536671271454e-10,3.930247116579166e-10
Subject04,Incline,1920.0,0.2397,62.1364,-0.001343821166154068,5.4443,68.03,0.0051,0.0178,0.0052,0.0204,-5.182113883506915e-12,-3.863197437863109e-10,4.758265886145087e-10,-5.765727959621175e-10
Subject04,Incline,1935.0,0.235,61.2364,0.0016679189608366203,5.4443,68.03,0.005,0.018,0.0043,0.0188,6.485992658299527e-11,-1.3773437210700178e-09,-7.398784254179272e-10,1.6041633537443187e-10
Subject04,Incline,1950.0,0.2429,62.0364,-0.0024651461520046915,5.4443,68.03,0.0052,0.0185,0.0053,0.0185,-5.51372791231274e-11,8.879221960019972e-10,1.1117725280535466e-10,-2.9512959337719936e-11
Subject04,Incline,1965.0,0.2384,61.6364,0.002252157930307755,5.4443,68.03,0.0052,0.0195,0.0047,0.0193,1.8209343455917796e-10,-2.174516204158842e-09,-1.81835048168327e-10,1.898636145429545e-09
Subject04,Incline,1980.0,0.2274,61.6364,-0.003540082249572443,5.4443,68.03,0.0046,0.0177,0.0051,0.0174,-1.9426597407869732e-10,2.4026056466744156e-09,2.8705290577960803e-10,-1.7895453648514314e-09
Subject04,Incline,1995.0,0.228,56.8364,-0.0015311634150135317,5.4443,68.03,0.0046,0.0164,0.0056,0.0206,5.692983159580066e-10,-2.7285045810729847e-09,-2.671418495629018e-10,3.917397192853433e-09
Subject04,Incline,2010.0,0.2397,57.3864,0.002494307857535176,5.4443,68.03,0.0044,0.0184,0.0045,0.0214,-3.6844645679113035e-10,8.91765560129257e-10,2.025497292305673e-11,-2.4425122138759824e-09
Subject04,Incline,2025.0,0.2305,55.9697,0.0018259943899606825,5.4443,68.03,0.0042,0.0186,0.0039,0.0206,-1.3682517812107202e-10,-8.692694247225835e-10,-2.132659472967292e-11,-1.522594963168619e-09
Subject04,Incline,2040.0,0.2273,56.303,-0.0015597157492229878,5.4443,68.03,0.0041,0.0188,0.0048,0.0186,-5.103243291881468e-11,-3.4434224211013265e-10,1.2951548137203614e-10,1.2935691221741664e-09
Subject04,Incline,2055.0,0.237,55.803,-0.001638846509336655,5.4443,68.03,0.0047,0.0167,0.0058,0.0238,-2.8183086745793932e-11,1.8951265630197056e-10,-2.0330360735530022e-11,-3.780806010352807e-10
Subject04,Incline,2070.0,0.2349,55.8864,0.0014087157533024925,5.4443,68.03,0.0046,0.0165,0.0044,0.0211,1.1282794660745298e-10,1.63126023093908e-09,-7.962805147498162e-11,-1.0153046728502782e-09
Subject04,Incline,2085.0,0.2221,56.6364,0.0015404253467574806,5.4443,68.03,0.0038,0.0162,0.0045,0.0212,-8.56535993003645e-11,1.992512768432073e-10,-4.2685410078396905e-11,3.6012068432938835e-11
Subject04,Incline,2100.0,0.2338,56.1364,-0.0019139306231993932,5.4443,68.03,0.0048,0.0177,0.0046,0.0223,-2.942878512782794e-12,-2.9675605286828786e-10,2.2730131783366686e-10,1.406066132112766e-09
Subject04,Incline,2115.0,0.227,53.6364,0.0013351071225616831,5.4443,68.03,0.0036,0.019,0.0037,0.0201,3.893636378574924e-11,-1.755714714626223e-09,-1.1480171719652287e-10,1.3954477042942024e-11
Subject04,Incline,2130.0,0.2211,54.6364,0.0015836848060610696,5.4443,68.03,0.0044,0.0176,0.0041,0.0195,-2.4333235866772273e-11,3.2695100957693123e-10,-7.072647359260774e-11,7.017974371899567e-12
Subject04,Incline,2145.0,0.2201,53.6364,0.0014063221919180767,5.4443,68.03,0.0038,0.0156,0.0039,0.0199,1.5980024261845338e-09,-7.735140663042626e-11,-6.32550041942064e-11,2.5865887973393085e-09
Subject04,Running,360.0,0.4726,-1.7713,0.004434545925718311,2.1518,68.03,0.0049,0.0159,0.0052,0.0145,-3.072466986007669e-11,2.395932744839252e-09,2.045232927087489e-09,-2.5994867906371797e-10
Subject04,Running,375.0,0.7403,6.9787,0.0037833007048204276,2.1518,68.03,0.0059,0.0179,0.0065,0.0171,4.961662076986809e-11,-2.746320969771674e-09,-1.992085223570493e-09,4.664525001913127e-10
Subject04,Running,390.0,0.7385,8.7287,-0.002652043803852921,2.1518,68.03,0.0053,0.0187,0.0063,0.0167,4.748879166898475e-10,1.7562114867849777e-10,-5.2712954718456804e-11,1.7631145382200197e-09
Subject04,Running,405.0,0.7106,7.4787,-0.0015939784177050813,2.1518,68.03,0.0063,0.0186,0.0061,0.0173,1.7546479178471878e-09,-2.478781861512001e-11,3.2231914107134027e-12,7.274268809421814e-10
Subject04,Running,420.0,0.7162,9.7787,0.004140037143373708,2.1518,68.03,0.0059,0.018,0.0059,0.0176,-2.2570841544925224e-09,8.665586079177782e-10,-1.5455834511987786e-11,-3.113577453606845e-09
Subject04,Running,435.0,0.7022,10.4787,-0.003541008102392761,2.1518,68.03,0.0065,0.0178,0.0059,0.0169,2.18244942981152e-09,3.4764263091663185e-10,1.241226060806429e-10,9.70013201743391e-11
Subject04,Running,450.0,0.701,6.9787,0.0019235591532092088,2.1518,68.03,0.0068,0.0178,0.0057,0.0162,-2.1699051145775083e-09,1.7738246868883672e-09,4.4743329659143245e-10,-9.717545130693626e-11
Subject04,Running,465.0,0.7161,8.3121,-0.006061641128864213,2.1518,68.03,0.0061,0.0179,0.0065,0.0167,-2.6467825596108272e-11,-3.1500174264784164e-09,-6.050591606216809e-10,1.1827327011444008e-09
Subject04,Running,480.0,0.7092,-0.0213,0.007484717641672146,2.1518,68.03,0.0075,0.0174,0.0057,0.0166,2.8570309562304803e-11,2.3142324475171113e-10,2.8761071661430175e-11,1.793126038139261e-10
Subject04,Running,495.0,0.706,7.7287,0.0030248748374151328,2.1518,68.03,0.0062,0.0174,0.0057,0.0163,2.1430750682347947e-10,-8.742252468145838e-11,6.798352059798715e-11,9.891413284743112e-10
Subject04,Running,510.0,0.7001,9.2287,-0.0013781265829351562,2.1518,68.03,0.007,0.0176,0.0058,0.0157,2.1493225173087396e-09,8.874390838670216e-12,-5.1512031865343806e-11,9.067600108605224e-10
Subject04,Running,525.0,0.7074,7.4787,-0.0027724023210821606,2.1518,68.03,0.007,0.0177,0.0062,0.0162,-2.3137371713567043e-09,1.270569766965373e-09,-8.944501251636284e-12,-3.1437396309791105e-09
Subject04,Running,540.0,0.7047,2.6454,0.00296418650920843,2.1518,68.03,0.0067,0.0181,0.006,0.0159,-6.16754557029427e-11,-1.013380330296345e-09,9.38479816328316e-12,8.215995393876442e-10
Subject04,Running,555.0,0.7114,5.6454,0.004358030686125822,2.1518,68.03,0.0063,0.0172,0.0061,0.0165,1.74219174661381e-09,-2.1733186531231098e-10,1.579173953085352e-11,1.7978908827112806e-09
Subject04,Running,570.0,0.7237,9.9787,-0.0039058686077832958,2.1518,68.03,0.006,0.0171,0.006,0.017,-1.7603896953904129e-09,9.912351438447676e-10,-1.0703527684763631e-10,-2.7099735756832593e-09
Subject04,Running,585.0,0.7035,9.4787,-0.0029707673611910883,2.1518,68.03,0.0064,0.0164,0.0059,0.016,4.760272812376859e-11,1.173785554526056e-09,1.4476517294637468e-09,6.645215668503649e-11
Subject04,Running,600.0,0.6982,10.4787,0.0043492295021192945,2.1518,68.03,0.0062,0.0162,0.006,0.0163,-8.288493786538532e-11,-2.1247453592960723e-09,-1.3629108848822998e-09,1.050475326133079e-09
Subject04,Running,615.0,0.6961,13.3121,-0.002133812498579051,2.1518,68.03,0.0066,0.0162,0.006,0.0165,-4.5217697818096646e-11,6.086120836519053e-10,-1.4732679038826725e-12,-9.40921819453072e-10
Subject04,Running,630.0,0.6851,10.4787,-0.0031567685781895287,2.1518,68.03,0.0064,0.017,0.0055,0.0157,1.9293358853692387e-10,1.0473092899161544e-09,-1.5530460604065454e-10,-1.7660942118998725e-10
Subject04,Running,645.0,0.7169,8.3121,0.002439379391144927,2.1518,68.03,0.0051,0.017,0.0062,0.0153,-8.860669143947041e-11,1.457873346335883e-10,1.4945178820032139e-09,1.9656865231222893e-10
Subject04,Running,660.0,0.7055,10.6454,-0.0027027013918155688,2.1518,68.03,0.0059,0.0158,0.0055,0.0161,7.405703785799569e-12,-1.872602057171919e-09,-1.2777452114699647e-09,1.4128294006185539e-09
Subject04,Running,675.0,0.7115,7.6454,0.0031788006503470152,2.1518,68.03,0.006,0.0166,0.0058,0.016,-1.220555569581847e-10,-9.017585197667425e-12,-6.708879843490267e-11,-5.961308288118925e-12
Subject04,Running,690.0,0.6939,13.3121,-0.003113054566188606,2.1518,68.03,0.0052,0.016,0.0057,0.0162,7.739760532026579e-10,1.8619835635322612e-10,3.4696621749931315e-11,-4.3837162164032726e-10
Subject04,Running,705.0,0.6855,11.7287,-0.003364979948491066,2.1518,68.03,0.0061,0.0167,0.0055,0.0163,-7.830365871324701e-10,3.9503641072888653e-10,-2.16835378701944e-11,-9.85006487363718e-10
Subject04,Running,720.0,1.5318,15.3121,0.00510191273762517,10.2966,68.03,0.0129,0.0301,0.0131,0.0208,5.28161923783934e-10,5.982743711126602e-09,1.4180752813978318e-10,-1.7909173831745836e-10
Subject04,Running,735.0,2.022,33.3121,-0.0029047733232020873,10.2966,68.03,0.0155,0.0264,0.0162,0.0201,-4.3959835054024e-10,-6.484903713708132e-09,2.857189909174595e-10,3.852583715460266e-09
Subject04,Running,750.0,2.0915,40.4787,-0.002706974631515572,10.2966,68.03,0.0169,0.026,0.016,0.0209,7.956177076441563e-11,-3.7102225046444516e-11,1.996864249005472e-09,-3.4226348647109234e-09
Subject04,Running,765.0,2.1129,47.4787,0.0022629937054354245,10.2966,68.03,0.0177,0.0245,0.0164,0.02,-8.932108908671855e-11,-2.461716386705336e-10,4.735136596066965e-10,-4.766052604173636e-10
Subject04,Running,780.0,2.1409,54.9787,-0.000775295999407918,10.2966,68.03,0.0164,0.0249,0.0154,0.0212,5.864018103497076e-09,1.5873945796651353e-10,-2.802971354655329e-09,-2.2382050575827883e-10
Subject04,Running,795.0,2.1615,62.3787,0.002172882879696952,10.2966,68.03,0.0177,0.0246,0.0162,0.0197,-6.1055127213734615e-09,2.2150983444410305e-10,2.086865106425011e-12,5.730110951483812e-09
Subject04,Running,810.0,2.1861,65.2287,-0.002333348375986282,10.2966,68.03,0.0168,0.0252,0.0164,0.0202,3.0003579730072027e-10,1.4602420646253716e-10,2.1015976480961983e-09,-5.155708602880104e-09
Subject04,Running,825.0,2.2243,67.5787,0.0008553021493144529,10.2966,68.03,0.0193,0.0247,0.0173,0.02,2.1917013026615804e-10,-1.724321337190212e-10,-6.016342871725946e-10,1.079560632161872e-09
Subject04,Running,840.0,2.236,71.1216,0.0012410012354200197,10.2966,68.03,0.0187,0.0251,0.0167,0.0205,-2.2369149125089954e-10,1.113024337971686e-11,2.265731550298561e-09,-1.3059462129482482e-09
Subject04,Running,855.0,2.2444,74.693,0.0013059586641412182,10.2966,68.03,0.0181,0.025,0.0168,0.0201,2.548064202693052e-10,1.3529272365145909e-09,-2.1799330173267633e-09,-3.596725904106753e-11
Subject04,Running,870.0,2.3515,76.6454,-0.0016594270833440595,10.2966,68.03,0.0202,0.0245,0.0183,0.019,-2.944127871985105e-10,-1.8692761179699214e-09,3.864301906242425e-09,8.70148830956647e-12
Subject04,Running,885.0,2.3562,78.693,-0.0016329408621752683,10.2966,68.03,0.0178,0.0247,0.0165,0.0193,5.8878478142661795e-09,3.550137060317563e-10,-5.455890541378649e-09,-2.1089894780290075e-10
Subject04,Running,900.0,2.3082,77.7787,-0.0016570132025169077,10.2966,68.03,0.0194,0.0261,0.0178,0.0191,-5.642503028205954e-09,1.4033576754118932e-10,1.1235005366166228e-10,4.643775863473212e-09
Subject04,Running,915.0,2.3864,78.9787,-0.000729047513067186,10.2966,68.03,0.019,0.0248,0.0178,0.0193,-1.714550356487296e-10,-7.380990819531321e-10,4.904993006961573e-09,-4.720278554958537e-09
Subject04,Running,930.0,2.4261,80.8359,0.0013901330074711437,10.2966,68.03,0.0202,0.0253,0.0185,0.0192,1.0796838747924534e-11,2.4836230981737394e-10,-1.5682902583884122e-09,1.6632483916853786e-11
Subject04,Running,945.0,2.3015,83.3121,0.001662258509299892,10.2966,68.03,0.0193,0.0259,0.0168,0.02,7.022797430425563e-09,2.0023270822244045e-10,-3.483355899176431e-09,-8.372971330329395e-11
Subject04,Running,960.0,2.3903,84.4073,-0.002068939671755475,10.2966,68.03,0.019,0.0248,0.0171,0.0193,-6.988442390811291e-09,4.124267955971949e-10,3.1859367311446666e-09,6.859408610460713e-10
Subject04,Running,975.0,2.415,84.2644,0.001647744657919676,10.2966,68.03,0.0196,0.0247,0.0174,0.0196,-6.019890469430684e-11,-8.452211357874065e-10,1.5306898394281186e-10,-4.525024701471657e-10
Subject04,Running,990.0,2.4482,86.1216,0.001832534837405295,10.2966,68.03,0.0196,0.0239,0.0186,0.0191,-2.2221673478903458e-10,7.957443910861875e-09,-3.4716219795287864e-09,-4.940886328489882e-12
Subject04,Running,1005.0,2.4143,87.5502,-0.0018798453086451188,10.2966,68.03,0.0191,0.0239,0.0172,0.02,6.59872001694143e-09,-7.620458080149722e-09,2.0066616876090352e-10,-2.4443378256433557e-10
Subject04,Running,1020.0,2.382,87.9787,-0.001892272686175206,10.2966,68.03,0.0198,0.0259,0.0168,0.0185,-6.300771958452109e-09,-2.8973274761800107e-10,2.417442101866427e-09,2.371847739225205e-10
Subject04,Running,1035.0,2.4624,88.5502,0.0017557091938584072,10.2966,68.03,0.0202,0.0234,0.0175,0.019,1.4123519107892523e-09,7.131209876982367e-10,-2.330363881108941e-09,9.97493164596387e-10
Subject04,Running,1050.0,2.4029,90.693,0.0018676362876328828,10.2966,68.03,0.0201,0.0237,0.0163,0.0185,9.545642039227777e-10,3.3338611778325608e-09,6.425880096107804e-11,-8.248425729759766e-10
Subject04,Running,1065.0,2.2147,91.4787,0.001685251600073995,10.2966,68.03,0.0163,0.0258,0.016,0.0178,-2.239789507800785e-09,-3.4908890827294625e-09,-1.0917502951744738e-10,5.568237942080104e-10
Subject04,Running,1080.0,1.3317,88.6454,-0.001255132193305723,9.0126,68.03,0.0113,0.0263,0.0111,0.0208,4.263372056693257e-09,6.001171171859723e-10,-1.3179937864582379e-10,-4.351080006843012e-11
Subject04,Running,1095.0,1.3486,84.3121,-0.0010797315830866744,9.0126,68.03,0.0119,0.0263,0.0123,0.0197,-4.155833776273255e-09,-7.944503170374393e-10,2.1197777510147145e-09,-4.794327464430703e-10
Subject04,Running,1110.0,1.3654,81.5502,-0.0014292109038138614,9.0126,68.03,0.0126,0.0252,0.0119,0.0202,-1.2955649402942253e-10,5.310376778509141e-09,-2.250246745050957e-09,-7.51591569502025e-11
Subject04,Running,1125.0,1.3326,81.4787,0.0018535094710949791,9.0126,68.03,0.012,0.0264,0.0107,0.0204,3.2294354082610327e-09,-5.160742262572245e-09,2.1913905737032142e-10,-7.372177394201264e-11
Subject04,Running,1140.0,1.3033,81.6454,-0.0014917211693918004,9.0126,68.03,0.0113,0.0283,0.0103,0.0205,-3.730926476052639e-09,3.1544474960642986e-10,1.0706276770224082e-11,2.5811919044082883e-09
Subject04,Running,1155.0,1.3562,82.3787,-0.0016469159840499467,9.0126,68.03,0.0129,0.0292,0.0101,0.0219,4.2852948178645476e-10,-1.9010447803424345e-10,-4.909953024276191e-11,-8.298156394941752e-10
Subject04,Running,1170.0,1.3439,81.4787,0.001298342631129571,9.0126,68.03,0.0114,0.0282,0.0108,0.022,2.8067828815724197e-10,1.2515582498575385e-10,4.766045985434285e-10,4.2176864735512584e-10
Subject04,Running,1185.0,1.439,81.9787,0.0016820803646109721,9.0126,68.03,0.0107,0.0268,0.0112,0.0218,6.163029118056973e-10,-8.520983826358559e-11,-7.101517350949239e-11,8.008676858686814e-10
Subject04,Running,1200.0,1.5027,80.3121,-0.0024722334896224913,9.0126,68.03,0.0118,0.0267,0.0118,0.0223,2.2058083739839176e-09,6.913790997311911e-11,-4.6125292878466014e-10,-9.699085349770594e-10
Subject04,Running,1215.0,1.4731,79.9787,0.0016165076996677687,9.0126,68.03,0.013,0.0267,0.011,0.0223,-3.152818969963187e-09,5.237295332788389e-09,1.682147878593753e-11,-1.8227324095512958e-09
Subject04,Running,1230.0,1.3052,81.1454,0.0016195789972351605,9.0126,68.03,0.011,0.0296,0.0099,0.0212,-3.9005969631142567e-10,-5.2025516397026086e-09,2.0866037144111386e-10,3.5451883818426363e-09
Subject04,Running,1245.0,1.4091,80.6454,-0.0016906352602015925,9.0126,68.03,0.0115,0.0266,0.0108,0.0207,3.3467638829594143e-10,4.601460661060816e-10,2.159934328151312e-09,-3.853181084110911e-09
Subject04,Running,1260.0,1.4276,80.3121,-0.00145669959373758,9.0126,68.03,0.0106,0.0265,0.0103,0.0219,1.5015720481929654e-10,4.99380101934121e-09,-2.458670559591748e-09,1.4608342340219129e-10
Subject04,Running,1275.0,1.4891,79.1454,0.0016230627961586973,9.0126,68.03,0.0141,0.0262,0.0115,0.0226,-1.4568683422836765e-10,-4.978128105477825e-09,2.115657773689503e-09,-2.1786790157807273e-11
Subject04,Running,1290.0,1.3345,79.3787,0.0014308912999300544,9.0126,68.03,0.0114,0.0272,0.0091,0.0209,1.2590518215515427e-11,-1.0927516661605907e-10,1.3080079165420226e-10,4.336567034254585e-11
Subject04,Running,1305.0,1.4436,81.8121,-0.0014781911527416767,9.0126,68.03,0.0117,0.0256,0.0102,0.0195,-2.0261830814403967e-12,-8.51656376967017e-10,1.0619527930199223e-09,-8.405746278410076e-12
Subject04,Running,1320.0,1.4423,83.1454,0.0012684792050210421,9.0126,68.03,0.0118,0.0258,0.0105,0.0205,-2.1393022352666133e-10,5.627835155312634e-10,-2.974649788556004e-09,2.8782761926184426e-09
Subject04,Running,1335.0,1.5171,83.9787,-0.0018658593364106382,9.0126,68.03,0.0136,0.024,0.0121,0.0199,4.0316874642768505e-10,4.555042353495883e-09,-4.710148411338525e-10,-2.775135364310932e-09
Subject04,Running,1350.0,1.4481,83.4787,0.0017843626638105277,9.0126,68.03,0.0115,0.0238,0.0119,0.0207,3.4680130747343263e-10,-4.7067460937906e-09,3.5279811642153024e-10,2.3310774252137362e-09
Subject04,Running,1365.0,1.3825,84.4787,-0.0015750246053668191,9.0126,68.03,0.012,0.023,0.0121,0.0189,-8.448956042460339e-10,4.351229104145968e-11,8.348727662554981e-11,9.650109705212207e-10
Subject04,Running,1380.0,1.5303,82.4787,-0.0012485937619230898,9.0126,68.03,0.0125,0.0233,0.0114,0.0238,3.6632718048898046e-09,-3.0838767094300784e-10,-1.5941240561075845e-10,-2.040874919132658e-09
Subject04,Running,1395.0,1.3577,80.4787,0.0017049729019638334,9.0126,68.03,0.0112,0.0239,0.0113,0.02,-3.264103409338268e-09,3.705220874926237e-10,6.945405697894604e-11,2.394443640740886e-09
Subject04,Running,1410.0,1.4346,80.9787,-0.0013983887453736246,9.0126,68.03,0.0122,0.0227,0.0115,0.0193,4.2801302836603006e-11,-1.322772486627882e-10,8.694521435931904e-10,-1.592183362707343e-09
Subject04,Running,1425.0,1.616,81.9787,0.0019213427060912752,9.0126,68.03,0.015,0.0225,0.0134,0.0198,5.726363188260135e-10,3.5325523083825057e-09,-7.847248331506815e-10,-2.2262831839419255e-09
Subject04,Running,1440.0,2.2732,86.1454,0.0020929610146383356,9.8422,68.03,0.0189,0.0229,0.0165,0.0186,-6.668208970592128e-10,-3.1996123028658514e-09,1.4657167526621091e-09,1.0129262610068558e-10
Subject04,Running,1455.0,1.7878,89.5502,-0.001832420906069997,9.8422,68.03,0.0164,0.0221,0.015,0.0183,1.7287265787985113e-10,-3.455997104419927e-11,1.43989838955161e-09,5.825184606540478e-10
Subject04,Running,1470.0,1.7489,88.5502,-0.002011946436178377,9.8422,68.03,0.0169,0.0231,0.0146,0.0199,3.8763665566096426e-10,-4.203249615334174e-11,-2.8876983528161845e-09,3.7759027133464035e-09
Subject04,Running,1485.0,1.7474,89.693,0.0018082917166697698,9.8422,68.03,0.016,0.0216,0.0139,0.0178,-7.64243461156789e-10,3.6305680177460074e-09,-1.2419350076531905e-10,-4.434733910128715e-09
Subject04,Running,1500.0,1.7948,90.8121,-0.0019296197775551132,9.8422,68.03,0.0157,0.0215,0.0147,0.0182,-2.2810941616797325e-11,-3.860816886104362e-09,2.178190011056113e-10,4.3162219480213385e-09
Subject04,Running,1515.0,1.787,90.8359,-0.0018373308212730876,9.8422,68.03,0.0172,0.0219,0.0158,0.0184,1.4327003019658792e-10,-4.342150780762103e-10,4.349586879790981e-09,-4.422614072397143e-09
Subject04,Running,1530.0,1.7864,90.8359,0.0018799060008489966,9.8422,68.03,0.0179,0.0212,0.0157,0.0188,9.88412982301057e-10,4.766854559707057e-09,-4.546356917260278e-09,1.1008720157632281e-10
Subject04,Running,1545.0,1.7501,90.693,-0.0018781881011128707,9.8422,68.03,0.0152,0.0208,0.0162,0.018,-9.33724822676625e-10,-4.2527227089646785e-09,-8.485137624999281e-11,3.892777579464794e-09
Subject04,Running,1560.0,1.7113,90.4073,0.0020843997269151906,9.8422,68.03,0.0159,0.0216,0.0156,0.0187,2.1448765578488976e-10,2.295947663225356e-09,1.0424276520253637e-09,-3.835787900690423e-09
Subject04,Running,1575.0,1.7429,91.693,0.00193340024622004,9.8422,68.03,0.0158,0.0204,0.0161,0.0181,4.493243199161372e-09,-2.036014848285696e-09,-9.58337586270361e-10,-1.369373116566698e-11
Subject04,Running,1590.0,1.7287,91.8359,-0.0019160365300210605,9.8422,68.03,0.0156,0.0209,0.0156,0.0182,-1.3123869185001793e-09,-4.505266827414575e-10,-2.0107017466176998e-11,4.855699644163514e-10
Subject04,Running,1605.0,1.7846,91.8359,-0.0016303413079434756,9.8422,68.03,0.0165,0.0214,0.0155,0.0181,-3.086558118067963e-09,2.1988233064366525e-10,1.8732680873542004e-11,1.65277624492408e-09
Subject04,Running,1620.0,1.7355,91.5502,0.0019673961096873067,9.8422,68.03,0.0169,0.0209,0.0161,0.0188,-2.613288683312257e-10,-1.2789061147742806e-10,1.1100037649717184e-10,5.424819693334409e-10
Subject04,Running,1635.0,1.7837,92.1216,-0.0019046615232658896,9.8422,68.03,0.016,0.0209,0.0149,0.0193,-2.1031549323920306e-10,2.257794000508436e-11,-1.0513600344207955e-10,2.306250658854537e-09
Subject04,Running,1650.0,1.83,92.2287,0.0033502750200572477,9.8422,68.03,0.016,0.0206,0.0151,0.0183,2.3291524400786176e-10,5.923253880778698e-11,1.5325529101657752e-10,-2.862740198595826e-09
Subject04,Running,1665.0,1.8769,92.1037,-0.001906799957182706,9.8422,68.03,0.0166,0.0211,0.0155,0.0181,3.5320807270240418e-09,-2.3282854905666807e-10,-2.2043808808720947e-10,-1.2262151148962023e-09
Subject04,Running,1680.0,1.8183,91.9787,-0.001970963429427227,9.8422,68.03,0.0162,0.0199,0.0154,0.0178,1.0386523622054076e-10,-2.700229827713325e-10,-4.330990216634786e-11,-9.37527609575733e-10
Subject04,Running,1695.0,1.8105,92.4073,0.0019050440861842727,9.8422,68.03,0.0153,0.0216,0.0152,0.0178,-3.673587627392638e-09,3.8112088265998994e-10,6.345357055202948e-11,4.371816517619759e-09
Subject04,Running,1710.0,1.8391,94.1216,-0.0020799108405642752,9.8422,68.03,0.016,0.0217,0.0161,0.018,1.1590148774129222e-10,4.103750144333471e-11,5.032642972179336e-12,-1.8043263945826517e-09
Subject04,Running,1725.0,1.8273,92.8537,-0.0018347838726169836,9.8422,68.03,0.0172,0.0204,0.0164,0.0183,1.3110231168966894e-09,4.216228026590081e-11,2.3024027605323777e-11,-1.1720664185510838e-09
Subject04,Running,1740.0,1.7549,92.4073,-0.0017126429948830697,9.8422,68.03,0.0176,0.0198,0.0163,0.0186,1.5319139420256064e-09,1.4626068495264031e-09,9.275426331310575e-11,-1.3623146873075799e-09
Subject04,Running,1755.0,1.7828,92.2009,0.0023212400654426387,9.8422,68.03,0.016,0.0229,0.0158,0.0182,-2.8916744999752954e-09,3.588516253754417e-10,4.860637262136597e-10,-3.64912294831896e-11
Subject04,Running,1770.0,1.7723,93.1037,0.001908643222521411,9.8422,68.03,0.0158,0.0209,0.0158,0.0183,-9.106759022265269e-11,-2.1732889799618484e-09,3.2140857842237156e-09,-1.6959994207680578e-10
Subject04,Running,1785.0,1.745,93.9787,0.0021222990324263774,9.8422,68.03,0.016,0.0215,0.0147,0.0185,3.70263997383889e-11,1.4994551374731392e-09,-2.974014541132681e-09,1.7707989240108777e-10
Subject04,Stairs,360.0,0.1054,-4.6163,0.0028896910977862463,5.9622,68.03,0.0106,0.0375,0.0122,0.0333,1.1598165713144023e-10,-7.821754658101575e-10,-1.3387559424128986e-10,1.0955758879237553e-09
Subject04,Stairs,375.0,0.0932,6.5504,0.002212740631565884,5.9622,68.03,0.0107,0.0336,0.0126,0.0329,2.658269762940731e-11,7.385328043897875e-10,-2.7547491613871343e-10,-6.256418217808987e-10
Subject04,Stairs,390.0,0.0906,12.0837,-0.0021692508823578068,5.9622,68.03,0.0122,0.038,0.0112,0.0326,-4.070326761580832e-11,2.0432758096650325e-09,8.066884184650391e-10,2.40950236367634e-09
Subject04,Stairs,405.0,0.0931,16.2171,0.0018647068464351594,5.9622,68.03,0.0098,0.0385,0.0113,0.033,1.7106661195498886e-10,-3.833833166398482e-09,-2.867444907004803e-10,-1.1232724466618232e-09
Subject04,Stairs,420.0,0.0915,20.3837,-0.001931009649018984,5.9622,68.03,0.0117,0.0367,0.0095,0.0302,-9.844054829764546e-11,9.88689435846032e-11,7.678210523472322e-10,1.565681213849906e-09
Subject04,Stairs,435.0,0.1105,23.8837,0.0013875403022375271,5.9622,68.03,0.0112,0.0357,0.0123,0.036,3.028415091294226e-10,2.4633223635453994e-09,-8.318191904444438e-10,-3.264029093176147e-09
Subject04,Stairs,450.0,0.1026,28.0837,-0.0017348728341938892,5.9622,68.03,0.0086,0.0382,0.009,0.0236,8.332855415153462e-10,-9.889611322964602e-11,-2.227082069382599e-10,1.8286460253007588e-10
Subject04,Stairs,465.0,0.0993,31.1337,0.0017765149091401441,5.9622,68.03,0.0083,0.0326,0.0096,0.0252,-1.3321079400836745e-09,-1.2711923195379334e-09,-3.231947008950192e-10,-2.3251351210731856e-10
Subject04,Stairs,480.0,0.1002,34.4837,-0.001669854857626114,5.9622,68.03,0.0094,0.0358,0.0078,0.0294,2.866728448976309e-10,3.03796900097862e-09,9.210486797090578e-10,2.7062516234164284e-09
Subject04,Stairs,495.0,0.0958,34.4837,0.0025083334467065174,5.9622,68.03,0.01,0.0308,0.0093,0.0297,2.82940892854432e-10,-4.58907666787717e-09,2.4411290397053414e-09,-1.8623034953370065e-10
Subject04,Stairs,510.0,0.0936,31.3837,-0.001339242271220319,5.9622,68.03,0.0088,0.0332,0.0133,0.029,-5.351910987563672e-10,-2.061727771581253e-10,-2.707104615544357e-09,-5.422117605472164e-10
Subject04,Stairs,525.0,0.0981,30.3837,-0.0014655161508081748,5.9622,68.03,0.012,0.0375,0.0116,0.0277,1.0193724730475444e-10,5.0278406315042e-09,-4.5337800129390303e-10,-1.7660911432381277e-09
Subject04,Stairs,540.0,0.0987,30.0504,0.0017784402922016154,5.9622,68.03,0.0107,0.0341,0.0087,0.029,4.802399522565526e-11,-4.16636446211452e-09,-1.795607583688801e-10,2.3225338262766356e-09
Subject04,Stairs,555.0,0.1129,33.0504,0.0011393843296121002,5.9622,68.03,0.0094,0.0384,0.0116,0.0287,1.9610861282166374e-10,5.4781273724380496e-09,3.948582977305035e-10,-2.5565919811477833e-09
Subject04,Stairs,570.0,0.0934,36.4551,-0.001983308107196048,5.9622,68.03,0.0073,0.0333,0.0118,0.0251,-3.229011892815961e-10,-6.325266465516725e-09,6.387673033293608e-10,1.6624994973890032e-09
Subject04,Stairs,585.0,0.0962,36.7171,0.0021068490921919572,5.9622,68.03,0.008,0.0309,0.0077,0.0275,-9.027489282760546e-12,6.720105642192753e-10,-9.286269987199686e-10,4.915467478013869e-10
Subject04,Stairs,600.0,0.0947,37.6837,-0.002329655893193556,5.9622,68.03,0.0088,0.0309,0.0103,0.0283,-1.2620846249269564e-11,6.820675069375676e-10,-1.2106307530508338e-10,1.5153414902562774e-09
Subject04,Stairs,615.0,0.0926,35.0837,-0.0026633725896950326,5.9622,68.03,0.0079,0.0322,0.0103,0.0314,2.280944401427913e-10,-8.601216850043062e-10,5.845553794122202e-10,-4.8463508962075924e-11
Subject04,Stairs,630.0,0.0921,35.8837,0.0015538343120369666,5.9622,68.03,0.0084,0.0311,0.0077,0.0318,1.2335529071546585e-10,-2.2461588678858133e-10,-3.3301232529484795e-10,-8.879637405786719e-10
Subject04,Stairs,645.0,0.0965,37.0837,0.001287258105391261,5.9622,68.03,0.008,0.0286,0.0082,0.0249,-4.0463949063961515e-10,2.4109408272593096e-09,-2.1456981641470634e-10,-2.0711297638661874e-09
Subject04,Stairs,660.0,0.0975,39.6837,0.0014247680822622373,5.9622,68.03,0.0085,0.0344,0.0096,0.0285,-1.3122092494826045e-10,1.4729004271891216e-09,6.44624603846967e-10,3.4099045549644355e-09
Subject04,Stairs,675.0,0.0924,40.0837,-0.002100892577303508,5.9622,68.03,0.0077,0.0278,0.0118,0.027,1.5509963106407125e-10,-7.074193936913138e-10,-2.687233718430463e-10,-3.4745211894160728e-09
Subject04,Stairs,690.0,0.0877,37.6837,0.0015636214976181737,5.9622,68.03,0.0101,0.032,0.0116,0.0307,2.936237910194168e-10,-1.189173698297627e-09,-3.634974377593906e-10,-7.097351425048969e-10
Subject04,Stairs,705.0,0.0893,39.0837,0.00137835095701678,5.9622,68.03,0.0076,0.035,0.0094,0.027,6.021574102704657e-10,9.672161149652012e-10,9.957096756235734e-10,2.842436161809527e-10
Subject04,Stairs,720.0,0.0838,39.0266,-0.002156145305902498,4.5836,68.03,0.0089,0.0306,0.0081,0.0242,-8.550201906645648e-10,-3.134384341856269e-09,-1.0552365745503114e-09,2.0035263431736284e-09
Subject04,Stairs,735.0,0.0816,35.0504,0.0019086933549904543,4.5836,68.03,0.0079,0.0304,0.0067,0.0266,-3.265424345604477e-11,2.1346815965475988e-09,9.828460124787285e-11,-1.7601916929900687e-09
Subject04,Stairs,750.0,0.0671,34.4837,0.0028054726784122515,4.5836,68.03,0.0064,0.0323,0.0058,0.0251,-3.3742421709268995e-11,-2.1195280378484325e-09,1.9657952502544786e-10,2.6828533242475245e-09
Subject04,Stairs,765.0,0.0729,36.598,0.0021274429018742114,4.5836,68.03,0.0079,0.0285,0.0088,0.0308,4.5845381903304816e-10,6.135050349919683e-10,-1.2211712788683671e-10,-3.1003016801932114e-10
Subject04,Stairs,780.0,0.0755,34.7171,-0.0018480212865709556,4.5836,68.03,0.0066,0.0325,0.0064,0.024,-4.215047152281251e-10,1.263986501606197e-09,-1.3783743113833514e-10,-2.791873700020982e-09
Subject04,Stairs,795.0,0.0716,34.6837,0.003008680213527463,4.5836,68.03,0.007,0.0303,0.0059,0.028,7.871639678642526e-11,-2.1075325611644014e-09,-2.922009351798522e-11,2.794534828163284e-09
Subject04,Stairs,810.0,0.0659,34.7171,-0.003285786135786742,4.5836,68.03,0.0073,0.0295,0.0085,0.0259,1.6765520978530017e-09,2.942481813296256e-09,1.2715995418649559e-09,-2.6874143697178633e-09
Subject04,Stairs,825.0,0.0762,29.5504,0.0027444590003118255,4.5836,68.03,0.0067,0.0352,0.0076,0.0268,1.539763571964264e-09,-7.435054469050984e-10,-9.783546439753e-10,3.732559606469443e-09
Subject04,Stairs,840.0,0.0732,31.4837,0.002072062637630166,4.5836,68.03,0.0072,0.0296,0.0072,0.0284,-3.2896432066017674e-09,-1.7472187560607006e-09,-4.106668198829464e-11,-1.6177077386908027e-09
Subject04,Stairs,855.0,0.0835,30.7409,0.003084673751319145,4.5836,68.03,0.0056,0.0285,0.0058,0.0235,5.937557668963743e-12,2.2965732615975245e-09,-2.255874392940158e-10,-1.9570756614227975e-09
Subject04,Stairs,870.0,0.0827,33.7171,0.0031234943399413104,4.5836,68.03,0.0071,0.0328,0.0055,0.0209,2.7992521428858383e-11,-2.72301230854082e-09,-3.4513146062613765e-11,1.4873010638956478e-09
Subject04,Stairs,885.0,0.0734,33.8837,-0.0016548069166222239,4.5836,68.03,0.0061,0.0271,0.0066,0.0256,3.480618304419589e-10,3.516061301796718e-10,3.449656644839374e-10,-1.691114381139532e-09
Subject04,Stairs,900.0,0.0918,34.2171,0.0027391644971064737,4.5836,68.03,0.0059,0.0297,0.0051,0.0225,-3.752877623676617e-10,2.596766607441599e-09,-3.4337185965215886e-10,4.3928179780020184e-10
Subject04,Stairs,915.0,0.0812,30.5504,-0.002674294554784238,4.5836,68.03,0.0078,0.0302,0.0059,0.0279,3.672741337098701e-11,-2.9032728121632443e-09,-7.504999007933893e-12,9.780449549725793e-10
Subject04,Stairs,930.0,0.0778,28.2171,0.0024072001169283368,4.5836,68.03,0.0056,0.03,0.0068,0.0219,-1.607577951513762e-11,1.130069997372417e-09,1.022299739061254e-10,-1.0746755461626267e-09
Subject04,Stairs,945.0,0.072,29.7171,-0.0017689047966398068,4.5836,68.03,0.0061,0.0278,0.0059,0.0225,1.6505543190824879e-10,-7.43415289862939e-10,-4.8237209542090395e-11,2.8912070423457085e-09
Subject04,Stairs,960.0,0.0879,29.8837,0.0021387798166625626,4.5836,68.03,0.0052,0.0242,0.0049,0.0251,9.980548956311114e-10,2.1622631372105723e-09,1.2772157281527604e-10,-3.1467802239510087e-09
Subject04,Stairs,975.0,0.0697,30.8837,-0.001895978014346057,4.5836,68.03,0.0052,0.0288,0.0058,0.0208,-7.502623573597008e-10,-2.33426319710865e-09,4.5944171442121294e-10,2.2751330620135195e-09
Subject04,Stairs,990.0,0.0719,32.0266,0.0024714459627671547,4.5836,68.03,0.0054,0.0228,0.0075,0.0226,-3.3764510660920386e-10,1.8756032317067087e-10,-6.415708083384746e-10,-6.207816554233842e-10
Subject04,Stairs,1005.0,0.0711,33.2171,0.0020638005814744447,4.5836,68.03,0.005,0.0312,0.0056,0.0256,-9.784523657087242e-11,3.51767433312927e-09,1.4399673316740446e-10,-1.0078227751906047e-09
Subject04,Stairs,1020.0,0.0763,32.0504,-0.0016357714405815648,4.5836,68.03,0.006,0.0297,0.0053,0.024,1.3248486850464148e-09,-3.6058326643606336e-09,-4.656139525699415e-11,1.235528542984322e-09
Subject04,Stairs,1035.0,0.0757,28.3837,-0.0018364710550291526,4.5836,68.03,0.0056,0.0261,0.0045,0.0249,-9.567659906108188e-10,1.0252822146360054e-09,-1.5059573871186286e-10,2.3039828169678304e-09
Subject04,Stairs,1050.0,0.0765,26.4837,0.0025513753617289908,4.5836,68.03,0.0057,0.0374,0.0057,0.0193,-3.5222426757735026e-10,-1.3168378064653617e-10,6.518359889113308e-11,-4.4623256197594705e-09
Subject04,Stairs,1065.0,0.0794,27.3837,0.0024119013661878315,4.5836,68.03,0.0075,0.0303,0.0055,0.0243,2.5295100212833995e-10,-5.443675383159981e-10,2.929516354901648e-11,1.8088489063299623e-09
Subject04,Stairs,1080.0,0.0931,28.0504,-0.0025081305733853482,5.4044,68.03,0.0077,0.0315,0.0077,0.0262,-8.17135076056119e-11,1.2885220177552842e-09,4.8970154058018136e-11,-1.7049215824144854e-09
Subject04,Stairs,1095.0,0.0958,29.0837,0.0020300654486387036,5.4044,68.03,0.0087,0.0381,0.011,0.0288,-3.8356302194012046e-10,-1.8083360408974793e-09,5.58930116676781e-10,3.2970020819520485e-09
Subject04,Stairs,1110.0,0.1017,31.598,0.001969020947418818,5.4044,68.03,0.0074,0.0312,0.0067,0.0271,3.5676198432779697e-10,5.775332234720639e-10,-6.510097684713487e-10,-2.0537248742659505e-09
Subject04,Stairs,1125.0,0.0925,34.1694,-0.002204632695208889,5.4044,68.03,0.0061,0.0274,0.007,0.0254,-1.1823632898813292e-10,8.946417471908784e-10,1.376716969300364e-11,-1.3433252630922041e-09
Subject04,Stairs,1140.0,0.0962,35.6337,-0.0018733115600755585,5.4044,68.03,0.0074,0.0364,0.0076,0.0266,6.24129617928008e-10,-1.2014372001201627e-09,9.383389929685443e-11,3.957903496032776e-09
Subject04,Stairs,1155.0,0.0815,36.1694,0.0027297899223446675,5.4044,68.03,0.0071,0.0301,0.008,0.0273,-9.027568475072366e-11,5.075081746062417e-09,5.296561380892296e-11,-3.6736072485168135e-09
Subject04,Stairs,1170.0,0.0926,37.5087,-0.002129354150376752,5.4044,68.03,0.008,0.0322,0.0094,0.0257,5.450732361796607e-09,-5.203206168563615e-09,3.1170813243527897e-10,2.2432771080453837e-09
Subject04,Stairs,1185.0,0.0941,37.3837,-0.0022046893595291848,5.4044,68.03,0.0082,0.0282,0.0072,0.0299,-5.228377069543505e-09,3.565547764172974e-09,1.1575982866026816e-09,-2.7901871372020847e-09
Subject04,Stairs,1200.0,0.0966,35.8837,-0.0024669787417464805,5.4044,68.03,0.0082,0.0292,0.0073,0.0289,-8.050656602345373e-10,-2.2580758119812178e-09,-1.6498791556377938e-09,2.943955580184822e-10
Subject04,Stairs,1215.0,0.089,32.8837,-0.0026646945093777743,5.4044,68.03,0.0093,0.0304,0.0094,0.0243,2.1615997077353703e-11,1.1162039691680516e-09,5.531624739681166e-10,3.2409693772118454e-09
Subject04,Stairs,1230.0,0.094,34.7171,0.0023692727406373596,5.4044,68.03,0.0056,0.0313,0.0065,0.0235,1.2917066162664349e-10,-2.2320895762515087e-09,-3.6091631601440814e-10,-1.2576506280983378e-09
Subject04,Stairs,1245.0,0.0827,35.2171,0.002572177818094177,5.4044,68.03,0.0069,0.032,0.0064,0.0237,1.6924158105163495e-09,2.15256403532486e-12,-5.867920361404992e-11,-6.801354342063111e-10
Subject04,Stairs,1260.0,0.089,36.0266,-0.0026528829183859316,5.4044,68.03,0.0073,0.0283,0.0065,0.0268,-9.517263353543705e-10,3.129250465894065e-09,3.4629104262164482e-09,-1.6027721321836623e-09
Subject04,Stairs,1275.0,0.0939,33.0087,-0.0023104079505332125,5.4044,68.03,0.0086,0.0335,0.0074,0.0239,1.4070650163119345e-09,1.8365679905814584e-10,-2.5985047209235703e-09,4.927105572921112e-10
Subject04,Stairs,1290.0,0.0795,32.7587,-0.0030292422654010177,5.4044,68.03,0.0085,0.0344,0.0072,0.0224,-2.059207757664145e-09,1.674405780986898e-10,9.566829805794382e-10,5.999882047258103e-10
Subject04,Stairs,1305.0,0.0919,30.8837,0.0032199332518072572,5.4044,68.03,0.0079,0.0309,0.0093,0.0252,3.5000409772299174e-09,-3.1558890525731542e-09,-1.616623351056668e-09,3.592912720216148e-09
Subject04,Stairs,1320.0,0.0887,34.8837,-0.00224136335178025,5.4044,68.03,0.0084,0.03,0.0075,0.0269,-3.230898530198138e-09,-5.031360055505737e-10,-2.9270741940335204e-10,-3.0397220951478245e-09
Subject04,Stairs,1335.0,0.1063,34.7409,0.0012284624572429452,5.4044,68.03,0.0074,0.0242,0.0064,0.0259,-3.107130619976635e-10,3.7934211796566006e-10,-2.5162933666438094e-11,6.5588929950929e-10
Subject04,Stairs,1350.0,0.0873,35.7587,0.002142395662905719,5.4044,68.03,0.0063,0.0303,0.0094,0.0226,3.389183083314727e-10,2.5035517412744007e-10,2.461762003382414e-10,-1.8952100514559455e-09
Subject04,Stairs,1365.0,0.0869,37.4551,0.0016010879135832717,5.4044,68.03,0.0069,0.0274,0.0056,0.0246,-3.7469012377538356e-11,3.6271656784508187e-09,2.851054198211232e-10,1.0037265886791384e-10
Subject04,Stairs,1380.0,0.0888,37.2587,-0.0021246447007044903,5.4044,68.03,0.0084,0.028,0.0074,0.0263,3.517614379996678e-10,-9.115889011510175e-10,-2.387785737798507e-10,8.485187768312821e-10
Subject04,Stairs,1395.0,0.0964,34.0504,0.0019200321672867128,5.4044,68.03,0.0089,0.0301,0.0063,0.0254,-1.312143465715937e-09,-3.3034859074715466e-09,-9.51736044263685e-11,1.8446936445976955e-09
Subject04,Stairs,1410.0,0.0941,34.598,0.0022226874515642483,5.4044,68.03,0.0095,0.0288,0.0064,0.0285,5.419071262816782e-10,-3.174395682275144e-10,-1.9463121557039885e-10,-1.1783601438385333e-09
Subject04,Stairs,1425.0,0.0889,34.2171,-0.0021710658848103632,5.4044,68.03,0.0083,0.0322,0.0072,0.0213,1.0260748587790803e-10,1.0579964908716307e-10,6.592659014787671e-11,-7.351910086142782e-10
Subject04,Walking,360.0,0.3981,-4.2143,0.00271950068254869,1.6658,68.03,0.0051,0.0131,0.0055,0.0127,4.181684839945987e-10,-1.754837152597928e-09,5.5696061711183447e-11,1.6370994421079573e-09
Subject04,Walking,375.0,0.4769,0.7857,-0.002619994955066409,1.6658,68.03,0.0036,0.0163,0.0049,0.0135,-7.641020395579984e-10,1.2845870820614952e-09,3.728063600808124e-12,-1.4603974390898153e-09
Subject04,Walking,390.0,0.4798,-1.7143,0.004367637069068269,1.6658,68.03,0.0046,0.0158,0.0061,0.0135,3.3742487732553754e-11,-1.2438296622178577e-09,-3.286303049832068e-11,4.771838219770097e-10
Subject04,Walking,405.0,0.4715,5.619,-0.004572519226722715,1.6658,68.03,0.0048,0.0151,0.0054,0.0122,-3.339594165551995e-11,1.3452752110362293e-09,-2.0800748056982014e-11,-3.97724741148756e-10
Subject04,Walking,420.0,0.4718,0.7857,-0.002310715430817416,1.6658,68.03,0.0038,0.0162,0.0058,0.0109,-1.7711628559792792e-11,-1.160456992751848e-09,2.891937198032431e-10,1.1855737727533677e-10
Subject04,Walking,435.0,0.4671,-3.2143,0.002257057292123556,1.6658,68.03,0.0033,0.0149,0.0061,0.0108,1.1748977508847675e-09,-2.2835873756053143e-10,-2.5763326592415093e-10,1.1435326518293487e-09
Subject04,Walking,450.0,0.4759,-4.2143,-0.00021772323713624013,1.6658,68.03,0.0041,0.0153,0.0059,0.0104,-1.1758348605936417e-09,1.7719004668802524e-09,-1.7557261007306509e-10,-1.4191358525815087e-09
Subject04,Walking,465.0,0.4586,-4.2143,0.0008466272346569353,1.6658,68.03,0.0056,0.0163,0.0058,0.0113,4.993183441707748e-10,-1.8369523551375277e-09,2.6076506766582e-10,1.2535119795128695e-09
Subject04,Walking,480.0,0.4509,-4.0476,-0.001945535875304523,1.6658,68.03,0.0039,0.0163,0.0055,0.0113,-4.958183873622527e-10,2.64779571895859e-09,1.1572460022966722e-09,-1.2162361060714469e-09
Subject04,Walking,495.0,0.4557,-5.7143,0.005112120579612013,1.6658,68.03,0.0047,0.0154,0.0062,0.0111,1.1528829922212789e-10,-2.4229776030281315e-09,-1.2200146437980364e-09,7.782884122489825e-10
Subject04,Walking,510.0,0.4686,0.9524,-0.005926943179101629,1.6658,68.03,0.0037,0.0157,0.0056,0.0103,-1.2743403720258017e-10,-3.647779134959238e-10,-2.647415514836285e-11,-6.632915212638852e-10
Subject04,Walking,525.0,0.4647,3.9524,-0.002148276699801079,1.6658,68.03,0.0034,0.0142,0.0052,0.0111,-2.6761199054235942e-11,5.730128484823901e-10,6.224457538098764e-11,-2.045334010111554e-11
Subject04,Walking,540.0,0.4563,0.2857,-0.0005880077263377287,1.6658,68.03,0.0036,0.0156,0.0055,0.0106,3.84572536277738e-11,-6.021059673285609e-10,1.2272294896991648e-10,5.1413273291214514e-11
Subject04,Walking,555.0,0.4534,0.2857,0.0016959094269773916,1.6658,68.03,0.0038,0.0148,0.0057,0.011,9.478313469082744e-10,1.7660349972497242e-10,-1.5646797634276767e-10,1.5543676125350348e-09
Subject04,Walking,570.0,0.4518,-1.7143,-0.0010638716122909613,1.6658,68.03,0.0037,0.0149,0.0057,0.0112,-9.382191463062668e-10,1.6904670831108779e-09,-5.942540143481802e-12,-1.701645292678804e-09
Subject04,Walking,585.0,0.4428,-2.2143,0.0013416019728531836,1.6658,68.03,0.0029,0.0156,0.0058,0.0113,-1.4431261766423557e-11,-1.752061883854896e-09,-7.160403959759779e-12,9.153414425552782e-10
Subject04,Walking,600.0,0.4471,-0.7143,0.0014815492312303038,1.6658,68.03,0.003,0.0142,0.0057,0.0121,1.1346913184701816e-09,1.392670256069303e-10,2.7785860281416987e-11,5.940217247380304e-10
Subject04,Walking,615.0,0.4448,-0.7143,-0.003101318671156994,1.6658,68.03,0.0035,0.0157,0.0052,0.0108,-1.066723308141733e-09,1.3006962612880432e-09,-1.2225077864062348e-10,-1.540963590237732e-09
Subject04,Walking,630.0,0.4528,0.2857,-0.006938460709357694,1.6658,68.03,0.0038,0.015,0.0054,0.0114,-7.232847296792254e-11,-1.4392158701450657e-09,1.3156461707037198e-10,6.166592039564706e-10
Subject04,Walking,645.0,0.4515,-3.2143,0.001764543028277779,1.6658,68.03,0.0037,0.0139,0.0052,0.0117,3.109310562364022e-10,2.7570898361779e-10,4.9905959679972196e-11,6.581131917184507e-10
Subject04,Walking,660.0,0.4493,-3.7143,-0.001796915244098752,1.6658,68.03,0.0036,0.0141,0.0049,0.0116,9.88860808702615e-10,2.0677223348343782e-10,-7.1771903858102504e-12,-1.3267080267416861e-09
Subject04,Walking,675.0,0.4703,-4.7143,0.001885835037908785,1.6658,68.03,0.0047,0.0154,0.005,0.0134,-1.2970652694068389e-09,-1.675199255911838e-10,-1.7983154015323192e-10,5.816289150678972e-10
Subject04,Walking,690.0,0.4671,0.7857,0.002008342449429305,1.6658,68.03,0.0039,0.015,0.0053,0.0134,3.698607667065935e-11,1.4766985632388634e-09,8.253608762906153e-11,-5.851904746671372e-10
Subject04,Walking,705.0,0.4693,4.2857,-0.002588905151390696,1.6658,68.03,0.0036,0.0153,0.0052,0.0121,-3.283059965089653e-11,-1.6500427820787936e-09,2.070524948319762e-11,1.5133330207164904e-09
Subject04,Walking,720.0,0.3352,1.619,-0.003544056248253807,1.3328,68.03,0.0034,0.0135,0.0041,0.0112,-1.3054820106092101e-11,-1.1513753249002276e-10,1.3668302918265296e-11,-4.415034781556635e-10
Subject04,Walking,735.0,0.2484,1.2857,0.00039048250988696646,1.3328,68.03,0.0022,0.0116,0.0048,0.01,4.448889444013589e-11,9.257832367893655e-10,-6.68702901715751e-11,-1.08237158555405e-09
Subject04,Walking,750.0,0.2256,0.7857,-0.0012295821238002998,1.3328,68.03,0.0035,0.0127,0.0049,0.0107,-2.111951037711357e-11,-9.199757923789298e-10,8.343279231598889e-11,1.2481917658740616e-09
Subject04,Walking,765.0,0.2258,-0.2143,-0.0011900625952401978,1.3328,68.03,0.0036,0.0118,0.0045,0.0109,2.389922052128834e-10,-8.305022224642784e-11,4.679502070988276e-11,-7.088834247089089e-10
Subject04,Walking,780.0,0.2283,-1.7143,0.0010119223115366918,1.3328,68.03,0.0035,0.0116,0.0056,0.0111,-2.0825102997285306e-10,1.1558020850594627e-10,-8.077279738001328e-12,2.113377776251122e-10
Subject04,Walking,795.0,0.2118,0.2857,-0.0009603493382943541,1.3328,68.03,0.0023,0.0111,0.0056,0.0106,1.258617653827373e-10,1.2853548118878593e-10,1.2692097543732516e-10,-8.312126147844439e-10
Subject04,Walking,810.0,0.2248,1.2857,0.002767160878892289,1.3328,68.03,0.0029,0.0125,0.0049,0.0098,-1.0327503743083749e-10,5.632581931643879e-10,2.2581605212078253e-10,5.599724592968732e-10
Subject04,Walking,825.0,0.2522,-0.0476,-0.0017220178662587552,1.3328,68.03,0.0026,0.0113,0.0047,0.0097,-7.489247540211567e-11,-6.85285124463209e-10,-3.7452258358167094e-10,5.161584879149308e-10
Subject04,Walking,840.0,0.2283,-0.2143,0.002784423434231373,1.3328,68.03,0.0028,0.0103,0.0049,0.009,1.30451646403035e-11,2.12286135482389e-11,-3.500342908632613e-11,4.704214384237658e-10
Subject04,Walking,855.0,0.2372,1.2857,0.0014091062723070324,1.3328,68.03,0.0024,0.0124,0.0052,0.011,4.887421111563434e-14,-3.4065273199584914e-11,1.0210298049682831e-11,-4.92041521791476e-10
Subject04,Walking,870.0,0.2339,3.2857,-0.00333276487471363,1.3328,68.03,0.0035,0.0105,0.0059,0.0091,1.6197664348257271e-09,-3.1809580665757e-11,-7.824630519980284e-12,2.0996024234780612e-10
Subject04,Walking,885.0,0.2395,-0.7143,0.003169863352340111,1.3328,68.03,0.003,0.011,0.0051,0.0096,-1.5876679474499638e-09,8.162146996772093e-12,8.031655362913678e-11,-5.592671617254508e-10
Subject04,Walking,900.0,0.2317,1.2857,-0.0027200895517878773,1.3328,68.03,0.0038,0.0111,0.0043,0.0095,-6.830392956227282e-11,4.95210185736629e-11,-9.144624401018871e-11,4.92146185125442e-10
Subject04,Walking,915.0,0.2385,3.2857,-0.0049694740253998625,1.3328,68.03,0.0043,0.0111,0.0043,0.0107,5.901496755087938e-11,1.6695945763723542e-11,-8.313719386703984e-12,-3.057365800016284e-10
Subject04,Walking,930.0,0.2248,0.2857,-0.0018030767522529247,1.3328,68.03,0.0038,0.0116,0.0044,0.0108,6.415492484004792e-11,1.362260607094557e-09,-1.3089485444654538e-11,-7.606358864023637e-10
Subject04,Walking,945.0,0.2147,1.2857,-0.00040102149043769463,1.3328,68.03,0.0029,0.012,0.0047,0.01,1.1772259431404454e-10,2.2238891302823246e-10,2.3245670169289732e-10,2.562089478278402e-11
Subject04,Walking,960.0,0.2187,1.7857,0.0010806610700048584,1.3328,68.03,0.0031,0.0114,0.0053,0.01,3.223741188389011e-10,-1.4665386324747748e-09,-9.700982759113101e-11,1.216510929731138e-10
Subject04,Walking,975.0,0.2235,4.2857,0.0036290682423179427,1.3328,68.03,0.0037,0.0125,0.0058,0.0081,-5.018283615224313e-10,-1.7858096450878236e-10,-7.857121320257012e-11,6.860820146858041e-10
Subject04,Walking,990.0,0.2349,5.9524,-0.002420817666415324,1.3328,68.03,0.0031,0.011,0.0052,0.0095,-1.5447110780948736e-11,1.058891552738545e-10,-3.787250854279664e-11,2.3316248432877923e-10
Subject04,Walking,1005.0,0.2354,1.7857,0.003537162446539251,1.3328,68.03,0.0024,0.011,0.0044,0.0103,1.1828454605223808e-11,-6.723838262194069e-11,4.6608773093530414e-11,-2.363716261726352e-10
Subject04,Walking,1020.0,0.2344,7.619,0.006581551485657535,1.3328,68.03,0.0028,0.0109,0.0045,0.0098,1.114729902594598e-09,1.326730351951803e-10,7.22435963728069e-11,-4.013891959275569e-11
Subject04,Walking,1035.0,0.2276,3.2857,-0.0038911159967549365,1.3328,68.03,0.0023,0.0114,0.0045,0.0099,-7.176897177630186e-10,4.781725039939322e-10,-9.517282642529959e-11,-8.040967234156195e-10
Subject04,Walking,1050.0,0.2361,4.2857,-0.006266163348621121,1.3328,68.03,0.0026,0.0108,0.0052,0.0088,-4.2409878092020194e-10,-2.333080803604685e-10,2.8150912325076692e-11,7.290270519915744e-11
Subject04,Walking,1065.0,0.2408,-1.7143,-0.001226090768656065,1.3328,68.03,0.0021,0.0121,0.0046,0.0094,5.419812052553235e-11,7.034492778919923e-10,-7.167164218273746e-11,-1.0829676174326217e-10
Subject05,Backwards,360.0,0.1345,9.541,0.0030121221090609537,2.232,68.03,0.0111,0.0098,0.013,0.0092,5.047609737121246e-11,1.6698205791096793e-09,2.4035473134799384e-11,1.352305930779869e-10
Subject05,Backwards,375.0,0.1408,16.041,0.0015790149913614648,2.232,68.03,0.0113,0.0097,0.012,0.0093,5.602647643765405e-10,-1.530012891091274e-09,-2.880890153427373e-10,9.928643966369562e-11
Subject05,Backwards,390.0,0.1329,17.041,-0.0031399280568736544,2.232,68.03,0.0106,0.0097,0.0115,0.0086,-2.528848792444476e-10,1.164801560722637e-11,-5.725089791831107e-11,3.8769315298216556e-10
Subject05,Backwards,405.0,0.1371,11.3981,-0.003978389189374053,2.232,68.03,0.012,0.0085,0.011,0.0081,1.6788036026651664e-11,2.0629358717793038e-10,1.0962880300102635e-09,-6.056244964794761e-10
Subject05,Backwards,420.0,0.1345,6.3743,0.0020066080516820254,2.232,68.03,0.0099,0.0074,0.0104,0.0082,-1.745778588627456e-10,4.346939804293886e-10,-7.609361450401569e-10,1.0309296163061094e-10
Subject05,Backwards,435.0,0.1429,7.8743,0.002601307184854812,2.232,68.03,0.0112,0.0073,0.0092,0.0076,8.431651642152811e-10,-6.836581538963336e-10,1.0567807694297134e-09,6.195238854004292e-10
Subject05,Backwards,450.0,0.1592,6.3981,-0.0038968965118919086,2.232,68.03,0.0091,0.0071,0.0096,0.0075,-2.590131032407803e-10,-4.659281230625236e-11,-5.33642387364633e-10,-2.557945090612752e-10
Subject05,Backwards,465.0,0.1344,6.3743,0.0020594581794232893,2.232,68.03,0.0086,0.0067,0.0103,0.0071,4.006381007606582e-10,3.4619104994039194e-11,-8.608970881788109e-10,6.634662813952147e-10
Subject05,Backwards,480.0,0.1291,7.541,0.0034357407563505864,2.232,68.03,0.0092,0.0081,0.0102,0.0093,-2.2062340170987534e-10,-3.7872104078621753e-11,4.551167893774383e-11,-5.839644568902385e-10
Subject05,Backwards,495.0,0.1321,5.541,0.004001964289666009,2.232,68.03,0.0107,0.0065,0.0078,0.0069,4.02847841630208e-10,-8.142424564115558e-11,-7.955006756516197e-11,-1.1195967901966094e-10
Subject05,Backwards,510.0,0.1343,6.6838,-0.0032854834957837214,2.232,68.03,0.0091,0.0082,0.0106,0.0084,-1.4948510189406028e-09,3.1932603840428796e-10,7.481237528472884e-10,-4.5019794142599887e-10
Subject05,Backwards,525.0,0.128,7.8743,0.003563584964186856,2.232,68.03,0.0086,0.0064,0.0081,0.0073,1.4633801733103282e-12,5.589426855121283e-10,6.448559538234581e-10,6.66327940137013e-11
Subject05,Backwards,540.0,0.1378,7.541,-0.0034957998292834865,2.232,68.03,0.009,0.0067,0.0085,0.007,3.759008708917986e-11,-4.251069367521124e-10,-5.205135536165597e-10,-2.1299225342664037e-12
Subject05,Backwards,555.0,0.1331,5.141,-0.003560026581461798,2.232,68.03,0.0092,0.0069,0.0086,0.0078,6.422399742585498e-10,-2.244501407543522e-10,-8.591728941541001e-10,9.939637799808692e-10
Subject05,Backwards,570.0,0.1444,7.7077,0.003440528833607279,2.232,68.03,0.0085,0.007,0.0084,0.0072,9.529510422766783e-10,-1.7874589650184744e-10,2.0090179840274893e-11,-8.233145169924923e-10
Subject05,Backwards,585.0,0.1578,13.2077,0.0012945204185354554,2.232,68.03,0.01,0.0056,0.0095,0.0072,-1.0585506537079658e-09,1.516146989230905e-10,1.1934814699088977e-09,1.737741829770647e-10
Subject05,Backwards,600.0,0.1334,12.541,-0.004053613889638376,2.232,68.03,0.0093,0.007,0.0093,0.0069,-2.553253748923359e-10,-2.0255144359294454e-10,-4.341290968075841e-10,7.716886845698882e-11
Subject05,Backwards,615.0,0.149,9.341,0.004148881371619999,2.232,68.03,0.0083,0.0067,0.009,0.008,-3.0337808063222135e-10,6.004818566325701e-10,-3.0077111926243284e-10,-4.633151180223933e-10
Subject05,Backwards,630.0,0.1607,14.2077,0.0019323422130801747,2.232,68.03,0.0081,0.0068,0.0088,0.0084,-1.581221759948532e-11,8.616733734715344e-10,3.1957387019431986e-10,6.032209738619489e-11
Subject05,Backwards,645.0,0.1587,11.8267,-0.004144705695538282,2.232,68.03,0.0087,0.0076,0.0104,0.0079,-2.805190028454855e-11,-3.0978186962482406e-10,2.1694670744353042e-10,-3.003752903124337e-11
Subject05,Backwards,660.0,0.1642,7.8743,0.003668813397682529,2.232,68.03,0.0098,0.0085,0.0126,0.0099,1.1618893364561556e-09,-1.0720212440702542e-09,-9.226505170907781e-10,4.220012993599631e-10
Subject05,Backwards,675.0,0.1646,8.9696,-0.0027828640851504153,2.232,68.03,0.0086,0.0083,0.0115,0.0085,-8.595526495142545e-10,7.134638323041541e-10,1.173129838536835e-09,-4.063773835507715e-10
Subject05,Backwards,690.0,0.1827,10.3743,-0.0031576970360998923,2.232,68.03,0.0096,0.0083,0.0115,0.0088,-2.5295738709525496e-10,-6.094339359592848e-10,1.7210833120271303e-10,-1.9655838225685552e-11
Subject05,Backwards,705.0,0.2149,11.1124,-0.0035846576985915095,2.232,68.03,0.0122,0.0096,0.0135,0.0108,1.3639048823139842e-09,-3.524856543386722e-11,-9.004715463281151e-10,1.0534797052210613e-11
Subject05,Backwards,720.0,0.2986,16.2553,0.0045309318982880925,3.386,68.03,0.0122,0.0089,0.0148,0.009,-1.2215354471390485e-09,1.0866970344411341e-09,5.413886413711994e-10,1.5501229614690655e-10
Subject05,Backwards,735.0,0.2702,25.541,-0.00226125173474748,3.386,68.03,0.0115,0.009,0.0135,0.0098,-1.484260541519236e-10,-1.846109310300974e-11,3.2019643987987048e-09,-5.715865016892264e-11
Subject05,Backwards,750.0,0.2752,21.8267,-0.003940426473930889,3.386,68.03,0.011,0.0098,0.0163,0.0106,4.771876832397094e-11,-4.958058085435683e-10,-4.315423748530041e-09,3.367651091103737e-10
Subject05,Backwards,765.0,0.274,18.2553,0.00209673070133575,3.386,68.03,0.0111,0.0094,0.0129,0.0086,2.4190238495810803e-09,-6.702184310607253e-10,9.732828976149765e-11,-2.2238391420442614e-10
Subject05,Backwards,780.0,0.3053,20.2553,0.002908756171270296,3.386,68.03,0.0107,0.0089,0.014,0.0084,-2.519856769220819e-09,-6.708445768279786e-11,8.436715383023412e-11,-8.184112441340542e-11
Subject05,Backwards,795.0,0.2931,19.6838,-0.003210129470755845,3.386,68.03,0.0103,0.0086,0.0162,0.0101,4.5628548666756226e-11,5.354785128036625e-10,1.0519717254540713e-09,-1.424513209404321e-10
Subject05,Backwards,810.0,0.2832,18.541,0.0022954234867676557,3.386,68.03,0.0107,0.0089,0.014,0.0092,1.5920938860206038e-09,-2.8565931008858205e-10,-1.1030520073558263e-09,1.6513747457218146e-09
Subject05,Backwards,825.0,0.2895,21.2553,-0.0019441562668734151,3.386,68.03,0.0112,0.0087,0.0122,0.0081,-1.3551310916134834e-09,1.699370355789143e-09,8.192677482086094e-10,-1.5002532236948125e-09
Subject05,Backwards,840.0,0.2675,22.3981,0.002741308430980205,3.386,68.03,0.0112,0.0083,0.0149,0.0094,-1.0894311843710341e-10,-1.6225483217993326e-09,-5.437092474747575e-10,-1.31003814905884e-10
Subject05,Backwards,855.0,0.2599,25.2553,0.0024678705135821838,3.386,68.03,0.0104,0.0087,0.0127,0.0083,-1.0951393679358028e-10,2.426509543198437e-10,-4.5624340971699675e-12,-4.798222214366105e-11
Subject05,Backwards,870.0,0.2815,26.8267,-0.001854842121179822,3.386,68.03,0.0094,0.0075,0.0124,0.009,-2.2169960669455664e-12,-1.5544695229218996e-10,-3.538872664751182e-10,4.8590452327434857e-11
Subject05,Backwards,885.0,0.276,26.6838,-0.0016265991608370922,3.386,68.03,0.01,0.0082,0.0101,0.0075,-1.5188687107571843e-11,9.56241587174497e-12,2.2949349479097187e-09,5.404725186078309e-11
Subject05,Backwards,900.0,0.2888,24.9696,-0.002322901607976567,3.386,68.03,0.0086,0.0082,0.0108,0.0079,7.052925672333978e-11,1.190117569909134e-09,-1.2652725748730639e-09,8.906208651796113e-11
Subject05,Backwards,915.0,0.2833,23.6838,-0.0021410558725111196,3.386,68.03,0.0107,0.0079,0.0108,0.0088,-6.154037287717877e-11,-3.15023172678626e-10,5.836606062924393e-11,-2.5067062351932943e-11
Subject05,Backwards,930.0,0.2658,20.8267,0.0027520769288681183,3.386,68.03,0.0089,0.0074,0.0133,0.011,-8.155503817341502e-12,-9.41521410324902e-10,-1.1493695099817278e-09,-1.8554865183899068e-10
Subject05,Backwards,945.0,0.2445,23.8267,-0.003107978491557185,3.386,68.03,0.0099,0.0084,0.0126,0.0115,-6.176049704705974e-11,-2.4344829427630426e-10,1.0875545558267397e-09,1.0979008644328557e-09
Subject05,Backwards,960.0,0.261,21.166,-0.0022992470247089427,3.386,68.03,0.0095,0.0089,0.0129,0.0106,1.3270540690095824e-10,9.1083522121832e-10,-8.31341538666094e-11,-1.0749434761677219e-09
Subject05,Backwards,975.0,0.2755,18.8743,0.0030106541791741085,3.386,68.03,0.0086,0.0083,0.0136,0.0109,-4.61491529760748e-11,-2.589797376009286e-10,1.7049245786278853e-09,5.695529909526141e-11
Subject05,Backwards,990.0,0.2799,22.041,-0.00210290838793791,3.386,68.03,0.0092,0.0097,0.0114,0.0088,-8.758321498910166e-12,-5.375025215969842e-10,4.834685656509848e-10,9.233738828078153e-11
Subject05,Backwards,1005.0,0.2951,21.2553,-0.0027265585251231225,3.386,68.03,0.0102,0.0081,0.0128,0.0087,5.215928149685272e-10,-7.688008902023168e-11,-3.134819286994239e-09,9.079306715176794e-11
Subject05,Backwards,1020.0,0.2928,15.1124,0.004562110778813268,3.386,68.03,0.0102,0.0097,0.0123,0.0094,6.455342922681034e-10,-1.1775076837053187e-10,3.6084056865996397e-10,4.958933822964621e-10
Subject05,Backwards,1035.0,0.2806,18.041,0.0024450408814221366,3.386,68.03,0.0096,0.009,0.0121,0.009,-2.4911540189918767e-11,8.77227335957832e-11,2.9139229925278885e-10,2.100976560942889e-10
Subject05,Backwards,1050.0,0.2718,21.1124,0.001959164390487872,3.386,68.03,0.0099,0.0096,0.0123,0.0097,-1.1461350138651166e-09,1.2054519876424957e-09,1.8109945423346016e-10,-8.287442442268477e-10
Subject05,Backwards,1065.0,0.2756,20.2553,-0.006701772973146183,3.386,68.03,0.0096,0.0099,0.014,0.0089,-2.8871448806792596e-11,-4.6010307318344235e-10,-6.499290419053651e-10,1.1784225281929797e-09
Subject05,Backwards,1080.0,0.427,23.6838,0.002594184131037108,4.8032,68.03,0.0119,0.012,0.0129,0.011,1.2526912705267017e-11,1.5835248658060637e-10,2.853413395172784e-09,-1.2169126544840538e-09
Subject05,Backwards,1095.0,0.445,29.2553,-0.0015845796892293657,4.8032,68.03,0.0097,0.0108,0.0125,0.0113,9.947516867754895e-10,-9.789139944848129e-10,-2.5381500736069112e-09,1.2382664716120955e-10
Subject05,Backwards,1110.0,0.4407,29.541,-0.0023009002401486313,4.8032,68.03,0.0096,0.0108,0.0123,0.0098,6.210282791979865e-11,1.3181913417215644e-10,-1.895877569754193e-10,1.6672618956907945e-10
Subject05,Backwards,1125.0,0.4425,27.291,0.0019410889294914926,4.8032,68.03,0.01,0.0107,0.013,0.0096,-1.216302223005837e-09,-1.223167762338222e-10,1.39960609306971e-09,-1.3769607702267747e-10
Subject05,Backwards,1140.0,0.46,28.541,0.001477453334778512,4.8032,68.03,0.0113,0.0098,0.0123,0.0083,1.5731449129174907e-10,2.246542995605728e-10,6.61494830097121e-10,-1.4096865921862256e-10
Subject05,Backwards,1155.0,0.4393,26.341,-0.001560736157871482,4.8032,68.03,0.0093,0.0097,0.0132,0.0106,6.466806976918135e-10,-4.894046844000899e-11,-2.360847128300233e-09,6.07255391914787e-10
Subject05,Backwards,1170.0,0.4405,25.291,-0.0020576134926280154,4.8032,68.03,0.0094,0.0109,0.0134,0.0102,1.329340749327067e-09,-4.4319511832152334e-11,5.6744164645144936e-11,4.964482553232961e-10
Subject05,Backwards,1185.0,0.43,25.941,0.0023399072445412753,4.8032,68.03,0.0101,0.01,0.0154,0.0097,-1.2659724077073956e-09,2.8222279627598175e-10,-1.278005321694822e-10,-1.3282901209066209e-09
Subject05,Backwards,1200.0,0.4479,26.166,0.0023054933938768665,4.8032,68.03,0.0109,0.0109,0.0143,0.0119,-6.323786173822069e-10,8.573193652853601e-10,2.673735654009616e-09,3.853442604869161e-10
Subject05,Backwards,1215.0,0.42,28.2553,-0.0033841311337017323,4.8032,68.03,0.0103,0.0103,0.0124,0.0106,-3.5472188760222483e-12,1.2546279693119466e-10,-1.7063538982581402e-09,1.139894460461577e-10
Subject05,Backwards,1230.0,0.445,27.416,0.0033784885727038833,4.8032,68.03,0.0098,0.0096,0.014,0.009,-5.535977704281739e-11,-1.113414498128357e-09,2.9902132736888347e-09,-3.302535067989474e-10
Subject05,Backwards,1245.0,0.4377,32.541,-0.002585070278049562,4.8032,68.03,0.011,0.0096,0.0152,0.0102,-3.942754607258382e-11,1.737041385815817e-10,-3.701879331189459e-09,2.532296414440836e-10
Subject05,Backwards,1260.0,0.4511,30.791,-0.0021027954790952355,4.8032,68.03,0.0099,0.0098,0.0137,0.0097,1.8949929689813756e-09,-2.0078813898444508e-10,-7.46247288533711e-11,1.5166487949271868e-09
Subject05,Backwards,1275.0,0.4442,32.041,0.0025302941083348686,4.8032,68.03,0.0106,0.0098,0.0137,0.0109,-1.9126924377512595e-09,6.897573369105138e-10,-1.988245272316564e-10,-1.629899085497233e-09
Subject05,Backwards,1290.0,0.4324,32.541,-0.001502940352315451,4.8032,68.03,0.0095,0.0106,0.0151,0.0109,7.116590013621627e-11,-8.19531976319619e-10,3.0000233426684683e-09,-1.0328301477728629e-10
Subject05,Backwards,1305.0,0.4506,30.291,0.0024312889199459625,4.8032,68.03,0.011,0.0103,0.0153,0.0104,3.517594225065799e-09,-1.3806981146780201e-10,-2.7981041676005185e-09,6.669332888229643e-10
Subject05,Backwards,1320.0,0.4407,31.541,0.0019355201745743407,4.8032,68.03,0.0113,0.0117,0.0149,0.0117,-3.5284912724928723e-09,1.418061646288001e-09,2.2168783061546628e-09,-2.227405746456288e-10
Subject05,Backwards,1335.0,0.4502,31.291,-0.0009432581099220868,4.8032,68.03,0.0109,0.0112,0.0154,0.0104,5.24646328581152e-10,-1.2080217400311883e-09,-2.2256857457509216e-09,1.2087513847313804e-09
Subject05,Backwards,1350.0,0.4648,29.741,-0.0021837718546088196,4.8032,68.03,0.0104,0.0103,0.0154,0.0109,-5.636531244260423e-10,8.446502451524238e-10,4.145296777665317e-09,-1.5737580310940509e-09
Subject05,Backwards,1365.0,0.4604,29.041,0.0017062128964590118,4.8032,68.03,0.0107,0.0096,0.0141,0.0108,2.03886354200786e-09,-8.100665937645164e-10,-4.092963780774347e-09,1.4204492808366257e-09
Subject05,Backwards,1380.0,0.4331,30.791,-0.0020513498232816022,4.8032,68.03,0.0106,0.01,0.0143,0.0111,5.182705132618133e-10,1.8457894771577607e-10,-1.335974690032887e-11,-2.9928320114585557e-10
Subject05,Backwards,1395.0,0.46,29.041,-0.0019587220412152543,4.8032,68.03,0.0103,0.0096,0.0131,0.01,-2.0952584946237818e-09,-8.614235654011098e-11,8.397873855416951e-11,-1.1242653808292074e-09
Subject05,Backwards,1410.0,0.4786,29.291,0.0019285796317097302,4.8032,68.03,0.0104,0.0098,0.0148,0.0095,-4.52082720065758e-10,1.1597813755379546e-09,7.0575601979206e-10,2.4814287039256704e-10
Subject05,Backwards,1425.0,0.4486,29.291,-0.00229129716077062,4.8032,68.03,0.0112,0.0109,0.0156,0.0101,-2.3963684679218867e-12,-9.922217238549002e-10,-3.0823953363617956e-10,-3.1531229603251833e-10
Subject05,Incline,360.0,0.4515,7.2381,0.007033462502819087,5.6088,68.03,0.0153,0.0186,0.0224,0.0143,-8.865043849119223e-10,-1.1454242178411974e-10,-4.777432051127606e-11,-1.0352927985171858e-10
Subject05,Incline,375.0,0.5025,22.2381,0.001666813074529319,5.6088,68.03,0.0141,0.0183,0.0191,0.0151,1.76195265087826e-09,-1.0232827337075728e-09,4.540677699040849e-11,4.127220981889772e-10
Subject05,Incline,390.0,0.5013,22.5714,-0.0025064768275704983,5.6088,68.03,0.0152,0.0178,0.0182,0.0147,-5.418561983946083e-10,7.171553334896449e-10,9.484946015842831e-11,-3.2679666716571154e-10
Subject05,Incline,405.0,0.5046,21.7381,0.0005636839095403291,5.6088,68.03,0.0152,0.0173,0.0198,0.0149,-6.369783039447992e-10,1.728862825259087e-10,-1.824527481256358e-10,-2.383709423592067e-11
Subject05,Incline,420.0,0.5054,21.9048,-0.0008721558441492927,5.6088,68.03,0.0155,0.0177,0.018,0.0156,-1.2877593648031768e-09,7.765241219967624e-10,2.5839945537663776e-09,-1.0551620180072043e-10
Subject05,Incline,435.0,0.5006,23.5714,0.0012197587446270222,5.6088,68.03,0.0151,0.0174,0.02,0.0142,-8.311401272623138e-13,5.421398896171087e-10,1.7704511902788338e-10,-1.1245001598440818e-11
Subject05,Incline,450.0,0.4992,24.2381,-0.0005337546446773582,5.6088,68.03,0.0155,0.0171,0.0192,0.0138,-2.3306131040871935e-11,-1.9571123892316917e-09,1.0433701361301347e-09,7.769066149899235e-10
Subject05,Incline,465.0,0.5011,26.2381,-0.001126068649134027,5.6088,68.03,0.0129,0.0166,0.0183,0.0143,-1.0653093366768816e-11,-5.971169312966995e-10,-3.0065266864026994e-09,1.7350539519747245e-10
Subject05,Incline,480.0,0.5057,27.4881,0.0018078580559863107,5.6088,68.03,0.0133,0.0162,0.018,0.0136,1.4879487092440317e-10,-6.509992293158203e-11,-2.646150994762945e-10,8.660085650122245e-11
Subject05,Incline,495.0,0.5099,31.2381,0.0018284683506743758,5.6088,68.03,0.0144,0.0152,0.0216,0.013,-2.2441414315807775e-10,5.1312801349521617e-11,1.553496069560872e-09,-7.664289673032295e-12
Subject05,Incline,510.0,0.507,28.9048,-0.002212785572811532,5.6088,68.03,0.0146,0.0156,0.0194,0.0136,1.243147951445054e-10,-3.202921259615774e-11,-8.329652253810398e-10,3.101367086560944e-10
Subject05,Incline,525.0,0.5103,26.9048,0.0009803132848025665,5.6088,68.03,0.015,0.0153,0.0194,0.0141,-1.7642149068272783e-10,2.7025033956548075e-11,-4.387031796643253e-10,-1.2517431697167152e-10
Subject05,Incline,540.0,0.5079,27.2381,0.0012420416268948936,5.6088,68.03,0.0156,0.0163,0.0199,0.0138,7.899189686975042e-11,-7.11152356562222e-11,9.589053632766303e-12,-5.162880330103549e-10
Subject05,Incline,555.0,0.5092,28.5714,-0.0014753212318325364,5.6088,68.03,0.0155,0.0155,0.0184,0.0127,7.287989809424262e-11,9.84341823297781e-10,4.875124054405061e-10,-3.86024722440479e-10
Subject05,Incline,570.0,0.5039,26.5714,0.0014136489831945635,5.6088,68.03,0.0159,0.0145,0.0182,0.0124,2.654191422909657e-09,1.855081217056907e-10,-1.161956299735591e-09,-2.4472153901972784e-10
Subject05,Incline,585.0,0.5144,28.5714,-0.0014126167966130128,5.6088,68.03,0.0155,0.0152,0.0232,0.0124,-2.471049681399585e-09,-1.0001359462165948e-09,3.261998789837058e-09,6.157910576188447e-10
Subject05,Incline,600.0,0.4991,28.2381,0.0018793824514621472,5.6088,68.03,0.0148,0.0141,0.0179,0.0128,7.066908250374532e-10,1.110824870572781e-09,-3.354233088760453e-09,-6.819643512272353e-10
Subject05,Incline,615.0,0.5174,29.9048,-0.0008474603868932029,5.6088,68.03,0.0136,0.0153,0.0169,0.0129,1.4317131959948552e-09,-1.4157571406174915e-10,6.677008315323864e-11,4.365077810214645e-11
Subject05,Incline,630.0,0.5182,29.7381,0.0015561197810009283,5.6088,68.03,0.0137,0.0146,0.0183,0.0124,-8.285150868554994e-10,-1.1248847621038082e-09,-8.366974537405741e-11,1.7101091323924703e-09
Subject05,Incline,645.0,0.5134,30.9048,-0.0023879612407388716,5.6088,68.03,0.0142,0.0144,0.0182,0.0124,-1.5651746396900237e-09,-8.966196776966672e-12,2.122107824422336e-09,-1.150467106522772e-09
Subject05,Incline,660.0,0.5154,30.2381,0.0008128044731858605,5.6088,68.03,0.0145,0.0139,0.0157,0.0121,1.2409420699870134e-10,4.6500949757465265e-10,-3.2644914468312227e-10,-6.557601144387116e-10
Subject05,Incline,675.0,0.5106,31.4881,0.0007530065933910718,5.6088,68.03,0.0141,0.0144,0.0186,0.0127,1.2696316660091201e-11,9.054551764900468e-11,1.4123463017657389e-09,1.1278652501928302e-10
Subject05,Incline,690.0,0.5159,32.5714,-0.0014755223339230458,5.6088,68.03,0.015,0.015,0.0173,0.0133,-1.28147743276407e-10,1.625442394167186e-09,-2.5424537885034413e-10,4.567526180105129e-11
Subject05,Incline,705.0,0.5024,32.5714,0.001740742335952881,5.6088,68.03,0.015,0.0146,0.017,0.0122,2.19102635870291e-09,-1.9281092466737525e-09,-2.870236809073432e-09,7.784788073311463e-10
Subject05,Incline,720.0,0.2361,29.2381,-0.0013554993134427106,2.744,68.03,0.0113,0.01,0.0135,0.0057,-2.0861164136051515e-09,8.419337130640471e-10,3.0869437754086356e-09,-9.62561098138831e-10
Subject05,Incline,735.0,0.2404,23.2381,0.001233487262051922,2.744,68.03,0.0115,0.008,0.016,0.0059,1.1811934299734646e-09,-1.1329266345452686e-09,-3.1033386954430336e-09,9.708353017774909e-10
Subject05,Incline,750.0,0.2485,23.2381,0.0013721552541097741,2.744,68.03,0.0122,0.0085,0.0128,0.0064,-1.1759772792368593e-09,9.68800583276201e-10,1.0911138582066532e-09,-9.602239335209263e-10
Subject05,Incline,765.0,0.2238,19.9048,-0.002097215186783558,2.744,68.03,0.0101,0.0086,0.0103,0.007,6.090004278230864e-10,-9.357149129723453e-10,-1.0718636000964006e-09,6.689411587102467e-10
Subject05,Incline,780.0,0.2327,18.2381,0.002986237662798695,2.744,68.03,0.0109,0.0084,0.0153,0.0061,-2.4530787294114864e-10,5.252701088696004e-10,9.047310752943885e-13,-6.491984671080494e-10
Subject05,Incline,795.0,0.2421,15.5714,0.003046963114446896,2.744,68.03,0.0105,0.009,0.0152,0.0058,-3.8694579552681523e-10,-5.270692230411545e-10,1.2098881116903419e-11,4.430870225981156e-10
Subject05,Incline,810.0,0.2311,16.7381,-0.0023071428179129824,2.744,68.03,0.0083,0.009,0.0093,0.0068,2.6820938749771787e-11,-1.1632392314388525e-10,4.765777442517562e-10,-2.5028324774204026e-10
Subject05,Incline,825.0,0.2241,15.5714,0.0012120422307408047,2.744,68.03,0.0113,0.0095,0.0124,0.0063,2.589959307253747e-10,3.1293449434450945e-10,-3.04986187677146e-10,-2.4762208962336866e-10
Subject05,Incline,840.0,0.2308,15.2381,-0.001712354240103238,2.744,68.03,0.0101,0.0079,0.0137,0.0065,-7.407350571797151e-11,5.952192906961822e-10,-1.4131513232981644e-10,4.7192706406929905e-11
Subject05,Incline,855.0,0.2291,16.9048,0.0039033442949860785,2.744,68.03,0.0094,0.0086,0.0115,0.0057,1.1687222140967902e-09,-7.73922743428935e-10,-4.214195403601058e-11,5.336948735185161e-10
Subject05,Incline,870.0,0.2323,17.7381,0.0014591734090113064,2.744,68.03,0.0101,0.0089,0.0083,0.0065,-1.3617510341008964e-09,-2.231289972017578e-11,-4.003385866339208e-11,-4.455070516998526e-10
Subject05,Incline,885.0,0.2305,17.2381,-0.002163205037165555,2.744,68.03,0.0064,0.0089,0.008,0.0067,-9.962677686811822e-11,9.202983285513906e-10,1.2885405585513654e-09,-1.4973771129776643e-10
Subject05,Incline,900.0,0.2292,18.9048,0.002825237393975901,2.744,68.03,0.0068,0.0102,0.0089,0.007,2.112131118259905e-09,-1.6444674512357617e-10,-1.2583453175773823e-09,7.70341493494834e-10
Subject05,Incline,915.0,0.2208,18.2381,-0.0027986436707530967,2.744,68.03,0.0085,0.0087,0.0114,0.0065,-2.062720436775778e-09,-7.930729595198938e-10,1.2374923929518645e-09,-5.512256521770739e-11
Subject05,Incline,930.0,0.2144,15.2381,-0.0011368561471840214,2.744,68.03,0.0105,0.0093,0.0115,0.0065,-3.6070620716878754e-11,9.9658336399475e-10,1.0274043812701473e-09,-7.111514442354562e-10
Subject05,Incline,945.0,0.2238,14.2381,-0.0018006337273558056,2.744,68.03,0.0097,0.0084,0.0119,0.0068,1.2578864955610738e-09,-4.534897396128945e-10,-2.2020728553392864e-09,6.166405861108932e-11
Subject05,Incline,960.0,0.2206,15.9048,0.002763845070346131,2.744,68.03,0.0104,0.0089,0.0141,0.0066,-1.2165393348362452e-09,-5.264941561470581e-10,6.604765110939943e-10,-8.002738746691693e-11
Subject05,Incline,975.0,0.2355,15.2381,-0.0009049013830910442,2.744,68.03,0.0108,0.0091,0.011,0.0064,1.2549738805788778e-10,2.6566685750531353e-10,1.0356928896427095e-09,2.104813509637784e-10
Subject05,Incline,990.0,0.2294,16.5714,0.0011944260410007717,2.744,68.03,0.0092,0.0081,0.0125,0.007,-1.197178558995469e-10,-4.452275142281508e-11,-1.7337134210775644e-09,-1.6566298420080876e-10
Subject05,Incline,1005.0,0.2411,20.5714,0.002151477429596929,2.744,68.03,0.0091,0.0093,0.0087,0.0069,6.876831385828908e-10,8.684447433722137e-10,-2.2260394127161578e-11,4.868045706177962e-10
Subject05,Incline,1020.0,0.2359,21.7381,0.0012333999840625778,2.744,68.03,0.0068,0.0087,0.0065,0.0071,1.4111788951647644e-10,-3.283504940785174e-10,2.921394613162442e-11,6.747509141460682e-11
Subject05,Incline,1035.0,0.2314,17.7381,-0.001633539379961442,2.744,68.03,0.0069,0.0086,0.0073,0.0077,-6.92234754663596e-10,-4.2313501073725383e-10,1.579107764600997e-11,-5.832426848411763e-10
Subject05,Incline,1050.0,0.2333,15.2381,0.0007764925378744499,2.744,68.03,0.0056,0.0087,0.0059,0.0071,-1.487623863259473e-10,5.341974861370647e-10,1.2395509521233675e-09,4.0389303036651346e-11
Subject05,Incline,1065.0,0.2382,14.7381,-0.003832495830963214,2.744,68.03,0.0062,0.0085,0.0074,0.0061,3.094799166356011e-11,-8.334429995133219e-10,-1.100200093438629e-09,8.940603381077873e-10
Subject05,Incline,1080.0,0.2099,16.4381,0.00203985180700296,0.1289,68.03,0.008,0.0067,0.0084,0.0059,4.050728080739726e-13,8.651951316351775e-11,-1.7653824361281078e-10,-7.537895056772211e-10
Subject05,Incline,1095.0,0.0723,21.2381,0.0035255223946713283,0.1289,68.03,0.0019,0.0029,0.0046,0.0023,-1.0255392956044893e-12,-1.2693448331015758e-10,-7.403702135052618e-12,-1.749898674823362e-10
Subject05,Incline,1110.0,0.0291,16.2381,-0.003432877691416619,0.1289,68.03,0.002,0.0033,0.0052,0.0025,-1.983015443554988e-11,1.3564571295061244e-11,4.021877603408854e-10,-6.126506915085342e-12
Subject05,Incline,1125.0,0.0032,16.9881,-0.006479275576923575,0.1289,68.03,0.001,0.0014,0.0053,0.0012,7.59755755655913e-12,-5.980191366782144e-11,5.3575208266780925e-11,-2.8763985134076596e-11
Subject05,Incline,1140.0,0.0036,8.6381,-0.004130380150707112,0.1289,68.03,0.0017,0.0016,0.0028,0.0016,1.2083789890222642e-11,5.347150973975936e-11,-3.2063900917135153e-10,-7.03201448228941e-13
Subject05,Incline,1155.0,0.0038,6.2381,0.002826020945787904,0.1289,68.03,0.0012,0.0014,0.0036,0.0012,-2.548479504750068e-12,-8.29009115929711e-11,1.7967197790552747e-12,-1.1456304799941601e-11
Subject05,Incline,1170.0,0.0049,10.0381,-0.0017884440965093152,0.1289,68.03,0.0017,0.0026,0.0064,0.0016,-1.6351195536617738e-12,8.433369803513838e-11,4.1392340208882306e-10,2.3099317850786324e-11
Subject05,Incline,1185.0,0.0034,9.9881,-0.00358106440104882,0.1289,68.03,0.0014,0.0019,0.0059,0.0012,-2.452628032403462e-11,-4.733910817126306e-11,-2.138232431292474e-10,-1.9988663206868195e-11
Subject05,Incline,1200.0,0.1566,13.2381,0.005721474601009872,0.1289,68.03,0.0046,0.0068,0.0075,0.0037,9.877587668355235e-11,1.5097429717689362e-10,3.53816347888606e-10,2.8497953198349303e-11
Subject05,Incline,1215.0,0.0034,12.4381,-0.009705454281301254,0.1289,68.03,0.001,0.0026,0.0072,0.0013,-1.0169978998605179e-10,-6.167026333416031e-11,-4.881849291713101e-10,-3.629359913460934e-11
Subject05,Incline,1230.0,0.0036,6.4881,0.002474388419409641,0.1289,68.03,0.0014,0.0023,0.0067,0.0015,-8.034167035639667e-12,-6.404403781955813e-11,1.3271921843568733e-10,6.555861191237027e-11
Subject05,Incline,1245.0,0.0035,5.2381,-0.0018958844515267596,0.1289,68.03,0.0012,0.0028,0.0061,0.0014,4.403722037599964e-11,3.4760636410327134e-11,3.9276614353396085e-12,-3.255807095645631e-11
Subject05,Incline,1260.0,0.0035,8.4881,0.0026440802232747763,0.1289,68.03,0.0012,0.0025,0.0068,0.0017,-3.8854890036688593e-11,4.4357223314290856e-11,-1.8865925370981974e-10,1.1507488157880614e-11
Subject05,Incline,1275.0,0.0034,10.4881,-0.0016177256783096523,0.1289,68.03,0.0014,0.0031,0.0061,0.0019,1.025502043930238e-10,1.780743105833084e-11,2.738664915636622e-10,7.450647973332719e-11
Subject05,Incline,1290.0,0.0031,12.4881,-0.0013874328151415073,0.1289,68.03,0.0012,0.0031,0.0055,0.0019,-1.1398367345666076e-10,-3.2946346857359506e-11,-1.6355283109295787e-10,-1.1908448396780189e-10
Subject05,Incline,1305.0,0.0032,15.6381,0.0022748988958965397,0.1289,68.03,0.0019,0.0028,0.0064,0.0014,1.8107368927340372e-10,-1.558744285276683e-13,2.7608140006614113e-10,2.5666620119021827e-11
Subject05,Incline,1320.0,0.0044,14.4881,-0.004337651220360043,0.1289,68.03,0.0022,0.003,0.0074,0.002,-1.39825493453881e-10,6.73725429855453e-11,-1.6255864699640738e-10,1.154226014964564e-11
Subject05,Incline,1335.0,0.0033,13.9881,0.003399398839619183,0.1289,68.03,0.0023,0.0021,0.0058,0.0015,-3.1202972232424074e-11,-7.458005073149494e-11,-1.8016918934462107e-10,4.041655968818718e-11
Subject05,Incline,1350.0,0.0035,11.7381,-0.002526912919951124,0.1289,68.03,0.0016,0.0027,0.0053,0.0021,8.584412313328415e-11,-7.414842962223175e-11,2.2209911218963283e-10,-4.6589140106490455e-11
Subject05,Incline,1365.0,0.0037,10.7381,0.005222009574129769,0.1289,68.03,0.0016,0.0018,0.0075,0.0017,-9.167711234858871e-11,6.187869405267878e-11,-4.2225509613489395e-11,1.8535499307127293e-11
Subject05,Incline,1380.0,0.0047,14.7381,-0.0028964572180907224,0.1289,68.03,0.0011,0.0016,0.0055,0.0012,4.308686860374562e-11,1.2712250981288033e-10,-1.5090310420127026e-10,-6.867728027097582e-11
Subject05,Incline,1395.0,0.0039,12.4881,-0.003290613971809364,0.1289,68.03,0.0015,0.0024,0.0047,0.0012,-2.2144838423816816e-11,-2.0924569167224444e-10,1.493766019425063e-10,3.3451707140502955e-11
Subject05,Incline,1410.0,0.0052,12.4881,0.006923491246038968,0.1289,68.03,0.0021,0.0021,0.0085,0.0018,1.4887538526221354e-10,3.5060705862030617e-11,1.079726494338187e-10,4.582689433081802e-11
Subject05,Incline,1425.0,0.006,17.9048,-0.007494142277786168,0.1289,68.03,0.0016,0.0018,0.0095,0.0014,1.2920005595694802e-11,4.792160309631755e-11,-4.8349376823720194e-11,4.7416445871606996e-11
Subject05,Incline,1440.0,0.1745,6.4381,0.00696907503783418,5.1934,68.03,0.0121,0.0151,0.0095,0.0104,6.591189038643979e-10,1.0575012243974954e-09,-3.5839198749005636e-10,-3.879927961273495e-11
Subject05,Incline,1455.0,0.1983,19.7381,0.003554849489613795,5.1934,68.03,0.0124,0.0154,0.0098,0.0107,3.098016809367975e-11,-2.0892518669017008e-10,-1.069945693716116e-10,-2.73461978377139e-11
Subject05,Incline,1470.0,0.1923,28.5714,-0.0022785252118202727,5.1934,68.03,0.0101,0.0145,0.0067,0.0101,-8.49105014837541e-10,8.255578047857195e-10,5.593558680418313e-10,4.721897939292872e-11
Subject05,Incline,1485.0,0.2015,28.7381,-0.002179516728153261,5.1934,68.03,0.0078,0.0139,0.0052,0.0112,7.790556588095936e-10,-2.310073484551071e-10,-4.0448957273924134e-10,3.371102889077393e-10
Subject05,Incline,1500.0,0.1861,28.2381,-0.0012994064393622405,5.1934,68.03,0.0069,0.0136,0.0041,0.0114,-7.574234536087252e-10,-6.821490293385862e-11,8.633287622032262e-10,-3.6905713852265795e-10
Subject05,Incline,1515.0,0.2011,27.4881,0.001722519799150503,5.1934,68.03,0.0061,0.0136,0.0048,0.0108,1.8303724163062535e-09,-1.344345752299264e-09,-9.340967506901998e-10,1.7584935478045873e-09
Subject05,Incline,1530.0,0.201,27.9048,0.0010989544941853516,5.1934,68.03,0.0101,0.0126,0.0083,0.0091,-1.3914115228711942e-09,8.220964083148025e-10,5.900519359008347e-10,-1.6595829475612812e-09
Subject05,Incline,1545.0,0.1899,28.7381,0.0011361871891973322,5.1934,68.03,0.0088,0.0144,0.0088,0.009,-3.6500027400216775e-10,-8.147219382590101e-10,9.913279834096846e-10,1.0450315365941704e-09
Subject05,Incline,1560.0,0.2018,27.2381,-0.003679997315055802,5.1934,68.03,0.0081,0.0136,0.0048,0.0106,6.276421168849215e-10,7.689886834989478e-10,-1.580075613576397e-09,-1.068337239947023e-09
Subject05,Incline,1575.0,0.2021,27.9881,-0.0022642626941787604,5.1934,68.03,0.0073,0.0135,0.0048,0.0103,-6.581308450373818e-10,4.4786799418255446e-10,1.272567604753042e-09,-1.9652448352139093e-11
Subject05,Incline,1590.0,0.1982,25.6381,-0.0018478959905071214,5.1934,68.03,0.0064,0.0136,0.0056,0.0104,-1.0373927708534698e-10,-6.238156343791278e-11,-1.1658897477462122e-10,-9.832976731002984e-12
Subject05,Incline,1605.0,0.2029,27.0381,0.0034272622928330355,5.1934,68.03,0.0096,0.0136,0.0069,0.0093,4.812960984264682e-11,-2.792754871001766e-10,-1.0850278758405392e-09,-3.93620485974467e-11
Subject05,Incline,1620.0,0.1955,29.2381,-0.0023378821520608495,5.1934,68.03,0.0109,0.0147,0.0094,0.0093,9.784126208908034e-10,3.6076703242775115e-11,3.071878948976218e-13,3.6074710929997724e-11
Subject05,Incline,1635.0,0.1985,27.8381,0.0022124573571334397,5.1934,68.03,0.0104,0.0158,0.0068,0.0095,-9.75618826208567e-10,1.2970853834298329e-09,6.154926328230874e-10,-3.577875194244088e-11
Subject05,Incline,1650.0,0.1914,31.0381,0.001490901440651819,5.1934,68.03,0.0077,0.0135,0.0044,0.0098,-4.805713413814498e-11,-2.2572738721734403e-09,-6.887461958757582e-10,1.2485630196301277e-09
Subject05,Incline,1665.0,0.2024,32.2381,-0.0033813547942355814,5.1934,68.03,0.0081,0.0133,0.0046,0.0101,1.2199163375824241e-10,7.788620292475204e-10,2.3362985040983673e-11,-1.2045785815628755e-09
Subject05,Incline,1680.0,0.196,30.4381,-0.0017437504304539297,5.1934,68.03,0.0048,0.0143,0.0046,0.0107,-3.0436380876265056e-11,4.5974804078046576e-11,2.4885868768230906e-10,4.924840881569509e-10
Subject05,Incline,1695.0,0.2088,30.8381,0.0026269052531503866,5.1934,68.03,0.0069,0.0125,0.0074,0.0104,-1.7084033703578435e-11,5.090629755419367e-10,-6.988059133154899e-11,-2.5812351027713555e-10
Subject05,Incline,1710.0,0.2008,31.6381,-0.0013346174909872517,5.1934,68.03,0.0074,0.0118,0.0071,0.0098,9.747166001049151e-11,3.424767659520967e-10,8.617016294266536e-10,-1.7165906993458904e-10
Subject05,Incline,1725.0,0.1999,30.7381,0.0026253647475679297,5.1934,68.03,0.01,0.0128,0.0095,0.009,8.430611874144979e-10,-6.925341981917982e-10,-1.0135642222623244e-09,1.234873055342612e-10
Subject05,Incline,1740.0,0.1997,31.9048,0.0026011243127117036,5.1934,68.03,0.007,0.0126,0.0051,0.0097,-9.03739462247462e-10,3.8750353596838886e-10,1.5332418915316686e-10,-3.1106699241447613e-10
Subject05,Incline,1755.0,0.2059,33.0381,0.0017044613009280188,5.1934,68.03,0.0065,0.0146,0.0053,0.0102,4.502025850466812e-10,-5.029712237580011e-10,4.5006033963397093e-10,1.332851064139847e-10
Subject05,Incline,1770.0,0.2085,31.2381,-0.0016450854279864726,5.1934,68.03,0.0078,0.0125,0.0058,0.0106,-2.7303965565300514e-11,-1.0461103139530942e-10,-5.92848839442706e-10,2.2517652127493078e-11
Subject05,Incline,1785.0,0.2105,29.8381,-0.0028546252049618218,5.1934,68.03,0.0102,0.0118,0.0079,0.0086,8.631142347778819e-10,5.523325703884623e-10,-4.801405973510868e-11,-3.155460641488536e-11
Subject05,Incline,1800.0,0.4536,34.5714,0.003697197979794033,10.8103,68.03,0.0182,0.0198,0.0219,0.0164,3.1774889117087455e-10,1.132941166039566e-11,-7.175196884794308e-12,1.0119456167883244e-10
Subject05,Incline,1815.0,0.4679,48.0952,0.002026871852210821,10.8103,68.03,0.0167,0.0191,0.0217,0.0166,9.488664184117579e-12,-4.14097818683777e-10,1.4317328366374694e-11,-9.933624536985882e-11
Subject05,Incline,1830.0,0.4648,54.2381,-0.0014725915723947484,10.8103,68.03,0.0159,0.0186,0.0186,0.017,-5.55784113123651e-10,2.6900683566263283e-10,-4.018085704225816e-11,2.3184162681814508e-10
Subject05,Incline,1845.0,0.4595,57.9524,-0.0027667031990858933,10.8103,68.03,0.0143,0.0187,0.0179,0.0168,-1.1323183683013156e-09,1.8412208541734424e-09,2.480819460635102e-09,-2.884258611221566e-10
Subject05,Incline,1860.0,0.4647,61.7381,0.0011354904824700514,10.8103,68.03,0.0147,0.0185,0.0204,0.0168,2.908048098014407e-10,-4.733437877445875e-10,4.929050451348791e-10,6.056993776952199e-11
Subject05,Incline,1875.0,0.4634,62.381,-0.0021855463533465495,10.8103,68.03,0.0143,0.0185,0.0181,0.017,-1.6954513539685364e-10,-4.488138580325127e-10,-2.1143461016799458e-09,4.6686577066117726e-11
Subject05,Incline,1890.0,0.461,66.0714,0.0014511896517119746,10.8103,68.03,0.0145,0.0184,0.0227,0.017,2.57953497184913e-09,-3.381791116048163e-10,-8.213144588097965e-10,8.511355129300125e-10
Subject05,Incline,1905.0,0.4743,67.0952,-0.0015384204739978668,10.8103,68.03,0.0136,0.0177,0.0173,0.0158,-1.1147851993448297e-09,-1.3406909399904342e-09,1.9565058633062823e-10,-5.682187566397142e-11
Subject05,Incline,1920.0,0.4614,69.2381,0.001106473685687585,10.8103,68.03,0.0146,0.0177,0.0185,0.0166,6.046648124932364e-10,-1.981743011736692e-11,-2.144809435225654e-10,-3.110754255382566e-11
Subject05,Incline,1935.0,0.4742,70.2381,-0.0018323860640617883,10.8103,68.03,0.0162,0.0177,0.0195,0.0167,-1.4906563717325549e-09,1.0732595804017391e-09,-5.936851064665079e-11,-6.982382764354112e-10
Subject05,Incline,1950.0,0.4667,69.381,-0.001967176211549549,10.8103,68.03,0.0169,0.0184,0.0197,0.0165,5.077062797960017e-10,6.715424953381273e-10,2.0487060506873454e-09,-7.22166978009264e-11
Subject05,Incline,1965.0,0.4638,69.7381,0.0016704078970364328,10.8103,68.03,0.017,0.0181,0.0216,0.017,-6.116806675714941e-10,-6.69094090579053e-12,-5.150916076208751e-10,-3.734376573464144e-11
Subject05,Incline,1980.0,0.4731,72.2381,0.0011337982753751076,10.8103,68.03,0.0165,0.0174,0.0213,0.0158,4.101095594319763e-10,-6.133241949033292e-10,-1.0312344812263367e-09,2.047886714651512e-11
Subject05,Incline,1995.0,0.4679,73.9524,-0.0014307381834481742,10.8103,68.03,0.0168,0.0167,0.0221,0.0154,-7.073946991205017e-10,3.5753197878262794e-10,-2.490658378698218e-10,-3.325324529082869e-11
Subject05,Incline,2010.0,0.4751,73.5238,-0.0014315723536362324,10.8103,68.03,0.0162,0.0172,0.0191,0.0162,8.263780765323217e-10,-4.186568380785529e-10,-3.8870048994105053e-10,3.7962544658039605e-11
Subject05,Incline,2025.0,0.4713,73.9048,0.0007668873281990996,10.8103,68.03,0.0157,0.0166,0.0213,0.015,8.58569503596853e-10,-3.9360847641361794e-10,3.032607680981879e-10,1.371796681255095e-10
Subject05,Incline,2040.0,0.4784,74.5714,-0.0014535577046502978,10.8103,68.03,0.0155,0.0181,0.0171,0.0153,-4.3132914034829473e-10,-8.04144714581789e-10,6.14920688498541e-10,1.722349235767458e-09
Subject05,Incline,2055.0,0.4767,75.5238,0.00140560253764945,10.8103,68.03,0.0143,0.0183,0.0176,0.0159,1.3048195680607747e-09,-1.2798922304996886e-10,-5.255402089104186e-10,6.150842035937276e-10
Subject05,Incline,2070.0,0.476,76.9048,-0.0015861881509966764,10.8103,68.03,0.0159,0.0183,0.0197,0.0164,-4.295946335880981e-10,-1.3128366930764639e-10,3.9406934819310234e-10,-1.0018069737041959e-10
Subject05,Incline,2085.0,0.4786,76.8095,-0.0014402574988766708,10.8103,68.03,0.0146,0.0186,0.0161,0.0159,-2.5307953605302137e-09,-5.6800330344413615e-11,-4.916658733612804e-10,-1.4192481006097521e-09
Subject05,Incline,2100.0,0.4819,77.7381,-0.0017720711167503475,10.8103,68.03,0.014,0.0187,0.0161,0.0151,1.330942413945042e-10,1.6096398422380623e-10,2.372105032099624e-09,-3.7796196608388347e-10
Subject05,Incline,2115.0,0.4639,75.6667,-0.0013344618495928504,10.8103,68.03,0.0156,0.0173,0.0175,0.0162,-9.194051522557341e-11,2.24785581857075e-09,-6.787678841546863e-10,-5.595695025368458e-10
Subject05,Incline,2130.0,0.4687,77.0714,0.001533766439108308,10.8103,68.03,0.0126,0.0181,0.0147,0.0163,6.705395101457402e-11,-3.13151192353681e-10,-4.483479955850582e-11,1.7769156483431867e-10
Subject05,Incline,2145.0,0.4807,77.9048,0.0019128219627375545,10.8103,68.03,0.0147,0.0176,0.0163,0.0165,1.490541603364319e-09,-5.421245185654774e-10,-1.881089014142654e-09,-1.7977398637882892e-10
Subject05,Running,360.0,0.2974,-2.2515,-0.006126667978255429,2.8884,68.03,0.009,0.0153,0.0117,0.0142,-9.20084474245123e-11,4.350842799813738e-09,2.770417697292521e-09,-1.4586234351319657e-10
Subject05,Running,375.0,0.6485,6.0818,0.00478789219120995,2.8884,68.03,0.0105,0.0219,0.0114,0.0211,1.1952754843525146e-10,-1.2169906768445825e-09,-5.045938766654495e-10,-1.7099911338297945e-12
Subject05,Running,390.0,0.6538,12.7818,-0.0020611108318689527,2.8884,68.03,0.0103,0.0206,0.0116,0.0208,1.3197623662085839e-11,-2.5562512955234184e-10,-1.0170461555625267e-09,7.701260333882879e-11
Subject05,Running,405.0,0.6539,10.2485,-0.003860002246979609,2.8884,68.03,0.0097,0.0196,0.0112,0.0196,7.362822856441181e-11,-2.924973611586999e-09,-5.057879741476586e-10,1.048982262932797e-09
Subject05,Running,420.0,0.643,7.5818,-0.002352931639206675,2.8884,68.03,0.0091,0.0188,0.0098,0.0183,-1.8191068979677518e-10,-3.0312575375792744e-11,-8.984803147254362e-10,2.97017268946677e-11
Subject05,Running,435.0,0.6547,6.8318,0.0010941405505514616,2.8884,68.03,0.0085,0.0182,0.0092,0.0185,5.744115712234825e-10,2.519813386052772e-10,-4.4829257872842216e-11,-5.08525424752815e-10
Subject05,Running,450.0,0.6367,5.5818,-0.002630377779341159,2.8884,68.03,0.0089,0.0191,0.0112,0.019,-5.080571121416685e-10,8.719685949371139e-10,-2.1502961030168175e-11,-8.75704476475431e-10
Subject05,Running,465.0,0.6411,6.0818,0.0028281919797548366,2.8884,68.03,0.0091,0.0175,0.0108,0.0175,-6.055900065238603e-11,2.827689630470375e-09,2.916093616887959e-09,2.809183040277911e-10
Subject05,Running,480.0,0.6437,7.7485,-0.001782648860951422,2.8884,68.03,0.0093,0.018,0.0118,0.0165,2.6493079497625734e-11,-1.4578540347659484e-09,-1.5755858330844423e-09,-1.0905755189369628e-10
Subject05,Running,495.0,0.6323,5.7485,-0.0034024012899129354,2.8884,68.03,0.0087,0.0188,0.0104,0.0168,-5.929755986865578e-11,-9.72726914205727e-10,2.2253517356851923e-10,4.946922319690594e-10
Subject05,Running,510.0,0.6335,4.5818,0.004228797299739323,2.8884,68.03,0.0091,0.0171,0.0104,0.0156,7.560826271449735e-11,-1.5274767750641265e-09,-1.5455423543811856e-09,4.4983389044587444e-10
Subject05,Running,525.0,0.6408,5.0818,0.0024568333704299812,2.8884,68.03,0.0086,0.0169,0.0105,0.0164,3.291379413941375e-10,1.0064347345491716e-09,-6.20856525953672e-11,-1.084436272000205e-09
Subject05,Running,540.0,0.6367,4.3818,-0.0021592224324598615,2.8884,68.03,0.0076,0.0179,0.0102,0.0144,-3.3348662526895474e-10,3.6043537814392717e-09,1.8607169947557277e-09,2.2835078885904258e-10
Subject05,Running,555.0,0.6414,5.8318,-0.003208714470918284,2.8884,68.03,0.0076,0.0169,0.0098,0.0145,5.7453980023559334e-11,-4.530761613677841e-09,-1.7344484130604567e-09,7.798965400861689e-10
Subject05,Running,570.0,0.6429,5.5818,0.004032142475517306,2.8884,68.03,0.0083,0.0168,0.0097,0.0165,2.3220502496025305e-10,-7.169157452763303e-11,-1.0446367733521973e-10,6.354869955717804e-10
Subject05,Running,585.0,0.6245,6.0818,-0.0018697052102042326,2.8884,68.03,0.0085,0.0169,0.0107,0.0146,2.7312374815095524e-10,5.845920210107419e-10,-2.342378650737771e-11,-1.2465437022551984e-09
Subject05,Running,600.0,0.6782,4.3318,-0.0015136470932617717,2.8884,68.03,0.0075,0.0182,0.0095,0.016,-6.343135188485344e-10,2.1236129603639225e-09,3.1442373329793302e-09,-1.884813707776169e-10
Subject05,Running,615.0,0.6762,2.8318,0.0024407949969624284,2.8884,68.03,0.0077,0.0162,0.0112,0.0142,5.056189010407154e-11,-2.741924534946213e-09,-2.964757141869186e-09,1.006773138750428e-09
Subject05,Running,630.0,0.6838,5.0818,-0.0022632462953360256,2.8884,68.03,0.0078,0.0159,0.0099,0.0154,1.0759687905786556e-09,1.0707520507623128e-10,-1.6406593273654999e-10,2.0091666273914653e-09
Subject05,Running,645.0,0.6601,5.7818,0.0018613601546376628,2.8884,68.03,0.0088,0.0166,0.0083,0.0144,-4.337688132262425e-10,9.057962300118918e-11,-1.2371160935045956e-11,-1.8839283299167405e-09
Subject05,Running,660.0,0.6718,5.5818,-0.0019751473404673488,2.8884,68.03,0.008,0.0166,0.0101,0.0144,-5.333744054266271e-10,2.0817289251759617e-09,1.5366820625403455e-09,-1.1532999245436675e-09
Subject05,Running,675.0,0.6608,6.9152,0.0016318688549407396,2.8884,68.03,0.0071,0.0165,0.0099,0.0138,8.481060750490343e-11,-2.135327793891267e-09,-9.245967781178876e-10,4.786216692038509e-10
Subject05,Running,690.0,0.6595,6.9152,-0.003713587006037499,2.8884,68.03,0.0078,0.0157,0.0095,0.0144,-2.6311218042960894e-10,-1.6647241997722846e-10,-5.757133298799492e-10,9.647171715175849e-11
Subject05,Running,705.0,0.636,2.8318,-0.0037890588178235442,2.8884,68.03,0.0086,0.0166,0.0118,0.016,1.7854446785193824e-09,9.73312734640597e-10,4.2905149752034396e-11,8.291557840982292e-10
Subject05,Running,720.0,1.3028,14.2961,0.010201712073902356,10.0767,68.03,0.0212,0.0247,0.0198,0.0233,-1.2034753220841069e-09,-9.178923878279994e-10,1.166148730030695e-09,-6.047433806192065e-10
Subject05,Running,735.0,1.3372,34.8675,-0.0035538651099715156,10.0767,68.03,0.0183,0.0206,0.0162,0.0233,2.987957083331445e-09,4.53677094324786e-10,-1.1071615787051736e-09,-4.2274074258638803e-10
Subject05,Running,750.0,1.3464,36.5818,-0.00044041705217795035,10.0767,68.03,0.0164,0.0216,0.0156,0.021,-2.93762879973813e-09,-9.56892710935623e-11,1.1570757765102981e-10,2.803339957691738e-09
Subject05,Running,765.0,1.3622,40.8318,-0.0014958170838326559,10.0767,68.03,0.0178,0.0214,0.0145,0.0213,7.955252021200613e-10,2.7860067803972155e-09,7.099884624210769e-10,-3.2234144594124682e-09
Subject05,Running,780.0,1.3678,42.1818,0.0018947442509658207,10.0767,68.03,0.0164,0.0202,0.0154,0.0199,1.9205428208008502e-10,-4.768954031321314e-10,-6.76001663603726e-10,1.7502872421753072e-10
Subject05,Running,795.0,1.3785,43.9818,-0.002623978625279252,10.0767,68.03,0.0168,0.0207,0.0148,0.0196,-1.4657947510551932e-09,-2.6662104836846782e-09,-1.320947017794429e-10,2.802561506617929e-09
Subject05,Running,810.0,1.3858,44.3318,0.0018664019413588437,10.0767,68.03,0.0163,0.0199,0.0145,0.0183,1.764178395826175e-10,4.159729587769668e-11,5.06610550780621e-10,-9.845370215875798e-10
Subject05,Running,825.0,1.4122,47.1818,0.0011405145873518373,10.0767,68.03,0.0145,0.0198,0.0137,0.0192,5.614986718846043e-10,4.5403453224468145e-09,-6.821554000817346e-10,-1.9671847462476144e-09
Subject05,Running,840.0,1.4099,49.5818,0.0022916082032346024,10.0767,68.03,0.0141,0.0198,0.0139,0.0188,1.2000588875100268e-09,-4.643642176172924e-09,2.1768590733440006e-10,4.862735649948068e-10
Subject05,Running,855.0,1.4064,52.0818,-0.0016660956209574383,10.0767,68.03,0.0145,0.0192,0.014,0.0191,-1.982951519977064e-09,-6.126565999686156e-11,2.0635096586166986e-09,-1.853494335800832e-10
Subject05,Running,870.0,1.419,51.7818,-0.001907924158897502,10.0767,68.03,0.0157,0.0182,0.0136,0.02,7.37257096734341e-10,4.971153186678966e-09,-2.126553887084858e-09,-2.7652413748378485e-10
Subject05,Running,885.0,1.4138,52.1818,0.000948830143738862,10.0767,68.03,0.0151,0.0185,0.0139,0.02,1.4249985326427734e-09,-4.94831493819199e-09,-4.5309471817605255e-11,6.002544010826548e-10
Subject05,Running,900.0,1.4096,53.0818,-0.0012280377618856153,10.0767,68.03,0.0155,0.0198,0.0149,0.0184,-1.2235470816383114e-09,1.2133609864340908e-10,8.610259179284555e-10,1.4404353090437784e-09
Subject05,Running,915.0,1.4401,53.9818,-0.002150169038916678,10.0767,68.03,0.0145,0.0194,0.0141,0.0178,-8.453085862381603e-10,-1.6172125467733594e-11,-5.462907813008654e-10,2.3934386985707965e-09
Subject05,Running,930.0,1.4362,54.9818,0.0026432226994398855,10.0767,68.03,0.015,0.0186,0.0145,0.0176,-5.727400606081971e-11,1.203322764531151e-10,1.5757905362083674e-09,-4.1564284942991194e-09
Subject05,Running,945.0,1.4223,59.5818,-0.0012957824105840512,10.0767,68.03,0.0143,0.0185,0.0133,0.0186,-1.0351882480181477e-10,-9.655123868955611e-11,8.727150993022988e-10,-4.311915924673558e-10
Subject05,Running,960.0,1.4109,59.8318,-0.002175486696853859,10.0767,68.03,0.0146,0.0185,0.014,0.0183,2.7458499285291974e-11,-8.889175937764587e-12,-4.2665253930840345e-10,4.563528187551315e-10
Subject05,Running,975.0,1.4002,60.1818,-0.00208303286206238,10.0767,68.03,0.014,0.0189,0.0139,0.0192,2.902035923823576e-10,7.593363264893236e-11,-1.3459533739753816e-09,1.6770018344907805e-09
Subject05,Running,990.0,1.4063,59.9818,0.0018277127459016475,10.0767,68.03,0.0152,0.0191,0.0142,0.0183,-5.231249066094789e-12,5.5773505750882784e-11,-9.895149180581538e-10,2.1458652900522874e-09
Subject05,Running,1005.0,1.4388,60.7818,-0.0014333326488974601,10.0767,68.03,0.0144,0.0178,0.0143,0.018,3.8856897238906053e-11,-6.066191349981559e-11,1.5353980878304108e-10,-1.431052285644495e-09
Subject05,Running,1020.0,1.4319,59.5818,-0.0013989844610933877,10.0767,68.03,0.0143,0.0184,0.0144,0.0179,-6.175601633955078e-11,-4.743009394865048e-11,-9.001308504596747e-11,3.690628222799756e-11
Subject05,Running,1035.0,1.442,60.2485,0.002031168359350754,10.0767,68.03,0.0155,0.0177,0.0138,0.0184,-3.7473856836126956e-11,-1.706287380271419e-11,-7.13930014173538e-11,1.1204409909943426e-09
Subject05,Running,1050.0,1.4569,60.9818,0.0021524375924814637,10.0767,68.03,0.0143,0.0185,0.0142,0.0183,-1.0626341648112102e-10,7.045848076717646e-11,1.260048481454918e-09,-2.9106884684900137e-09
Subject05,Running,1065.0,1.4467,62.5818,-0.001960800833691641,10.0767,68.03,0.0151,0.0185,0.0143,0.018,1.772001160605015e-10,4.642574326354366e-11,9.234482462817098e-12,3.6241403787495905e-10
Subject05,Running,1080.0,1.8817,66.7485,0.0017018706282550741,13.1853,68.03,0.0197,0.0203,0.0183,0.0204,2.5672419537148585e-11,-2.289830580644724e-10,1.8556229935919817e-09,-1.400303261540047e-09
Subject05,Running,1095.0,1.8768,70.5818,-0.0007339131937241542,13.1853,68.03,0.0186,0.0194,0.0184,0.0201,9.389072642831684e-11,-1.4455059952332052e-10,4.5014019452043935e-10,5.536864071912733e-12
Subject05,Running,1110.0,1.8888,71.8318,-0.0015739491841065619,13.1853,68.03,0.018,0.0184,0.018,0.0198,-1.5946527622394657e-10,4.059841074696556e-10,-2.9508000590400727e-09,2.520518324814173e-09
Subject05,Running,1125.0,1.9681,73.9818,0.001275085979559764,13.1853,68.03,0.0183,0.0181,0.0173,0.02,4.5079963114783245e-11,-3.315391218900849e-12,-1.8579883736929038e-10,1.1274322721887457e-10
Subject05,Running,1140.0,1.9564,75.3818,-0.0014774906528093475,13.1853,68.03,0.0184,0.0181,0.0174,0.0196,2.117253371930564e-11,-1.5227913810960686e-10,5.614274541318129e-11,1.3571307415442786e-09
Subject05,Running,1155.0,1.9575,76.9818,0.0009280992859692537,13.1853,68.03,0.018,0.0181,0.017,0.019,4.985491990167438e-10,-1.199653688442369e-11,-3.367485224161762e-10,-2.424830318955059e-09
Subject05,Running,1170.0,1.8969,78.9818,0.0017530415759942834,13.1853,68.03,0.0171,0.0185,0.0152,0.0188,1.088455108192391e-09,1.8379289965121369e-09,-2.0360933680985533e-10,-1.4513538800534928e-09
Subject05,Running,1185.0,1.9214,81.7818,-0.0011744776376550986,13.1853,68.03,0.0167,0.0186,0.0147,0.0187,-1.1127315232544196e-09,9.472035203902067e-10,9.355815613430722e-11,8.50276928247672e-11
Subject05,Running,1200.0,1.9562,82.5818,-0.0013550358117004379,13.1853,68.03,0.0175,0.0178,0.0165,0.0187,-4.867649521900804e-10,-2.7330416160719253e-09,1.8093219721441475e-09,1.0386655408505878e-09
Subject05,Running,1215.0,1.958,82.9818,0.001422844408843021,13.1853,68.03,0.0185,0.0195,0.0163,0.0196,1.0018871761739675e-09,2.729687297708003e-09,-1.7487276499922457e-09,-9.629836785509975e-10
Subject05,Running,1230.0,1.9141,83.1818,-0.0016546343143601628,13.1853,68.03,0.0176,0.0199,0.0156,0.0199,-9.140034914551926e-12,6.661168396457527e-10,-2.4459426591196927e-10,-1.247543065932922e-10
Subject05,Running,1245.0,1.9576,83.5818,0.0011944890695197831,13.1853,68.03,0.0173,0.0186,0.0158,0.0193,-6.958689842406025e-10,-3.4615236556356053e-09,3.0740236011651836e-09,7.043318451237978e-12
Subject05,Running,1260.0,1.9771,85.3818,0.0014707509128991342,13.1853,68.03,0.0174,0.0184,0.0168,0.0193,-2.716859705985261e-10,1.1599689431900678e-10,-1.0451018020952696e-09,1.377314656664739e-09
Subject05,Running,1275.0,1.9095,88.1818,-0.0022048916297357983,13.1853,68.03,0.0164,0.0181,0.0145,0.0191,2.8228271860005353e-10,3.751620342720414e-09,-1.7616693992119152e-09,-1.3490876601528068e-09
Subject05,Running,1290.0,1.9933,88.0818,0.0017465513076019535,13.1853,68.03,0.0152,0.0176,0.0144,0.018,1.164306532000439e-10,-3.7444804822649065e-09,3.591204954145735e-11,1.052751165667983e-09
Subject05,Running,1305.0,1.9644,88.5818,0.0017729282250780129,13.1853,68.03,0.0157,0.0185,0.0157,0.0182,-3.660234132498712e-10,-3.590309622055989e-11,1.934324519351819e-10,1.2599765684976517e-09
Subject05,Running,1320.0,1.9227,89.0818,-0.0016521037073729651,13.1853,68.03,0.0171,0.0189,0.0153,0.0182,7.870438739746879e-10,4.2748357610021273e-10,1.2833789898300988e-09,-2.360156658409636e-09
Subject05,Running,1335.0,1.9372,87.8675,-0.0019077829114529502,13.1853,68.03,0.0161,0.0181,0.0143,0.0184,1.353679481934214e-09,3.8328419123846344e-10,-1.7185325825316623e-09,3.531294307420988e-11
Subject05,Running,1350.0,1.9881,87.9152,0.001390621254692389,13.1853,68.03,0.0177,0.0186,0.0155,0.0174,-2.362430117410413e-09,-7.797704978674397e-10,2.16730864799141e-09,1.3903904591242085e-10
Subject05,Running,1365.0,1.9774,88.5818,0.0015732052371040211,13.1853,68.03,0.0172,0.0173,0.0144,0.0193,2.451394278067436e-09,-5.2005949688687854e-11,-2.048442768169521e-09,-8.526718603073967e-11
Subject05,Running,1380.0,2.0316,89.0818,-0.0023363721098099478,13.1853,68.03,0.0169,0.0187,0.0156,0.0188,-2.014373328313812e-09,4.079184208644671e-09,1.0999639562166956e-11,-2.8802249892006356e-11
Subject05,Running,1395.0,2.0589,89.0263,0.0021083314400994046,13.1853,68.03,0.0194,0.0179,0.0161,0.0193,1.1671692254377723e-09,-1.699105527327184e-09,4.1847040043650794e-10,-2.3400037332435994e-11
Subject05,Running,1410.0,2.0061,90.2485,0.0015533040166945654,13.1853,68.03,0.0171,0.0179,0.0155,0.0181,-1.715206742291649e-09,-2.6067584449416898e-09,2.226663321317847e-09,-1.8476460805502627e-10
Subject05,Running,1425.0,1.9677,92.4818,0.0021822605809107705,13.1853,68.03,0.017,0.0178,0.0153,0.0196,1.8206344460228604e-10,1.9222953967435257e-10,-2.801062228824141e-09,2.9395387775776197e-09
Subject05,Running,1440.0,1.3325,91.0818,-0.0021681963488149663,8.8465,68.03,0.0132,0.0186,0.0122,0.0181,2.392114412884214e-11,-5.564798817291478e-11,7.895478911881287e-10,-1.7919486094475641e-09
Subject05,Running,1455.0,1.1587,87.7068,-0.0014301041499051594,8.8465,68.03,0.011,0.0188,0.0116,0.0178,2.0204663306452524e-10,2.81500970571029e-09,-9.424895730483507e-10,-1.0381886533249785e-09
Subject05,Running,1470.0,1.1795,82.7247,-0.001318600350356536,8.8465,68.03,0.0102,0.0183,0.0118,0.0187,1.4203809285173305e-09,-2.090883070328036e-09,1.1408073544528421e-10,1.5293556055602097e-09
Subject05,Running,1485.0,1.2013,79.4707,-0.0014992068108760227,8.8465,68.03,0.0098,0.02,0.0119,0.0183,-1.7290812953989722e-09,-6.018275086939838e-10,1.4339947502921623e-10,2.136526057070609e-09
Subject05,Running,1500.0,1.2251,77.3596,0.0017405515664825008,8.8465,68.03,0.0099,0.0193,0.0125,0.0178,-1.7762275101333355e-10,-8.344026687949105e-11,1.6560933840822323e-09,-3.5389060524496484e-09
Subject05,Running,1515.0,1.1669,77.6929,0.0017123862397777094,8.8465,68.03,0.0102,0.0185,0.0116,0.0184,1.6171079315103294e-11,2.316683130990278e-09,3.0445051270623714e-10,-1.3864885796949224e-10
Subject05,Running,1530.0,1.1995,75.2485,-0.0015803601028610747,8.8465,68.03,0.0101,0.0188,0.012,0.0182,4.854398666371568e-10,4.4261029040340077e-10,-2.270152374739365e-09,2.8986098653702296e-11
Subject05,Running,1545.0,1.2096,72.4707,0.0014523536296265872,8.8465,68.03,0.0106,0.0197,0.0124,0.0195,9.200572813947121e-10,-2.816255245012656e-09,1.9710261542194355e-10,1.6341007675234453e-09
Subject05,Running,1560.0,1.2172,72.1532,0.001100435347999553,8.8465,68.03,0.0106,0.0188,0.0121,0.0194,-7.718979723246914e-10,1.2995594528776227e-10,-1.1547707732570736e-11,-2.5090934186464317e-10
Subject05,Running,1575.0,1.2075,70.2485,0.0017602597570980272,8.8465,68.03,0.01,0.0192,0.012,0.0188,1.7536636543222932e-09,9.151149036582266e-11,-1.3744720725431895e-11,-9.60044259816197e-10
Subject05,Running,1590.0,1.2185,69.7485,-0.0025592994054408707,8.8465,68.03,0.0111,0.0179,0.0125,0.0186,-2.0694972436960635e-09,3.0231143830574527e-09,-1.4498734184848857e-10,-4.5011006162993315e-10
Subject05,Running,1605.0,1.2124,65.5818,0.0018412919210110395,8.8465,68.03,0.0104,0.019,0.0126,0.0177,-3.2551725527303475e-10,-2.5816976098569852e-09,3.5308649538124617e-09,-3.5778750368408724e-12
Subject05,Running,1620.0,1.2292,66.4152,0.0016500553031739377,8.8465,68.03,0.0103,0.0185,0.0122,0.0175,1.6840136926235464e-10,-4.941759195957343e-10,-3.1610817917660988e-09,3.550433034177597e-09
Subject05,Running,1635.0,1.2323,67.4152,-0.002028731047863616,8.8465,68.03,0.0112,0.0179,0.0128,0.0186,2.2881558779172493e-09,-2.431061902666501e-10,-9.641778646235616e-11,-2.637013297018224e-09
Subject05,Running,1650.0,1.205,63.5818,0.002161631206492896,8.8465,68.03,0.0111,0.0191,0.0129,0.0179,-1.3953853062553888e-09,1.4179462405038883e-09,-8.519327909342363e-11,-6.186398891260947e-10
Subject05,Running,1665.0,1.242,65.7818,-0.0016941008139741995,8.8465,68.03,0.0097,0.0196,0.0125,0.0177,-7.736683375715883e-10,1.1726036150540516e-09,-1.8247484669574118e-10,-2.199502011707467e-10
Subject05,Running,1680.0,1.2411,65.5818,0.0017197518557737102,8.8465,68.03,0.0098,0.0178,0.0132,0.0177,-1.48251151234362e-10,-2.515400692343451e-09,1.3886386456256638e-09,1.0139949842821992e-09
Subject05,Running,1695.0,1.2456,64.5818,-0.0018015948322884859,8.8465,68.03,0.0096,0.0188,0.0122,0.018,2.300693310951142e-09,3.486470696402389e-11,-1.136596431662114e-09,-1.8315531472553373e-10
Subject05,Running,1710.0,1.2429,63.7485,-0.0017330149112236607,8.8465,68.03,0.0101,0.019,0.0125,0.0178,-2.306841278103864e-09,2.14044993418742e-09,-1.3418246666823689e-10,-7.753114384458943e-10
Subject05,Running,1725.0,1.2515,63.5818,0.002078617796968126,8.8465,68.03,0.0104,0.0202,0.0132,0.0183,-8.802989868760258e-11,-2.086968755342663e-09,8.87249757703425e-10,2.007171317082592e-09
Subject05,Running,1740.0,1.2276,64.9818,-0.0018479571868040552,8.8465,68.03,0.0112,0.0181,0.0126,0.019,1.2535497947935962e-10,2.7435806011355605e-09,-7.310969894787837e-10,-2.058580174269382e-09
Subject05,Running,1755.0,1.2125,64.2485,-0.0020893006334680234,8.8465,68.03,0.0094,0.0197,0.0123,0.0186,-1.3939611125542243e-10,-2.79243533788656e-09,3.7722772866108826e-10,1.7600251701689e-09
Subject05,Running,1770.0,1.2601,64.5818,0.002521273897535534,8.8465,68.03,0.0097,0.0197,0.0116,0.0184,2.617134665842284e-10,3.48285374554744e-10,-3.2475718076239053e-10,4.175851291836148e-10
Subject05,Running,1785.0,1.236,63.8675,0.0019533163015279403,8.8465,68.03,0.0105,0.0196,0.0116,0.0196,1.8808496368227148e-10,1.2330415242357242e-09,-8.953909931284326e-11,-1.37933921647186e-09
Subject05,Stairs,360.0,0.0818,2.8208,0.0045488387654652,7.6464,68.03,0.0205,0.0506,0.0269,0.034,6.523449754744736e-10,4.225702848416841e-09,-9.690578179761783e-10,-8.31048973808934e-10
Subject05,Stairs,375.0,0.0904,13.797,0.00182728647588326,7.6464,68.03,0.0213,0.0493,0.0228,0.0443,-2.9305064974839713e-10,-5.075617348717109e-09,-2.639064864287094e-10,-1.9923457585395342e-09
Subject05,Stairs,390.0,0.1036,21.8208,-0.0008337804087147656,7.6464,68.03,0.0205,0.0563,0.0198,0.0437,4.8677847193396856e-09,-1.9686341148542287e-09,5.351687524941214e-09,5.7005746995735836e-09
Subject05,Stairs,405.0,0.0872,25.5351,-0.0020205521312157285,7.6464,68.03,0.0187,0.0517,0.0211,0.0462,-4.562581192975249e-09,6.459447218391433e-10,-2.4265064054776e-09,3.142014454685129e-11
Subject05,Stairs,420.0,0.0863,27.1303,0.002116774066651545,7.6464,68.03,0.0178,0.0532,0.0171,0.0372,-4.994666036969724e-10,-5.55149285774648e-10,-2.429713625777289e-09,-3.924026450670129e-09
Subject05,Stairs,435.0,0.0911,30.4636,-0.0018489967352144853,7.6464,68.03,0.0169,0.048,0.0216,0.0399,2.685615666621012e-09,-2.1921426041495892e-10,1.6451861973716992e-09,3.0896452457501682e-09
Subject05,Stairs,450.0,0.0949,32.797,0.0025702602659146527,7.6464,68.03,0.0181,0.0457,0.0247,0.0471,-1.376435985611582e-09,6.016540257255129e-10,-2.165894258734156e-09,-3.385505519281721e-09
Subject05,Stairs,465.0,0.0962,34.3636,-0.0019345537946133106,7.6464,68.03,0.0176,0.0465,0.0221,0.0419,-1.1235460115235204e-09,1.089578551695782e-09,2.6360944499626225e-09,2.4913404127249076e-09
Subject05,Stairs,480.0,0.0836,34.5636,-0.0019462579964183097,7.6464,68.03,0.0188,0.0473,0.0225,0.0435,1.1229884099620372e-09,-6.001777114367336e-10,-2.650171751221682e-09,1.409224943552586e-10
Subject05,Stairs,495.0,0.0909,34.6303,-0.0021599692231585076,7.6464,68.03,0.0173,0.0488,0.025,0.0429,-3.5524260516277806e-10,-5.807636962354838e-10,8.790175842525895e-10,-4.1650615167921024e-09
Subject05,Stairs,510.0,0.0957,34.5636,0.0012518719199520007,7.6464,68.03,0.0164,0.0436,0.0237,0.0364,-2.3653232421557763e-11,4.538196951212951e-09,-8.057109370831138e-10,1.2017326487588775e-10
Subject05,Stairs,525.0,0.0971,36.9636,0.0015878335647267535,7.6464,68.03,0.0176,0.0424,0.0191,0.0395,-1.1848340798160808e-09,-3.8596555118908525e-09,3.6869263227636095e-10,-3.4313272231132814e-11
Subject05,Stairs,540.0,0.0969,38.1636,-0.001995203825541965,7.6464,68.03,0.0167,0.0423,0.0209,0.0351,3.120541688166769e-11,-1.0459712029727002e-09,9.497075590640515e-11,1.5177316116018026e-10
Subject05,Stairs,555.0,0.1091,36.3636,0.0018267070048617231,7.6464,68.03,0.0163,0.0401,0.0219,0.0355,1.1157844769744344e-09,2.1225827499694193e-10,2.0587715912088684e-09,3.052457459040954e-09
Subject05,Stairs,570.0,0.0991,39.1636,-0.0011326602972008535,7.6464,68.03,0.017,0.0366,0.0204,0.0379,-1.0187909795408833e-09,-3.4472120809092504e-10,-2.396565025379756e-11,-2.1066999178586874e-10
Subject05,Stairs,585.0,0.1059,39.9636,0.0013629391379601204,7.6464,68.03,0.0145,0.0356,0.0159,0.0268,1.030103348123487e-09,9.156772986772677e-10,-2.417216000987383e-09,-3.1355356329248754e-09
Subject05,Stairs,600.0,0.1099,39.797,-0.0018098375710288307,7.6464,68.03,0.0158,0.0404,0.0159,0.0318,2.829064998933844e-11,5.55633277936997e-09,9.60108033878804e-10,-4.3685828260392307e-10
Subject05,Stairs,615.0,0.0916,39.5636,0.0012237767810745163,7.6464,68.03,0.0163,0.0491,0.0174,0.0328,-7.315981184624097e-10,2.206627848023066e-10,-1.8032065776329095e-10,1.016247227678981e-10
Subject05,Stairs,630.0,0.0995,41.5636,-0.0011088027027646376,7.6464,68.03,0.0145,0.0396,0.0189,0.0317,-3.028394662574116e-11,-2.159300645447671e-09,-8.813370594877335e-10,2.69667353675556e-10
Subject05,Stairs,645.0,0.1022,41.7636,0.0011203328525499832,7.6464,68.03,0.0135,0.0452,0.0166,0.0371,3.226545510106584e-10,-5.114444042687526e-10,1.301907706783952e-10,6.363964094224381e-10
Subject05,Stairs,660.0,0.1081,42.7636,0.001436240610078492,7.6464,68.03,0.0119,0.0437,0.0144,0.03,-8.162154954902699e-10,-1.0347614996359202e-10,4.4027536511563177e-10,-2.788779976320359e-10
Subject05,Stairs,675.0,0.1006,43.9636,-0.0014075570754252546,7.6464,68.03,0.0139,0.0431,0.0221,0.0244,4.479160308819227e-10,-2.1175489629121513e-09,-1.3880831146433825e-10,2.375870328211466e-09
Subject05,Stairs,690.0,0.1128,42.3636,-0.0010086894509034974,7.6464,68.03,0.0134,0.0427,0.0182,0.0285,-1.4376547065301158e-10,4.616396025254273e-09,4.697865146330675e-10,1.491841545026648e-09
Subject05,Stairs,705.0,0.1038,41.7636,0.0015677030163639707,7.6464,68.03,0.011,0.0397,0.0166,0.0302,-2.7512181069944725e-10,-4.794575815439789e-09,-4.222658420063243e-10,-4.171928036871534e-09
Subject05,Stairs,720.0,0.0759,40.9636,-0.002306440848179186,5.4741,68.03,0.0115,0.0299,0.0151,0.0224,9.349254241342093e-10,2.018672693479709e-09,-4.0890246168528305e-10,1.0616972787125375e-09
Subject05,Stairs,735.0,0.0751,36.9636,0.0025473950640932178,5.4741,68.03,0.0112,0.0306,0.0141,0.0225,8.685138546227873e-11,-1.6789033226749432e-10,-1.1492577340433254e-11,2.199633245221808e-09
Subject05,Stairs,750.0,0.0783,38.297,0.001913527108949765,5.4741,68.03,0.0118,0.0354,0.0131,0.0261,-8.178718597507865e-10,-3.58529608174263e-09,5.691062037987293e-10,-1.115030417378654e-09
Subject05,Stairs,765.0,0.0729,38.9636,-0.0015691215787258053,5.4741,68.03,0.0087,0.0278,0.0139,0.0273,7.260942756299538e-10,-1.2350066003820192e-10,-1.288742529078148e-10,-1.820789057315217e-09
Subject05,Stairs,780.0,0.07,37.9636,-0.0015342978224122845,5.4741,68.03,0.0094,0.0289,0.0128,0.0238,-6.152246732894277e-10,1.3907173637536847e-10,7.694025292446711e-10,1.4080754087678313e-09
Subject05,Stairs,795.0,0.0773,33.9636,-0.0025767770945253603,5.4741,68.03,0.0104,0.0262,0.013,0.0234,-6.886230007612523e-11,2.6785699102175928e-09,-8.422413574747157e-10,-1.951289643799266e-09
Subject05,Stairs,810.0,0.0814,36.297,0.001986070013472182,5.4741,68.03,0.0106,0.0391,0.0143,0.0204,8.093896141402734e-10,3.4443753176968817e-09,5.894981587951289e-10,5.636852840621813e-11
Subject05,Stairs,825.0,0.0712,37.9636,0.001798198815209117,5.4741,68.03,0.0125,0.0298,0.0108,0.0198,-9.414698428036788e-10,-3.827085397371601e-09,-1.1143557025448846e-09,2.3041149385929645e-10
Subject05,Stairs,840.0,0.0688,38.1303,-0.0016859840635171223,5.4741,68.03,0.0111,0.029,0.0121,0.0232,-1.4174307384516745e-10,-1.6164530140968968e-10,2.5241425304976717e-10,2.9318698962028334e-10
Subject05,Stairs,855.0,0.0823,35.3922,0.0015462218084936008,5.4741,68.03,0.0106,0.0301,0.0116,0.0202,2.960470884379949e-10,-1.2702635368391487e-09,-2.3292941335136614e-10,-1.8618146379008163e-10
Subject05,Stairs,870.0,0.064,35.797,0.001841037889666271,5.4741,68.03,0.0096,0.029,0.0134,0.024,-3.134642117754371e-10,-1.0750148297023792e-09,1.6420064513572404e-10,1.8272210932916158e-11
Subject05,Stairs,885.0,0.0708,33.3636,-0.0023417220602014086,5.4741,68.03,0.0095,0.0278,0.0185,0.026,-3.264296655755651e-12,1.307205909152429e-09,2.653241048748714e-11,-4.521252922024007e-11
Subject05,Stairs,900.0,0.0742,33.1065,0.0018863166257168007,5.4741,68.03,0.0091,0.0306,0.013,0.0218,7.733672320377261e-10,7.190198984274523e-10,4.926834593170075e-10,2.766194200814277e-09
Subject05,Stairs,915.0,0.0691,35.4636,-0.0018148986567446362,5.4741,68.03,0.0113,0.0348,0.013,0.0273,-1.5633729378352335e-10,-1.620857135869348e-11,-3.1436714776000125e-10,-2.8703303704518298e-09
Subject05,Stairs,930.0,0.073,33.797,0.001691746464991838,5.4741,68.03,0.0088,0.0272,0.0123,0.0219,-6.314736725541606e-10,3.59751479428134e-09,2.3856938802791333e-10,3.4572311734470693e-09
Subject05,Stairs,945.0,0.0755,34.4636,0.0017435814336544356,5.4741,68.03,0.0108,0.0305,0.0118,0.0229,1.0210956499281556e-09,-4.556442004754583e-09,1.1253027665246507e-09,-2.013815189331917e-09
Subject05,Stairs,960.0,0.0742,34.797,-0.0025366452600504227,5.4741,68.03,0.0106,0.0273,0.0112,0.021,-5.010167189155596e-10,-1.6565650850049225e-10,-7.538652134144116e-10,-1.981048623720928e-09
Subject05,Stairs,975.0,0.0744,31.8208,0.001975945903092035,5.4741,68.03,0.0132,0.0273,0.0145,0.028,-2.3046399106585124e-10,-8.86522431054511e-10,-6.707437334295416e-10,4.257680712028073e-09
Subject05,Stairs,990.0,0.061,33.6303,0.0016713784895261133,5.4741,68.03,0.0116,0.0269,0.012,0.0217,1.0595338739929959e-09,7.529382302440389e-10,2.4471389440723514e-10,-3.7299070130441315e-09
Subject05,Stairs,1005.0,0.0726,32.9636,-0.002459101584139798,5.4741,68.03,0.0108,0.0317,0.0106,0.0246,-7.781967700284437e-10,-1.3471382513256078e-10,1.3183302026999744e-09,1.1966909142016116e-10
Subject05,Stairs,1020.0,0.0816,29.5351,0.0016874894713749889,5.4741,68.03,0.0113,0.0295,0.0115,0.0197,-3.5783132726588495e-10,-2.6797258842061367e-10,7.230587011508355e-10,2.4649902755145804e-11
Subject05,Stairs,1035.0,0.0824,30.4636,-0.0016861879867165613,5.4741,68.03,0.0112,0.0316,0.0132,0.0275,1.0766120772528978e-10,2.760789928771982e-09,-2.4200790181239e-09,2.5784712605992356e-09
Subject05,Stairs,1050.0,0.0725,31.297,0.002666518964214226,5.4741,68.03,0.0095,0.0357,0.0132,0.0248,-2.72066650411272e-10,-1.5693830576995751e-09,1.6575615328651303e-09,-2.7626579171229553e-09
Subject05,Stairs,1065.0,0.0703,36.1636,-0.002083247488466578,5.4741,68.03,0.0088,0.0312,0.011,0.0205,3.575559949673715e-11,4.206026265564542e-09,-1.3400871755185242e-09,2.9567802957990717e-09
Subject05,Stairs,1080.0,0.0844,33.5351,0.0016517026778719948,7.1485,68.03,0.0138,0.037,0.0174,0.0348,1.7589555111073884e-09,-4.350051914675527e-10,1.1810939450847667e-11,-3.1614253332136103e-09
Subject05,Stairs,1095.0,0.0776,35.3922,-0.0017033079195367803,7.1485,68.03,0.0126,0.0434,0.0168,0.0314,1.2836677039348809e-09,-4.834200180721754e-09,1.7305124623858441e-09,3.0750306480635686e-09
Subject05,Stairs,1110.0,0.1026,36.5351,0.0011375197534281628,7.1485,68.03,0.0139,0.0431,0.0185,0.0325,-2.395574751693812e-09,7.896953838341034e-09,-1.2874116469846768e-09,-2.8217845005626643e-09
Subject05,Stairs,1125.0,0.0883,38.1303,-0.0021774889197847553,7.1485,68.03,0.0134,0.0435,0.0211,0.0331,-4.1267998424969864e-10,-4.693363117361183e-09,4.5749369827045936e-10,3.731183797205243e-10
Subject05,Stairs,1140.0,0.1008,40.2494,0.0011489905384272662,7.1485,68.03,0.0137,0.0392,0.0196,0.0315,2.2698722164166564e-11,-3.510373897026574e-09,-1.424232297579839e-09,2.901687006776399e-09
Subject05,Stairs,1155.0,0.0889,43.9636,0.0010491453191241568,7.1485,68.03,0.0138,0.0421,0.0175,0.0302,-5.240756738371628e-11,1.971174252788377e-09,3.6424460093079816e-10,-3.68217625081083e-09
Subject05,Stairs,1170.0,0.0846,44.3922,-0.0013306401876913292,7.1485,68.03,0.0107,0.0395,0.0168,0.0322,2.204281097528859e-10,-1.7646680004797917e-09,-1.7569875942881814e-10,1.5667873061633549e-09
Subject05,Stairs,1185.0,0.0886,43.5636,-0.0016592920918806263,7.1485,68.03,0.0127,0.0377,0.0157,0.0316,-1.0639704999195871e-10,4.597436628185419e-09,1.9132851458180297e-10,-1.6129869151367911e-09
Subject05,Stairs,1200.0,0.0923,41.8208,0.0016908637825973072,7.1485,68.03,0.0137,0.0391,0.0195,0.0284,3.387819702519083e-10,-4.236866664085299e-09,6.760494781882935e-10,2.9405496810461874e-09
Subject05,Stairs,1215.0,0.0928,42.2494,-0.0013583198387281503,7.1485,68.03,0.0115,0.0398,0.013,0.0257,1.3352316688733474e-10,4.5853074005170604e-09,1.4152018221073306e-09,-1.8456745543225556e-09
Subject05,Stairs,1230.0,0.1046,42.1303,0.001401056174686778,7.1485,68.03,0.0117,0.0351,0.0173,0.0255,9.10929155136737e-10,-5.080682139413896e-09,-4.946993448182313e-10,3.0214442757390424e-09
Subject05,Stairs,1245.0,0.0995,44.6303,0.0012003843853048285,7.1485,68.03,0.0144,0.0376,0.0177,0.0324,9.332603783833818e-11,8.708769817174172e-09,-1.7545090041708722e-09,-3.9007809030542645e-09
Subject05,Stairs,1260.0,0.0923,45.1303,-0.001664193861823254,7.1485,68.03,0.0128,0.0392,0.0179,0.0268,-1.594970849713114e-09,-8.728907682800004e-09,9.087159083410678e-10,1.7284732291565651e-09
Subject05,Stairs,1275.0,0.1004,43.6779,0.0012139158271873458,7.1485,68.03,0.014,0.0351,0.016,0.0241,4.449044453793906e-10,3.3088897585922903e-09,-6.195798368559983e-10,-1.940585642189348e-09
Subject05,Stairs,1290.0,0.1025,43.4636,0.0009975662397641299,7.1485,68.03,0.011,0.0369,0.0139,0.0242,-5.180316434898802e-10,3.974550948269734e-09,5.242030055350431e-11,3.3598012465275015e-09
Subject05,Stairs,1305.0,0.1107,43.9636,-0.0031837095118489307,7.1485,68.03,0.0118,0.0357,0.0133,0.0324,1.6060469327455498e-09,-2.6082611507512787e-09,1.5047712971201363e-09,-1.1491309055523903e-09
Subject05,Stairs,1320.0,0.1051,42.6303,-0.0011775176652816268,7.1485,68.03,0.0126,0.0399,0.0189,0.0273,-1.271109651189447e-09,1.9136838850687786e-09,7.679298830341881e-10,-1.9593293646723476e-09
Subject05,Stairs,1335.0,0.102,43.6303,0.0014632299254599397,7.1485,68.03,0.0145,0.0324,0.0205,0.0273,8.15863901227153e-11,-5.944665262513606e-09,-3.7644872782672517e-10,1.1580562917355906e-09
Subject05,Stairs,1350.0,0.0918,44.2494,-0.00151261788254387,7.1485,68.03,0.0139,0.0429,0.0166,0.0337,1.0036881022016997e-09,7.709169393592992e-10,-1.6634069464500185e-09,-4.777086655638973e-11
Subject05,Stairs,1365.0,0.0949,42.5351,0.0015551597971216558,7.1485,68.03,0.0113,0.0371,0.0115,0.0275,-1.3538784931447355e-09,-2.0955872888188872e-10,-7.41016573601149e-10,2.389070326063276e-09
Subject05,Stairs,1380.0,0.1024,45.1303,-0.0012670027211855435,7.1485,68.03,0.0121,0.0353,0.0137,0.0288,-2.4364354552981934e-10,2.3303808663121665e-09,7.413263380766136e-10,-3.4878312302606614e-09
Subject05,Stairs,1395.0,0.1028,46.2136,0.001510424629581226,7.1485,68.03,0.0144,0.0352,0.0149,0.0303,4.4699029003370143e-10,-3.524634462750807e-09,-6.524590580338074e-10,6.811295522806362e-09
Subject05,Stairs,1410.0,0.0923,46.9636,-0.0011386771231778419,7.1485,68.03,0.0123,0.0389,0.0133,0.024,8.002967837214203e-10,-4.885047381517564e-10,3.025524437893166e-10,-3.6195341068836927e-09
Subject05,Stairs,1425.0,0.0804,46.3636,0.0013241480852842166,7.1485,68.03,0.013,0.0326,0.0145,0.0283,-1.0317689503857868e-09,1.8672044998968168e-09,5.098849268253916e-10,-1.6343621210381806e-09
Subject05,Walking,360.0,0.4037,-2.1667,0.004586794621402588,2.5504,68.03,0.0135,0.0123,0.0208,0.0101,-1.6150226867401464e-09,-2.1115614116602928e-10,1.6265808486842336e-09,2.021277830622233e-10
Subject05,Walking,375.0,0.3908,8.2,0.0041683230642223755,2.5504,68.03,0.0121,0.0125,0.0172,0.0103,6.682248704754174e-10,5.661085347478227e-10,-1.5230978890707885e-09,-2.430616963492082e-10
Subject05,Walking,390.0,0.3939,5.3333,-0.003462730703403782,2.5504,68.03,0.0116,0.0118,0.0185,0.0102,1.2079319919889413e-09,-8.941433877192486e-10,-1.2169980805118327e-10,1.3646590163208672e-09
Subject05,Walking,405.0,0.4074,5.2,0.005872525776455214,2.5504,68.03,0.0119,0.0113,0.0192,0.0089,-1.8003949108184075e-09,3.167526666378343e-10,2.159956962276626e-09,-1.2948322741276194e-09
Subject05,Walking,420.0,0.4052,0.8,-0.0049700685960484626,2.5504,68.03,0.0119,0.0105,0.0177,0.0094,8.003303828829098e-11,8.968840249156816e-10,-1.6185733555501574e-10,-1.6776497960454398e-10
Subject05,Walking,435.0,0.4005,-0.4,-0.0026247631068289693,2.5504,68.03,0.0123,0.011,0.0189,0.0089,3.85647608978487e-10,-6.375499265983556e-10,-1.9821881895569775e-09,1.2634398161657838e-10
Subject05,Walking,450.0,0.3958,-1.25,0.004248330731365687,2.5504,68.03,0.0115,0.0103,0.0176,0.0091,8.536121634377381e-10,-2.923378565248218e-10,4.2953107934860336e-11,9.108697174807672e-10
Subject05,Walking,465.0,0.3966,1.25,-0.0020738305209822673,2.5504,68.03,0.0116,0.0108,0.018,0.009,-5.145268381784993e-10,-3.8198588579445467e-10,5.481503494967177e-10,-9.579067046245763e-11
Subject05,Walking,480.0,0.4157,-1.0,0.0014151281502889615,2.5504,68.03,0.0118,0.01,0.0175,0.0085,-9.514463879189911e-10,1.938886061582236e-11,1.2975834627014154e-09,-2.795694662120468e-10
Subject05,Walking,495.0,0.3966,-3.3333,-0.002653335323349536,2.5504,68.03,0.0125,0.0106,0.0183,0.009,7.320166858960828e-10,9.82726102606238e-10,-1.7612814731999454e-09,-6.337420296235532e-10
Subject05,Walking,510.0,0.3975,-5.25,0.0030374430462348314,2.5504,68.03,0.0111,0.0105,0.0172,0.0087,9.450567177451597e-10,-7.221676384580685e-10,5.928627497390766e-12,7.659851002067185e-10
Subject05,Walking,525.0,0.399,0.0,-0.0024215949680581206,2.5504,68.03,0.01,0.0105,0.0152,0.0088,-1.6130341434607229e-09,3.0440251546617106e-10,2.5097557285867586e-09,4.5747456426769467e-10
Subject05,Walking,540.0,0.4072,0.75,0.0019971928693080713,2.5504,68.03,0.0107,0.0094,0.0165,0.0097,2.6124790158080797e-10,8.605256369760244e-11,-2.64666075027075e-09,-1.127901358395207e-09
Subject05,Walking,555.0,0.3961,0.2,-0.0024051575980067715,2.5504,68.03,0.0099,0.0106,0.0175,0.0091,4.2368285850994523e-10,-6.443718469171447e-10,1.1676302099668114e-09,6.806626818498646e-10
Subject05,Walking,570.0,0.4109,0.75,0.0035563015530256405,2.5504,68.03,0.0115,0.0108,0.0167,0.0092,-6.4436964066243e-10,4.804765756434902e-11,-1.187634506464125e-10,-3.4031025939055944e-10
Subject05,Walking,585.0,0.3997,3.0,0.0016421848135607666,2.5504,68.03,0.0087,0.0098,0.0126,0.0086,9.095175507603788e-11,8.037536645854832e-10,2.998621350064016e-10,-4.0234946771221786e-10
Subject05,Walking,600.0,0.4117,3.3333,-0.0009765254633439098,2.5504,68.03,0.0099,0.01,0.014,0.0085,-2.122935195628161e-10,2.849531641834293e-10,1.3045066758527101e-09,1.1698184999509672e-10
Subject05,Walking,615.0,0.4153,1.0,-0.0013275096131623665,2.5504,68.03,0.0117,0.0099,0.0143,0.0087,2.320915275829649e-10,9.399155118401041e-11,-1.3341641475526542e-09,-2.0345925206781697e-10
Subject05,Walking,630.0,0.4046,-1.6667,0.0016858874332121427,2.5504,68.03,0.0097,0.0097,0.0138,0.0079,7.198691764871051e-10,-3.916060079580588e-10,-1.3837591708434269e-09,7.000312172382455e-11
Subject05,Walking,645.0,0.4061,-0.6667,-0.0010078688810628094,2.5504,68.03,0.0093,0.01,0.011,0.008,6.475782908764408e-10,2.3932766859824e-10,9.922954777422494e-11,-8.71784312437184e-11
Subject05,Walking,660.0,0.4036,-2.3333,0.002469487343329933,2.5504,68.03,0.0091,0.0095,0.015,0.0082,1.4452712606110008e-10,-8.215329598985815e-10,9.447120758061025e-11,1.3243203932796188e-09
Subject05,Walking,675.0,0.4129,0.0,0.003041093406363886,2.5504,68.03,0.0089,0.0097,0.016,0.0086,-1.041457621725968e-09,-3.2222981139913363e-10,-2.1517534142939808e-10,-6.451228219305171e-10
Subject05,Walking,690.0,0.4183,-0.3333,-0.0028875397734170207,2.5504,68.03,0.0111,0.01,0.0138,0.0084,-7.431311361812967e-10,3.72316409410378e-11,3.995290659253416e-10,6.813032286253573e-11
Subject05,Walking,705.0,0.4251,0.0,-0.003103930528344855,2.5504,68.03,0.0101,0.0096,0.014,0.0078,5.136285928816027e-11,1.0173000191009903e-10,1.3142989091118266e-09,-3.257235390247843e-10
Subject05,Walking,720.0,0.5498,0.25,0.0031550425784608585,3.2308,68.03,0.0133,0.0124,0.017,0.0098,5.036309316724699e-11,1.839065543820843e-09,4.028894115559295e-10,-2.2550777681045772e-10
Subject05,Walking,735.0,0.5864,5.0,0.0033673747421623366,3.2308,68.03,0.0102,0.0122,0.0171,0.0114,5.6306564396395714e-11,4.4597824115144116e-10,1.133109998776644e-09,-8.67603658531608e-11
Subject05,Walking,750.0,0.5943,7.0,-0.0020589323101895154,3.2308,68.03,0.0109,0.0129,0.0142,0.0106,-4.8880063234562774e-11,-1.324823994443593e-09,-1.971742811131766e-09,3.681968252941834e-10
Subject05,Walking,765.0,0.5879,1.5,-0.00347303178992043,3.2308,68.03,0.0102,0.0125,0.0137,0.0106,-3.651619304519997e-11,-1.009424442323086e-09,-1.5560701074885246e-10,2.051615568533167e-10
Subject05,Walking,780.0,0.5868,-0.5,0.0020458787893008175,3.2308,68.03,0.011,0.013,0.0144,0.0123,1.1356665453181002e-09,3.5407183261025355e-10,-8.983844855177596e-10,8.925181038196883e-11
Subject05,Walking,795.0,0.5966,3.75,-0.0018743617318666412,3.2308,68.03,0.0119,0.013,0.0171,0.0116,3.098407753549225e-10,1.090257382533856e-10,-4.269832621085013e-11,1.6579953268642085e-09
Subject05,Walking,810.0,0.5851,4.25,0.0022250685413255965,3.2308,68.03,0.0114,0.0132,0.0151,0.0109,-2.4636249781508584e-10,-3.552482112745e-10,-6.906027651478647e-11,-5.610259422694519e-10
Subject05,Walking,825.0,0.595,7.3333,-0.002148866135893389,3.2308,68.03,0.01,0.0128,0.0134,0.0102,-1.7859351031405375e-10,4.0987621839207964e-10,1.0409623139500748e-10,-3.075385546118596e-10
Subject05,Walking,840.0,0.5874,8.0,0.0009443908735955471,3.2308,68.03,0.0097,0.0118,0.0146,0.0116,1.537264691973301e-09,-9.892762311562986e-11,-1.0806081235143277e-10,5.1245906106179e-10
Subject05,Walking,855.0,0.5976,8.0,-0.003426266091219433,3.2308,68.03,0.0094,0.0119,0.0135,0.0111,-2.416397802533388e-09,2.643788632364115e-10,2.6834739069179672e-11,-1.9773799965618768e-09
Subject05,Walking,870.0,0.5927,6.3333,0.0018530647957768812,3.2308,68.03,0.0094,0.0121,0.0125,0.0109,-1.0566347122455428e-10,8.365510041636509e-10,3.3427411781021237e-09,2.188823370814243e-11
Subject05,Walking,885.0,0.6016,8.0,0.0014532688632970744,3.2308,68.03,0.0099,0.0122,0.0133,0.0107,4.458303952900031e-11,-1.0638837747144556e-09,-1.8134172404626657e-09,4.722499806687665e-10
Subject05,Walking,900.0,0.5912,5.6667,-0.00403922243922093,3.2308,68.03,0.0104,0.0127,0.0148,0.0115,-6.42843400080481e-11,-4.352189437153018e-10,-1.1205115906651247e-09,3.593175310864768e-11
Subject05,Walking,915.0,0.5892,6.3333,-0.00366469712800384,3.2308,68.03,0.0093,0.0129,0.0134,0.0114,5.459206090798819e-11,-2.635167516394347e-11,-5.080072265561827e-10,1.810640975525577e-10
Subject05,Walking,930.0,0.5948,6.25,-0.002989937636212354,3.2308,68.03,0.0103,0.0123,0.0129,0.0111,1.2787357208835313e-09,-4.4568115587371936e-11,3.815382742592164e-11,4.903558601352382e-10
Subject05,Walking,945.0,0.6057,6.3333,0.0027098602836933827,3.2308,68.03,0.008,0.0123,0.0119,0.0105,1.5692325588255915e-10,3.1118521273349314e-11,1.6485527999768635e-11,2.8835351300545386e-10
Subject05,Walking,960.0,0.6088,7.6667,0.0020850803077043043,3.2308,68.03,0.0093,0.0122,0.0147,0.0105,-1.9307709863578463e-10,1.948146878771411e-10,2.4229151725414925e-11,1.3231656628326385e-10
Subject05,Walking,975.0,0.6232,10.0,-0.0021554827333613888,3.2308,68.03,0.0092,0.0124,0.013,0.0107,9.211437696072812e-10,-2.265924946753031e-10,-7.268319353909116e-11,4.3769969402809435e-10
Subject05,Walking,990.0,0.6045,6.75,-0.0026320018964887163,3.2308,68.03,0.0094,0.0121,0.0122,0.0104,-1.8063999302984877e-09,2.716124356368042e-10,6.824807323625797e-11,-1.1918194531133769e-09
Subject05,Walking,1005.0,0.6009,6.6667,0.002715425874012044,3.2308,68.03,0.0091,0.012,0.0128,0.0103,1.1236979784469024e-10,8.178323799915715e-10,6.404588944932987e-11,-8.442234075814576e-10
Subject05,Walking,1020.0,0.6126,7.6667,0.0030116977929464162,3.2308,68.03,0.0089,0.012,0.0121,0.0108,1.7828750833126815e-10,-1.1345267960832271e-11,1.1740108591133345e-10,-7.318475328603094e-11
Subject05,Walking,1035.0,0.6004,8.6667,0.0018676737774121139,3.2308,68.03,0.0086,0.0124,0.0134,0.0104,-7.293458717748066e-10,1.1060589797342157e-09,2.458653297155726e-09,7.190576367187035e-11
Subject05,Walking,1050.0,0.6122,7.0,-0.003116353204666419,3.2308,68.03,0.0093,0.0122,0.0103,0.0103,1.5074367361094607e-10,-6.162652542425673e-10,3.3820420325250904e-10,-9.196615864787911e-11
Subject05,Walking,1065.0,0.6055,6.6667,0.0035783413463616794,3.2308,68.03,0.0095,0.0117,0.0118,0.0108,4.899075585525004e-10,-6.33620663162307e-10,-3.169555863546016e-09,2.9681257123332535e-11
Subject05,Walking,1080.0,0.3445,5.5,0.0023977878744267885,1.8335,68.03,0.0105,0.0086,0.0153,0.0066,3.632797591063491e-10,6.232765434043005e-11,2.308013202406047e-10,7.525405187456517e-10
Subject05,Walking,1095.0,0.2841,6.4,-0.0018304459857850668,1.8335,68.03,0.0097,0.0077,0.0144,0.0056,-5.902899645782275e-10,-6.535115842339413e-10,-1.2384257014767447e-10,-8.007593576665667e-10
Subject05,Walking,1110.0,0.2648,2.3333,-0.0010178659821567057,1.8335,68.03,0.0081,0.0076,0.012,0.0053,-2.99841224100161e-10,-3.2730994359511463e-10,1.871258878202788e-09,6.353109737223036e-11
Subject05,Walking,1125.0,0.2782,-1.0,0.0013390633235475194,1.8335,68.03,0.0083,0.0067,0.014,0.0061,-6.668625865581428e-11,-8.900562252546234e-11,-2.3254358359545138e-10,1.5964953687931628e-10
Subject05,Walking,1140.0,0.2669,-1.5,0.002408526654723916,1.8335,68.03,0.0082,0.0072,0.0112,0.005,1.7508865381742292e-11,4.2527358117805177e-11,-8.397119471787723e-10,1.308115129558122e-11
Subject05,Walking,1155.0,0.2768,1.25,0.0021653724341212217,1.8335,68.03,0.0098,0.0072,0.0135,0.0053,-1.2680909499756591e-11,1.2205286274352546e-09,1.3747037909754593e-09,-1.0672488837129038e-10
Subject05,Walking,1170.0,0.2746,1.0,-0.0016914046373018115,1.8335,68.03,0.0079,0.0074,0.0145,0.005,7.788292710861962e-12,7.483832634614173e-11,-4.200720687284504e-10,-7.992991380886461e-11
Subject05,Walking,1185.0,0.2776,-1.3333,0.0009394436268567854,1.8335,68.03,0.0077,0.0082,0.0129,0.0048,-1.6130284949137526e-12,-1.242231773164542e-09,1.3344788968732795e-10,7.515178644627705e-11
Subject05,Walking,1200.0,0.2666,-1.5,-0.002160159009515684,1.8335,68.03,0.0079,0.0072,0.0142,0.0052,1.6444482230477848e-10,-6.32288637319364e-11,-1.5384222150776464e-09,2.9999566136308927e-10
Subject05,Walking,1215.0,0.2619,-1.3333,-0.0012762315023621194,1.8335,68.03,0.0092,0.0077,0.0139,0.0058,1.4390702533678414e-09,5.586992119126205e-10,-2.415396251098711e-10,-1.376707590652302e-10
Subject05,Walking,1230.0,0.2664,-2.0,0.0014606778401602045,1.8335,68.03,0.0079,0.0074,0.0115,0.0058,5.777380693000917e-10,-2.0558911792101873e-10,7.304058161325203e-11,-1.3085616382203445e-10
Subject05,Walking,1245.0,0.2747,-3.0,-0.0026418949552251777,1.8335,68.03,0.0093,0.0078,0.0141,0.0057,-3.206999423854123e-10,-4.295313230682436e-11,-1.560531127711311e-10,6.225202547109306e-10
Subject05,Walking,1260.0,0.2873,-5.3333,0.003970856742670745,1.8335,68.03,0.0101,0.0076,0.0157,0.0049,-1.8695975429513515e-09,-2.3104499137754912e-10,2.5659568586871727e-09,-8.046465459019249e-10
Subject05,Walking,1275.0,0.2728,-2.0,0.0019938856948982877,1.8335,68.03,0.0095,0.007,0.0142,0.0063,-3.4182048874913514e-11,1.1640736572639955e-09,-9.50655799971371e-10,1.178418953915493e-10
Subject05,Walking,1290.0,0.2536,1.0,-0.001503769410343189,1.8335,68.03,0.0067,0.0082,0.0103,0.0056,6.870118163824675e-11,-1.2214993135586228e-09,-5.866604859056744e-10,4.4296157238306466e-11
Subject05,Walking,1305.0,0.257,1.5,-0.0011542120719599683,1.8335,68.03,0.0061,0.0083,0.0084,0.0061,-4.494829783849128e-12,1.4579185110837337e-11,-9.546055231740889e-10,1.5191583261216274e-10
Subject05,Walking,1320.0,0.2597,-0.6667,0.0016604818894951248,1.8335,68.03,0.0054,0.0078,0.0094,0.0059,-1.9357326033751963e-11,-5.748930370353148e-11,1.7010033676961328e-09,-3.3893191107500954e-11
Subject05,Walking,1335.0,0.2548,-0.5,-0.001126227160181561,1.8335,68.03,0.0068,0.0072,0.0088,0.0061,9.885383870761257e-10,2.3992031554289533e-10,-1.7376240110057308e-09,6.908043765544773e-11
Subject05,Walking,1350.0,0.2472,-2.3333,0.0014482265163328234,1.8335,68.03,0.0056,0.0077,0.0097,0.0058,-1.0406675277879807e-09,2.2787436498438088e-10,1.4942588026921689e-10,1.8016166109841438e-10
Subject05,Walking,1365.0,0.2646,0.0,0.0019200715573373832,1.8335,68.03,0.0076,0.0077,0.0105,0.0055,6.162182906518939e-10,7.885402871404464e-11,-3.908917852301788e-10,-4.978448155680548e-10
Subject05,Walking,1380.0,0.2596,0.0,-0.0017705909165678635,1.8335,68.03,0.0057,0.0083,0.0099,0.0055,-5.030404464573496e-10,4.154518949889298e-10,1.525972888378517e-09,3.411956369004328e-11
Subject05,Walking,1395.0,0.2568,1.3333,-0.0028667455085028175,1.8335,68.03,0.0061,0.0073,0.0124,0.0057,1.3871978028211976e-09,-7.69598824202575e-10,-1.277963542586031e-09,5.537857183679683e-10
Subject05,Walking,1410.0,0.2601,-0.5,-0.002251122554832019,1.8335,68.03,0.008,0.0077,0.0108,0.0056,-1.145419360571436e-09,2.2806151470217746e-10,-7.924009914682486e-12,-5.844390795439728e-10
Subject05,Walking,1425.0,0.2554,0.6667,0.0024276497448908704,1.8335,68.03,0.0078,0.0083,0.0088,0.0059,-8.676493348235659e-11,4.819754487637232e-10,1.147476497973204e-09,-4.706752651058128e-11
Subject06,Backwards,360.0,0.1329,3.6481,0.00242916542103688,1.8906,68.03,0.0038,0.0132,0.0027,0.0107,5.038853595833761e-11,7.199568029174283e-10,1.76293466690225e-10,-1.4758573342494735e-09
Subject06,Backwards,375.0,0.1173,9.8148,-0.0022786012180472633,1.8906,68.03,0.003,0.0125,0.0025,0.0117,2.7795549115297346e-10,-1.06393788503595e-09,-1.9592212385219605e-10,1.148620814085729e-09
Subject06,Backwards,390.0,0.1132,10.8148,-0.0024309106170730273,1.8906,68.03,0.0025,0.0114,0.0024,0.0113,-2.708983343806542e-10,5.458279537439973e-10,1.8166319480215552e-10,-1.19556630469179e-09
Subject06,Backwards,405.0,0.1147,11.0648,0.0019092204633239511,1.8906,68.03,0.002,0.011,0.002,0.0098,1.2675404368146553e-10,-4.319623793167874e-10,-1.8829097074270545e-10,1.001305942542012e-09
Subject06,Backwards,420.0,0.1122,13.8148,-0.0033798288699989597,1.8906,68.03,0.0032,0.0109,0.0023,0.011,-1.2052337236814642e-10,1.1426157745157786e-09,2.0153803129614324e-10,-9.869537979329937e-10
Subject06,Backwards,435.0,0.1026,8.6148,-0.001844945232207346,1.8906,68.03,0.0029,0.01,0.0022,0.0109,4.4533677891141814e-11,-1.1211944925780365e-09,-1.4840068169633144e-10,2.4508981935829557e-10
Subject06,Backwards,450.0,0.1148,5.3148,0.0024955667075436828,1.8906,68.03,0.0022,0.0101,0.0024,0.0103,4.9894082235110456e-11,1.0577271087767628e-10,-7.62065800638756e-12,3.2896413608848354e-10
Subject06,Backwards,465.0,0.1065,4.1481,0.004366880279354223,1.8906,68.03,0.0025,0.009,0.0023,0.0102,-1.013880402672694e-10,-2.1724481459733588e-10,-1.4125414483893541e-11,1.4497815512986658e-10
Subject06,Backwards,480.0,0.1031,5.6481,0.003082582786624771,1.8906,68.03,0.0022,0.0103,0.0022,0.0091,-2.213175313710957e-11,4.875451088203455e-11,3.3757692850380625e-11,-2.663952285345119e-10
Subject06,Backwards,495.0,0.1008,8.1481,0.0034659549209800924,1.8906,68.03,0.0021,0.0089,0.0023,0.0093,8.553384289139134e-11,1.6000213933392314e-10,-5.123770130501517e-11,6.158045606012799e-10
Subject06,Backwards,510.0,0.094,8.2148,-0.003362632233177788,1.8906,68.03,0.0016,0.009,0.002,0.0093,2.0061640049514196e-10,-1.3598486516430282e-10,3.0514234450446456e-12,-8.4581576236648e-10
Subject06,Backwards,525.0,0.1004,5.9815,0.002733456965407372,1.8906,68.03,0.0019,0.0094,0.0022,0.0089,-2.5422583504274897e-10,4.672920104231828e-10,-9.480881799892824e-12,-3.1561291087642096e-10
Subject06,Backwards,540.0,0.1028,8.3148,-0.0018278231662516731,1.8906,68.03,0.0022,0.0096,0.0022,0.0083,-1.2211606672936251e-12,3.379256781066107e-10,3.520008584567527e-11,5.507935819555456e-10
Subject06,Backwards,555.0,0.1068,6.3148,0.0029593803072856706,1.8906,68.03,0.0021,0.0086,0.002,0.0069,8.703280771103659e-12,3.1731729213991004e-11,1.7866058932419142e-11,-4.761483157218388e-10
Subject06,Backwards,570.0,0.0999,6.4148,-0.0034429215357272987,1.8906,68.03,0.0026,0.0097,0.0023,0.0081,1.2736469412324668e-11,-7.759802386359006e-10,1.4313784648949973e-10,1.4529519807034902e-09
Subject06,Backwards,585.0,0.1051,2.6148,-0.0028975188506170867,1.8906,68.03,0.0025,0.0096,0.0019,0.0086,2.09328361667492e-10,-3.651256122309021e-11,-1.2751600280536555e-10,-4.161248768844535e-10
Subject06,Backwards,600.0,0.1064,5.6481,0.004447143811126411,1.8906,68.03,0.0029,0.0104,0.0023,0.0098,-2.3208978271237876e-10,1.0214278069475088e-09,4.333797377240271e-11,-1.1430515655395064e-09
Subject06,Backwards,615.0,0.1091,5.8148,-0.002147245314837432,1.8906,68.03,0.0024,0.0106,0.0025,0.0114,-7.0397727017309654e-12,-6.848883770864634e-10,-5.550742707190682e-11,1.704383706077122e-11
Subject06,Backwards,630.0,0.1087,5.3148,-0.001428628816891435,1.8906,68.03,0.0022,0.0105,0.0025,0.0132,6.534638879491308e-12,-2.0882114805830947e-11,-5.2754225429021537e-11,9.758872715600005e-10
Subject06,Backwards,645.0,0.1043,6.1481,-0.0017394890690210889,1.8906,68.03,0.0023,0.0099,0.0022,0.01,1.0296680160151778e-11,4.458618922198348e-10,1.5070024414812482e-11,-9.343285676322777e-10
Subject06,Backwards,660.0,0.1148,6.1481,-0.0027742629671895025,1.8906,68.03,0.0018,0.0084,0.0024,0.0096,-7.045634861747472e-12,-6.85720122718164e-10,-1.8172749451545005e-11,5.06442307308776e-10
Subject06,Backwards,675.0,0.1151,4.6481,0.0018136429480061624,1.8906,68.03,0.0021,0.0084,0.0024,0.0093,6.005025448871825e-12,7.782601826873955e-10,2.9224094635105864e-10,-4.768576614037891e-10
Subject06,Backwards,690.0,0.1131,4.3148,-0.0023848804239289243,1.8906,68.03,0.0023,0.0097,0.0026,0.011,5.783122512343931e-12,-1.0855746848113574e-10,-1.424184745612504e-10,-1.409831783158852e-11
Subject06,Backwards,705.0,0.1082,5.3148,0.0046739089512110605,1.8906,68.03,0.0025,0.0089,0.0029,0.0083,-2.9284499868188686e-11,-1.6527657439132831e-10,-1.804344797374229e-10,3.7574308486861537e-11
Subject06,Backwards,720.0,0.2193,10.5648,0.004395474465259777,3.1236,68.03,0.0052,0.0127,0.004,0.0123,1.7389141349084916e-11,1.65352668954595e-09,2.7107636872680946e-10,2.6924336000285994e-10
Subject06,Backwards,735.0,0.2413,14.4815,-0.002639426595972751,3.1236,68.03,0.0064,0.0116,0.0041,0.0129,3.7383938731056554e-11,-1.7040474915636536e-10,-8.17290662886401e-11,6.938741327252417e-11
Subject06,Backwards,750.0,0.2403,11.672,-0.002800831273945039,3.1236,68.03,0.0043,0.0119,0.0042,0.0154,9.67525320139535e-10,-1.6265484697549878e-09,-2.5837006388044234e-11,1.3320910652950332e-09
Subject06,Backwards,765.0,0.2231,11.8148,0.002362117716625603,3.1236,68.03,0.0045,0.0111,0.0035,0.0121,-8.606298226391083e-10,-2.492879329963976e-10,-9.377045668494583e-11,-1.2845129768379228e-09
Subject06,Backwards,780.0,0.2089,16.1005,-0.0028130454907243927,3.1236,68.03,0.0044,0.012,0.0033,0.0112,-1.0243323472892972e-10,2.235346472462857e-09,1.3280785954700507e-10,-2.980162634221984e-10
Subject06,Backwards,795.0,0.2123,14.6481,-0.002086412461844401,3.1236,68.03,0.0058,0.0124,0.0034,0.0094,-2.9005418329220588e-11,-1.5366425465786124e-09,6.008896821541248e-11,-1.2670577021110352e-10
Subject06,Backwards,810.0,0.2159,12.672,-0.0016972041690796942,3.1236,68.03,0.0046,0.0107,0.003,0.0104,-4.7261266275985154e-11,1.2512786834130086e-09,-1.3093825684471208e-10,1.7534380831145585e-10
Subject06,Backwards,825.0,0.2243,11.6481,0.001936367278878282,3.1236,68.03,0.005,0.0103,0.0035,0.0101,4.458171648913628e-11,-3.20407705963188e-10,7.008223404362432e-11,9.314303060622082e-12
Subject06,Backwards,840.0,0.2213,11.8148,-0.002653523783074344,3.1236,68.03,0.004,0.0102,0.0032,0.0091,-5.7502984929029906e-11,-1.8257646607999771e-09,-1.0757903390570548e-10,2.7835431588442908e-11
Subject06,Backwards,855.0,0.218,8.4148,0.0025174868449428173,3.1236,68.03,0.0047,0.0102,0.0034,0.0107,4.1361961691529546e-10,1.681714144534709e-11,-3.181281738683798e-11,1.0279209877874997e-09
Subject06,Backwards,870.0,0.2208,9.8148,-0.002984749430192498,3.1236,68.03,0.0047,0.0091,0.0029,0.0089,-2.380451358987473e-10,1.007302998859133e-10,3.249998368596254e-11,-6.070406498639401e-10
Subject06,Backwards,885.0,0.2354,14.2434,0.00335797046041582,3.1236,68.03,0.0079,0.0098,0.0035,0.0103,-8.03824559981325e-11,1.0976861861734978e-09,2.7365339324240637e-11,-3.827025461268643e-10
Subject06,Backwards,900.0,0.2159,18.4815,0.0022992404578923114,3.1236,68.03,0.0059,0.0096,0.0039,0.0096,2.5742592493268255e-10,-1.12258475388849e-09,-6.667762121831023e-11,-1.3826796727699154e-10
Subject06,Backwards,915.0,0.2264,18.3862,-0.002016242091883216,3.1236,68.03,0.0066,0.0117,0.0043,0.0096,3.1721329941837504e-10,2.4652617518793553e-10,4.309658877359355e-11,2.1310241032732513e-09
Subject06,Backwards,930.0,0.248,17.672,0.0019000994603957586,3.1236,68.03,0.0055,0.0112,0.0037,0.012,5.651743489745511e-10,-3.2314178164142066e-10,1.213998580072428e-11,-1.2889826085879612e-09
Subject06,Backwards,945.0,0.2455,17.2434,-0.001846329273883895,3.1236,68.03,0.006,0.0106,0.0038,0.0098,2.6456898868643574e-10,1.118529966189988e-11,1.0072848259130248e-11,1.2582380747717654e-09
Subject06,Backwards,960.0,0.2255,14.9815,0.0031169449230951697,3.1236,68.03,0.0057,0.0127,0.0035,0.0093,-1.1818202620207095e-09,1.1130044304800602e-10,-4.787244440817125e-11,-1.8862999801566675e-09
Subject06,Backwards,975.0,0.2328,15.1481,0.0028147122694991474,3.1236,68.03,0.0044,0.0107,0.0034,0.0095,7.383299839426321e-10,-6.483532110092866e-11,-2.3501823908911982e-11,1.2540175910089945e-09
Subject06,Backwards,990.0,0.2234,14.4815,-0.0027080624843144516,3.1236,68.03,0.0062,0.0108,0.0031,0.0083,-1.0565096903447953e-09,9.81058297269332e-11,4.679691143533023e-11,-9.967485866605914e-10
Subject06,Backwards,1005.0,0.2204,15.8148,0.0027878782927561892,3.1236,68.03,0.0048,0.0112,0.0032,0.0072,9.326641425635413e-11,-2.7558908351902704e-11,5.743911532139772e-11,-6.545386566213888e-10
Subject06,Backwards,1020.0,0.2134,14.6481,0.0024917077822605807,3.1236,68.03,0.0043,0.01,0.0036,0.0072,-4.428079856658658e-11,1.0063932058650905e-09,1.0311923408676714e-10,1.1834668858751644e-10
Subject06,Backwards,1035.0,0.2155,15.1005,-0.002289903364979307,3.1236,68.03,0.0039,0.0102,0.0033,0.0077,4.677496016883789e-11,-9.285995214965169e-10,-1.833290198946698e-10,1.939013033446092e-09
Subject06,Backwards,1050.0,0.2286,13.3148,0.004585191709641442,3.1236,68.03,0.0056,0.0096,0.0043,0.0081,1.0403071970941542e-09,1.579568865197128e-09,9.387242028119982e-10,-1.3833962265716252e-09
Subject06,Backwards,1065.0,0.2496,14.6481,0.002464967116846868,3.1236,68.03,0.0065,0.0091,0.0053,0.0096,-1.163794492665857e-09,-1.5822086164024523e-09,-9.345224247056583e-10,9.892417003646509e-11
Subject06,Cycling,360.0,0.2005,2.3347,0.003928960724289371,4.1207,68.03,0.0114,0.0138,0.0117,0.0271,8.421562080922284e-10,3.1635130035488845e-10,1.8488740474513545e-09,1.9331985056299532e-09
Subject06,Cycling,375.0,0.171,12.9014,0.002258301398408525,4.1207,68.03,0.0135,0.0151,0.0138,0.023,-7.775027445444485e-10,-2.7710448508346674e-10,-1.2872113727179348e-09,-1.6329003937200282e-09
Subject06,Cycling,390.0,0.1841,20.568,-0.0018867995368514376,4.1207,68.03,0.0153,0.0124,0.0131,0.0182,-6.704313541083347e-11,9.244270749688592e-11,-4.723312042252681e-10,-1.7829784855266094e-10
Subject06,Cycling,405.0,0.1799,21.5918,0.001231577127616181,4.1207,68.03,0.016,0.0135,0.0116,0.0191,7.698784308644077e-12,7.117907921780748e-11,6.004211612825214e-10,-4.250201000652739e-10
Subject06,Cycling,420.0,0.1821,22.2347,-0.0024112595614332985,4.1207,68.03,0.0172,0.0113,0.0127,0.0172,5.340745681484243e-11,-2.0199465215563381e-10,-7.040852741358484e-11,3.2690630305412693e-10
Subject06,Cycling,435.0,0.1739,21.568,-0.0020037535066877764,4.1207,68.03,0.0202,0.0116,0.0133,0.0152,1.124795035712197e-09,2.6611762522787484e-10,7.623702975097123e-10,4.708999598801482e-10
Subject06,Cycling,450.0,0.1769,21.5347,-0.0032914500261051814,4.1207,68.03,0.0177,0.0104,0.0147,0.0165,4.134819414746817e-09,5.857904954787036e-10,-1.3981683942724323e-09,-1.477230432219932e-09
Subject06,Cycling,465.0,0.1747,20.7347,0.002042742437089839,4.1207,68.03,0.0182,0.0099,0.0136,0.0186,-5.066420536244925e-09,8.344812861858792e-10,6.260992543353763e-11,2.296398204646233e-10
Subject06,Cycling,480.0,0.1823,22.4014,-0.0028403996714670226,4.1207,68.03,0.013,0.0098,0.0115,0.0185,-1.074389632687484e-10,-1.7488325825208285e-09,-1.6950142635420412e-11,1.335324132603973e-09
Subject06,Cycling,495.0,0.1837,22.4014,0.00499924642856356,4.1207,68.03,0.0177,0.0086,0.011,0.0181,-1.4262655360199757e-10,2.9628009900254246e-10,-6.126707549544017e-11,-1.4734497044843688e-10
Subject06,Cycling,510.0,0.1851,23.1633,-0.0020691031019632617,4.1207,68.03,0.0118,0.0104,0.011,0.0185,3.443715093275789e-10,4.851232670240266e-10,8.371364221658071e-11,-8.872478510145285e-10
Subject06,Cycling,525.0,0.192,22.7347,0.0037219934982011343,4.1207,68.03,0.0087,0.0133,0.0082,0.0189,1.416287964676408e-09,8.577980643828956e-10,-1.1030829939904674e-10,-3.213214173720029e-11
Subject06,Cycling,540.0,0.1912,23.2347,-0.00192906638981232,4.1207,68.03,0.0129,0.011,0.0093,0.0191,-2.8496688556510765e-10,-3.794104348677022e-10,-2.0272699803324993e-13,-2.794350240606536e-10
Subject06,Cycling,555.0,0.1872,20.8776,0.0027115174489878214,4.1207,68.03,0.0125,0.0113,0.0107,0.0167,3.475558857205638e-10,-5.634032568841618e-11,7.435443089081592e-11,2.1420362856608032e-11
Subject06,Cycling,570.0,0.1886,22.068,0.0023961037984222503,4.1207,68.03,0.011,0.0108,0.0101,0.0166,-1.2986398918815285e-09,1.1366179073349897e-09,-1.2555651088337005e-10,6.899649885134708e-11
Subject06,Cycling,585.0,0.1903,23.068,0.0012059176556293892,4.1207,68.03,0.0119,0.0109,0.0108,0.0161,1.3622606664499607e-09,-1.002491763323878e-09,2.825029578095655e-10,2.5302924137202254e-10
Subject06,Cycling,600.0,0.1913,23.3061,0.001683928411278773,4.1207,68.03,0.0104,0.0097,0.0099,0.0168,4.503773554231289e-10,2.2349973907692006e-10,-1.6265241450081918e-10,-5.908184186591717e-10
Subject06,Cycling,615.0,0.1875,23.068,-0.0015625472898986614,4.1207,68.03,0.0154,0.0107,0.0119,0.0161,1.3321806607404661e-09,-4.2802241494649996e-10,6.695837501675336e-10,8.253454197909453e-11
Subject06,Cycling,630.0,0.186,22.449,0.0017001211014023088,4.1207,68.03,0.0135,0.0109,0.0117,0.0172,-9.420312229552497e-10,-5.366478772826899e-10,-7.520401707458026e-10,1.8316737066387874e-10
Subject06,Cycling,645.0,0.1888,24.7347,-0.0016676884368251976,4.1207,68.03,0.0134,0.0088,0.0137,0.0144,-2.4034700910659975e-09,9.09804660908132e-11,7.777053845443818e-10,1.170168248479254e-10
Subject06,Cycling,660.0,0.1795,22.7347,-0.0014847547766477524,4.1207,68.03,0.0118,0.0082,0.0187,0.0136,4.744385585600922e-09,1.2609654194376153e-09,-7.053859812864716e-10,-1.861430276050033e-10
Subject06,Cycling,675.0,0.1758,23.4014,0.001985168870357216,4.1207,68.03,0.0122,0.0088,0.0155,0.0144,-5.12191358070631e-09,-1.7986470353233984e-09,4.1133049233678154e-10,4.101541594692031e-10
Subject06,Cycling,690.0,0.1871,23.8776,-0.001911837304173687,4.1207,68.03,0.016,0.0104,0.0149,0.0144,3.227378226398461e-11,4.154894628863504e-11,-2.4812563708127405e-10,2.9531068596698906e-10
Subject06,Cycling,705.0,0.1998,23.2347,-0.003239534606291244,4.1207,68.03,0.0131,0.0111,0.0192,0.0146,1.2758881026604455e-13,3.0353394537453733e-10,3.316907989904428e-09,4.0207621618434295e-10
Subject06,Cycling,720.0,0.3942,26.3061,0.004091600315477101,5.9055,68.03,0.0273,0.0147,0.0251,0.0176,4.4775885939026036e-09,1.1649517775111578e-10,-3.32254457762386e-09,-5.945559918722707e-10
Subject06,Cycling,735.0,0.3742,33.4847,-0.0013454641490939915,5.9055,68.03,0.0353,0.0155,0.0253,0.0163,-1.864648268612039e-09,-1.9721062030451178e-11,1.6331644412961566e-10,2.7222722315682167e-11
Subject06,Cycling,750.0,0.357,35.7347,-0.0017406556772368445,5.9055,68.03,0.0279,0.0158,0.0264,0.0159,4.637328730176079e-10,1.866665156856554e-12,8.076934126999626e-10,-2.9782090774332063e-10
Subject06,Cycling,765.0,0.4052,36.5918,-0.00289857059691374,5.9055,68.03,0.0223,0.0168,0.0249,0.0165,-3.0859436428268813e-09,1.822933878608249e-10,3.6662654234710065e-09,1.3844523955841646e-09
Subject06,Cycling,780.0,0.3962,38.4014,-0.0020026967695776408,5.9055,68.03,0.0112,0.0166,0.0199,0.0162,1.9162983409733665e-11,-6.414668260333808e-10,-3.0048889689925475e-09,-3.761720094466168e-10
Subject06,Cycling,795.0,0.3852,37.4847,-0.0009255207868955706,5.9055,68.03,0.0143,0.0141,0.0162,0.0183,3.3778224270661303e-09,1.3693477645007292e-09,-1.1639367962392864e-09,-1.1384101764696845e-09
Subject06,Cycling,810.0,0.3937,36.7347,0.002083438773841565,5.9055,68.03,0.0117,0.0133,0.0157,0.0175,-2.465137821993654e-09,8.21179201504641e-11,-6.049708376543007e-10,7.475738684861123e-11
Subject06,Cycling,825.0,0.416,35.7347,-0.002127977102326698,5.9055,68.03,0.0131,0.0169,0.0204,0.0174,5.288756744526787e-10,-4.870060537491873e-10,8.663900217787745e-10,-9.077665454054437e-11
Subject06,Cycling,840.0,0.3896,34.2347,-0.001519843218929679,5.9055,68.03,0.0157,0.0129,0.0177,0.0177,-1.4768090272410975e-09,-6.491194958861115e-10,-4.389268269798897e-10,5.595990804435934e-10
Subject06,Cycling,855.0,0.396,34.0204,0.0019668120879964904,5.9055,68.03,0.0147,0.015,0.0195,0.0195,1.6277366996080848e-10,3.5771726334380026e-10,2.5325597463934935e-09,1.070004958411378e-09
Subject06,Cycling,870.0,0.3861,36.9847,-0.001697978895459521,5.9055,68.03,0.0102,0.0154,0.017,0.0196,1.3094618708643167e-09,1.004444352867467e-09,-2.071360573443723e-09,-1.7809846595408048e-09
Subject06,Cycling,885.0,0.3997,35.0204,-0.001887050725341373,5.9055,68.03,0.0134,0.0134,0.0201,0.0184,3.5888000487734703e-10,7.27375717690973e-10,-2.588004685025309e-10,2.5206948393584447e-10
Subject06,Cycling,900.0,0.4144,32.7347,0.002029170724117241,5.9055,68.03,0.0143,0.0137,0.0217,0.0178,5.97110272964571e-10,-1.4759433378889132e-09,7.890435369537105e-11,-2.0639097605739353e-10
Subject06,Cycling,915.0,0.4199,34.6097,0.0017627110156690448,5.9055,68.03,0.0173,0.0126,0.0195,0.017,-2.1563598849853357e-09,-8.745805278085298e-10,1.1682221543294761e-09,1.3905147655507015e-09
Subject06,Cycling,930.0,0.429,35.9847,-0.001544229179967215,5.9055,68.03,0.0185,0.0133,0.0205,0.0158,6.795390988495017e-11,2.4982092064190527e-10,2.3067704814599084e-09,4.6128683041268936e-10
Subject06,Cycling,945.0,0.4335,33.6097,-0.001573252034691573,5.9055,68.03,0.0145,0.0128,0.0226,0.0153,-1.9110039416764687e-10,3.0790008382337635e-11,-3.2191247912200926e-09,-1.3260326654840072e-09
Subject06,Cycling,960.0,0.4337,32.9847,0.0024567353424088828,5.9055,68.03,0.0153,0.0129,0.0191,0.0163,2.0354637240168178e-10,6.478838316582885e-10,-7.906512301813645e-10,1.9389737878709314e-10
Subject06,Cycling,975.0,0.4313,35.4847,0.003023645958669754,5.9055,68.03,0.0131,0.012,0.0217,0.0164,3.634249596748233e-10,-8.156824769455259e-10,9.86537918517812e-12,1.9878792159460994e-10
Subject06,Cycling,990.0,0.4138,36.3061,0.0032999606745244023,5.9055,68.03,0.0102,0.0155,0.016,0.0185,-6.428337912291906e-10,3.167917361455199e-10,2.2876748890681652e-10,-8.158825339149017e-10
Subject06,Cycling,1005.0,0.4267,36.4847,-0.002675288106616496,5.9055,68.03,0.0112,0.011,0.019,0.0178,1.8863144537699943e-10,-1.3845312553318877e-10,2.9482828765979688e-09,3.229010730366495e-09
Subject06,Cycling,1020.0,0.4219,33.2347,0.001850631678650429,5.9055,68.03,0.0087,0.0102,0.0176,0.0195,8.716918188705269e-10,8.829994499688438e-11,-2.274350651176801e-09,-2.6754323975471614e-09
Subject06,Cycling,1035.0,0.4104,34.0204,0.001291156524217065,5.9055,68.03,0.0094,0.0116,0.0179,0.02,-9.493484676165879e-10,-1.0002793020456714e-10,-1.1797964879129434e-09,1.7345781009228499e-09
Subject06,Cycling,1050.0,0.4114,33.0204,-0.005444674302703605,5.9055,68.03,0.0076,0.0132,0.0142,0.0202,6.485437970965861e-10,-1.1042124612419786e-10,2.305212402116372e-09,-2.091294663330111e-09
Subject06,Cycling,1065.0,0.4106,32.8597,0.0018372269230786107,5.9055,68.03,0.0106,0.0109,0.017,0.0204,5.168845673839661e-10,-1.6301881340328028e-10,-9.369839174966033e-10,4.404855916567363e-10
Subject06,Cycling,1080.0,0.222,32.5918,-0.0016643562208522096,6.2759,68.03,0.0117,0.0177,0.017,0.0194,-7.078503717634082e-10,7.564427669354098e-10,-9.87367382922325e-10,-5.390312209767157e-10
Subject06,Cycling,1095.0,0.1806,34.1097,-0.0016318323808748156,6.2759,68.03,0.0089,0.0149,0.0119,0.017,-4.6140292909325537e-10,-8.677988603396378e-10,1.4399662413623069e-09,1.2566465945813401e-09
Subject06,Cycling,1110.0,0.1896,36.1633,0.0018624375981901272,6.2759,68.03,0.0117,0.0116,0.0134,0.0167,-1.043933452560158e-10,2.1299568975088982e-10,-1.3344556404293198e-10,-5.3450582083569825e-11
Subject06,Cycling,1125.0,0.1845,39.449,-0.0017793998559510955,6.2759,68.03,0.0103,0.0133,0.0149,0.0166,1.569274639152668e-11,-1.1663756797161203e-10,-2.606020039291126e-10,-5.65068603208229e-10
Subject06,Cycling,1140.0,0.1779,41.6097,-0.0017452889170077933,6.2759,68.03,0.0108,0.0126,0.0139,0.0146,4.0765975732367474e-10,3.4023280043135746e-10,1.2233160978160708e-09,1.549949007067005e-09
Subject06,Cycling,1155.0,0.1843,41.9847,-0.001611321178286565,6.2759,68.03,0.0105,0.0167,0.0158,0.0154,-4.858256476044555e-10,-4.066104519022739e-10,-2.136208982867434e-09,-2.08739230832522e-09
Subject06,Cycling,1170.0,0.1904,42.7347,0.0022397854501688586,6.2759,68.03,0.0099,0.0146,0.0141,0.0155,7.702301352286023e-10,2.4395423279108176e-10,-3.553320142344824e-10,-2.4112452122544597e-10
Subject06,Cycling,1185.0,0.1829,44.7347,0.002100999831081337,6.2759,68.03,0.0138,0.0138,0.0201,0.0153,7.918656748420465e-10,1.4086284563945367e-09,1.7739498483831444e-10,4.609606886453918e-11
Subject06,Cycling,1200.0,0.184,43.8597,-0.0026883170968337983,6.2759,68.03,0.0123,0.0142,0.0232,0.0146,-1.3757978997826032e-09,5.756375328691604e-10,-5.0730632241144744e-11,-1.1685720633920493e-10
Subject06,Cycling,1215.0,0.1837,42.8776,0.002396135965790468,6.2759,68.03,0.0111,0.0141,0.0195,0.0138,-1.0889281355769807e-10,-2.2339902331565676e-09,-4.3474919715452864e-11,6.00384508786011e-10
Subject06,Cycling,1230.0,0.1943,42.6097,0.0016476885722702041,6.2759,68.03,0.0121,0.013,0.0116,0.0161,3.512456527808183e-10,7.081092265891574e-10,-2.8097699584870394e-11,-7.155625571283244e-10
Subject06,Cycling,1245.0,0.2038,44.3597,0.0019232092317835903,6.2759,68.03,0.0101,0.0141,0.0168,0.015,7.049803148886583e-10,-2.0481402988243111e-10,8.893745957514241e-10,2.5338120458073534e-09
Subject06,Cycling,1260.0,0.2061,44.7347,-0.0017057169996210402,6.2759,68.03,0.0128,0.0114,0.0128,0.0161,-4.868822619391204e-10,3.392168710070954e-10,-7.587478171881647e-10,-2.505476898594833e-09
Subject06,Cycling,1275.0,0.1997,43.0204,0.0021667064543535322,6.2759,68.03,0.0128,0.0141,0.0106,0.015,4.531974901826078e-10,-2.847800335478881e-10,1.0088973167644762e-09,1.8244671753344839e-09
Subject06,Cycling,1290.0,0.1965,45.0204,-0.0020930231064494043,6.2759,68.03,0.0087,0.0127,0.0141,0.0175,-9.331265123678035e-10,-4.737597840028982e-10,2.2986071340478584e-09,-2.2338990159502532e-10
Subject06,Cycling,1305.0,0.1807,41.7347,-0.002221437320451373,6.2759,68.03,0.0093,0.014,0.0137,0.0186,1.5909658823708897e-09,2.2193174544543686e-09,-3.278448967334279e-09,-1.1785075755002471e-09
Subject06,Cycling,1320.0,0.1936,39.2347,0.002238246483095113,6.2759,68.03,0.0088,0.0135,0.0127,0.0176,-5.072969562434682e-10,-9.135345920359319e-10,-2.3472456399002944e-10,-1.7029055364795613e-10
Subject06,Cycling,1335.0,0.2071,43.2347,-0.0016943234988158957,6.2759,68.03,0.0091,0.0137,0.0133,0.0167,-1.1528141846217458e-09,-1.394282008591349e-09,9.77675449947721e-10,7.268772187477542e-10
Subject06,Cycling,1350.0,0.2158,44.8597,0.0017667818641463912,6.2759,68.03,0.0109,0.0119,0.013,0.0163,4.0997220911140247e-10,2.282400813360312e-09,-1.086529747114971e-09,-7.059995010753379e-10
Subject06,Cycling,1365.0,0.2118,46.5918,-0.0021089874907269292,6.2759,68.03,0.0127,0.0123,0.0125,0.0174,-4.222448666257743e-10,-2.2704446689283856e-09,1.6213738095722492e-09,6.399025523251029e-10
Subject06,Cycling,1380.0,0.1995,44.8597,-0.0017166397114924173,6.2759,68.03,0.0144,0.0124,0.0143,0.0153,6.111648662631905e-10,1.0930932052317575e-09,-1.4254078366492217e-09,-7.388340805979316e-10
Subject06,Cycling,1395.0,0.1988,43.1633,-0.003127644742932326,6.2759,68.03,0.0125,0.0125,0.0147,0.0164,5.130632401891546e-09,1.580405385258125e-10,1.4237913831801425e-10,-4.5641994902826226e-11
Subject06,Cycling,1410.0,0.2003,42.3597,-0.0016946655125906157,6.2759,68.03,0.0165,0.0114,0.0164,0.0158,-5.690695378210466e-09,-1.1839191301238232e-09,1.392600028046157e-10,2.4038708653198495e-10
Subject06,Cycling,1425.0,0.1995,41.449,0.0019320016257096298,6.2759,68.03,0.0111,0.0128,0.0133,0.0176,-2.6627622956420284e-11,1.1141127031179834e-10,3.1479532248758434e-09,7.543228111164353e-10
Subject06,Cycling,1440.0,0.2053,41.6097,-0.0012958409411035678,3.2409,68.03,0.0105,0.0098,0.0128,0.0146,1.596167735662169e-09,3.8521186493263864e-10,-3.5193416393567486e-09,-1.0285337510583355e-09
Subject06,Cycling,1455.0,0.2251,37.0204,-0.0017291464984863765,3.2409,68.03,0.0137,0.0079,0.0127,0.016,-1.6300097688779364e-09,-4.6259794175980345e-10,1.3932390478394969e-11,2.0460632729164305e-09
Subject06,Cycling,1470.0,0.2179,30.3061,-0.0010458466685442697,3.2409,68.03,0.0133,0.0083,0.0185,0.0144,3.778706221206516e-09,9.467251202550026e-11,1.4188467870260357e-10,-2.2227074511975186e-09
Subject06,Cycling,1485.0,0.2087,25.2347,0.0011307266949200881,3.2409,68.03,0.0154,0.0074,0.0123,0.0126,-2.5040663434709167e-09,-1.0717001110743937e-10,-2.2463339752471028e-10,2.836372646934706e-10
Subject06,Cycling,1500.0,0.2016,23.9014,-0.001860810297339044,3.2409,68.03,0.0139,0.0087,0.0158,0.0124,4.489917140494812e-09,7.199332289687314e-10,3.122766363167918e-11,-1.8312231913310707e-10
Subject06,Cycling,1515.0,0.2027,22.1633,0.00204986141646144,3.2409,68.03,0.0127,0.0082,0.0126,0.0125,-9.686235252709401e-10,-5.073844908621248e-10,-3.262187665787485e-11,6.082460161437428e-11
Subject06,Cycling,1530.0,0.1999,22.568,-0.0018344229668646034,3.2409,68.03,0.0068,0.0096,0.0125,0.013,-4.6420301548567885e-09,-8.377255372503839e-11,3.7251984364483145e-10,-6.163665152565584e-11
Subject06,Cycling,1545.0,0.2021,20.4014,0.001410822602566957,3.2409,68.03,0.0086,0.0093,0.0113,0.0139,8.364782708537431e-10,4.086875199915303e-11,1.0585621892653406e-10,1.5150040094790428e-09
Subject06,Cycling,1560.0,0.2073,20.7347,0.0016366773235696492,3.2409,68.03,0.0096,0.0084,0.0159,0.0132,-8.159729203414663e-10,-4.770281009266514e-11,2.492862541621241e-10,1.6300375355380065e-09
Subject06,Cycling,1575.0,0.2019,20.3347,0.0022552805609664427,3.2409,68.03,0.0097,0.0074,0.0162,0.0138,-2.1190128351988134e-10,-1.279932821293118e-10,1.503327261280574e-10,-2.8726197493540004e-09
Subject06,Cycling,1590.0,0.2028,21.4014,-0.002437715264736464,3.2409,68.03,0.0113,0.0076,0.0174,0.0116,8.602152694627412e-11,-3.252988307295331e-11,-6.91297588940849e-10,1.2590147203317115e-09
Subject06,Cycling,1605.0,0.205,17.2347,0.0014815006125122566,3.2409,68.03,0.0096,0.0094,0.0151,0.0129,3.144255125940392e-10,1.5031791136105097e-09,5.544871031337161e-10,-1.4725563893561817e-09
Subject06,Cycling,1620.0,0.209,17.1347,0.0015140588371577526,3.2409,68.03,0.0131,0.0086,0.0145,0.0126,5.019179159185934e-11,-1.310183189599606e-09,1.723255586474894e-09,1.4286968948393877e-09
Subject06,Cycling,1635.0,0.2029,17.068,0.001338521096629845,3.2409,68.03,0.0079,0.009,0.0149,0.0125,-4.975320193515075e-10,-1.0860733058459893e-10,-1.7871921596421848e-09,-6.530959578300641e-10
Subject06,Cycling,1650.0,0.1956,17.7347,-0.001860307602856486,3.2409,68.03,0.0065,0.009,0.0114,0.0133,2.3867341657512673e-09,1.0035327216267204e-09,-6.231892723826265e-10,-8.000556638702435e-10
Subject06,Cycling,1665.0,0.2036,17.568,0.0024995719166520185,3.2409,68.03,0.0081,0.0095,0.0107,0.0149,-1.0261499400545502e-09,-8.781397966407028e-10,8.461441765946575e-10,4.3479545578937955e-10
Subject06,Cycling,1680.0,0.2022,20.068,-0.0037315301423508506,3.2409,68.03,0.0048,0.0094,0.0106,0.0144,-1.2719128583621341e-09,-1.6733378908751076e-10,8.511454238370521e-10,6.740364589869388e-10
Subject06,Cycling,1695.0,0.211,17.068,-0.002892545375298897,3.2409,68.03,0.0052,0.0101,0.0123,0.0134,-4.450130282605668e-11,-4.89149981091631e-11,-1.539662545513789e-09,-8.734227284400582e-10
Subject06,Cycling,1710.0,0.2037,17.2347,0.0014696538345417775,3.2409,68.03,0.006,0.0106,0.0111,0.0145,1.8675880092876735e-10,8.585535728474451e-10,-1.3305680829594395e-10,-2.712401401490273e-10
Subject06,Cycling,1725.0,0.2112,17.1633,0.001495896425266204,3.2409,68.03,0.0074,0.009,0.0109,0.0143,7.235761289956765e-10,-4.4518472849628365e-10,7.623996291127254e-10,1.589432885217768e-09
Subject06,Cycling,1740.0,0.2204,16.9347,-0.0018204030286580555,3.2409,68.03,0.0059,0.009,0.0111,0.0126,-8.762784045121591e-10,-2.8620511272715556e-10,-7.543373345999083e-10,-1.4069265250462817e-09
Subject06,Cycling,1755.0,0.2108,16.9014,0.0024377608415285957,3.2409,68.03,0.0076,0.0082,0.0111,0.0151,3.12017892317111e-10,6.657670257763532e-10,-1.0304509558986031e-10,-1.5609685372493604e-10
Subject06,Cycling,1770.0,0.2141,18.3061,0.0023338027017018995,3.2409,68.03,0.0083,0.0078,0.0137,0.0134,-2.9582481734416085e-10,-7.692950312219594e-10,3.7528585987662753e-10,2.2310513857062692e-10
Subject06,Cycling,1785.0,0.1918,18.4014,-0.001974129102526682,3.2409,68.03,0.0112,0.007,0.0122,0.0125,5.317778743143948e-09,2.8647141317795208e-11,3.177159283719065e-10,3.2967390566049946e-10
Subject06,Incline,360.0,0.0035,-1.7346,-0.0017150545947888145,5.0706,68.03,0.0009,0.0039,0.0079,0.004,-6.362918706522988e-11,5.325804947401914e-10,-4.730659584784961e-10,9.024744746175661e-10
Subject06,Incline,375.0,0.3945,3.8654,0.003258135046239333,5.0706,68.03,0.0059,0.0147,0.0086,0.0162,2.761538243914698e-09,-7.123616618689834e-10,-5.205052048346344e-10,3.338149478564348e-09
Subject06,Incline,390.0,0.5106,17.1987,0.002830688506045618,5.0706,68.03,0.0061,0.0169,0.0089,0.0161,-2.696422385318465e-09,2.2352008373515752e-09,3.3461400902361417e-10,-3.8744011462019516e-09
Subject06,Incline,405.0,0.5129,27.1987,-0.0033918240176287902,5.0706,68.03,0.0066,0.015,0.0084,0.0172,8.179419284641285e-11,-1.073055601195723e-09,-2.884576108102375e-10,-3.4687903083922893e-10
Subject06,Incline,420.0,0.5092,23.1987,-0.0029978362379578087,5.0706,68.03,0.0066,0.016,0.0085,0.0156,-9.438555931499614e-11,-5.351398561955877e-10,1.4971691028891934e-10,1.9237558210607734e-10
Subject06,Incline,435.0,0.4887,24.0321,0.0033237128907279345,5.0706,68.03,0.0069,0.0164,0.008,0.0164,2.3767181953216827e-11,-7.763171249404192e-10,-1.3405211630146822e-10,5.052847005144626e-10
Subject06,Incline,450.0,0.5018,24.0321,-0.0012561872623393676,5.0706,68.03,0.0067,0.0137,0.008,0.0165,9.161975464124342e-11,3.2754860795577315e-09,2.462293328030806e-09,-6.771058600158456e-10
Subject06,Incline,465.0,0.5045,19.6987,-0.0026444729592547235,5.0706,68.03,0.0065,0.0153,0.0083,0.0149,-1.2845989590435347e-10,-1.9439191451090115e-09,-1.973474367226705e-09,2.9563785333942715e-10
Subject06,Incline,480.0,0.5058,19.1987,0.0017396408413220858,5.0706,68.03,0.0062,0.0134,0.0077,0.0162,1.1907622125689595e-11,-1.134237991280223e-09,-4.2157304292664997e-10,2.906683454627932e-10
Subject06,Incline,495.0,0.5078,18.8654,-0.0014499556441413038,5.0706,68.03,0.0064,0.0135,0.0072,0.0149,-2.007460821496682e-11,7.590420446123308e-11,-1.448200859853676e-10,2.8707681753609733e-10
Subject06,Incline,510.0,0.5083,18.3654,0.0020461973207805237,5.0706,68.03,0.0064,0.0133,0.0078,0.0155,9.48059380160518e-11,-3.054989810639551e-11,-3.603538776500701e-11,2.836585146856619e-10
Subject06,Incline,525.0,0.5179,18.1987,-0.002368489411527804,5.0706,68.03,0.0062,0.0128,0.0066,0.0168,-6.851740966531823e-11,1.4281230721346867e-09,2.7661981570816114e-10,-9.120384642256922e-10
Subject06,Incline,540.0,0.5147,17.3654,0.0025940710575203616,5.0706,68.03,0.0064,0.0142,0.0073,0.0151,-1.573826771373516e-11,-2.930652923694366e-11,-1.5938437519637303e-10,-1.4346470879131542e-10
Subject06,Incline,555.0,0.5021,16.2654,0.003229635578498325,5.0706,68.03,0.0064,0.0143,0.0072,0.0147,2.3243867777165474e-11,-5.069744895472004e-10,-4.30753296767686e-11,-6.33301535301216e-11
Subject06,Incline,570.0,0.5162,19.0321,-0.002524165195297983,5.0706,68.03,0.0062,0.0129,0.0068,0.0137,3.1058605813989644e-11,-5.188508504349544e-10,-5.0610315677787065e-11,-1.0267494264724862e-10
Subject06,Incline,585.0,0.5202,17.6987,-0.001877703296780165,5.0706,68.03,0.0062,0.013,0.0075,0.0144,-3.076617736939672e-11,1.0974913005887635e-09,1.0002310247800529e-10,2.230325213516605e-10
Subject06,Incline,600.0,0.5182,15.8654,0.0017268901022602012,5.0706,68.03,0.007,0.0128,0.0077,0.0128,-2.6044154759991402e-11,-5.70335649304817e-10,-3.8233463471687666e-13,-1.1718893294248862e-11
Subject06,Incline,615.0,0.5137,16.8654,0.0018095428045399242,5.0706,68.03,0.0061,0.0143,0.0076,0.0148,8.013611304504321e-11,4.922517343532609e-10,-8.229575415406161e-11,-1.8250325915713246e-10
Subject06,Incline,630.0,0.5152,17.4654,0.0017265368281607742,5.0706,68.03,0.0059,0.0124,0.0076,0.0152,-6.332278875489478e-12,-8.100583078426001e-10,-4.830875448839891e-11,-2.8629342339563746e-11
Subject06,Incline,645.0,0.5057,18.3654,-0.0034730559685480283,5.0706,68.03,0.0067,0.0121,0.0075,0.0143,1.0506713845520798e-09,-5.214423435990548e-10,3.561506500667136e-11,2.465390005819635e-09
Subject06,Incline,660.0,0.5098,19.6987,-0.002069266619371282,5.0706,68.03,0.0059,0.0126,0.0068,0.0161,-1.1103255057597112e-09,9.857968743452992e-10,9.792213659851491e-11,-2.3121012488947534e-09
Subject06,Incline,675.0,0.5214,19.0321,0.002377646690160956,5.0706,68.03,0.0062,0.0129,0.0079,0.0137,8.600131640836082e-13,1.1836785345756716e-09,1.1691041360295745e-09,7.921271249626063e-12
Subject06,Incline,690.0,0.5145,19.5321,0.0023223131479064474,5.0706,68.03,0.0056,0.013,0.0076,0.0155,-1.0953608725590266e-10,-2.2467307045535254e-09,-1.2524055670145746e-09,8.748305451049585e-10
Subject06,Incline,705.0,0.5093,21.1987,-0.002373955675518472,5.0706,68.03,0.0063,0.0122,0.0067,0.0142,9.479382719835995e-10,1.6418987600164398e-10,-2.1590387550104185e-11,1.4989783349195782e-09
Subject06,Incline,720.0,0.2885,17.3654,-0.0026484680168511717,2.8103,68.03,0.0043,0.0107,0.0066,0.0118,-8.580664973456639e-10,2.053797829198191e-09,3.74192933948224e-10,-1.9580113667645943e-09
Subject06,Incline,735.0,0.1995,14.0654,0.002092263939960074,2.8103,68.03,0.0039,0.0094,0.0053,0.0123,1.8727631383224248e-10,-1.668922739991012e-09,-3.8574462586847603e-10,1.5909791684257355e-09
Subject06,Incline,750.0,0.2097,11.3654,-0.0018798234241264194,2.8103,68.03,0.0051,0.0091,0.0053,0.0099,-1.53015236931658e-10,1.549130287067747e-09,1.7323176665372326e-09,-2.1091069520067214e-09
Subject06,Incline,765.0,0.2044,6.0321,-0.0014874669680381525,2.8103,68.03,0.0047,0.0087,0.0048,0.0102,1.2108419565952987e-09,-2.102737196348809e-09,-1.7276072774727888e-09,1.315359492114606e-09
Subject06,Incline,780.0,0.2128,6.8654,0.001653265390447495,2.8103,68.03,0.004,0.0095,0.0054,0.0099,-1.2407715484047987e-09,6.435067280557742e-11,1.1630268231371278e-10,-1.1635647731393732e-09
Subject06,Incline,795.0,0.208,7.5321,0.0023567357128464477,2.8103,68.03,0.0039,0.0087,0.0048,0.0095,-1.9207225976509898e-11,1.0019041389358845e-09,3.038741935723862e-11,-9.910607198074253e-11
Subject06,Incline,810.0,0.2121,11.1154,0.0022392025759929257,2.8103,68.03,0.004,0.0087,0.0053,0.0093,4.363050330358243e-10,-1.0307784488568812e-09,-1.4677835364208536e-10,2.018536275926492e-09
Subject06,Incline,825.0,0.2149,9.6987,-0.0038339755921989295,2.8103,68.03,0.0038,0.0095,0.0047,0.0096,1.4774488362720987e-09,-1.052940653153113e-10,8.125792962008785e-11,-1.3820959142068752e-09
Subject06,Incline,840.0,0.2126,7.5321,0.0018736779676564975,2.8103,68.03,0.0041,0.0081,0.0045,0.0087,-3.4156940217498085e-10,1.1515345176463465e-10,-3.582532592153945e-11,3.7699210418068415e-10
Subject06,Incline,855.0,0.2097,9.8654,0.002071502909915716,2.8103,68.03,0.0042,0.0092,0.0054,0.0086,-1.3985586045871275e-09,-9.123787222917658e-11,2.6043078253751955e-11,-4.748658754239488e-10
Subject06,Incline,870.0,0.215,9.6987,-0.002187099537543212,2.8103,68.03,0.0042,0.0089,0.0054,0.0086,-1.1248836941536169e-10,3.563219759487442e-11,-5.989379232074035e-11,1.1906336108837804e-10
Subject06,Incline,885.0,0.2149,11.8654,-0.0019464097679613717,2.8103,68.03,0.0058,0.0085,0.0041,0.0107,-4.990527791574445e-11,1.9402303441841768e-10,6.277575083986861e-11,-1.5153858835747346e-10
Subject06,Incline,900.0,0.2077,11.0321,0.0014416549286812915,2.8103,68.03,0.0048,0.0085,0.0057,0.0097,8.940580319728007e-10,-2.1649057395224979e-10,1.6849776254974062e-10,7.664058568759214e-10
Subject06,Incline,915.0,0.2169,12.3654,-0.0016503018167453455,2.8103,68.03,0.0046,0.0097,0.0067,0.0112,-8.606146849380222e-10,6.35223814923985e-10,-3.000257607520106e-10,-1.3630312330078155e-09
Subject06,Incline,930.0,0.219,11.8654,-0.0017338745233715443,2.8103,68.03,0.0045,0.0099,0.0067,0.0104,-1.9108936901813676e-12,-5.982291135960183e-10,8.84301576775586e-11,1.2156582957845414e-09
Subject06,Incline,945.0,0.2208,12.0654,0.0012556518653252236,2.8103,68.03,0.0051,0.0091,0.0058,0.0117,-4.6046421404008954e-12,7.221730584981409e-10,1.01087462169129e-09,-1.193702282305817e-09
Subject06,Incline,960.0,0.2199,11.5321,0.001669527768881346,2.8103,68.03,0.0059,0.0086,0.0073,0.0094,3.1837746686854425e-11,-7.500422111124066e-10,-1.0233713359587704e-09,4.701179443090681e-10
Subject06,Incline,975.0,0.2141,12.3654,0.0011895360993049175,2.8103,68.03,0.0044,0.0091,0.0047,0.0108,4.850605265942564e-11,-9.02801300757637e-11,2.96330878405089e-11,-3.736980270986536e-10
Subject06,Incline,990.0,0.2053,12.0321,-0.003666308205685571,2.8103,68.03,0.0043,0.0089,0.0047,0.0104,-9.210124967723672e-11,7.7212454966014e-10,-9.748947051810055e-11,-1.1255885412065376e-10
Subject06,Incline,1005.0,0.2005,10.2654,-0.0018857110121144535,2.8103,68.03,0.0043,0.0085,0.0052,0.011,1.2829808673750917e-10,-6.933237563824149e-10,2.3723371225185104e-11,2.3600401211930887e-09
Subject06,Incline,1020.0,0.2155,10.0321,-0.0012826645275975106,2.8103,68.03,0.0038,0.0093,0.0054,0.0096,1.1407334708726565e-09,4.375918472796883e-11,2.3524587131278848e-11,-2.2639841630302945e-10
Subject06,Incline,1035.0,0.2084,10.6987,0.001544162892605516,2.8103,68.03,0.0035,0.0088,0.0054,0.0099,-1.2691044495704756e-09,-3.076416601469293e-11,8.867906289617433e-12,-1.74613774849194e-09
Subject06,Incline,1050.0,0.2146,11.6654,-0.001576319358033707,2.8103,68.03,0.0042,0.0093,0.0054,0.011,1.2699854308083778e-11,1.4920546778625661e-09,-2.3863238867582405e-11,3.1668040183235075e-10
Subject06,Incline,1065.0,0.2174,11.3654,0.0022436687035721522,2.8103,68.03,0.0045,0.008,0.0045,0.0114,-1.1881170307973214e-11,-6.921975638723911e-10,7.937554194033134e-10,-7.00889496603769e-10
Subject06,Incline,1080.0,0.1932,13.6654,-0.002307005267734807,-0.0259,68.03,0.0039,0.0071,0.0044,0.009,1.2858440492721928e-11,-5.346006663298903e-10,-7.506963662082006e-10,1.705851507546236e-10
Subject06,Incline,1095.0,0.0715,11.8654,0.003204706119538894,-0.0259,68.03,0.0018,0.0034,0.007,0.0042,-4.529336254487456e-11,-2.9523095288334566e-10,1.2748541141748098e-09,-1.8972425337920662e-10
Subject06,Incline,1110.0,0.0041,8.1154,-0.002276537099976528,-0.0259,68.03,0.0011,0.0014,0.0094,0.0022,1.3690996369454356e-11,1.7430441927705715e-11,1.7358547066445736e-10,8.214303736659218e-11
Subject06,Incline,1125.0,0.0049,2.2654,-0.002163423387630095,-0.0259,68.03,0.001,0.0015,0.0075,0.0021,-1.2496639012940877e-12,-1.8852689894041857e-11,-1.501524465347554e-09,-9.910758781133687e-12
Subject06,Incline,1140.0,0.0048,1.3654,0.0028583313795850674,-0.0259,68.03,0.0009,0.0014,0.0082,0.0019,7.660549011333363e-12,9.910354472911458e-12,4.489851832019798e-11,-3.281261378509485e-11
Subject06,Incline,1155.0,0.0039,1.5321,0.0028753229076844034,-0.0259,68.03,0.001,0.0011,0.0013,0.0017,-1.1671966068545574e-11,1.666819698793e-11,-2.5367959682009643e-11,1.5611679815163948e-11
Subject06,Incline,1170.0,0.0037,2.0654,-0.0021315683234727203,-0.0259,68.03,0.0009,0.001,0.0012,0.0015,1.528362756936476e-11,-2.3970265000274453e-11,1.3478580964727336e-12,1.2564177100925942e-10
Subject06,Incline,1185.0,0.004,3.3654,-0.0013523528415368415,-0.0259,68.03,0.0009,0.001,0.0012,0.0014,1.3038580956414924e-11,2.3331580192287584e-11,-7.767969527669003e-12,-1.4976847002669973e-10
Subject06,Incline,1200.0,0.092,5.6654,0.003044429272480343,-0.0259,68.03,0.0014,0.0031,0.0098,0.0045,-3.0946197822849006e-11,1.821012146640916e-11,1.0762929062825653e-10,3.465877094405074e-10
Subject06,Incline,1215.0,0.0048,7.0654,-0.006084998864192733,-0.0259,68.03,0.0009,0.0023,0.0098,0.0024,1.1852013336808418e-11,-2.3763002739577098e-11,-9.313700689378408e-11,-3.3870091054274773e-10
Subject06,Incline,1230.0,0.0043,0.8654,-0.002819920541171233,-0.0259,68.03,0.001,0.0022,0.0077,0.003,-1.0598953846259865e-11,-1.6822016873306624e-11,6.548326217298947e-10,1.1850590495473459e-11
Subject06,Incline,1245.0,0.0045,1.2654,0.0012873378697418395,-0.0259,68.03,0.001,0.0032,0.0057,0.0033,4.780217178856177e-12,3.434398288846242e-10,-6.356470381955721e-10,3.9318862291004416e-10
Subject06,Incline,1260.0,0.0038,2.3654,0.0021345434807623275,-0.0259,68.03,0.0009,0.0028,0.0051,0.0036,2.310787297458739e-11,-3.6286520167685364e-10,5.953330279635716e-10,-3.8219020047065606e-10
Subject06,Incline,1275.0,0.0034,4.6154,-0.002555676303615304,-0.0259,68.03,0.0009,0.0041,0.0056,0.0064,-2.699625299912303e-11,1.6903924491755978e-10,-5.023798142328892e-10,3.8287293498895304e-10
Subject06,Incline,1290.0,0.0035,6.1154,-0.0014428181916449692,-0.0259,68.03,0.001,0.0025,0.0033,0.0051,1.4722729242948388e-11,-1.1507177971793339e-10,-1.255434484443383e-10,-2.5277371010014896e-10
Subject06,Incline,1305.0,0.0042,5.0654,0.0020890279414339046,-0.0259,68.03,0.001,0.0065,0.0032,0.0065,-1.1999720414823061e-12,3.364946213943722e-10,5.034345271365027e-11,2.3132235632652487e-10
Subject06,Incline,1320.0,0.0033,7.5321,-0.005257767860014163,-0.0259,68.03,0.001,0.0066,0.0024,0.0051,1.2491707004717618e-11,-1.3404622712098498e-10,4.888145327099572e-11,-2.2712851548597923e-10
Subject06,Incline,1335.0,0.0033,5.0654,0.0028986970854533852,-0.0259,68.03,0.0009,0.0061,0.0045,0.0037,-8.880997872994413e-12,8.399015084256131e-11,-2.3780364652557904e-11,7.674852392887676e-11
Subject06,Incline,1350.0,0.0035,5.5321,-0.0009281496026788453,-0.0259,68.03,0.001,0.0061,0.003,0.0062,-1.452154778384675e-11,1.2459945836352336e-10,-9.214190042827245e-11,1.5298376280752198e-10
Subject06,Incline,1365.0,0.0034,0.8654,-0.004886937412393323,-0.0259,68.03,0.001,0.0048,0.0032,0.0056,4.549294686525893e-12,-3.30071535422471e-10,5.104336024995398e-10,-2.38044609997277e-10
Subject06,Incline,1380.0,0.0035,3.8654,0.0015876223593981806,-0.0259,68.03,0.0009,0.0021,0.0087,0.0035,6.429831109623238e-12,3.563013896009191e-11,-6.885713022287918e-11,1.4435573194560946e-10
Subject06,Incline,1395.0,0.0035,4.2654,-0.002366955343307292,-0.0259,68.03,0.001,0.0035,0.007,0.0034,-2.029318847648711e-11,-1.1912305905019855e-10,4.456635269142149e-11,-2.808545813039373e-10
Subject06,Incline,1410.0,0.0036,5.1154,-0.004417205831938408,-0.0259,68.03,0.001,0.0043,0.0063,0.004,3.324538597558171e-11,3.0694588310566064e-11,2.0990852908507518e-11,-3.0477781432844324e-11
Subject06,Incline,1425.0,0.0157,5.0654,-0.0032192095588758685,-0.0259,68.03,0.0012,0.0046,0.0101,0.0051,-1.1022255935503945e-11,5.971952684522359e-11,-5.542311368517695e-10,5.234814483825609e-10
Subject06,Incline,1440.0,0.1806,7.3654,0.004401264238937213,4.7614,68.03,0.0041,0.0131,0.0037,0.0134,4.3173837156507544e-11,1.82930461802037e-09,4.5102436933608134e-11,-5.099920381567218e-10
Subject06,Incline,1455.0,0.1767,21.6654,0.0034859628851375726,4.7614,68.03,0.0032,0.0122,0.0035,0.0139,-9.017870755462342e-12,-1.3402673837818684e-09,3.008787442282731e-11,8.316495390978129e-11
Subject06,Incline,1470.0,0.1676,28.2654,-0.001579553057540641,4.7614,68.03,0.0031,0.0134,0.0033,0.0135,2.1299704789052605e-10,2.729105220622077e-10,1.4596973419520612e-10,2.2902444226943498e-09
Subject06,Incline,1485.0,0.1782,27.3654,-0.00239670991368847,4.7614,68.03,0.0027,0.0125,0.0029,0.0131,-1.0281367833468686e-10,4.3825626276444984e-10,-9.387019893850406e-11,-1.425522224975567e-09
Subject06,Incline,1500.0,0.1816,25.2654,0.0012347976544703617,4.7614,68.03,0.0029,0.0115,0.0029,0.0112,7.391474847109566e-11,-1.1804260603880764e-09,-8.054697573029494e-11,9.38043749673422e-10
Subject06,Incline,1515.0,0.1702,23.8654,0.002190754386565831,4.7614,68.03,0.0033,0.0134,0.0045,0.0132,-1.5913702161828795e-11,4.798768720702636e-10,4.5520293998432643e-10,-1.5361485561508895e-09
Subject06,Incline,1530.0,0.1767,23.6987,-0.0021891677960973513,4.7614,68.03,0.0033,0.011,0.0039,0.0129,-2.0180286706068375e-10,7.83160415774526e-10,-4.135638112057172e-10,-3.146005778951893e-10
Subject06,Incline,1545.0,0.1809,20.8654,-0.0021767730893265187,4.7614,68.03,0.0036,0.0125,0.0045,0.0142,2.894188968353381e-10,-1.3195557803574092e-09,-8.11033540489238e-13,1.506741620712304e-09
Subject06,Incline,1560.0,0.1794,21.1987,0.0020753406675993293,4.7614,68.03,0.004,0.0127,0.0033,0.0144,1.467049161160543e-09,6.019947308355871e-10,6.444573014096905e-11,-1.512384301145022e-09
Subject06,Incline,1575.0,0.1845,20.0321,-0.0017864300738492332,4.7614,68.03,0.0042,0.0111,0.0035,0.013,-1.7034692203016977e-09,6.494961452844098e-10,-7.838721375664616e-11,-1.6101577363331565e-10
Subject06,Incline,1590.0,0.1775,20.0321,-0.001968833307707601,4.7614,68.03,0.0035,0.0116,0.003,0.0126,4.5406457971165866e-10,-1.2538712540863687e-09,-2.1675300739518936e-11,2.711193599313075e-09
Subject06,Incline,1605.0,0.1775,21.3654,0.001741099507397468,4.7614,68.03,0.0034,0.0113,0.0032,0.0119,-5.595069096526749e-11,-6.355540313284627e-11,5.6908467216965915e-11,-8.082744008739303e-10
Subject06,Incline,1620.0,0.1833,22.3654,-0.0018823289956062265,4.7614,68.03,0.0038,0.0105,0.0038,0.0121,-4.4635265735016e-10,1.9383077933385696e-11,-6.34895285764143e-11,-1.0523040851441266e-09
Subject06,Incline,1635.0,0.1805,22.6154,0.0022602223353634637,4.7614,68.03,0.0036,0.0112,0.0042,0.0127,-1.126135272795905e-12,3.5530014761196726e-11,2.1307384461370544e-11,-3.9272497724438264e-11
Subject06,Incline,1650.0,0.1895,21.8654,-0.001660592457416584,4.7614,68.03,0.0041,0.0105,0.0039,0.0116,6.111357897557369e-11,1.5585352273242158e-11,2.6584646108852043e-10,-4.827696751316162e-10
Subject06,Incline,1665.0,0.1827,20.6987,0.0019966936155874277,4.7614,68.03,0.0039,0.0116,0.0039,0.0124,5.062270012886987e-11,2.341346841532944e-09,3.219965017662723e-10,-1.6073222962349246e-10
Subject06,Incline,1680.0,0.1836,20.8654,0.001838369665988125,4.7614,68.03,0.0039,0.012,0.0039,0.0116,-1.1834014253118842e-10,-1.4847528953498246e-09,-5.284406200329909e-10,7.0912603095821e-11
Subject06,Incline,1695.0,0.186,21.3654,-0.0016365463925665778,4.7614,68.03,0.0038,0.0119,0.0043,0.0116,1.897961448913896e-10,-8.000803131375738e-10,-4.8607484917577723e-11,2.219416292875695e-09
Subject06,Incline,1710.0,0.1884,20.8654,-0.001703795300369671,4.7614,68.03,0.0037,0.0117,0.0039,0.0133,1.5459533615345035e-09,-2.365942346734461e-10,-1.0356377441877894e-11,-1.0153082764268427e-09
Subject06,Incline,1725.0,0.1917,20.5321,0.001806946743681169,4.7614,68.03,0.0043,0.0127,0.0042,0.0117,-1.7168171232285331e-09,1.7866732247345151e-10,5.613851265255789e-11,-5.832645327064265e-10
Subject06,Incline,1740.0,0.1984,22.6654,-0.0017006009405183642,4.7614,68.03,0.0036,0.0114,0.0043,0.013,-3.265516065161285e-11,1.1528791579958154e-11,-6.795742896000928e-11,-5.2727337039058185e-11
Subject06,Incline,1755.0,0.1846,22.5321,-0.0018103735118128205,4.7614,68.03,0.0036,0.0115,0.0041,0.0118,2.5531240212856403e-10,3.683231101340225e-10,1.7710843006411948e-10,-4.2569228564200543e-10
Subject06,Incline,1770.0,0.193,24.1511,0.0024111228415881567,4.7614,68.03,0.0036,0.0121,0.004,0.0134,-1.6162297919586554e-10,-4.773311864318841e-11,-7.802898917548072e-12,4.646532775523589e-10
Subject06,Incline,1785.0,0.1875,25.3654,-0.0022470694075249404,4.7614,68.03,0.0026,0.0128,0.0029,0.0113,-2.402073969129915e-11,-9.227178993117517e-11,4.132564174517583e-11,-1.368575752849921e-10
Subject06,Incline,1800.0,0.3678,26.5321,-0.002268954839007903,9.8021,68.03,0.0063,0.0166,0.0068,0.0189,1.6784031072845434e-09,-2.3396809605232916e-10,-1.4291325515426861e-10,3.656034400516794e-09
Subject06,Incline,1815.0,0.4439,34.8654,0.0024437160472279796,9.8021,68.03,0.0086,0.0173,0.0088,0.019,-1.7329929078127671e-09,2.043424850604345e-09,-3.0733026698049683e-10,-4.1040117532308735e-09
Subject06,Incline,1830.0,0.4741,43.6987,-0.001427234176618814,9.8021,68.03,0.0079,0.0187,0.0097,0.0187,5.645079075931924e-11,-1.9665520704218335e-09,3.018547460499442e-10,1.0419133442220218e-09
Subject06,Incline,1845.0,0.4623,49.7225,0.0009463691917526928,9.8021,68.03,0.0069,0.0164,0.0085,0.0186,1.0543384474339023e-09,3.971081020113006e-11,-2.0395144846118163e-11,3.155762827482156e-09
Subject06,Incline,1860.0,0.4671,54.1154,-0.002157335736730512,9.8021,68.03,0.0071,0.0169,0.0082,0.0186,-6.260494053595012e-10,6.255570124675935e-11,-1.7529715550138564e-11,-1.4479941466108208e-09
Subject06,Incline,1875.0,0.4596,54.8654,0.0021809935599514715,9.8021,68.03,0.0065,0.0166,0.0084,0.0188,1.2525417183759042e-09,-1.4382862467778682e-10,-2.2314367299919284e-11,1.2123411630589701e-09
Subject06,Incline,1890.0,0.4667,55.8654,-0.0015896450172488733,9.8021,68.03,0.0063,0.0167,0.0081,0.0173,-1.612238988739446e-09,6.779164418241385e-11,1.9263784554792793e-11,-4.080901546196958e-09
Subject06,Incline,1905.0,0.4843,55.3654,-0.001870236977016917,9.8021,68.03,0.0069,0.0169,0.0089,0.0181,-5.210374217662033e-11,1.923255044425671e-09,7.111625465173042e-10,4.44955706185712e-11
Subject06,Incline,1920.0,0.4799,54.0321,-0.0018197298509422908,9.8021,68.03,0.0068,0.0182,0.0085,0.0193,3.0191132702265206e-13,-2.0204611925345753e-09,-6.380530044743745e-10,1.9219359773686532e-09
Subject06,Incline,1935.0,0.4845,56.1511,0.0016506480935516103,9.8021,68.03,0.007,0.017,0.0085,0.019,7.20659633289272e-11,8.525663381923147e-10,-6.662400844072191e-11,-2.0570460212134943e-09
Subject06,Incline,1950.0,0.4846,59.9904,0.0020303952656763533,9.8021,68.03,0.0068,0.0175,0.0086,0.0194,-6.109436983765777e-11,2.3630142026608475e-09,1.3996672646091643e-09,2.0037213037048652e-10
Subject06,Incline,1965.0,0.4592,60.4368,-0.002419975279693826,9.8021,68.03,0.0069,0.017,0.0083,0.0195,-2.6888347020395145e-11,-3.210935169698452e-09,-1.3247539191385364e-09,1.2415128765406928e-09
Subject06,Incline,1980.0,0.4786,58.1154,0.0017128791914583137,9.8021,68.03,0.0071,0.0165,0.0081,0.0194,2.2446191802220625e-09,-3.2259856422446484e-11,1.880755299856529e-10,1.3638965300295606e-09
Subject06,Incline,1995.0,0.4726,60.4368,0.0019631448322313012,9.8021,68.03,0.0073,0.0172,0.0085,0.0181,-2.274755383206867e-09,1.3362914955738622e-09,-1.1174272392102028e-10,-2.5667819608408057e-09
Subject06,Incline,2010.0,0.4931,63.1511,0.0016579343873748698,9.8021,68.03,0.0069,0.0175,0.009,0.0185,2.6765404695449953e-11,-1.3256362506367471e-09,1.4332726503960034e-10,9.868042073524026e-10
Subject06,Incline,2025.0,0.4706,64.1154,-0.002203584520634107,9.8021,68.03,0.0066,0.0168,0.0082,0.0196,2.5302394024409165e-09,2.558412986349546e-11,-2.2172522014610587e-10,3.129298193203789e-09
Subject06,Incline,2040.0,0.4684,62.1987,0.0019778606909489414,9.8021,68.03,0.0074,0.0182,0.0087,0.0192,-2.5003056624384343e-09,1.6839945651938203e-09,-6.398346627834223e-12,-4.335347347912379e-09
Subject06,Incline,2055.0,0.5122,63.4904,-0.0019254187703419917,9.8021,68.03,0.007,0.0181,0.0088,0.0176,-1.0403110756604065e-11,-1.6070451920620225e-09,-6.762676831419262e-11,1.81844212485691e-09
Subject06,Incline,2070.0,0.4917,61.7404,-0.0023310223687139264,9.8021,68.03,0.0074,0.0168,0.0079,0.0194,-3.497533114819913e-11,1.4378270601453341e-09,1.1286704185033944e-10,-1.6739400920555617e-09
Subject06,Incline,2085.0,0.4973,63.6154,0.0017672542399075186,9.8021,68.03,0.0071,0.0184,0.0087,0.0177,2.7835824440198274e-11,-1.5482702409210438e-09,-1.1103685007394148e-11,1.3594899798432585e-09
Subject06,Incline,2100.0,0.485,66.5797,-0.002301508603863612,9.8021,68.03,0.0067,0.0174,0.0084,0.0185,2.6517899000170763e-09,2.555245256390985e-10,-4.1540896766671905e-11,1.9000062965394093e-09
Subject06,Incline,2115.0,0.4946,66.1154,0.0023647622663496687,9.8021,68.03,0.0063,0.0172,0.0075,0.0181,-2.6679651652016907e-09,7.479070163763396e-10,3.3734048615581485e-10,-3.2539582091165553e-09
Subject06,Incline,2130.0,0.4822,67.3654,-0.001784090811378399,9.8021,68.03,0.0064,0.0185,0.0087,0.0192,-7.076638279635589e-11,-4.115978518602315e-10,1.449286360347961e-10,7.614941196646854e-10
Subject06,Incline,2145.0,0.4742,64.4904,0.0022840747839500803,9.8021,68.03,0.0063,0.0186,0.0085,0.0193,1.1592713335922722e-10,-5.025137479713612e-10,-4.944806082679447e-10,1.1084274241924799e-09
Subject06,Running,360.0,0.4764,2.8125,0.003933915644456817,2.3792,68.03,0.0049,0.0123,0.0049,0.0124,2.8561909419156203e-09,-9.790949989581865e-11,3.611631562319136e-11,3.9664531691332114e-09
Subject06,Running,375.0,0.6153,9.2125,0.002050524588653154,2.3792,68.03,0.0072,0.0157,0.0084,0.0155,-2.9006608961978387e-09,1.4799248877833874e-10,-1.4263994873940408e-11,-3.833278689925356e-09
Subject06,Running,390.0,0.6181,8.6125,-0.0029892113474824533,2.3792,68.03,0.007,0.0179,0.009,0.0151,1.3844189599500246e-11,5.0581164131000705e-09,2.299612444039763e-09,-5.264760191086228e-10
Subject06,Running,405.0,0.6135,1.8125,0.0016902027449782516,2.3792,68.03,0.0071,0.0165,0.0091,0.0175,3.806079057027674e-10,-4.823949834668555e-09,-2.2605214908971896e-09,6.215666613605891e-10
Subject06,Running,420.0,0.6148,0.6125,-0.001673959133480763,2.3792,68.03,0.0071,0.0167,0.0092,0.0151,2.343546967947639e-09,-3.5607066003361754e-10,-1.678542303396241e-11,1.7826238540844237e-09
Subject06,Running,435.0,0.6156,-1.3542,-0.0016416818256269044,2.3792,68.03,0.0067,0.0166,0.0092,0.0151,-2.691276532108066e-09,6.135600016434813e-11,8.922792043925295e-12,-1.535387570761829e-09
Subject06,Running,450.0,0.6125,-2.7875,0.0020428887603299874,2.3792,68.03,0.0072,0.0165,0.0095,0.0152,1.439698852812561e-13,1.4772565252785674e-09,9.17593207382805e-10,-9.40343034864624e-10
Subject06,Running,465.0,0.6096,0.3125,-0.0021793453002834132,2.3792,68.03,0.0068,0.0158,0.0092,0.0146,2.1242601112086668e-11,2.5641655129427727e-10,9.147361765740359e-10,-1.2889103979428343e-10
Subject06,Running,480.0,0.6009,-3.6875,-0.0016694393755067667,2.3792,68.03,0.0073,0.0162,0.0089,0.0147,2.475598057386142e-09,-1.5136719011289076e-09,-1.8563080021036898e-09,3.986946271361382e-09
Subject06,Running,495.0,0.601,-4.5208,0.0014099393711441946,2.3792,68.03,0.0064,0.0163,0.009,0.0148,-2.429574084465029e-09,3.6651500470512627e-09,2.9081365959130495e-09,-3.99319918597964e-09
Subject06,Running,510.0,0.6111,-3.5208,0.001755214194439005,2.3792,68.03,0.0071,0.0155,0.01,0.0133,-9.839861312281262e-11,-3.6208468562404588e-09,-2.913275244860114e-09,3.086044099742572e-10
Subject06,Running,525.0,0.6163,-3.5208,0.0015014670083691023,2.3792,68.03,0.007,0.016,0.0095,0.0139,2.1177414664242987e-11,-1.314769670467052e-10,8.679712320567317e-12,7.16585722508456e-10
Subject06,Running,540.0,0.6134,-3.3875,-0.0012632379466203391,2.3792,68.03,0.0074,0.0154,0.0091,0.0143,-1.9204762714506465e-11,3.1043758685329257e-09,4.229674068070128e-09,-8.952171206974057e-10
Subject06,Running,555.0,0.6107,-3.7875,-0.0013316423293005379,2.3792,68.03,0.0072,0.0144,0.0093,0.0144,-7.80054889439144e-12,-2.8728105379495823e-09,-4.256656964939839e-09,-1.915533505968357e-10
Subject06,Running,570.0,0.6157,-5.9018,0.002106761030505765,2.3792,68.03,0.0069,0.018,0.0093,0.0132,5.006946100393369e-11,-1.9729695909284525e-10,2.1193336414237514e-11,9.98223796308972e-10
Subject06,Running,585.0,0.6073,-3.8542,-0.0016839866329893488,2.3792,68.03,0.0074,0.0154,0.0084,0.0136,1.8800473382360533e-11,2.8747789869971553e-10,-2.6881114483149344e-10,-8.24645012008729e-10
Subject06,Running,600.0,0.614,-3.1875,0.0027620039845638075,2.3792,68.03,0.0072,0.0151,0.0103,0.0139,3.746330553932859e-09,-5.209442252209698e-10,2.84634868481086e-10,2.0960536389135087e-09
Subject06,Running,615.0,0.6052,-2.1875,-0.0025494640376492895,2.3792,68.03,0.0079,0.017,0.0095,0.0135,-3.777249232453406e-09,5.02962279689647e-09,2.2969474076496038e-09,-2.112015423263135e-09
Subject06,Running,630.0,0.6035,-3.8542,0.0024768207463485813,2.3792,68.03,0.0074,0.0151,0.0089,0.0141,1.1468319453026792e-09,-4.79927095275355e-09,-2.275278950519807e-09,2.950281213253361e-09
Subject06,Running,645.0,0.6175,-3.6161,-0.0015314150810833884,2.3792,68.03,0.007,0.0162,0.0099,0.0148,-1.1768238222948554e-09,-4.877429189398096e-10,9.61891998546003e-11,-2.409152672698758e-09
Subject06,Running,660.0,0.6113,-5.7875,0.0018669711072393104,2.3792,68.03,0.0072,0.0162,0.0082,0.0138,2.5584226337085553e-12,1.895717618703419e-09,-1.1830485401565281e-11,-4.66551154558205e-10
Subject06,Running,675.0,0.586,-4.1875,-0.0016947428895607056,2.3792,68.03,0.0067,0.0166,0.0097,0.0146,-1.516582525496851e-11,-1.583375172781277e-09,-1.2116786228140933e-10,1.1438652001549128e-09
Subject06,Running,690.0,0.6192,-3.8542,-0.001379954343168745,2.3792,68.03,0.0074,0.0138,0.0082,0.0133,9.619817413917811e-11,1.0618613362519734e-09,3.5015933507486735e-11,-1.275641532040923e-09
Subject06,Running,705.0,0.6171,-2.0446,-0.004042410176531058,2.3792,68.03,0.0069,0.0156,0.0093,0.0123,-1.8495959838004357e-10,-9.332947714684323e-10,-3.614302698015037e-11,5.00241855446617e-10
Subject06,Running,720.0,2.1227,1.0125,0.006952800586561368,11.693,68.03,0.014,0.0205,0.0148,0.0196,4.0998316024350794e-10,1.2261232033648674e-09,8.454148927005928e-10,7.525355024124628e-13
Subject06,Running,735.0,3.0337,27.9236,-0.0036198285741377177,11.693,68.03,0.0171,0.0242,0.023,0.0206,8.380205603791457e-10,-5.979601133559508e-10,-7.089234806473673e-10,-3.241368598777582e-10
Subject06,Running,750.0,3.2046,37.2569,-0.002146292145488285,11.693,68.03,0.0162,0.0235,0.0232,0.0195,5.2221703370489085e-09,-7.111066404428763e-10,7.197496442321945e-11,-4.364795211643461e-12
Subject06,Running,765.0,3.2272,42.6125,-0.002230270570331539,11.693,68.03,0.0155,0.0218,0.0206,0.0204,-5.386133155967701e-09,1.8801216079460902e-10,3.13367784590442e-10,4.425802378101715e-09
Subject06,Running,780.0,3.0012,48.3839,0.002068080002942063,11.693,68.03,0.0169,0.0241,0.0217,0.0205,-6.097868663086113e-10,2.6130025651639196e-10,-1.8010833743098431e-10,-3.2948082190501924e-09
Subject06,Running,795.0,3.2776,53.0125,-0.002787891643871094,11.693,68.03,0.0159,0.0225,0.0213,0.0197,-2.754400964465908e-10,7.603804892685664e-11,6.6007842247670164e-09,-1.2595659598627677e-09
Subject06,Running,810.0,3.075,54.4375,0.005313037224145049,11.693,68.03,0.0164,0.0216,0.0219,0.0189,2.8431585655325232e-09,-3.461861971900381e-10,-6.8898753217249855e-09,1.859477243886345e-10
Subject06,Running,825.0,2.9683,61.2411,-0.0028889887836552283,11.693,68.03,0.016,0.0231,0.0208,0.0189,-2.769338205778396e-09,5.103833639146982e-10,1.238708921294758e-09,4.029224282421928e-09
Subject06,Running,840.0,3.0365,61.0625,-0.0064415587825228035,11.693,68.03,0.0159,0.0219,0.022,0.0191,1.3716576755400377e-10,-2.638079477837303e-10,-1.1452906325419535e-09,-1.254847556878931e-09
Subject06,Running,855.0,3.1698,63.7216,0.011733104491067974,11.693,68.03,0.0157,0.0202,0.0199,0.0185,5.53797725449242e-10,-3.349299076070945e-10,7.282913995974476e-10,-3.199897246641292e-10
Subject06,Running,870.0,2.612,67.8125,-0.012005898149457253,11.693,68.03,0.0147,0.0224,0.0207,0.0183,-8.370562434360997e-10,1.9565930223307054e-09,1.875103306911651e-09,-2.7797332699868745e-09
Subject06,Running,885.0,2.9123,67.5398,0.003989358842842179,11.693,68.03,0.0149,0.0204,0.019,0.0182,3.1106370495470863e-10,1.4060177544139468e-09,-2.7900555347739008e-09,6.222317570922931e-10
Subject06,Running,900.0,2.8344,70.0125,-0.0024050882551069634,11.693,68.03,0.0155,0.0192,0.0193,0.0188,1.7728665006765495e-11,1.956821658216719e-10,7.64902379240403e-11,1.431998227014126e-10
Subject06,Running,915.0,2.7914,70.0125,0.0028037973142124323,11.693,68.03,0.0156,0.0202,0.0199,0.0189,-2.1705552820023848e-10,-1.3802360963300595e-09,1.8997991041506074e-10,-2.448991180957864e-10
Subject06,Running,930.0,2.7528,71.1125,-0.003280483487339451,11.693,68.03,0.0161,0.02,0.0202,0.0189,8.06731635926874e-12,4.4537789347663957e-10,-2.6370807279453964e-10,7.337462285323117e-12
Subject06,Running,945.0,2.727,72.267,-0.003253500101777319,11.693,68.03,0.0158,0.0208,0.0209,0.0189,1.4514832221020377e-10,1.903020088736121e-09,-3.251239051361127e-10,-1.2727591103340134e-12
Subject06,Running,960.0,2.8113,72.3125,-0.002027561021317788,11.693,68.03,0.0149,0.0187,0.0214,0.0185,-5.855045966538178e-11,-4.5122386768741635e-09,5.036433978145555e-09,-2.0866875396095408e-10
Subject06,Running,975.0,2.9704,71.3681,0.0028074767333487473,11.693,68.03,0.0151,0.0195,0.0217,0.019,3.699993569092086e-11,2.048068843484147e-10,-4.403624824335352e-09,4.0546847862213855e-09
Subject06,Running,990.0,2.7959,70.9943,0.0023258359113248104,11.693,68.03,0.0162,0.0196,0.0212,0.0191,-2.1189353901800608e-10,-2.1939714459069923e-10,1.5241513167611804e-10,-1.1058648439310229e-10
Subject06,Running,1005.0,2.7639,72.8125,-0.0020447148997067605,11.693,68.03,0.0148,0.02,0.02,0.0184,2.3453464954753e-09,-1.828640153258736e-11,-4.195684955894219e-10,-1.2147108141891798e-09
Subject06,Running,1020.0,2.7996,72.5125,0.0029070680421015,11.693,68.03,0.0157,0.0196,0.0207,0.0189,-2.0623778210846595e-09,4.813510687153675e-09,-1.848411363759879e-10,-2.5873550918702776e-09
Subject06,Running,1035.0,2.7703,75.8958,-0.0019478177954918136,11.693,68.03,0.0153,0.0195,0.0223,0.018,-1.876301685931114e-10,-4.929561326626893e-09,5.148855038701292e-09,-3.694154653253723e-10
Subject06,Running,1050.0,2.9197,76.0852,0.0017896555211153273,11.693,68.03,0.0151,0.0195,0.0215,0.0183,3.5968764975518157e-09,-1.8465647898486864e-11,-4.8217837964374e-09,9.62144413868743e-10
Subject06,Running,1065.0,3.0214,77.5125,0.0019027567175606305,11.693,68.03,0.0137,0.0189,0.0218,0.0168,-3.506194247277916e-09,1.2209320281881903e-09,4.431581215899313e-09,-8.270577304526828e-10
Subject06,Running,1080.0,1.7718,75.9236,-0.0019745396154440173,8.6091,68.03,0.0121,0.0209,0.0172,0.0196,-1.4147507146231834e-10,1.8888446594759636e-09,-4.881798090977837e-09,3.0524171225871483e-10
Subject06,Running,1095.0,1.4588,70.0852,-0.00196678463782311,8.6091,68.03,0.0106,0.0234,0.0159,0.0214,-7.976441152191088e-11,-9.218857564483587e-10,6.543140093368629e-10,-5.308355616873309e-10
Subject06,Running,1110.0,1.3915,66.4792,0.002801552140536634,8.6091,68.03,0.0101,0.0237,0.0142,0.0217,2.0476538183451686e-09,-1.8578621191746501e-09,-2.736979891080583e-10,2.5227531140398548e-09
Subject06,Running,1125.0,1.4388,63.3839,0.0016494338021493969,8.6091,68.03,0.0089,0.0246,0.0147,0.0204,-1.6041772899358824e-09,-1.3651390894631433e-10,1.9279437990183513e-10,5.689266578917852e-10
Subject06,Running,1140.0,1.4243,62.5903,0.0024949699107872344,8.6091,68.03,0.011,0.0246,0.0144,0.0217,-2.3464519810468994e-12,-3.408366207234506e-10,-4.993303150937372e-10,-1.2785117884750496e-09
Subject06,Running,1155.0,1.3014,59.8125,-0.0024395091977729693,8.6091,68.03,0.0104,0.0235,0.0134,0.0221,-1.3573756505417387e-10,3.722107235641977e-09,1.6761098590073943e-10,-1.2735632330572912e-09
Subject06,Running,1170.0,1.3961,58.4375,0.0032634287343424823,8.6091,68.03,0.0097,0.0223,0.0148,0.0211,-1.1948022074258008e-10,-1.1926911555800164e-09,2.0820644174460354e-10,-1.866865350802664e-10
Subject06,Running,1185.0,1.3745,60.9236,-0.0032387805364683846,8.6091,68.03,0.0103,0.0243,0.0143,0.0215,7.162705955404602e-10,-2.002534427432441e-09,-8.823799731563804e-11,7.7417085206948e-10
Subject06,Running,1200.0,1.3904,58.4792,0.002365301462555947,8.6091,68.03,0.0102,0.0223,0.0147,0.0198,1.4374436469309228e-09,-1.1500454847273382e-10,-2.868390995792466e-11,1.8672283146924634e-09
Subject06,Running,1215.0,1.3534,60.1458,-0.0027024566701544486,8.6091,68.03,0.01,0.0229,0.0133,0.0196,-1.764166552972609e-09,-1.4381492159881346e-11,3.890709179639854e-11,-1.167963316274286e-10
Subject06,Running,1230.0,1.4109,59.1458,0.0035357347356357155,8.6091,68.03,0.0096,0.0228,0.0133,0.0199,-5.432891871005328e-10,7.754822572257263e-11,2.047870117085168e-10,-2.156290398284219e-10
Subject06,Running,1245.0,1.4077,59.4375,-0.0029562628918230922,8.6091,68.03,0.0101,0.022,0.0135,0.0211,2.480887693932349e-10,-1.4409219433565573e-10,-2.8107753087494754e-10,-2.1615176364197902e-10
Subject06,Running,1260.0,1.4418,55.5903,0.0037104283853079305,8.6091,68.03,0.0095,0.0215,0.0138,0.0203,1.548021000249882e-11,-1.8430191768642352e-10,3.035249186624742e-10,-2.0895079263405566e-10
Subject06,Running,1275.0,1.5487,59.4375,0.0032465296141314607,8.6091,68.03,0.0096,0.021,0.0145,0.02,6.248256279376659e-10,2.11293245528842e-10,-2.0486183413820253e-10,4.605002282000498e-10
Subject06,Running,1290.0,1.4854,60.9034,-0.002672559376977258,8.6091,68.03,0.0105,0.0202,0.0143,0.0195,-6.174073847527138e-10,3.7072274114785395e-09,1.812112596436821e-10,-2.373020785171484e-09
Subject06,Running,1305.0,1.4682,59.5903,-0.002704628041737064,8.6091,68.03,0.0105,0.02,0.0144,0.0203,-1.929734933234028e-10,-2.187838994047116e-09,2.9376966011949146e-09,-1.9347234692001137e-10
Subject06,Running,1320.0,1.6255,59.5625,0.0037985524569695817,8.6091,68.03,0.0105,0.0194,0.0137,0.02,8.97113199855214e-11,-1.4505247689288212e-09,-3.106864070193136e-09,1.2405428634644622e-09
Subject06,Running,1335.0,1.6321,59.9236,-0.0027263712151324865,8.6091,68.03,0.0108,0.02,0.0135,0.0201,3.3572045894858695e-09,-1.712954190074545e-10,-7.326682140347147e-11,9.887515697883523e-10
Subject06,Running,1350.0,1.5121,56.1458,-0.0022319525529477927,8.6091,68.03,0.0106,0.0224,0.0142,0.0208,-1.5283635015790865e-09,-2.0305571481317368e-11,-3.923212422914589e-11,2.617835213629603e-10
Subject06,Running,1365.0,1.5643,53.5125,0.0027998157465763222,8.6091,68.03,0.0107,0.0229,0.0139,0.0194,-6.376149557974243e-11,1.2115959665376625e-10,8.736641363253329e-11,-6.564719833800204e-10
Subject06,Running,1380.0,1.63,53.9554,-0.0019745615961166566,8.6091,68.03,0.0107,0.0219,0.0137,0.0177,-1.7059778276176568e-09,4.085257379304289e-09,-2.594524034769725e-10,-1.5669023783074666e-09
Subject06,Running,1395.0,1.6824,52.6696,-0.0028103410577484393,8.6091,68.03,0.0097,0.0221,0.0138,0.0188,-9.93253169456379e-11,-3.214382580232932e-09,1.256270979150768e-09,4.907733392453508e-11
Subject06,Running,1410.0,1.6361,53.0347,0.0035148298068790897,8.6091,68.03,0.0102,0.0203,0.0128,0.0183,1.0086045473871993e-09,-9.91389968637767e-10,-1.0480371747260317e-09,2.2389318697371333e-09
Subject06,Running,1425.0,1.5924,61.0347,-0.0024364326015578826,8.6091,68.03,0.0095,0.0197,0.0135,0.0196,-9.825210486584354e-10,1.3964740784398112e-09,1.384245120309957e-10,-2.607225680686829e-09
Subject06,Running,1440.0,1.8877,61.0125,-0.0030087802572653565,10.0526,68.03,0.01,0.0197,0.0144,0.0185,1.0206962544753571e-09,-1.2585390349237826e-09,-1.3493789764121454e-10,2.3435623535791345e-09
Subject06,Running,1455.0,1.9048,60.7014,-0.0022176802832037062,10.0526,68.03,0.012,0.019,0.0166,0.0171,2.428810037635401e-09,-1.1049531438267722e-10,1.1218897054861322e-11,-1.3425606786103884e-09
Subject06,Running,1470.0,2.0729,62.5125,0.0037320292409817354,10.0526,68.03,0.0119,0.0207,0.0177,0.0172,-3.2461674217334917e-09,4.343681825749539e-09,-1.621855666672806e-10,-7.223045517268803e-10
Subject06,Running,1485.0,2.1902,63.8125,-0.003718381869767911,10.0526,68.03,0.012,0.0192,0.0174,0.0163,-3.331629462087173e-10,-3.6835575964474786e-09,4.039961763116647e-09,-1.8757708684830174e-10
Subject06,Running,1500.0,2.0517,65.5125,0.0026809268569252228,10.0526,68.03,0.0121,0.0198,0.0173,0.0175,1.360732135561038e-10,-5.645394898745367e-10,-3.4535186158024004e-09,2.1573148423829195e-09
Subject06,Running,1515.0,2.15,67.9236,0.0024276094886679046,10.0526,68.03,0.0123,0.0189,0.0177,0.018,2.51179591622694e-09,-1.8126457499138237e-10,-4.822497590796433e-10,-1.0077712595614724e-09
Subject06,Running,1530.0,2.2131,68.0347,-0.0029097274817879463,10.0526,68.03,0.0119,0.0189,0.0169,0.0174,-2.416538324150704e-09,2.63437425006708e-09,1.757651323520859e-10,-6.750851791689724e-10
Subject06,Running,1545.0,2.0851,68.6125,-0.004723282664291045,10.0526,68.03,0.0119,0.0194,0.016,0.0172,-2.2006038176523768e-10,-1.2948306586074652e-09,3.3522116927558823e-09,-3.984585804369851e-10
Subject06,Running,1560.0,2.0757,67.1125,0.002389739570131842,10.0526,68.03,0.0122,0.02,0.0163,0.018,4.055839425425649e-11,-1.17082336620084e-09,-3.29993547280605e-09,4.397914128929418e-09
Subject06,Running,1575.0,2.1526,70.4792,0.0020545886540943373,10.0526,68.03,0.0118,0.019,0.0171,0.0178,2.8815901007915153e-09,-1.4345144228189695e-10,-1.720508047724665e-10,-3.748256978913186e-09
Subject06,Running,1590.0,2.236,70.1458,-0.0032940591070092498,10.0526,68.03,0.0111,0.0189,0.0162,0.0167,-2.820111047235172e-09,2.6021561826088007e-09,3.8442034921455666e-10,-5.646647000682856e-10
Subject06,Running,1605.0,2.3039,67.5398,0.004560175952092961,10.0526,68.03,0.0115,0.0194,0.017,0.0168,2.1398547242401762e-10,7.403062812898026e-10,-5.555649722372113e-10,-3.6259779394392066e-11
Subject06,Running,1620.0,2.1873,68.8125,-0.0067074599273333115,10.0526,68.03,0.0121,0.0203,0.0173,0.0169,3.184706581929391e-12,-3.2184792946258547e-09,9.208103055577002e-10,1.3130045888182043e-09
Subject06,Running,1635.0,2.2143,70.1761,-0.0038281167503095067,10.0526,68.03,0.0115,0.019,0.0167,0.0185,2.993984963070023e-09,-1.7528368879775733e-10,-7.688612504784248e-10,-1.7682466611323354e-10
Subject06,Running,1650.0,2.2617,71.6125,-0.005506366986983545,10.0526,68.03,0.0114,0.02,0.0166,0.0172,-2.9320647278389266e-09,4.023740118286233e-09,-6.31627255565735e-11,-9.192177004937521e-10
Subject06,Running,1665.0,2.1448,72.4489,0.00735176567553962,10.0526,68.03,0.0112,0.0186,0.0176,0.0163,-1.8234596497080118e-10,-3.4852475759336646e-09,1.2157437096258564e-10,2.6335953091886393e-09
Subject06,Running,1680.0,2.1836,74.1125,-0.006575423470915882,10.0526,68.03,0.0121,0.0184,0.0168,0.0166,-7.532739061036363e-11,2.466778301690458e-09,9.54787469367934e-10,-2.8061029672145043e-09
Subject06,Running,1695.0,2.239,70.7216,0.0024800277387188483,10.0526,68.03,0.0121,0.0185,0.0177,0.0177,5.021196094512328e-10,-2.7972480405924884e-09,-8.434741140136369e-10,1.9422953291181633e-09
Subject06,Running,1710.0,2.1048,70.8125,-0.0039051162618987767,10.0526,68.03,0.0115,0.0193,0.0158,0.018,-3.885206245666978e-10,4.080244619987172e-09,-2.051981172673217e-10,-1.8618832648290761e-09
Subject06,Running,1725.0,2.1735,71.358,0.00244822358497904,10.0526,68.03,0.0117,0.0193,0.0168,0.0177,-9.042125284988334e-11,-3.979335435899265e-09,2.630611211173791e-10,3.5805625291131575e-09
Subject06,Running,1740.0,2.0735,74.8125,-0.0030059004422265637,10.0526,68.03,0.0125,0.0197,0.016,0.0181,-1.4915218872137198e-10,2.9409783912026023e-09,-4.659642292228162e-11,-3.616576998675178e-09
Subject06,Running,1755.0,2.1328,75.2125,0.00255991801992182,10.0526,68.03,0.0108,0.0205,0.0165,0.017,1.6513666020882784e-10,-3.035465818800234e-09,5.108363985873698e-10,1.8869735347268462e-09
Subject06,Running,1770.0,2.1376,76.3681,0.003015337985545396,10.0526,68.03,0.0112,0.0193,0.0157,0.0176,2.8377277246858802e-09,-3.371214487303775e-10,-7.058062050424131e-10,-1.578825096436468e-09
Subject06,Running,1785.0,2.2277,74.8894,0.004056929266879826,10.0526,68.03,0.0108,0.0194,0.0149,0.0169,-2.911798756639997e-09,1.366933109583648e-09,2.5232070210660575e-09,-5.063586415606051e-10
Subject06,Stairs,360.0,0.0368,2.7994,-0.007176498612898312,5.4934,68.03,0.0038,0.0195,0.0103,0.0151,-2.400722824451792e-10,5.561867188168931e-09,-1.1900962467601378e-09,1.830006486908632e-09
Subject06,Stairs,375.0,0.0727,-0.2006,0.0053429044800053305,5.4934,68.03,0.0108,0.0479,0.0091,0.0345,8.99156460520386e-11,-3.3526567266210913e-10,8.654759797628907e-10,8.493152490097232e-10
Subject06,Stairs,390.0,0.0763,13.7994,0.0026806374155890675,5.4934,68.03,0.0099,0.0456,0.0094,0.0351,5.367452598557177e-10,-5.1511473454154176e-09,1.3168674499894541e-09,-1.6827067264859465e-10
Subject06,Stairs,405.0,0.0737,20.8232,-0.0020221627806646285,5.4934,68.03,0.0081,0.0461,0.0074,0.032,-1.2001359040225886e-10,7.694307778524706e-10,-2.18682397838462e-09,-1.066881272809614e-09
Subject06,Stairs,420.0,0.0774,24.2518,-0.00168440147740032,5.4934,68.03,0.0071,0.0436,0.007,0.0317,-2.7070588470934963e-10,1.5236672419031094e-09,6.910571657813702e-12,2.059170111289152e-09
Subject06,Stairs,435.0,0.0852,25.8411,0.0019517560074874703,5.4934,68.03,0.0081,0.0446,0.0064,0.0309,-1.5881231023916565e-10,2.5533993676408277e-09,3.338397871347563e-10,-3.2753584016554275e-09
Subject06,Stairs,450.0,0.078,25.9661,-0.0020961804658559623,5.4934,68.03,0.0069,0.054,0.0069,0.0333,-8.031618735854863e-11,2.5694435594076534e-10,3.942523893042314e-10,1.8012733782990984e-09
Subject06,Stairs,465.0,0.0773,27.109,0.0030736893668013806,5.4934,68.03,0.0073,0.0453,0.006,0.032,1.9307426671191983e-09,-4.634699131140827e-09,2.1650098517797755e-10,9.828010743372266e-10
Subject06,Stairs,480.0,0.0873,23.5911,-0.0034339085796885466,5.4934,68.03,0.0088,0.0425,0.0065,0.0342,-1.2531118079599505e-09,1.2277898842032063e-10,-9.224198116632468e-10,-1.8730403770663254e-09
Subject06,Stairs,495.0,0.0878,23.3947,0.0021933190335282843,5.4934,68.03,0.007,0.0448,0.0073,0.0327,-5.331096059808562e-10,2.248489518988819e-09,2.925522408519557e-10,4.0415571078927216e-10
Subject06,Stairs,510.0,0.0776,26.2161,0.0025641064861389156,5.4934,68.03,0.0072,0.0453,0.0068,0.0337,9.94204006029846e-10,-3.1618525178465456e-09,4.85505459423988e-10,1.3403075553641316e-09
Subject06,Stairs,525.0,0.078,26.8232,0.0022153589337007896,5.4934,68.03,0.008,0.0432,0.0097,0.0375,-1.1632877214644552e-09,2.2855902498103496e-10,-7.741213786747776e-10,-2.869443643150139e-10
Subject06,Stairs,540.0,0.0746,26.9661,0.001988964080297418,5.4934,68.03,0.0069,0.0376,0.0076,0.0322,7.998735873624428e-10,2.1206367030431627e-09,-8.75670760485006e-11,-5.907415548206402e-10
Subject06,Stairs,555.0,0.0774,25.2518,-0.0037727884054350753,5.4934,68.03,0.0069,0.0444,0.0064,0.0318,-7.760545540240862e-10,3.0785001481921328e-09,4.658306430325677e-10,-1.3547252291147064e-09
Subject06,Stairs,570.0,0.0682,24.9661,-0.0021996505985445794,5.4934,68.03,0.0072,0.0435,0.0074,0.0323,1.4510844144972333e-09,-5.580782497589927e-09,-3.9656821884937176e-11,3.3386290246919048e-09
Subject06,Stairs,585.0,0.0816,23.109,0.0016146202468283737,5.4934,68.03,0.0084,0.0381,0.0065,0.0368,-1.4490940856715128e-09,1.0862891375078826e-10,-3.731697032375387e-10,-3.139383462873117e-11
Subject06,Stairs,600.0,0.0718,26.5375,0.0018101189989229178,5.4934,68.03,0.0092,0.0386,0.0073,0.0366,5.626522651621666e-13,1.1892176105190317e-09,2.6862654838045936e-11,-1.5982178451110752e-09
Subject06,Stairs,615.0,0.0699,25.3947,-0.0023994239618131113,5.4934,68.03,0.0068,0.0444,0.006,0.0283,4.847714205573347e-11,4.197644604182544e-09,1.9646200124932348e-10,-2.3274033391433706e-09
Subject06,Stairs,630.0,0.0715,25.5375,-0.002283992719010727,5.4934,68.03,0.01,0.0405,0.0083,0.0351,1.8347683863973024e-09,-5.404007951675408e-09,1.4751622975254166e-10,3.15726337238748e-09
Subject06,Stairs,645.0,0.0776,23.3411,0.0022596888926391394,5.4934,68.03,0.0096,0.0369,0.0065,0.0346,-1.6012907437909958e-09,3.864633034478846e-10,-3.5189040233776486e-10,1.1229456716032775e-09
Subject06,Stairs,660.0,0.0734,26.4661,0.001973780765382875,5.4934,68.03,0.007,0.039,0.0061,0.0346,2.494654592920974e-10,4.087594995449385e-09,-3.682746181661831e-11,-6.376884272441936e-10
Subject06,Stairs,675.0,0.072,26.5375,-0.0019423996628336417,5.4934,68.03,0.0077,0.0392,0.0071,0.0319,-3.8308153915296707e-10,-1.382821251450295e-09,4.829199301848694e-10,-3.430645339982444e-09
Subject06,Stairs,690.0,0.0686,24.5911,0.002124734919892455,5.4934,68.03,0.0074,0.0382,0.0063,0.0314,-1.630928562919986e-10,9.807297421412586e-10,1.8892675111350488e-10,-2.6022814265776897e-10
Subject06,Stairs,705.0,0.0772,26.3947,0.0016977433940964992,5.4934,68.03,0.0068,0.0407,0.0069,0.0316,1.5734808107057692e-09,-3.827282077437625e-09,-4.353375749082472e-10,2.3413920382687047e-09
Subject06,Stairs,720.0,0.0793,27.5375,0.0018508596398913173,6.3165,68.03,0.0077,0.0413,0.0069,0.0325,4.4035784240772523e-10,5.907220242019663e-10,3.929399756967294e-10,9.524812368796238e-10
Subject06,Stairs,735.0,0.0818,29.3411,-0.002101125089052454,6.3165,68.03,0.0102,0.0409,0.0075,0.0352,8.579488217674621e-12,-8.264040771305478e-10,-1.6968821440255479e-10,-1.4932526409977787e-09
Subject06,Stairs,750.0,0.0798,30.7161,0.0019192907265743724,6.3165,68.03,0.0092,0.0418,0.0068,0.0318,-1.927964084016591e-09,3.6884869513589893e-09,8.038170886227046e-10,-7.331729374301379e-11
Subject06,Stairs,765.0,0.0782,30.5375,-0.0022490751771986894,6.3165,68.03,0.0101,0.0417,0.0077,0.0324,-3.6291313316359355e-11,-2.211325534185976e-11,-1.0484750566535223e-09,-1.8893358270156836e-09
Subject06,Stairs,780.0,0.0824,32.2518,0.001958695342779924,6.3165,68.03,0.0092,0.042,0.0072,0.0351,1.2952175194691552e-10,2.1757428865443686e-09,6.513062385547869e-10,3.689233528387892e-10
Subject06,Stairs,795.0,0.0864,34.7439,-0.0020109615879706157,6.3165,68.03,0.0083,0.043,0.0075,0.0344,5.751004738063879e-10,5.539123430151683e-10,9.853290016403238e-10,5.907562372278173e-11
Subject06,Stairs,810.0,0.0784,34.4661,0.0020098646463580032,6.3165,68.03,0.0087,0.0402,0.0067,0.0327,-7.219617353619525e-10,-5.0779480333653756e-09,-1.8371573931492158e-09,2.015093531462324e-09
Subject06,Stairs,825.0,0.0762,34.5911,-0.0024934047884839017,6.3165,68.03,0.0082,0.0431,0.0081,0.0302,7.284605717586353e-10,-1.3845512896468395e-09,1.0491561176364029e-10,2.5653498487287223e-10
Subject06,Stairs,840.0,0.0901,35.3947,0.002099428823654433,6.3165,68.03,0.0087,0.0438,0.0078,0.0332,1.4984397026717656e-09,2.0566175000586508e-10,2.3758795095167137e-10,2.0299712505543766e-09
Subject06,Stairs,855.0,0.0866,35.3411,-0.0020792734692863337,6.3165,68.03,0.0082,0.0421,0.0067,0.0317,-2.1831146001121303e-09,5.124791114412648e-09,1.6917905411658897e-09,-4.064969172827606e-09
Subject06,Stairs,870.0,0.0897,33.3411,-0.003183199998625606,6.3165,68.03,0.0095,0.0463,0.0083,0.0367,4.039029579250815e-11,-1.6114241651150239e-09,-1.7336721038402705e-09,-8.661635206421162e-11
Subject06,Stairs,885.0,0.0928,35.1328,0.0024502336144186,6.3165,68.03,0.0099,0.0391,0.0074,0.0353,7.001453026285311e-11,1.269420770086432e-09,4.53960533238153e-10,-5.352192872487399e-10
Subject06,Stairs,900.0,0.0786,34.4661,-0.002973559996964139,6.3165,68.03,0.0099,0.0396,0.0075,0.0342,-1.5034256771443438e-10,-4.293699435215254e-09,-7.283098559230068e-10,2.5689558872484766e-09
Subject06,Stairs,915.0,0.0821,33.8411,0.0019300936513220587,6.3165,68.03,0.0088,0.0389,0.0077,0.0326,3.2041233625116154e-10,-5.284049046648808e-10,1.5411943637663615e-09,-1.7345625107961558e-09
Subject06,Stairs,930.0,0.0897,33.3411,0.0025623052617739115,6.3165,68.03,0.0094,0.0396,0.0084,0.0312,1.114313871762406e-09,-1.7576114150121851e-10,-1.2200572054476915e-09,2.084106237805448e-09
Subject06,Stairs,945.0,0.0908,34.2994,-0.002382474197521748,6.3165,68.03,0.01,0.038,0.007,0.0279,-1.4747757564947319e-09,5.895632145148195e-09,2.6119672560031053e-09,2.0860666387591324e-11
Subject06,Stairs,960.0,0.0858,33.4661,0.0030443476547137695,6.3165,68.03,0.0094,0.0358,0.0094,0.03,1.591784889677901e-10,-4.279659208628869e-10,-2.4889119646545857e-09,-2.752227426754745e-09
Subject06,Stairs,975.0,0.076,35.8411,0.002406318659383187,6.3165,68.03,0.0098,0.0363,0.0067,0.0309,3.721633461714815e-10,-1.6729578600056515e-09,3.4221897458180666e-10,2.875695288154551e-10
Subject06,Stairs,990.0,0.0756,34.5911,-0.002308162434713557,6.3165,68.03,0.0103,0.0416,0.0071,0.0295,-3.4746368522338466e-10,-2.7356516518402633e-09,-7.800162467867966e-10,3.4698088388739183e-09
Subject06,Stairs,1005.0,0.0781,34.4661,0.002244239941550544,6.3165,68.03,0.0104,0.0433,0.0082,0.0321,4.256636876924239e-10,-7.943782490900367e-10,-1.2153499988345404e-11,-1.2344907650011617e-09
Subject06,Stairs,1020.0,0.0835,34.8232,0.0017440559588989412,6.3165,68.03,0.0092,0.044,0.0072,0.0349,-2.703113263218019e-10,3.09386138495429e-10,1.3561357261729062e-10,5.290933671440644e-10
Subject06,Stairs,1035.0,0.0739,35.9661,-0.0021821093973225965,6.3165,68.03,0.0079,0.0427,0.0073,0.0297,-3.9000358356835203e-10,5.386372727144665e-09,5.684740910914165e-10,2.5312613612828344e-10
Subject06,Stairs,1050.0,0.083,32.9661,-0.0021471370751856315,6.3165,68.03,0.0108,0.0433,0.009,0.0359,1.6342868400300177e-10,-4.099536372762185e-09,-2.0479651044303586e-10,-3.2008288586176347e-09
Subject06,Stairs,1065.0,0.0815,34.2161,0.002499554070309893,6.3165,68.03,0.0104,0.0384,0.0092,0.0265,7.031829418390419e-10,4.3161138653924704e-10,1.90621544130128e-10,-4.945615270580801e-10
Subject06,Stairs,1080.0,0.0477,34.3411,-0.002596619160124803,4.5508,68.03,0.0106,0.0261,0.0098,0.0303,-6.505191466376395e-10,-2.1630869458965345e-09,-6.183448915408143e-10,1.9774816069600927e-09
Subject06,Stairs,1095.0,0.0539,29.8232,-0.0013440263470267408,4.5508,68.03,0.0083,0.0296,0.0077,0.0244,-3.8586786659922546e-11,1.6284691703257547e-10,9.459707572979615e-11,6.199099120241225e-10
Subject06,Stairs,1110.0,0.0603,27.109,-0.002030792863809909,4.5508,68.03,0.0081,0.0303,0.0059,0.0247,-7.984817241837169e-11,-2.6256248210548783e-11,-1.6711829854667e-10,-4.0093011643945187e-10
Subject06,Stairs,1125.0,0.053,24.2161,-0.003151344813345112,4.5508,68.03,0.0088,0.0342,0.007,0.0259,1.1916922842590308e-10,5.105234289906789e-10,2.5670331269483437e-11,-1.7197189870792722e-10
Subject06,Stairs,1140.0,0.0602,23.2518,0.002876351345981983,4.5508,68.03,0.0061,0.0364,0.0066,0.0271,9.010903636483256e-11,1.1369509916111203e-09,-2.4448155715201917e-11,1.367385081408494e-09
Subject06,Stairs,1155.0,0.0556,21.6804,0.001971637123440854,4.5508,68.03,0.006,0.0374,0.0064,0.0272,-1.748174390382034e-10,-1.7136768848918005e-09,2.500323356192085e-11,-1.5392452924810215e-09
Subject06,Stairs,1170.0,0.0593,22.2518,-0.002923254405636322,4.5508,68.03,0.0059,0.0399,0.0053,0.028,-5.290758912533984e-11,1.6490863780149496e-10,-2.285232640215101e-11,1.1179117017804323e-09
Subject06,Stairs,1185.0,0.0551,22.2518,0.002057938035339287,4.5508,68.03,0.0066,0.0391,0.0061,0.0284,-3.3404478040508426e-11,5.101244250654901e-10,2.0053348504605553e-11,-6.979417012297893e-10
Subject06,Stairs,1200.0,0.0564,23.109,-0.0024351938590525136,4.5508,68.03,0.0053,0.0402,0.005,0.0299,2.4196276553499512e-11,-7.537647582466907e-10,3.1995446867833025e-11,-5.066429532210733e-10
Subject06,Stairs,1215.0,0.0561,21.2518,0.0015999138471594126,4.5508,68.03,0.0057,0.0332,0.0059,0.0283,8.183657137496042e-11,5.346533120262622e-11,-1.3661366822692522e-11,1.1440022910650365e-10
Subject06,Stairs,1230.0,0.0662,21.109,-0.0018155407838577897,4.5508,68.03,0.0066,0.0381,0.0083,0.0275,-1.2352417386362951e-11,1.6053635995867852e-10,9.847074115705535e-11,-1.9001504243994865e-10
Subject06,Stairs,1245.0,0.0584,21.9661,0.0030328637303580755,4.5508,68.03,0.0062,0.0363,0.0058,0.0244,-8.638436556583368e-11,4.014590906099414e-10,-1.0285321910899979e-10,5.572411272877561e-10
Subject06,Stairs,1260.0,0.0573,24.9661,-0.0020431917989767027,4.5508,68.03,0.006,0.0355,0.0051,0.0275,-1.2222675487466713e-12,-3.198954246869429e-10,-3.723805062999217e-11,8.471556022889091e-10
Subject06,Stairs,1275.0,0.0523,23.3947,-0.002183111481000821,4.5508,68.03,0.006,0.0413,0.0048,0.0254,1.1418251028203099e-10,1.5033752862898686e-10,1.9423193028191114e-11,-8.502451969629479e-10
Subject06,Stairs,1290.0,0.0642,20.6804,0.0021759220283877694,4.5508,68.03,0.0056,0.0336,0.0055,0.0241,1.9274975901690413e-11,-4.3157470818367043e-10,3.766255917869724e-11,-7.873000437048202e-11
Subject06,Stairs,1305.0,0.0621,21.2518,-0.0021713799297776747,4.5508,68.03,0.0051,0.0368,0.0055,0.0267,-1.1739945283579887e-10,1.233952752575194e-09,-2.2386743916387214e-11,-5.25090170156723e-10
Subject06,Stairs,1320.0,0.061,21.109,-0.0019024522822641032,4.5508,68.03,0.0056,0.0324,0.0062,0.0319,4.5932332652436755e-11,-2.0670692361251002e-10,-3.062983689139257e-11,6.860667812090143e-10
Subject06,Stairs,1335.0,0.0654,19.6804,0.001786807998598114,4.5508,68.03,0.0058,0.0327,0.0059,0.0292,8.79087838090294e-11,-2.370081585080331e-10,3.534651999932654e-11,-3.763523243469053e-10
Subject06,Stairs,1350.0,0.0658,20.5375,-0.002251225908278041,4.5508,68.03,0.0052,0.0324,0.0062,0.0271,-1.0298745930105044e-10,1.8371942392230933e-12,-8.043804547377423e-12,7.756597782802049e-10
Subject06,Stairs,1365.0,0.0629,19.6804,0.0019441493456324249,4.5508,68.03,0.006,0.0356,0.0059,0.028,-5.408386566305867e-11,1.0056779515187008e-10,-9.221387762236079e-12,-9.500525802536602e-11
Subject06,Stairs,1380.0,0.0631,20.8232,-0.0017295530727731458,4.5508,68.03,0.0059,0.036,0.0065,0.0273,5.770412926205207e-12,-3.3162513086910315e-10,-3.896288318896673e-12,-3.175406978944744e-10
Subject06,Stairs,1395.0,0.0599,19.6804,-0.0015181982642516198,4.5508,68.03,0.005,0.0354,0.0055,0.0314,1.4850741650611032e-10,3.608658380360729e-10,5.396080724936526e-11,-6.880665415269175e-11
Subject06,Stairs,1410.0,0.061,19.8232,0.001934255073879495,4.5508,68.03,0.005,0.0311,0.0055,0.0321,-1.401063583207858e-10,-8.009480320175475e-10,-1.2943694169250036e-10,3.7077980265814844e-10
Subject06,Stairs,1425.0,0.0507,18.8232,0.0023567019031954482,4.5508,68.03,0.0067,0.0386,0.0077,0.0267,3.003902393587646e-10,1.3327749411517824e-09,3.448263695601329e-10,7.143932296589452e-11
Subject06,Walking,360.0,0.1954,2.7549,-0.003305820752305354,1.25,68.03,0.0041,0.0071,0.0046,0.0073,5.146260263019817e-11,-4.487268739492009e-10,-1.0122322616410024e-11,5.517584919882496e-10
Subject06,Walking,375.0,0.2454,2.0549,0.0022505141595593183,1.25,68.03,0.0064,0.0076,0.0059,0.0103,-5.010742142165483e-11,6.419061912514822e-10,4.97292730979108e-11,-6.449788807691519e-10
Subject06,Walking,390.0,0.2366,2.4549,-0.0020934616478644466,1.25,68.03,0.0057,0.0099,0.0073,0.0114,3.606053419238663e-11,1.591318103894749e-10,-3.4347833162532963e-11,-5.681608778706003e-11
Subject06,Walking,405.0,0.231,-1.2451,0.0015565788361032473,1.25,68.03,0.0058,0.0097,0.0074,0.0118,2.606669588554894e-12,-9.938520279951513e-11,-2.3409929248668274e-11,-8.070186400100011e-11
Subject06,Walking,420.0,0.2398,-2.3451,0.001886368239499582,1.25,68.03,0.0063,0.01,0.0077,0.0112,-3.356062002575728e-11,-5.600106110063113e-10,4.4180903262764096e-12,2.5136250164430273e-09
Subject06,Walking,435.0,0.2294,-4.0784,-0.0019226027381121858,1.25,68.03,0.0054,0.0092,0.0065,0.0111,-1.0879633071357809e-10,-2.217341170906535e-10,3.372168886886181e-11,-1.1009561388425864e-09
Subject06,Walking,450.0,0.2399,-6.7451,0.0018562589853418111,1.25,68.03,0.0061,0.0088,0.0069,0.0108,1.2792652576562347e-09,-4.950778261524396e-11,-2.745570591016081e-11,-7.162267868686945e-10
Subject06,Walking,465.0,0.2489,-8.0784,0.0014575031717209907,1.25,68.03,0.0066,0.0085,0.0067,0.0092,-1.2631034668164962e-09,3.5924505837875534e-11,-3.514290801894528e-11,-1.3033069110281301e-10
Subject06,Walking,480.0,0.2494,-9.9451,-0.002015811435668666,1.25,68.03,0.0065,0.0086,0.0049,0.0101,4.5800161383051274e-10,2.1411350684911017e-10,-1.1236816459471054e-11,5.167865600145968e-10
Subject06,Walking,495.0,0.2356,-10.9451,-0.0024099191394890648,1.25,68.03,0.0051,0.0089,0.0066,0.0106,1.5528799391367428e-09,-3.1392315340908666e-11,5.95208441298561e-11,1.2814861120731865e-10
Subject06,Walking,510.0,0.2562,-10.9951,0.004094874161141092,1.25,68.03,0.0064,0.0073,0.0066,0.01,-6.639793807334661e-10,7.5057152971541e-12,-2.7779814371973854e-11,-5.8439786209057e-10
Subject06,Walking,525.0,0.244,-11.7451,-0.001661580849613809,1.25,68.03,0.0079,0.0076,0.0059,0.0092,6.974639516223246e-10,-1.8263836672145664e-10,3.9932821041447886e-11,4.748198210060831e-10
Subject06,Walking,540.0,0.2462,-13.1451,-0.0012921297888416857,1.25,68.03,0.0064,0.0082,0.0063,0.0102,-1.818049744392483e-09,-4.960511449405608e-12,-5.0293912334690166e-11,3.2866618400049867e-10
Subject06,Walking,555.0,0.2494,-12.7451,0.0016576990429217932,1.25,68.03,0.0059,0.0084,0.0063,0.0101,-8.382791917841883e-11,-1.4482465900321857e-11,6.401914373289397e-11,-6.025937618359557e-10
Subject06,Walking,570.0,0.2478,-10.3451,-0.0015063891811475957,1.25,68.03,0.0058,0.0089,0.0065,0.0102,-3.712684175829373e-11,5.073162029077887e-11,-6.593986104282255e-12,-1.0353913219914483e-10
Subject06,Walking,585.0,0.2487,-11.5451,0.0023354837854396033,1.25,68.03,0.0066,0.0082,0.0059,0.0098,-8.558347585611125e-12,1.8983738000842057e-10,6.818028722379738e-11,-7.919466146429103e-10
Subject06,Walking,600.0,0.2556,-11.5451,0.0016416277235103245,1.25,68.03,0.0069,0.0073,0.0066,0.0092,-5.528377966545206e-12,2.1466197127892036e-11,-2.4355439155279153e-10,2.148566180097797e-10
Subject06,Walking,615.0,0.254,-10.5451,-0.0025885736822998167,1.25,68.03,0.0065,0.0073,0.0059,0.0087,4.2315517037647206e-11,-2.122128997432782e-10,3.1574133967141446e-10,4.078685448020983e-10
Subject06,Walking,630.0,0.2495,-11.1451,-0.002127656464202254,1.25,68.03,0.0072,0.007,0.0062,0.009,-5.983627790925623e-11,3.824441928186055e-11,-1.261304365422577e-10,-5.513143088852588e-10
Subject06,Walking,645.0,0.2482,-11.3451,0.0026631782918601745,1.25,68.03,0.0072,0.0078,0.0071,0.0092,2.232638174369048e-11,2.699183039583144e-10,2.1184810701029167e-11,-9.041645692595265e-12
Subject06,Walking,660.0,0.251,-10.3451,0.0020723505241807797,1.25,68.03,0.0061,0.0073,0.0065,0.01,-2.0098176795766342e-11,7.299462941321872e-10,1.2998971014789894e-09,5.385107888066303e-12
Subject06,Walking,675.0,0.2517,-7.7451,-0.002913364075162756,1.25,68.03,0.0057,0.0083,0.0058,0.0104,8.7078441833768e-12,5.391229328517719e-10,4.124090167676745e-10,2.043127304523183e-11
Subject06,Walking,690.0,0.2476,-11.7451,-0.0014994800140793777,1.25,68.03,0.0063,0.0079,0.0061,0.0101,2.0854027606547968e-11,-6.873809390965061e-10,-1.7111421941514555e-09,-8.382159263498102e-11
Subject06,Walking,705.0,0.2493,-10.4951,0.0023817046985091664,1.25,68.03,0.0064,0.0083,0.0069,0.0098,3.8268622910636825e-09,-7.611206287459634e-10,-5.3360524376197674e-11,1.3931421247629973e-09
Subject06,Walking,720.0,0.3194,-7.7451,0.002610613873621594,1.8004,68.03,0.0058,0.0091,0.0067,0.0102,-8.875140171663593e-10,-1.2152592247930487e-10,6.2404601044826e-11,7.318061907522044e-10
Subject06,Walking,735.0,0.4262,-5.9118,-0.0019475921977016256,1.8004,68.03,0.0061,0.0099,0.0068,0.0114,-2.651085763881733e-09,-6.281569873330754e-11,1.917436704802779e-11,-1.4057810118537703e-09
Subject06,Walking,750.0,0.4042,-6.0784,0.004455133528437096,1.8004,68.03,0.0061,0.0094,0.0063,0.0116,1.6818683455451974e-11,2.3578910459539215e-11,1.608260028378882e-09,2.1002003584172704e-10
Subject06,Walking,765.0,0.4074,-1.1451,-0.0029541085180858776,1.8004,68.03,0.0065,0.0098,0.0067,0.011,1.1220300935652898e-10,-1.3016603127393743e-11,-1.4186784010700847e-09,-2.9181118737755653e-12
Subject06,Walking,780.0,0.4223,-3.5451,0.00230877413175945,1.8004,68.03,0.0067,0.0095,0.0078,0.0118,2.457897305865223e-09,-5.513426004319706e-11,-2.744618252429764e-10,1.8683949465832378e-09
Subject06,Walking,795.0,0.4336,-2.2451,-0.0019226305285935002,1.8004,68.03,0.0064,0.0096,0.0064,0.0118,-2.7125420035180935e-09,5.247495327887402e-10,-1.6204060964466933e-11,-2.513942527442279e-09
Subject06,Walking,810.0,0.431,-6.5451,-0.0019379720138150913,1.8004,68.03,0.0063,0.0098,0.007,0.0116,-1.6098730802460545e-10,3.59214686617654e-10,9.018784689083672e-11,-1.6839697120038432e-10
Subject06,Walking,825.0,0.4389,-11.0784,0.0016549632806289324,1.8004,68.03,0.0065,0.0101,0.007,0.0119,1.1626689886655932e-10,1.4806456929286484e-10,1.2353681575403988e-09,-7.669864315307686e-11
Subject06,Walking,840.0,0.4511,-9.5451,0.0026522768705186,1.8004,68.03,0.0062,0.0091,0.0075,0.0097,-1.0802426105439518e-10,-1.1114781505950562e-09,-1.349121725689918e-09,1.5476284267460859e-10
Subject06,Walking,855.0,0.4569,-8.0784,0.001500811154627233,1.8004,68.03,0.0063,0.0085,0.0074,0.0102,2.4023082222246112e-11,1.509728513695644e-10,-7.29218184874187e-12,6.137371964676443e-10
Subject06,Walking,870.0,0.4432,-6.7451,-0.002075366439491591,1.8004,68.03,0.0063,0.0088,0.007,0.0107,1.714058962526796e-10,4.206146831148845e-11,9.129731447811391e-11,-7.311118515169161e-10
Subject06,Walking,885.0,0.4468,-9.9451,-0.0019070549675519024,1.8004,68.03,0.0064,0.0093,0.0073,0.0106,-2.0496024225488803e-10,5.787744986263455e-10,-2.699102716783927e-10,3.25387089619048e-11
Subject06,Walking,900.0,0.4474,-9.2451,-0.0016601463965360763,1.8004,68.03,0.0062,0.0096,0.0071,0.0101,3.1867462802041727e-12,-6.124206611527887e-10,2.734497003207205e-10,7.490408371930322e-10
Subject06,Walking,915.0,0.437,-9.4118,0.0015866155478316492,1.8004,68.03,0.006,0.0102,0.0072,0.0116,9.677862012461369e-10,-1.4657446355140955e-11,2.7587763706840748e-11,2.2678390281093042e-10
Subject06,Walking,930.0,0.4365,-9.1451,-0.0013593879886462405,1.8004,68.03,0.0068,0.0098,0.0064,0.0122,-8.126725661379213e-10,3.036938707027424e-10,-5.051587645144453e-11,1.9510761548441457e-09
Subject06,Walking,945.0,0.419,-9.5451,0.0015132565486598594,1.8004,68.03,0.0063,0.0097,0.0067,0.0114,-1.2405259300416436e-10,3.585969903373523e-10,1.1537910040108809e-11,-2.977482192375136e-09
Subject06,Walking,960.0,0.4404,-8.7451,0.002065326479989576,1.8004,68.03,0.0065,0.0095,0.0075,0.0108,-3.810696886681414e-11,1.422425971078071e-09,2.119440278963558e-09,1.6250507560863802e-10
Subject06,Walking,975.0,0.439,-8.7451,-0.002342328610684952,1.8004,68.03,0.0062,0.0084,0.0071,0.0107,5.063790530712507e-11,-2.1425184017657114e-09,-2.178000593753985e-09,4.6548203018927343e-10
Subject06,Walking,990.0,0.4577,-7.7451,-0.0019363932780483294,1.8004,68.03,0.0071,0.0083,0.0071,0.0118,-1.5869820196962437e-10,3.0553604542254575e-10,4.0554587839914854e-11,-4.17707086977194e-10
Subject06,Walking,1005.0,0.452,-9.2451,-0.0013486192142341525,1.8004,68.03,0.0062,0.0088,0.0072,0.0107,1.1443992424506082e-10,1.1901873837406653e-09,2.833206813423343e-09,-2.46058823494453e-10
Subject06,Walking,1020.0,0.4696,-10.7451,0.0017130885077559857,1.8004,68.03,0.0058,0.0089,0.0066,0.0106,3.4040507593689195e-11,-1.3674875880192904e-09,-2.8618754747853767e-09,4.434530834653821e-10
Subject06,Walking,1035.0,0.4384,-10.3451,0.0017844016775351084,1.8004,68.03,0.0062,0.0086,0.0065,0.0103,2.531350281129577e-10,3.478823511050819e-11,4.673094711160397e-11,1.2521251019949311e-09
Subject06,Walking,1050.0,0.4477,-7.0784,0.0016115970486121796,1.8004,68.03,0.0059,0.0089,0.0064,0.0092,-2.6385440479373616e-10,7.239388334851172e-10,1.6760081103162867e-09,-1.6596194388100394e-09
Subject06,Walking,1065.0,0.4593,-6.1451,-0.002450901531696429,1.8004,68.03,0.006,0.0092,0.0068,0.0096,1.907357324930506e-11,-7.512830140198427e-10,-1.747112413558809e-09,8.967308687440863e-10
Subject06,Walking,1080.0,0.5639,-7.5451,0.0018206964445188917,2.3623,68.03,0.0066,0.0115,0.0079,0.0135,2.0244433889387915e-09,-1.4432056822862912e-10,1.5255817738883653e-10,9.519725134818656e-10
Subject06,Walking,1095.0,0.6049,-6.0784,-0.0018279257927724271,2.3623,68.03,0.007,0.0129,0.0075,0.0121,-2.050681912918979e-09,1.2076862147529935e-09,4.1052138721814164e-10,-1.8054888685203636e-09
Subject06,Walking,1110.0,0.5871,-6.1737,-0.0016813647746363079,2.3623,68.03,0.0077,0.0119,0.0077,0.0126,2.0700161748184007e-11,1.6107562934669203e-09,1.1885322502161468e-09,1.5820410692725966e-10
Subject06,Walking,1125.0,0.599,-6.2451,0.0017103010440281913,2.3623,68.03,0.0065,0.0126,0.0075,0.0133,-1.160340720936543e-11,-2.739862993756284e-09,-1.7084118802926718e-09,7.361423309592349e-10
Subject06,Walking,1140.0,0.5886,-5.4118,-0.001552340455125612,2.3623,68.03,0.0071,0.0119,0.0074,0.013,-1.3499855243233312e-10,-3.2620623700441896e-11,-1.2029733035699776e-12,2.099200681246386e-10
Subject06,Walking,1155.0,0.5776,-5.5784,0.0012785235000773484,2.3623,68.03,0.0072,0.0128,0.0066,0.014,1.3070923934913054e-10,2.4814927542672975e-10,-1.2772232070852072e-11,2.4988351486625897e-10
Subject06,Walking,1170.0,0.566,-5.3451,0.0015694629591102977,2.3623,68.03,0.0068,0.0133,0.0077,0.0141,-3.207783368340424e-11,1.7341867481997315e-09,5.258952606701285e-10,-1.1739595663980616e-09
Subject06,Walking,1185.0,0.5802,-5.0784,0.0016023322526794606,2.3623,68.03,0.0064,0.0121,0.0066,0.0135,1.9419649535396555e-11,-1.3246594231205808e-09,-5.952799509131735e-10,-1.8824616914168244e-10
Subject06,Walking,1200.0,0.5641,-3.7451,-0.001751308204705116,2.3623,68.03,0.007,0.0112,0.0075,0.0135,3.5084167090867873e-10,-4.743373215092644e-10,7.223096476578726e-11,2.1621092745972806e-10
Subject06,Walking,1215.0,0.5705,-5.0784,-0.0017474475053690971,2.3623,68.03,0.0064,0.0125,0.0075,0.0133,-5.211382568539282e-10,-1.4849133667403204e-10,-2.043956626159677e-11,3.3905736153649666e-10
Subject06,Walking,1230.0,0.559,-5.1451,0.0014986705220364053,2.3623,68.03,0.007,0.0119,0.0071,0.0143,1.487894457303122e-10,2.9506054339800855e-09,2.265923019239231e-09,-4.2608487317057473e-10
Subject06,Walking,1245.0,0.5912,-3.7451,0.0015738854476129527,2.3623,68.03,0.007,0.0111,0.0073,0.0124,3.123696071405845e-11,-2.7906278794619566e-09,-2.3275868683050785e-09,-6.648276735963148e-12
Subject06,Walking,1260.0,0.6117,-2.9451,0.0023617344073677935,2.3623,68.03,0.0068,0.0102,0.0071,0.0112,-3.135225160935762e-11,-1.736802901221379e-10,8.82593866286154e-11,3.594609640744023e-10
Subject06,Walking,1275.0,0.6118,-0.4118,-0.0020157901074336483,2.3623,68.03,0.0071,0.0107,0.0072,0.0117,6.61874561669495e-11,1.227945741723425e-09,9.030296755595337e-12,-5.028505415414804e-10
Subject06,Walking,1290.0,0.6154,-2.5451,0.002064455744499777,2.3623,68.03,0.0066,0.0107,0.0074,0.0116,-3.174816804732019e-11,1.8587337438987468e-09,2.7768141704209996e-09,6.418252187982266e-11
Subject06,Walking,1305.0,0.6255,-4.0784,-0.0027526763479025877,2.3623,68.03,0.007,0.0108,0.0077,0.0123,6.56474367373439e-10,-3.081939356129882e-09,-2.780174378837566e-09,8.180218544383414e-10
Subject06,Walking,1320.0,0.6065,-7.0784,0.0026827393043930142,2.3623,68.03,0.0069,0.0095,0.0076,0.0124,-6.707515911334617e-10,2.3788626664935002e-09,3.559101206656358e-09,-7.873258667989072e-10
Subject06,Walking,1335.0,0.6345,-2.7451,0.0015135956598799586,2.3623,68.03,0.0075,0.0098,0.0074,0.0122,4.9633710132631603e-11,-1.9637013281626144e-09,-3.540801380936046e-09,-1.2107229050515263e-10
Subject06,Walking,1350.0,0.6283,-4.7451,-0.0021967124851281473,2.3623,68.03,0.0064,0.0104,0.008,0.0115,4.758554335044564e-10,-4.328216835634217e-10,-3.042826455490639e-11,1.0046708428438404e-09
Subject06,Walking,1365.0,0.6306,-5.0784,0.0014672780476060782,2.3623,68.03,0.0069,0.0099,0.008,0.0115,-5.090909239280125e-10,6.591815899591224e-10,5.819332033254391e-10,-7.868611286796716e-10
Subject06,Walking,1380.0,0.6467,-4.2451,-0.0019099582888013236,2.3623,68.03,0.0071,0.0096,0.0074,0.0117,-4.648496784975524e-11,6.585728216091936e-11,-5.796899506648168e-10,-1.1748669444520886e-10
Subject06,Walking,1395.0,0.6185,-5.0784,0.0012727718055965548,2.3623,68.03,0.0068,0.0104,0.0075,0.0122,2.99025961551923e-09,-6.955376802329739e-10,2.328167039071897e-11,2.9127424089276002e-09
Subject06,Walking,1410.0,0.6288,-4.5451,-0.0014590427624332411,2.3623,68.03,0.0069,0.0104,0.0085,0.0117,-2.9552565410407263e-09,4.058655687078264e-11,2.0895737257044687e-11,-2.811290735301606e-09
Subject06,Walking,1425.0,0.6226,-5.0784,0.0017815059314633171,2.3623,68.03,0.0071,0.0105,0.0074,0.012,6.511695693536277e-11,1.0041016185140641e-10,-5.470556075303783e-11,-1.987116456697077e-10
Subject07,Backwards,360.0,0.4771,8.3397,0.003747965640273316,2.6064,95.24,0.0105,0.0098,0.01,0.011,-5.227115334731754e-10,1.882164573512792e-09,-8.175260235825307e-10,-1.7558937925069373e-09
Subject07,Backwards,375.0,0.4494,20.2731,0.0037597304145770166,2.6064,95.24,0.0086,0.0097,0.0083,0.0093,-6.763184330830372e-11,-1.7492180832030353e-09,8.425850471522437e-10,-1.8526595336898646e-10
Subject07,Backwards,390.0,0.3891,22.8397,-0.0019118922231850012,2.6064,95.24,0.006,0.0075,0.0068,0.0087,-6.276254696545884e-11,1.3516956997380245e-10,-8.511730285505495e-10,-7.088959005792038e-11
Subject07,Backwards,405.0,0.3922,19.4731,-0.0010906377729400746,2.6064,95.24,0.0043,0.0076,0.0047,0.0085,4.987663536913234e-11,6.826726534653552e-10,2.427133394866876e-10,-2.5698397825949165e-11
Subject07,Backwards,420.0,0.3701,15.8731,-0.0019683011593354966,2.6064,95.24,0.0038,0.0075,0.004,0.0078,-2.333864613465781e-11,-9.4130202825848e-10,-4.6371436929739483e-10,4.764328583348556e-10
Subject07,Backwards,435.0,0.3779,14.0064,0.0015194307757327458,2.6064,95.24,0.0044,0.0079,0.0036,0.0091,1.004299323466687e-09,-3.1771446866622e-10,5.099922108436641e-11,6.089691523016731e-10
Subject07,Backwards,450.0,0.3896,11.6731,-0.0009015156125371453,2.6064,95.24,0.0043,0.0073,0.0036,0.0086,-9.697052269000288e-10,-1.0219306780943055e-10,4.278770632581316e-12,-5.689775507272508e-10
Subject07,Backwards,465.0,0.3947,10.0064,0.0018441333083749193,2.6064,95.24,0.0046,0.0087,0.0046,0.0091,-2.6479272702868396e-11,5.782117576680285e-10,3.2485974088436623e-10,-4.915074853581863e-10
Subject07,Backwards,480.0,0.3599,10.1731,-0.005386781517182917,2.6064,95.24,0.0045,0.0075,0.0049,0.0078,-3.2885141105750694e-11,-3.563326409616293e-10,-3.4466092404299294e-10,5.580444157026003e-10
Subject07,Backwards,495.0,0.3906,9.2731,0.002407125962048149,2.6064,95.24,0.004,0.008,0.0048,0.0106,2.7479149069827905e-10,-7.923391438479089e-11,4.305664180251498e-11,3.3827589616127675e-10
Subject07,Backwards,510.0,0.372,12.1731,0.0016599342339686152,2.6064,95.24,0.0046,0.0071,0.0043,0.0093,4.3999141144216586e-11,-2.971369451493447e-11,-3.1966192069697475e-11,-9.028756424145592e-10
Subject07,Backwards,525.0,0.3794,13.8731,-0.0011888436419034284,2.6064,95.24,0.0036,0.0086,0.0038,0.009,-2.432352641052415e-10,2.2016432894569487e-10,3.80476274713758e-11,8.875525683753585e-11
Subject07,Backwards,540.0,0.3638,12.2731,-0.0014438165802383375,2.6064,95.24,0.0042,0.0081,0.0041,0.009,7.633058028091699e-10,-2.1474276586106055e-10,-3.542601285490688e-11,2.211698642884219e-10
Subject07,Backwards,555.0,0.4301,14.8731,0.004908764807414398,2.6064,95.24,0.0038,0.0082,0.0043,0.009,-2.006491751294725e-10,-9.717520882297002e-11,-4.752649239639906e-11,6.270579097788957e-10
Subject07,Backwards,570.0,0.3686,12.5064,-0.0019660189506690725,2.6064,95.24,0.0038,0.0078,0.0042,0.0098,-6.198242301239146e-10,1.6052205919131212e-09,7.878185528750444e-11,-8.406831849840932e-10
Subject07,Backwards,585.0,0.3646,10.4731,0.001268787233389864,2.6064,95.24,0.0044,0.0072,0.0045,0.0084,-6.462872023453098e-12,-4.4031312043539313e-10,1.9276316295544204e-10,-2.903585988553841e-11
Subject07,Backwards,600.0,0.4413,10.1731,0.002316660232909509,2.6064,95.24,0.0041,0.0085,0.0044,0.0099,3.077627098113582e-11,-8.288637157212663e-10,3.653568323246244e-10,-1.0743884321602295e-10
Subject07,Backwards,615.0,0.4218,10.4731,-0.0021742858056894585,2.6064,95.24,0.0037,0.0071,0.0041,0.0084,-3.9341614908782333e-11,-2.8465901744586604e-10,-6.417237045085359e-10,2.9131353684786827e-10
Subject07,Backwards,630.0,0.4177,8.3397,0.0025577474256050464,2.6064,95.24,0.0051,0.0081,0.0041,0.0085,9.115990237563836e-11,6.78725474918772e-10,2.668557371020556e-10,-2.397103948710544e-10
Subject07,Backwards,645.0,0.3866,9.3397,-0.0018937646172234768,2.6064,95.24,0.005,0.0072,0.0044,0.0094,-6.568164177321082e-11,2.8957414276663574e-10,-1.176650722396939e-10,3.384343091059482e-11
Subject07,Backwards,660.0,0.3594,9.0731,0.0023061594575359994,2.6064,95.24,0.005,0.0068,0.0045,0.0087,6.336089695779817e-10,-8.258817087077523e-10,-1.054722564992943e-10,1.1678641514906066e-09
Subject07,Backwards,675.0,0.4165,10.8397,0.0015997316796576002,2.6064,95.24,0.0047,0.0076,0.0042,0.0098,-6.674026110977585e-10,-9.687395484368181e-11,-1.6617509280152473e-11,-1.1706443426107192e-09
Subject07,Backwards,690.0,0.3861,12.4231,0.002728838726007463,2.6064,95.24,0.0047,0.0073,0.0045,0.0083,1.2607085365677465e-11,-1.6971434274833484e-11,1.849499930318251e-09,-3.706140033646168e-11
Subject07,Backwards,705.0,0.3955,11.2731,-0.002461921922130425,2.6064,95.24,0.0039,0.0076,0.004,0.0096,1.3658729396942364e-11,7.241084438755164e-10,-1.7835687242270046e-09,-1.5592837605093496e-10
Subject07,Backwards,720.0,0.2441,8.6731,-0.001925210958767558,1.7025,95.24,0.0028,0.0086,0.0043,0.0092,-3.192734578509711e-11,2.039641136912377e-11,-4.342130561969969e-11,2.2245013832725163e-10
Subject07,Backwards,735.0,0.2179,8.8731,0.002621604322111757,1.7025,95.24,0.0019,0.0064,0.0026,0.0079,8.564680938688302e-12,-7.033509297939412e-10,-2.2113181265310533e-11,4.2693664309936304e-10
Subject07,Backwards,750.0,0.2286,10.0064,-0.002791340785182162,1.7025,95.24,0.0034,0.008,0.0044,0.0082,7.964478228409027e-10,1.1666667475389818e-10,1.0027015090174314e-10,-5.819552224186095e-10
Subject07,Backwards,765.0,0.2543,5.0731,-0.0023072874687066936,1.7025,95.24,0.0054,0.0069,0.0057,0.0082,-2.3680519535868524e-10,-6.907637002239631e-11,-8.876315242209726e-11,9.099889875732028e-10
Subject07,Backwards,780.0,0.2695,5.4731,-0.001489095422430423,1.7025,95.24,0.0054,0.0069,0.0048,0.0077,-5.748708726768469e-10,7.819630807100559e-10,7.18467387048616e-11,-8.778372250004081e-10
Subject07,Backwards,795.0,0.2476,5.0731,0.001429810812960861,1.7025,95.24,0.0042,0.0074,0.0042,0.0086,1.3169948409935129e-09,-8.287848793532265e-10,-9.237797331953666e-11,6.144479131366731e-10
Subject07,Backwards,810.0,0.2378,7.3397,0.0021026455088346435,1.7025,95.24,0.0031,0.007,0.0038,0.0099,-1.309026632901571e-09,8.580883739131933e-10,-2.6045363669592054e-11,-5.885510920686217e-10
Subject07,Backwards,825.0,0.189,6.6731,-0.0027861994892901865,1.7025,95.24,0.002,0.008,0.0029,0.0092,3.482131370113952e-11,-9.086618064338094e-10,4.374107806675281e-11,1.0561762535668847e-09
Subject07,Backwards,840.0,0.1816,5.0731,-0.0012784025119916393,1.7025,95.24,0.0022,0.008,0.0026,0.0071,-4.146746273260233e-11,6.658398553321171e-11,6.113192721680767e-12,-3.0614495299852565e-10
Subject07,Backwards,855.0,0.1938,4.8731,0.0011307299922212997,1.7025,95.24,0.0021,0.0062,0.0026,0.0076,-4.281018253916516e-12,7.422391921233891e-10,-3.020726034737905e-11,-7.478449837214737e-10
Subject07,Backwards,870.0,0.1819,4.8731,-0.001741045717349023,1.7025,95.24,0.0022,0.0081,0.0037,0.0085,3.636448992895388e-11,-5.434002126414885e-10,3.456632791553013e-11,9.213676616299331e-10
Subject07,Backwards,885.0,0.203,5.6731,0.0015799321697153184,1.7025,95.24,0.0024,0.007,0.0026,0.0085,-2.309598574273044e-11,1.8744658820861203e-10,7.803274068979127e-10,-9.347566598370717e-10
Subject07,Backwards,900.0,0.2071,5.2731,-0.0022375442301481615,1.7025,95.24,0.0032,0.0055,0.004,0.0071,2.2288743328037732e-10,-4.340016687054367e-10,-8.195403716132091e-10,5.816112242789263e-10
Subject07,Backwards,915.0,0.2526,3.4731,0.005182380932330274,1.7025,95.24,0.0043,0.0076,0.0047,0.0091,-1.969450612109303e-10,3.2401643799243766e-10,-3.3364212938250163e-11,-5.979545062307614e-10
Subject07,Backwards,930.0,0.2564,6.8397,-0.0017102694014904268,1.7025,95.24,0.0038,0.0074,0.0052,0.0072,-5.2481273131341587e-11,-2.9105992662022083e-11,7.227979456426906e-12,-3.775614331548963e-11
Subject07,Backwards,945.0,0.2224,5.8731,0.002575476265726209,1.7025,95.24,0.0039,0.0058,0.0038,0.0073,5.2724644902350934e-11,-4.877511100754109e-11,-3.2358504361552548e-12,-9.885422374128601e-12
Subject07,Backwards,960.0,0.2607,7.8731,-0.002663914990025817,1.7025,95.24,0.004,0.006,0.005,0.0071,-2.3659825386312922e-11,1.1391011854834314e-09,4.4880698723688233e-11,4.488495358490321e-11
Subject07,Backwards,975.0,0.1802,6.6731,-0.0022003048291335883,1.7025,95.24,0.002,0.0075,0.003,0.0069,1.7456313933472505e-11,-1.0989354650232358e-09,-3.341977095027756e-11,5.631424423047902e-11
Subject07,Backwards,990.0,0.1873,6.0731,0.001645412392720154,1.7025,95.24,0.0023,0.0068,0.0041,0.0083,5.311673540893969e-11,-1.1050257169191847e-10,5.877047619806809e-10,-8.31693043106077e-11
Subject07,Backwards,1005.0,0.2069,6.6731,-0.0019436218360988724,1.7025,95.24,0.0027,0.0063,0.0034,0.0074,-6.097278021803655e-11,-8.338403475293365e-11,-5.628947458863083e-10,8.573396568014333e-10
Subject07,Backwards,1020.0,0.1757,5.5064,-0.0018100134126949432,1.7025,95.24,0.0025,0.0071,0.0025,0.0067,4.8650780454364494e-11,4.928412217091634e-10,-3.450837498834848e-11,-9.125120369714619e-10
Subject07,Backwards,1035.0,0.2024,3.2731,0.0013160825662253137,1.7025,95.24,0.0029,0.0065,0.0033,0.0067,-4.4888743448870236e-11,-5.613602564491427e-10,3.178368545809941e-12,9.167784378409395e-10
Subject07,Backwards,1050.0,0.204,3.3397,0.0010826047122318484,1.7025,95.24,0.0029,0.0059,0.0031,0.0068,1.5245341242861949e-10,2.4532492796359804e-10,4.523644087198247e-11,4.2056847601755877e-10
Subject07,Backwards,1065.0,0.2032,3.6731,0.0006448736296278166,1.7025,95.24,0.0023,0.0065,0.003,0.0075,-1.8661522520425623e-10,-2.5146123072092764e-10,-1.1467655172470557e-11,-7.328546602805008e-10
Subject07,Cycling,360.0,0.2256,8.4909,0.0017297414089666341,2.6641,95.24,0.0075,0.01,0.0026,0.0043,1.0295351574249227e-09,-6.189444652336785e-11,1.4541230101055877e-11,4.5917863780094425e-11
Subject07,Cycling,375.0,0.2325,15.3409,-0.0017943383373961923,2.6641,95.24,0.0077,0.0101,0.0031,0.0041,-1.3154699836230467e-09,-1.540968655574406e-10,2.329191724545717e-11,5.841308218415209e-10
Subject07,Cycling,390.0,0.2273,16.0909,-0.001310831676633468,2.6641,95.24,0.0047,0.0109,0.0023,0.0046,7.574413206240892e-11,-3.560457664827473e-11,5.053492088684029e-10,-4.2091531591042646e-10
Subject07,Cycling,405.0,0.2223,17.0909,0.0004327601355502483,2.6641,95.24,0.0041,0.0118,0.0018,0.0046,-5.413026267208149e-11,-1.239381356439081e-10,-5.328190071928809e-10,-1.1153876095321051e-10
Subject07,Cycling,420.0,0.2474,16.0909,0.001416439409379655,2.6641,95.24,0.0042,0.0134,0.0022,0.0054,2.8638319030958996e-10,6.560956794732591e-10,-1.6264286692705624e-11,-9.635122713312434e-11
Subject07,Cycling,435.0,0.2175,14.8409,-0.0010030627285518149,2.6641,95.24,0.0026,0.0121,0.0015,0.0046,-3.433312496828186e-10,1.1954293708684836e-09,4.8210787293540475e-11,4.9025093703344756e-11
Subject07,Cycling,450.0,0.227,12.0909,0.0022548612813251133,2.6641,95.24,0.0025,0.0128,0.0015,0.0053,3.457203115569748e-10,-1.1259880658756225e-09,-4.833166718595006e-11,1.0038514240611694e-10
Subject07,Cycling,465.0,0.2362,13.6909,-0.003993703478213829,2.6641,95.24,0.0021,0.0126,0.0016,0.006,-3.1315770825057976e-10,-1.864301482044706e-11,2.2671221581706965e-10,3.1745329968953424e-10
Subject07,Cycling,480.0,0.2301,10.8409,-0.002409786235866615,2.6641,95.24,0.0028,0.0118,0.0018,0.007,-3.9831899738835724e-11,-4.751519813749306e-10,-2.2342236253296611e-10,5.624251181105199e-10
Subject07,Cycling,495.0,0.233,11.3409,0.003114230238676858,2.6641,95.24,0.002,0.012,0.0013,0.0064,1.2671006802419626e-11,1.2553444136299925e-10,6.138771793384861e-12,-6.834896405461531e-11
Subject07,Cycling,510.0,0.2478,12.3409,-0.0011454417224731769,2.6641,95.24,0.0028,0.0128,0.0015,0.0068,2.7125553199839627e-11,7.647263155337243e-10,-1.607436031526217e-11,-4.5209067883365064e-10
Subject07,Cycling,525.0,0.2519,12.3409,-0.0028864551705032942,2.6641,95.24,0.0025,0.0141,0.0018,0.0073,-3.4381087335832746e-11,-3.8984992776381637e-10,1.6136340786145115e-10,-3.1315782012583867e-10
Subject07,Cycling,540.0,0.256,14.4909,0.001754638651173934,2.6641,95.24,0.0019,0.0128,0.0013,0.0074,-6.7452713664252705e-12,3.8266166069654305e-10,-1.5374597322423487e-10,2.181984169901724e-10
Subject07,Cycling,555.0,0.2023,13.0909,-0.00415736345306849,2.6641,95.24,0.0016,0.0096,0.0011,0.0052,4.932699691247702e-11,-1.1955061031468994e-09,-1.4285495940081629e-11,-3.231818025134967e-10
Subject07,Cycling,570.0,0.2098,11.2909,0.0031453212679404645,2.6641,95.24,0.0021,0.0109,0.0011,0.0065,6.2131975395038976e-12,1.070349671943566e-10,1.1162050782321294e-11,2.153194659023654e-10
Subject07,Cycling,585.0,0.2336,13.0909,0.0028768895880120307,2.6641,95.24,0.0012,0.0109,0.0012,0.0075,-4.933730569095394e-11,1.2728413539522193e-09,7.184007205366972e-12,3.273064382779463e-10
Subject07,Cycling,600.0,0.2254,15.0909,-0.0028430529744260385,2.6641,95.24,0.0013,0.0114,0.0012,0.0078,4.359147870463402e-13,-2.783356907461603e-10,-3.541523822095001e-13,-5.515558110467757e-10
Subject07,Cycling,615.0,0.2574,15.0909,0.00137564153320004,2.6641,95.24,0.0016,0.012,0.0013,0.0068,2.457762221860274e-11,-2.2096660572769018e-10,1.0063561447504097e-10,1.0567208700803575e-09
Subject07,Cycling,630.0,0.2359,10.5909,-0.003650957251175951,2.6641,95.24,0.0019,0.0118,0.0012,0.0077,-4.1475125060147836e-11,-6.829438103775758e-10,-1.1740366868578006e-10,-9.313398936832415e-11
Subject07,Cycling,645.0,0.235,10.0909,0.0025222863704846108,2.6641,95.24,0.0015,0.0122,0.0012,0.0077,8.150231951440177e-11,-1.9039262631590312e-10,-1.565737500887603e-12,-5.669110518654976e-10
Subject07,Cycling,660.0,0.2419,10.4909,-0.001293923563740835,2.6641,95.24,0.0014,0.0119,0.0012,0.0076,-2.871054675728487e-11,1.053850094349778e-09,4.953338497078673e-12,3.818633607659905e-11
Subject07,Cycling,675.0,0.2378,11.6909,0.0014105530634159944,2.6641,95.24,0.0014,0.0122,0.0012,0.0072,4.2101928074783574e-11,8.117466552642568e-10,-6.6842157765270065e-12,-4.683591696671029e-10
Subject07,Cycling,690.0,0.2332,14.0909,0.001469027520765085,2.6641,95.24,0.0016,0.0123,0.0013,0.0028,-8.793760973675608e-11,-1.447433884754264e-09,6.2674388119219065e-12,-6.790241797450109e-11
Subject07,Cycling,705.0,0.2388,12.8409,-0.001589837052614265,2.6641,95.24,0.0013,0.0113,0.0013,0.0064,1.2029479927751055e-11,1.1002995054373355e-09,1.647163166813061e-11,1.0550014072809167e-10
Subject07,Cycling,720.0,0.2392,11.0909,0.0026420431416943574,4.1018,95.24,0.0042,0.0119,0.0017,0.0069,-4.7640736386999285e-12,-8.607479971774613e-10,1.3419964942036524e-10,4.2594445946710657e-10
Subject07,Cycling,735.0,0.2512,15.7576,0.0015577736053459584,4.1018,95.24,0.0033,0.0109,0.0017,0.0066,1.7857648593734228e-10,-3.938648370275458e-10,-1.0915479541018475e-10,-4.2253071299246736e-10
Subject07,Cycling,750.0,0.2452,17.0909,-0.0015066666594839135,4.1018,95.24,0.004,0.0126,0.0017,0.0069,-1.490934482855923e-10,3.971340971927277e-11,1.1557426903757532e-10,3.063132575301776e-10
Subject07,Cycling,765.0,0.25,20.2909,0.002212374068834446,4.1018,95.24,0.0019,0.0135,0.002,0.0066,2.9037097085778554e-11,5.400051328109397e-10,-1.3941899442906807e-10,2.111290457507407e-10
Subject07,Cycling,780.0,0.2531,22.0909,-0.0012838083187352142,4.1018,95.24,0.0025,0.0135,0.0025,0.0062,-5.915598589480605e-11,-5.610927193355743e-10,3.678787978832893e-11,2.705083167909225e-10
Subject07,Cycling,795.0,0.2591,20.6909,0.001575987014361016,4.1018,95.24,0.003,0.0127,0.0027,0.0066,2.4916940598007772e-11,8.839604834883298e-10,1.9200162379275325e-10,-6.810351945514419e-10
Subject07,Cycling,810.0,0.2465,19.8909,-0.0015633511401391886,4.1018,95.24,0.0032,0.0135,0.0023,0.0067,2.2169741735314971e-10,-5.888071507742346e-10,-5.7630828487168874e-11,-1.8098103621759543e-10
Subject07,Cycling,825.0,0.2536,18.8409,0.0020326115920554885,4.1018,95.24,0.0026,0.013,0.0018,0.0071,-2.826560370865722e-10,3.2473149036999375e-10,3.912384735506167e-11,7.960690516521954e-11
Subject07,Cycling,840.0,0.242,19.6909,-0.00207249641766001,4.1018,95.24,0.0021,0.0127,0.0016,0.0074,2.809142022480599e-10,5.524095757066534e-11,-2.2504895453492916e-10,3.1230753804284205e-10
Subject07,Cycling,855.0,0.227,18.8909,0.0019432903797122144,4.1018,95.24,0.0022,0.0122,0.0015,0.006,-2.159025876479359e-10,-7.355399845066092e-10,1.3013853295938481e-10,-1.0068609693275334e-10
Subject07,Cycling,870.0,0.2378,19.0909,0.002106767530774438,4.1018,95.24,0.0017,0.0121,0.0016,0.0065,-4.681179901825644e-11,1.2705454495512952e-09,-1.0673142478876648e-10,-2.5670971208872135e-10
Subject07,Cycling,885.0,0.2406,18.0909,-0.002942842725212464,4.1018,95.24,0.0018,0.0114,0.0016,0.0076,6.337287171845742e-11,-1.3005937086693641e-09,-2.3323751824991706e-11,6.115815203953513e-10
Subject07,Cycling,900.0,0.2307,18.6909,0.0022554846880847375,4.1018,95.24,0.0017,0.012,0.0015,0.0075,8.10126755007734e-10,1.9965136160827335e-10,8.897840148153331e-11,-4.978175668766357e-10
Subject07,Cycling,915.0,0.2613,22.0909,0.0026620697694102247,4.1018,95.24,0.0015,0.0125,0.0016,0.0066,-7.479457512089578e-10,-3.424976158038392e-10,-6.375842880614746e-12,1.332135937272105e-10
Subject07,Cycling,930.0,0.2534,19.4909,-0.003223931666678821,4.1018,95.24,0.0025,0.0125,0.0018,0.0074,-2.730936666718353e-11,1.3214454122654807e-09,1.9178760435273549e-10,-2.925070068200962e-10
Subject07,Cycling,945.0,0.2391,18.2909,0.0019418073619374438,4.1018,95.24,0.0018,0.0128,0.0016,0.0084,-3.488641810349069e-11,-1.2286039865942404e-09,-2.754065147281179e-10,9.994351800340152e-10
Subject07,Cycling,960.0,0.239,21.6909,0.0011917411829375335,4.1018,95.24,0.0016,0.0128,0.0016,0.0081,-6.983773361973289e-12,-1.234858097234596e-10,1.5806638110901448e-11,-2.4561120261751364e-10
Subject07,Cycling,975.0,0.2538,21.2909,-0.0021806636539691377,4.1018,95.24,0.0017,0.011,0.0018,0.0022,-3.8853941216112555e-11,3.185587961538074e-10,5.362267710872236e-11,-7.909861821992566e-10
Subject07,Cycling,990.0,0.2618,20.8909,0.0013934173447598026,4.1018,95.24,0.0017,0.0117,0.0017,0.0065,1.0281998063481666e-10,-3.005009795800617e-10,-7.172444084591504e-11,3.320668240644165e-10
Subject07,Cycling,1005.0,0.2294,20.0909,-0.002206258509541811,4.1018,95.24,0.0017,0.0112,0.0015,0.0065,-7.768647040252601e-11,4.045372237557244e-10,2.2102697713204242e-11,-2.8165105682568175e-10
Subject07,Cycling,1020.0,0.2342,17.4909,0.0018477853421676753,4.1018,95.24,0.0017,0.0114,0.0018,0.0062,4.4125126566544265e-11,1.4565831002234667e-09,1.8621432843193616e-12,6.614585935777057e-10
Subject07,Cycling,1035.0,0.2499,19.5909,0.0015496367925966592,4.1018,95.24,0.0016,0.0129,0.0016,0.0067,-6.595260304735029e-11,-1.8476740012978918e-09,8.82456399465201e-11,3.0194323934993396e-10
Subject07,Cycling,1050.0,0.2394,18.8909,-0.0019736825415420465,4.1018,95.24,0.0015,0.0112,0.0015,0.0069,3.749465521035626e-11,1.193854065007157e-09,-1.0056279998493743e-10,-2.114615210537735e-10
Subject07,Cycling,1065.0,0.277,18.8409,-0.0012011960830902706,4.1018,95.24,0.0041,0.0163,0.0025,0.0073,-4.226962448073129e-13,-8.094854630661869e-10,6.987978805120901e-11,7.1547228006778e-10
Subject07,Cycling,1080.0,0.5,18.2909,-0.0015975432838716307,5.1505,95.24,0.0087,0.0165,0.0096,0.009,9.623910655822073e-10,7.574091210563257e-11,4.811449212594646e-10,-1.3381421580535104e-09
Subject07,Cycling,1095.0,0.4542,21.0909,0.0015648796045939952,5.1505,95.24,0.0087,0.0139,0.0106,0.0078,3.033573788308931e-10,4.5275281911764537e-10,-3.388142699320518e-10,3.029761484214282e-12
Subject07,Cycling,1110.0,0.4877,25.5909,0.001557505273879649,5.1505,95.24,0.0063,0.0165,0.0065,0.0084,-9.608407185296042e-10,-1.0695095950844092e-10,7.011904240647793e-11,-3.4512654763198676e-11
Subject07,Cycling,1125.0,0.4889,25.6909,-0.0030952570201788617,5.1505,95.24,0.0053,0.0159,0.0038,0.0089,-1.8525192921087447e-10,-7.100720697059144e-10,4.520948309968074e-10,5.695591723783209e-10
Subject07,Cycling,1140.0,0.5313,20.7576,0.0027066657000622933,5.1505,95.24,0.0057,0.019,0.0065,0.0096,8.766973835921274e-10,9.630217830475316e-10,-6.157682304972695e-10,-4.730340472135883e-10
Subject07,Cycling,1155.0,0.5258,22.7576,0.0016247648244346953,5.1505,95.24,0.0052,0.0183,0.0048,0.0086,-1.0330976590491753e-09,1.3095316568451733e-09,-1.2880593415442204e-10,-5.8161292897364605e-11
Subject07,Cycling,1170.0,0.5215,24.8909,0.0011823602384971725,5.1505,95.24,0.0054,0.0186,0.0036,0.0096,1.644033112502981e-10,-2.358089337254264e-09,1.8123266734930382e-10,3.187001597291099e-10
Subject07,Cycling,1185.0,0.5536,25.4909,-0.004477779408927466,5.1505,95.24,0.0053,0.0191,0.0055,0.0098,-2.8808230181879634e-11,3.266726440605406e-10,2.592363002205003e-10,1.3364436804844663e-09
Subject07,Cycling,1200.0,0.5508,22.4242,0.0007846385177631202,5.1505,95.24,0.0043,0.0186,0.0051,0.0092,3.7921539147262406e-10,2.0042843116293353e-09,-4.2524464605649993e-10,-1.5767045447680588e-09
Subject07,Cycling,1215.0,0.5571,25.2909,0.002166501049656456,5.1505,95.24,0.0036,0.0192,0.0047,0.0098,-4.303040911555008e-10,2.4738182950266816e-10,-1.9937513979178754e-12,3.7203754000679885e-10
Subject07,Cycling,1230.0,0.4855,25.4909,-0.0015569947468458707,5.1505,95.24,0.0026,0.0205,0.0017,0.0103,1.5566782745515268e-10,-2.6279823800153534e-09,-2.0307750232787994e-12,-4.643188881930577e-10
Subject07,Cycling,1245.0,0.5193,25.0909,0.000776400850449207,5.1505,95.24,0.0026,0.0194,0.0021,0.0105,-5.1585913736819835e-11,1.600460617000937e-09,1.220394166989119e-11,2.600186000532086e-10
Subject07,Cycling,1260.0,0.5447,25.6909,0.0015021566727298462,5.1505,95.24,0.004,0.0188,0.0024,0.0115,-1.665213761884926e-10,-1.1326614527459486e-09,5.131307280020732e-10,8.767826848835829e-10
Subject07,Cycling,1275.0,0.5128,23.4909,-0.0015702703727905438,5.1505,95.24,0.0044,0.0189,0.0036,0.0121,3.405154660286718e-10,4.1595845987504433e-10,6.786386984452474e-10,-9.496789361337371e-10
Subject07,Cycling,1290.0,0.5859,22.2909,-0.001047869658328175,5.1505,95.24,0.0035,0.0196,0.0038,0.0114,-3.262858020635799e-10,-5.418568447284556e-10,-1.1864859263862634e-09,1.7162569049746808e-09
Subject07,Cycling,1305.0,0.4937,23.0909,0.003508126508362712,5.1505,95.24,0.0032,0.0203,0.002,0.0116,1.0872346708530041e-10,8.495809245740577e-10,9.527073627789263e-12,-1.5112923707911473e-09
Subject07,Cycling,1320.0,0.4957,21.2909,0.002138439388131517,5.1505,95.24,0.0038,0.0204,0.0019,0.0113,-7.886556195057677e-12,-4.28795266807421e-10,5.3080215192587254e-11,-4.850509630420186e-10
Subject07,Cycling,1335.0,0.5733,23.5909,0.0026915801627021324,5.1505,95.24,0.0043,0.019,0.0021,0.0112,1.3077226847924084e-10,-6.681870510215019e-10,-8.484251699965742e-11,5.836887987830912e-10
Subject07,Cycling,1350.0,0.5432,23.8909,-0.002025537477779758,5.1505,95.24,0.0044,0.0197,0.002,0.0117,-2.8980780192252566e-10,4.698399076071988e-10,4.150280549678999e-10,-4.01040718835083e-10
Subject07,Cycling,1365.0,0.5783,23.4909,0.0014428871265846585,5.1505,95.24,0.004,0.0197,0.0021,0.0119,1.5669175983633767e-10,3.0431465577635487e-10,-4.0918150737692677e-10,4.530867128866322e-10
Subject07,Cycling,1380.0,0.5886,23.8909,-0.0008931188867871473,5.1505,95.24,0.0054,0.0198,0.0025,0.0123,-1.297550224283424e-10,-1.3276366836344914e-10,1.5709856926970756e-10,-7.75035356106469e-11
Subject07,Cycling,1395.0,0.5863,23.2909,0.0014720818151482777,5.1505,95.24,0.0054,0.0189,0.0028,0.0124,1.1737739958309322e-09,2.4098556803017567e-09,-1.5775734949578876e-10,-1.9607125682044907e-10
Subject07,Cycling,1410.0,0.583,25.2909,0.0015724909604663653,5.1505,95.24,0.0053,0.0191,0.0021,0.0121,-1.1713461844705694e-09,-1.871647010392707e-09,7.197934246071625e-11,1.3509544559877792e-09
Subject07,Cycling,1425.0,0.5225,25.6909,-0.0021119510387100364,5.1505,95.24,0.0043,0.0176,0.0018,0.0095,-5.461440567094132e-11,-5.225505367471908e-10,2.678514271274177e-10,-4.3612712912152024e-10
Subject07,Cycling,1440.0,0.3014,21.0909,-0.002956845503609692,5.5892,95.24,0.0063,0.0178,0.0029,0.0071,4.901530116668193e-11,-7.889047645320548e-10,-1.699179143159488e-10,-2.8340052277384685e-10
Subject07,Cycling,1455.0,0.2855,20.8909,0.002702390790694173,5.5892,95.24,0.0049,0.014,0.0034,0.008,-1.8967539790425667e-11,3.8035982438206095e-11,-1.6910590596047703e-10,3.083050292397642e-11
Subject07,Cycling,1470.0,0.2445,23.4909,-0.0014974379556949545,5.5892,95.24,0.0019,0.0132,0.0022,0.0074,4.423722897009314e-11,8.685825969874917e-10,2.0318921117476186e-11,-9.561525213956885e-10
Subject07,Cycling,1485.0,0.3064,25.5909,0.0029736865506068033,5.5892,95.24,0.0027,0.015,0.0024,0.0081,-4.02357620423765e-12,-2.0466343650405519e-10,2.035833310840411e-10,1.4332587339960328e-10
Subject07,Cycling,1500.0,0.2741,24.8909,-0.002726062545090295,5.5892,95.24,0.0025,0.0145,0.0023,0.0083,-1.8308588255840254e-11,-2.621954005368116e-10,-2.3121958677503562e-10,-2.432794782783701e-10
Subject07,Cycling,1515.0,0.263,24.4909,0.0013416188881073187,5.5892,95.24,0.0021,0.0134,0.002,0.0084,1.9215198987219545e-10,-1.508913037604232e-10,1.948949797494711e-11,2.1038451889701447e-10
Subject07,Cycling,1530.0,0.2813,28.0909,0.002454325110862751,5.5892,95.24,0.0021,0.0128,0.0018,0.0079,-1.9004210242974507e-10,3.1642353038920304e-10,2.733328376205585e-11,-2.352231830102574e-10
Subject07,Cycling,1545.0,0.2831,27.4909,-0.0015221386795430923,5.5892,95.24,0.0023,0.0156,0.0019,0.0093,2.6070367137349914e-11,1.696930055608507e-09,-2.61284922514777e-11,2.8768581827527523e-10
Subject07,Cycling,1560.0,0.298,26.6909,0.0009193461553688886,5.5892,95.24,0.0035,0.0166,0.0026,0.0092,-4.741444023824362e-11,-1.3891397193555132e-09,1.9839987566010863e-10,-2.705602615769328e-10
Subject07,Cycling,1575.0,0.2662,24.2909,-0.001468695898569446,5.5892,95.24,0.0038,0.0163,0.003,0.0078,6.359223401226552e-10,-3.6626788034625127e-10,-1.7808933983195488e-10,3.256397070561066e-10
Subject07,Cycling,1590.0,0.2832,22.6909,0.001661610378086043,5.5892,95.24,0.0026,0.015,0.0027,0.0076,-6.025134060944195e-10,2.2385620016394327e-09,2.363818975953137e-12,1.0887093077582477e-10
Subject07,Cycling,1605.0,0.267,25.3409,-0.0021094029083216404,5.5892,95.24,0.0022,0.0136,0.0021,0.0081,1.3446498293980884e-11,-1.9942274052001487e-09,1.1975597472717124e-10,3.932140752284912e-10
Subject07,Cycling,1620.0,0.2399,24.4242,-0.0021927013031449736,5.5892,95.24,0.0024,0.0125,0.0025,0.0076,-3.068196858932753e-11,9.511269329092575e-10,-1.434534049452053e-10,-8.662695671337673e-10
Subject07,Cycling,1635.0,0.2458,26.9242,0.001668155115714086,5.5892,95.24,0.0019,0.0119,0.0022,0.0066,2.453257452046914e-10,-1.5462393473319618e-09,3.789246940099024e-11,2.5479529991538825e-10
Subject07,Cycling,1650.0,0.2522,26.7576,-0.0036316673096733333,5.5892,95.24,0.0018,0.0129,0.0022,0.0065,-1.8234407145837696e-10,4.4295196547380396e-10,1.6131765330111923e-10,-1.6981995949164953e-10
Subject07,Cycling,1665.0,0.2618,28.8909,0.00176474037994225,5.5892,95.24,0.0027,0.012,0.0024,0.0076,-5.815605957771529e-11,1.1427609716285413e-09,-1.7956380708828024e-10,-1.34234722728924e-11
Subject07,Cycling,1680.0,0.3056,28.7576,-0.0016583205568157188,5.5892,95.24,0.0029,0.0149,0.003,0.008,4.050932023663945e-11,-3.4909979610495255e-10,-3.0390900011706836e-11,2.1890973918266532e-10
Subject07,Cycling,1695.0,0.292,29.6909,0.0013214687330364572,5.5892,95.24,0.0029,0.0159,0.0023,0.0105,-2.55083279149874e-11,-1.0691283509465584e-09,4.94044221137535e-11,-5.073338404271761e-11
Subject07,Cycling,1710.0,0.2411,27.5909,-0.001580488570891827,5.5892,95.24,0.0019,0.0129,0.0023,0.0076,8.831060549226606e-11,-2.453291138208411e-10,-5.993115403586839e-11,4.4561286335342457e-11
Subject07,Cycling,1725.0,0.241,26.9242,0.0026381998102450893,5.5892,95.24,0.002,0.0127,0.0023,0.0082,-6.769808723034368e-11,1.0191093088930905e-09,1.6652861244418273e-11,-1.3344000064214306e-10
Subject07,Cycling,1740.0,0.2452,26.4242,-0.0022805912372173935,5.5892,95.24,0.0023,0.0135,0.0023,0.0077,-2.6349367282855026e-11,-1.1190891036605133e-09,-5.968895304306759e-12,7.222517951302343e-10
Subject07,Cycling,1755.0,0.2218,24.8909,0.001461713957494239,5.5892,95.24,0.0017,0.0118,0.0021,0.0082,-9.788552407525293e-13,7.439992070715706e-10,1.615336607195537e-10,2.9595885526398525e-11
Subject07,Cycling,1770.0,0.232,26.0909,0.0012406754875140006,5.5892,95.24,0.0018,0.0123,0.0021,0.0094,1.7803946833427794e-10,1.827169524200888e-09,2.012270170347323e-10,-7.243725888789406e-10
Subject07,Cycling,1785.0,0.2191,25.4242,-0.0012084850107939964,5.5892,95.24,0.0018,0.0104,0.002,0.006,-1.9753047927262354e-10,-2.5109892643936755e-09,-3.6897240471510574e-10,-1.7034909654170017e-10
Subject07,Incline,360.0,0.5677,2.9,0.003138195527880103,6.2833,95.24,0.0074,0.0085,0.0065,0.0112,1.4877611503928127e-10,1.4340948041472027e-10,-3.0714753241362786e-10,-1.0712565263057914e-11
Subject07,Incline,375.0,0.7996,16.6,0.0026150433040835856,6.2833,95.24,0.0085,0.01,0.0078,0.0119,1.67385776421156e-09,-4.4028599637464465e-10,-1.8666384381123912e-10,7.481360993803721e-10
Subject07,Incline,390.0,0.8245,26.0,-0.0017987837316278438,6.2833,95.24,0.0078,0.0098,0.0072,0.0117,-2.3453436964190967e-09,1.6909338488710106e-09,2.538609633643009e-09,-7.569034391923679e-10
Subject07,Incline,405.0,0.7979,29.9,0.002555544578712575,6.2833,95.24,0.0077,0.0091,0.0075,0.0112,3.605298608984583e-10,-1.36152855468611e-09,-2.5645268078076406e-09,3.1568407877634075e-09
Subject07,Incline,420.0,0.791,32.9,-0.002236653704139132,6.2833,95.24,0.007,0.0095,0.007,0.0111,-3.173532922783503e-10,7.767519331967576e-10,3.0811738360797275e-10,-2.8899027231570227e-09
Subject07,Incline,435.0,0.8054,30.4,0.001963885497584752,6.2833,95.24,0.0076,0.0085,0.007,0.0102,3.758347140256545e-11,-4.331207272612568e-10,-2.9530326851600887e-10,-2.0704002555796907e-10
Subject07,Incline,450.0,0.7934,29.5667,-0.001660330711202471,6.2833,95.24,0.007,0.0094,0.0071,0.0105,-1.0605141084166768e-10,-5.982094927103816e-10,4.375893048334988e-13,2.976594656539484e-10
Subject07,Incline,465.0,0.7965,28.5667,0.0013608471107520333,6.2833,95.24,0.0072,0.0086,0.0071,0.0118,9.593466031353491e-11,-4.748967107404841e-11,-4.476791152671649e-12,-3.3610671806942146e-10
Subject07,Incline,480.0,0.7966,28.0667,-0.0010517849548553955,6.2833,95.24,0.0071,0.009,0.0069,0.0106,1.3976395548061274e-09,6.930584959229137e-12,2.71766590117071e-10,8.432054740328932e-10
Subject07,Incline,495.0,0.7977,26.7333,0.0006948201553755595,6.2833,95.24,0.0074,0.0089,0.007,0.0105,-1.2275257303286542e-09,8.283831842470631e-10,1.6090080816341749e-09,-8.938707803303177e-10
Subject07,Incline,510.0,0.7861,26.65,-0.0017968939890245655,6.2833,95.24,0.0068,0.0094,0.0065,0.0116,5.016016399145155e-10,1.2938147692011353e-09,-1.69680703868587e-10,2.054030392345682e-10
Subject07,Incline,525.0,0.791,24.0,0.001353999050323987,6.2833,95.24,0.0075,0.0089,0.006,0.0112,-7.591357315313049e-10,-2.150931919497522e-09,-1.6520541345284862e-09,-8.187075472243341e-11
Subject07,Incline,540.0,0.7849,24.4,-0.0016096999567070324,6.2833,95.24,0.0065,0.0086,0.006,0.0107,1.0589920947206682e-10,7.432356126050198e-11,-1.6972162906624183e-10,3.1317032149467855e-10
Subject07,Incline,555.0,0.8101,23.4,0.0023216246456712,6.2833,95.24,0.007,0.0081,0.0063,0.0121,-7.931078458197905e-11,5.226398916484979e-11,3.830764150890112e-11,4.399868739352359e-11
Subject07,Incline,570.0,0.8036,25.9,-0.0015673979341494751,6.2833,95.24,0.0065,0.0088,0.0064,0.0115,3.023435340640465e-10,2.064760350093745e-09,1.599076906145506e-09,-4.3592056423522563e-10
Subject07,Incline,585.0,0.8061,25.0,0.001172121301498488,6.2833,95.24,0.0071,0.0087,0.007,0.0104,-3.2091983246706285e-10,-1.1456088015016843e-09,-1.3762986382930436e-09,1.2328466301200156e-10
Subject07,Incline,600.0,0.7887,26.4,-0.0018123886655507513,6.2833,95.24,0.0063,0.0088,0.006,0.0109,2.6955415633648515e-11,-9.457066764655397e-10,-1.3464508619904798e-10,6.559126977746465e-10
Subject07,Incline,615.0,0.818,26.6,0.0015129119908677754,6.2833,95.24,0.0069,0.0084,0.0065,0.0119,8.287489192437185e-11,1.2040039036659422e-10,-5.86527103123518e-11,-8.874830405769196e-10
Subject07,Incline,630.0,0.7819,28.4,-0.00014748734452907854,6.2833,95.24,0.0061,0.0091,0.0063,0.0117,-1.3324609172685253e-10,4.6344074064200123e-10,3.6587630934681986e-10,8.251914888587402e-10
Subject07,Incline,645.0,0.8062,28.0,-0.0010339370891383022,6.2833,95.24,0.0068,0.0081,0.0057,0.0102,-1.1930784620055951e-10,-6.770746405669658e-10,-3.2434272071869387e-10,-2.4330878188252805e-11
Subject07,Incline,660.0,0.7965,27.4,-0.00089878582450907,6.2833,95.24,0.0066,0.0078,0.0061,0.011,3.871749678993321e-10,1.8618325009354048e-10,7.436019811965677e-12,1.6251354731836154e-09
Subject07,Incline,675.0,0.8069,27.5667,0.001969714944990595,6.2833,95.24,0.0068,0.009,0.0059,0.0103,1.1022165150082171e-10,1.556558881563354e-10,8.443275999167371e-10,-2.3394910877682004e-09
Subject07,Incline,690.0,0.8087,28.8,-0.0021288359849667045,6.2833,95.24,0.0065,0.0088,0.0065,0.0108,1.6661073423730336e-09,-3.3319400868832537e-10,-6.877870280429482e-10,1.4669047075280579e-09
Subject07,Incline,705.0,0.8005,28.2333,0.001488587592391884,6.2833,95.24,0.0066,0.0082,0.0056,0.0108,-2.0000895343486676e-09,5.648314704219763e-10,-3.3140012456089066e-10,-1.4465178112632225e-09
Subject07,Incline,720.0,0.4007,26.4,-0.000964242049268199,3.7189,95.24,0.0039,0.0062,0.0038,0.0069,1.181091475479684e-10,-1.3005644280809214e-10,4.3552918267255796e-10,3.4824973410800404e-11
Subject07,Incline,735.0,0.3398,20.65,-0.001715119382647898,3.7189,95.24,0.0031,0.0064,0.0026,0.0072,-1.119396144301886e-10,-7.342087294631211e-11,-2.856065798305212e-10,3.8379181710477936e-10
Subject07,Incline,750.0,0.3314,15.4,0.0015254806894166354,3.7189,95.24,0.0026,0.0055,0.0036,0.0059,-7.07970579167356e-11,-3.496677520988801e-10,6.308985852274864e-10,3.200300749147199e-10
Subject07,Incline,765.0,0.3708,15.0,0.0010466177219071295,3.7189,95.24,0.0028,0.005,0.0025,0.0056,7.87015613677637e-11,2.1332948553737257e-10,-3.7570254000385135e-10,-6.849648346212409e-10
Subject07,Incline,780.0,0.3419,13.8,0.001810652935726051,3.7189,95.24,0.0027,0.0056,0.0031,0.0063,-7.985629550821496e-12,8.812217632886011e-10,5.196699300825182e-12,2.2202827729695514e-10
Subject07,Incline,795.0,0.3646,12.7333,-0.002722447501722042,3.7189,95.24,0.0026,0.0053,0.0023,0.0066,1.2959533097240747e-10,-1.0251955184352713e-09,-2.5437907694155804e-10,5.494773127145247e-11
Subject07,Incline,810.0,0.4002,12.4,-0.0017577171904262661,3.7189,95.24,0.0029,0.0055,0.0028,0.0065,3.6097356714709897e-10,-2.577972648574776e-11,7.693953528562317e-11,1.0041566503148349e-10
Subject07,Incline,825.0,0.3419,13.4,0.0019126339866114745,3.7189,95.24,0.003,0.005,0.0031,0.0062,-5.310334530705717e-10,-4.4451709145969903e-11,-2.521854255796707e-11,-1.9862098594611153e-10
Subject07,Incline,840.0,0.3733,14.7333,-0.0011897475663245117,3.7189,95.24,0.0029,0.0064,0.0029,0.0063,8.071956712376958e-10,3.6292794905565484e-11,-1.1306421277157924e-11,2.319304388626869e-11
Subject07,Incline,855.0,0.3796,14.6,-0.0011641427036391692,3.7189,95.24,0.0036,0.0061,0.0029,0.0061,-8.00677660731391e-10,2.393809754464321e-10,5.669813465954978e-11,-1.2698969260000765e-10
Subject07,Incline,870.0,0.354,15.4,0.001669310925627248,3.7189,95.24,0.0031,0.0048,0.0028,0.0062,1.362315566583436e-10,3.470569917819111e-10,-1.0996093325788873e-10,3.4774003580415633e-10
Subject07,Incline,885.0,0.3617,13.8,-0.0018861818428868968,3.7189,95.24,0.0026,0.0052,0.0029,0.0054,-2.509484862746524e-12,-6.176181363837016e-10,-1.579037196038286e-11,6.591823510468766e-10
Subject07,Incline,900.0,0.3774,13.0,0.005374776459550643,3.7189,95.24,0.0032,0.0055,0.0028,0.006,-1.2454491896955114e-10,5.42168015671294e-10,2.391816028762448e-10,-1.1054151757946313e-09
Subject07,Incline,915.0,0.3583,16.6,-0.0031251884996479954,3.7189,95.24,0.0027,0.0059,0.0032,0.0068,7.990720269271829e-11,-5.195251743669613e-10,-2.2366793648473274e-10,1.9822808230745364e-10
Subject07,Incline,930.0,0.354,14.2,-0.0009243835428317728,3.7189,95.24,0.0031,0.0048,0.0029,0.0056,4.307925245979717e-10,-1.4921884632543584e-11,3.171005336569885e-11,2.641912423499305e-10
Subject07,Incline,945.0,0.3538,13.4,0.0026393028698107304,3.7189,95.24,0.0025,0.0051,0.0026,0.0065,-4.986097938537323e-10,2.3072263221292345e-10,-3.617622246280618e-11,-5.11409344787967e-10
Subject07,Incline,960.0,0.3689,13.7333,0.0024007618674930942,3.7189,95.24,0.0027,0.0054,0.003,0.0061,-3.7839691666901235e-11,-2.825014604563479e-10,9.73087241079045e-12,5.165917652396437e-10
Subject07,Incline,975.0,0.3736,13.6,-0.0009740719614061417,3.7189,95.24,0.003,0.0053,0.0028,0.0067,9.575082137296855e-11,8.964181961158626e-11,-5.06259629520666e-12,-4.866905299663792e-10
Subject07,Incline,990.0,0.3502,12.8,0.0007952873382787536,3.7189,95.24,0.0026,0.0051,0.0026,0.0066,6.229247115302532e-10,-5.239076285263381e-11,1.6062572940897143e-10,7.241200998314674e-10
Subject07,Incline,1005.0,0.351,14.0,-0.0012338975672657522,3.7189,95.24,0.0026,0.0048,0.0028,0.0076,2.3172781369361202e-12,7.863673775887857e-12,-1.7802911534921357e-10,6.271795398702964e-10
Subject07,Incline,1020.0,0.3438,14.4,0.0021850070669961605,3.7189,95.24,0.0029,0.005,0.0028,0.0059,-6.906606933638063e-10,1.7748414082974798e-10,7.492134555997238e-11,-1.3424414345128018e-09
Subject07,Incline,1035.0,0.3758,15.4,0.0016069945518135738,3.7189,95.24,0.0028,0.0055,0.0028,0.0065,9.731581602567058e-11,-1.1221876110186054e-10,3.8580596353530395e-11,6.080059397076003e-10
Subject07,Incline,1050.0,0.3527,15.6,-0.0025555482073748178,3.7189,95.24,0.0032,0.0061,0.0028,0.0062,-8.788498634680323e-11,5.040946645486738e-10,3.6436533447136824e-11,-6.400510871676011e-10
Subject07,Incline,1065.0,0.3394,13.6,0.0018918102096234857,3.7189,95.24,0.0028,0.0057,0.0028,0.0067,1.233581295772831e-11,-1.7396951344440332e-10,-8.162345885036462e-11,3.61611195488772e-11
Subject07,Incline,1080.0,0.2135,14.9,0.003458939356186502,0.2274,95.24,0.004,0.005,0.0021,0.0061,2.5162113735393485e-10,-4.6210691503736414e-10,-5.864422276596073e-11,5.2483143152032696e-11
Subject07,Incline,1095.0,0.0318,12.8,-0.001504233246672833,0.2274,95.24,0.004,0.0027,0.0029,0.0037,2.714231996892616e-11,1.3512941806214276e-10,1.7040921372196015e-10,-9.765866415722379e-11
Subject07,Incline,1110.0,0.0646,7.9,-0.0017726447015646734,0.2274,95.24,0.0045,0.0047,0.0039,0.0022,-1.7894251903627757e-10,1.2623938715454234e-11,-7.497178274581079e-12,1.836048753550247e-10
Subject07,Incline,1125.0,0.0245,3.6,0.0028198272021037903,0.2274,95.24,0.003,0.0023,0.0046,0.0027,-1.2733076463128407e-10,1.8549268385787862e-11,-1.3988568141043001e-10,3.686686673868745e-10
Subject07,Incline,1140.0,0.0468,5.4,0.001560572966748761,0.2274,95.24,0.0039,0.0036,0.0022,0.0032,1.0760358216741687e-10,1.6931550135415417e-10,-1.8019926203424388e-11,-5.387643102748741e-10
Subject07,Incline,1155.0,0.0055,5.8,-0.0011962925686275997,0.2274,95.24,0.0028,0.0031,0.0011,0.0024,4.8067015803009805e-11,-2.8760977687781185e-10,-7.699736916984317e-12,3.1660700820430884e-10
Subject07,Incline,1170.0,0.014,5.15,-0.0014743242770921799,0.2274,95.24,0.0035,0.0024,0.0028,0.0031,7.315994096635127e-11,-4.9327214622289784e-11,1.2159364967871355e-10,-3.169509997165047e-10
Subject07,Incline,1185.0,0.1872,4.8,0.0026099093904587713,0.2274,95.24,0.0027,0.0044,0.0028,0.0046,-2.2738799273833082e-10,6.186805673941865e-11,-1.3170458264147545e-10,1.8494475693405135e-11
Subject07,Incline,1200.0,0.0083,7.9,-0.002344291193006961,0.2274,95.24,0.0017,0.002,0.0041,0.0025,-2.9911181525997385e-11,-1.4067308466108552e-11,6.456849504306404e-11,1.2472884110570742e-11
Subject07,Incline,1215.0,0.0076,3.8,-0.0032110173119206677,0.2274,95.24,0.0026,0.0045,0.0024,0.0044,5.814671478308192e-11,-4.2228653080544e-11,-7.270546467590827e-11,-1.6099403850517374e-11
Subject07,Incline,1230.0,0.0108,1.6,0.003699437538547896,0.2274,95.24,0.0023,0.0028,0.0017,0.0028,-3.6339973095419e-11,1.1517812331736253e-11,6.087028461438047e-11,2.2233029939516384e-11
Subject07,Incline,1245.0,0.0135,7.8,-0.0018525398905134174,0.2274,95.24,0.004,0.0033,0.0039,0.004,1.6290900816264596e-11,4.1366280601464375e-11,-5.882941495201902e-11,3.2914273610247764e-10
Subject07,Incline,1260.0,0.0071,6.65,-0.000880307786734444,0.2274,95.24,0.0021,0.0041,0.0029,0.0047,2.188574493070595e-10,3.2354593780338964e-13,4.785066798174667e-10,-3.512746360770341e-10
Subject07,Incline,1275.0,0.0243,5.8,0.0014099221831168846,0.2274,95.24,0.0025,0.0025,0.0024,0.0023,-2.334962062197607e-10,-3.6867307720931415e-11,-4.667924160272307e-10,1.6015164063005132e-10
Subject07,Incline,1290.0,0.0105,5.8,-0.0023755100079140656,0.2274,95.24,0.0012,0.0043,0.0028,0.0042,-2.957289342885681e-12,3.619003968432665e-10,2.1398086842106686e-10,1.18015907982701e-10
Subject07,Incline,1305.0,0.0224,4.9,-0.0001429979281421432,0.2274,95.24,0.0014,0.0047,0.0027,0.0038,-9.236217692391225e-13,-2.761974237611327e-10,-1.5200355076087315e-10,-2.630791915878423e-10
Subject07,Incline,1320.0,0.0064,6.4,0.002840149067613271,0.2274,95.24,0.0019,0.0041,0.0022,0.0042,1.1291992536592698e-10,-8.305596005713292e-11,-4.592471013936988e-11,-6.20276063419072e-11
Subject07,Incline,1335.0,0.0102,7.9,-0.0015124948555004945,0.2274,95.24,0.0028,0.0026,0.0026,0.0028,-1.0530237692179087e-10,3.0385036409996485e-10,1.729554761229801e-11,5.561338524751038e-10
Subject07,Incline,1350.0,0.0214,3.8,-0.002044911597323893,0.2274,95.24,0.0027,0.004,0.0022,0.0041,2.99717247760729e-11,2.7991873094543294e-10,-3.4460618656469396e-11,-1.496067063313906e-10
Subject07,Incline,1365.0,0.0113,3.4,0.001894772090634252,0.2274,95.24,0.0019,0.0033,0.0021,0.0036,5.3008858392293165e-11,-5.557007016992791e-10,1.1038144371076508e-11,-4.159082711198671e-10
Subject07,Incline,1380.0,0.0124,6.6,-0.003480580620237057,0.2274,95.24,0.0017,0.0044,0.002,0.0044,1.8870995182837572e-10,7.248911370248757e-11,-1.0548939566188206e-11,1.8765106014492474e-10
Subject07,Incline,1395.0,0.006,4.4,-0.0030337815505072315,0.2274,95.24,0.0019,0.0052,0.0026,0.0062,-2.2088048892135175e-10,1.8211370652804663e-10,5.036280602451344e-11,3.245510664449732e-10
Subject07,Incline,1410.0,0.0328,2.4,0.003012926199542239,0.2274,95.24,0.0028,0.0035,0.0022,0.0045,1.7873928074050438e-10,-2.421747117817126e-10,-5.2205223260215894e-11,-3.8631808106010035e-10
Subject07,Incline,1425.0,0.0128,6.15,-0.0023734219868181416,0.2274,95.24,0.0018,0.0022,0.0022,0.002,-2.0931798647599816e-10,2.6311360717319456e-10,4.072353430111171e-10,-5.977112848307823e-11
Subject07,Incline,1440.0,0.2518,8.4,0.0024938038013978185,5.5512,95.24,0.0056,0.008,0.0056,0.0083,7.901925957312038e-11,7.47060614580677e-11,-3.7984515957777655e-10,8.905150454880982e-10
Subject07,Incline,1455.0,0.2787,20.2,0.0014020336295753365,5.5512,95.24,0.0049,0.0069,0.0043,0.008,-6.835519444848935e-13,1.0735365705114541e-10,-6.7214779457465094e-12,-8.952808741957418e-10
Subject07,Incline,1470.0,0.2623,25.8,-0.0011562928039514522,5.5512,95.24,0.0034,0.0073,0.0034,0.0083,9.158483750623816e-11,-1.4974991401825318e-10,1.744676894678251e-11,3.210662347149971e-10
Subject07,Incline,1485.0,0.2562,27.7333,-0.0007695137438121794,5.5512,95.24,0.003,0.0072,0.0033,0.0081,-2.07381623561692e-10,-2.4199872521965043e-11,2.5803186673987554e-10,1.836029171633101e-10
Subject07,Incline,1500.0,0.2616,28.6,0.0009727742691410613,5.5512,95.24,0.0036,0.0071,0.0033,0.0086,2.7447681508257387e-10,-2.647137026247295e-10,-2.7592598435630764e-10,5.297034517554526e-10
Subject07,Incline,1515.0,0.2617,29.0,-0.0010583670902728358,5.5512,95.24,0.0038,0.0081,0.0037,0.0089,-4.532340164511846e-11,2.3152525402268293e-10,8.3872439944018e-10,-4.069221266259855e-10
Subject07,Incline,1530.0,0.2665,27.0,0.0012383311829037133,5.5512,95.24,0.0033,0.0084,0.0037,0.0082,-1.481926270316488e-10,-4.03258030915598e-11,-7.822573484147057e-10,-5.733729616985897e-10
Subject07,Incline,1545.0,0.2777,27.4,-0.0007430987567372388,5.5512,95.24,0.0033,0.0077,0.0046,0.0092,-4.5009136193389167e-11,1.377172018836798e-09,7.382890467660034e-11,5.930827910926015e-11
Subject07,Incline,1560.0,0.2747,26.6,0.002136432036969594,5.5512,95.24,0.0033,0.008,0.0045,0.0098,9.918287228294639e-10,-1.5495339708308494e-09,1.3936015224085753e-10,1.655378625778182e-10
Subject07,Incline,1575.0,0.2864,25.5667,0.0016323943193931143,5.5512,95.24,0.0046,0.0075,0.0046,0.0095,-9.156065822682496e-10,-1.6617048723673986e-11,-2.919844160988819e-10,-2.469815374894215e-10
Subject07,Incline,1590.0,0.2945,23.8,-0.0015108495639105316,5.5512,95.24,0.0035,0.008,0.0039,0.0098,3.081809251192201e-10,2.4241570750348908e-11,5.754922114060876e-10,1.3090060779943322e-11
Subject07,Incline,1605.0,0.2867,23.2,0.0011568489048522255,5.5512,95.24,0.0035,0.009,0.0045,0.0098,-3.933456017154634e-10,-6.625464029778442e-11,-5.394438632885607e-10,1.1267963314368244e-09
Subject07,Incline,1620.0,0.306,22.5667,-0.0017693405598838733,5.5512,95.24,0.0054,0.0085,0.0044,0.0083,2.5320338411020176e-10,8.008910498520343e-11,-2.4870361213462084e-12,-1.0022509272416067e-09
Subject07,Incline,1635.0,0.2955,23.6,0.001275976422049961,5.5512,95.24,0.004,0.0087,0.0036,0.0071,2.0448529121596681e-10,1.1037577727257605e-10,-1.3743752540913586e-11,3.7778051974810215e-10
Subject07,Incline,1650.0,0.2937,24.9,-0.0018994190717912581,5.5512,95.24,0.003,0.0079,0.0035,0.0073,-4.671593944293694e-10,1.66034335407433e-10,2.8013560357526395e-10,2.146494121000789e-10
Subject07,Incline,1665.0,0.2871,24.2,-0.0027925422260489637,5.5512,95.24,0.0046,0.0073,0.0038,0.0074,3.720504048585918e-11,-2.9472332706040745e-10,-2.797577246891151e-10,-1.895711517719087e-10
Subject07,Incline,1680.0,0.2757,22.7333,0.002455949409326815,5.5512,95.24,0.0052,0.0072,0.0041,0.0075,-2.942639538332961e-11,1.3079369038723632e-10,4.057686141759541e-10,-1.962829033106992e-10
Subject07,Incline,1695.0,0.2911,23.2333,-0.0033041618233794583,5.5512,95.24,0.0044,0.0072,0.0034,0.0076,3.583941553007836e-11,1.8972502402135178e-10,-3.9668059466633947e-10,-3.4568578332057713e-10
Subject07,Incline,1710.0,0.2987,22.5667,0.0008636642835708999,5.5512,95.24,0.0043,0.0076,0.004,0.0085,7.343796636351715e-12,2.196777215706219e-11,-4.418281278065434e-12,3.4531434533672826e-13
Subject07,Incline,1725.0,0.2921,23.2,0.001736357781760993,5.5512,95.24,0.0044,0.0074,0.0038,0.0072,8.29229545081157e-12,3.0212393949493263e-10,3.9401474416939415e-10,-1.0385762926875488e-11
Subject07,Incline,1740.0,0.2877,23.4,-0.0011086869844414422,5.5512,95.24,0.0043,0.0078,0.0036,0.0071,-9.031916711623941e-12,-4.5733234293067335e-10,8.232329240009787e-11,-3.278221254630683e-11
Subject07,Incline,1755.0,0.2894,22.4,0.0016681125774075265,5.5512,95.24,0.0036,0.0079,0.0034,0.0077,1.498615923900671e-11,4.5174092078979024e-10,-4.808547299173394e-10,2.3110362972893496e-11
Subject07,Incline,1770.0,0.2982,24.4,-0.0008566240769985041,5.5512,95.24,0.0043,0.0081,0.0038,0.0085,-5.582944183805707e-11,-4.1032769080972107e-10,2.089600329167221e-10,2.008911058147379e-11
Subject07,Incline,1785.0,0.3025,25.4,-0.00253923552608731,5.5512,95.24,0.0043,0.0079,0.0042,0.0078,8.262855165965644e-10,-7.646110534555777e-12,6.003495153623218e-10,2.2883402408942623e-09
Subject07,Incline,1800.0,0.6847,26.5667,0.004294382498676119,12.0594,95.24,0.0129,0.0144,0.0104,0.0143,-7.773888300126442e-10,-2.1043338125313595e-10,-5.268866034336944e-10,-2.2434991277837172e-09
Subject07,Incline,1815.0,0.705,36.9,0.0017558396739412534,12.0594,95.24,0.0121,0.0124,0.0107,0.0142,1.5502004357042989e-09,2.26343961872345e-09,2.344594491441333e-09,-7.180101236123548e-11
Subject07,Incline,1830.0,0.6861,42.5667,-0.002748242210564034,12.0594,95.24,0.0124,0.0135,0.0112,0.0161,-1.1341324067928145e-09,-1.4777685933518807e-09,-2.5343756104837615e-09,-2.4522683710860493e-10
Subject07,Incline,1845.0,0.6877,45.7333,-0.001318068912257205,12.0594,95.24,0.0118,0.0137,0.01,0.0135,-5.612235027289161e-10,-6.586093890895666e-10,6.389024203336456e-10,1.2130252325022093e-09
Subject07,Incline,1860.0,0.6811,48.0667,0.001229056997824859,12.0594,95.24,0.0121,0.0126,0.0101,0.0135,1.2528315150535365e-09,7.763234904982961e-10,-3.499664940553766e-10,-9.670073403691003e-10
Subject07,Incline,1875.0,0.7158,51.4,-0.0008549918508398698,12.0594,95.24,0.012,0.0131,0.0109,0.0142,-2.911909354373473e-10,-6.134390941362094e-10,-2.8999535814608488e-11,3.5748245289742815e-09
Subject07,Incline,1890.0,0.6968,53.0667,-0.0006496796464607063,12.0594,95.24,0.0114,0.0128,0.0107,0.0139,-8.867155595632635e-10,-1.7477481892234995e-10,1.2369604814647233e-10,-2.516924643938441e-09
Subject07,Incline,1905.0,0.7264,53.6857,-0.001462625277549156,12.0594,95.24,0.0119,0.0128,0.011,0.0139,4.040735869771617e-10,2.1258683828442755e-09,1.4545312590324865e-09,-9.399413233779896e-10
Subject07,Incline,1920.0,0.7248,53.6857,0.0011241151759121054,12.0594,95.24,0.0114,0.0127,0.0107,0.0145,-2.2154536536206593e-10,-1.5741350682637535e-09,-1.9278893881167753e-09,-6.3130404413701e-11
Subject07,Incline,1935.0,0.6944,55.9,0.0012613055333852974,12.0594,95.24,0.0119,0.0131,0.0109,0.0132,-2.5682329959190715e-10,-6.770669594010174e-10,7.187176340150425e-10,6.463282407268023e-10
Subject07,Incline,1950.0,0.6943,57.4,-0.0013438320200789432,12.0594,95.24,0.0117,0.0125,0.0104,0.0144,8.482697019771646e-10,2.3782275713268855e-09,2.3704156496868385e-09,-6.486879596490557e-10
Subject07,Incline,1965.0,0.6972,55.8286,0.0014513918779925617,12.0594,95.24,0.0129,0.0124,0.0108,0.0141,3.385624971891094e-10,-2.200556191745481e-09,-3.0540814464563983e-09,2.6616098842676913e-09
Subject07,Incline,1980.0,0.7209,57.4,-0.00030114657406029384,12.0594,95.24,0.0113,0.0125,0.0107,0.0136,-1.0130723112248333e-09,-2.7234051905218807e-11,1.221572190979344e-10,-1.8539947954629907e-09
Subject07,Incline,1995.0,0.6945,58.275,0.0017905969839396283,12.0594,95.24,0.0119,0.0116,0.0097,0.0141,4.4335447033973154e-10,5.7486182374040326e-11,-1.027592415430413e-10,-9.469382335726677e-10
Subject07,Incline,2010.0,0.7087,59.8286,0.0021084417363248483,12.0594,95.24,0.0125,0.0138,0.0108,0.0136,-4.905609478116086e-10,-1.3054706802006776e-10,-6.718015306302612e-11,6.993564835606784e-10
Subject07,Incline,2025.0,0.715,59.4,-0.002159365034072467,12.0594,95.24,0.0124,0.013,0.0108,0.0145,1.413186866421137e-09,1.2685847383457116e-09,2.250790169560248e-09,-5.957743996838702e-10
Subject07,Incline,2040.0,0.7071,56.5429,0.0014040856201527408,12.0594,95.24,0.0116,0.0127,0.0111,0.014,8.770034691700109e-10,-1.2242687178668477e-09,-1.3761525315133093e-09,2.8212389328070197e-09
Subject07,Incline,2055.0,0.7109,56.5667,0.0012580612484451399,12.0594,95.24,0.0113,0.0125,0.0112,0.0146,-2.3278644296548e-09,-1.11928928829942e-10,-1.994290099022444e-10,-2.1819201486443952e-09
Subject07,Incline,2070.0,0.7141,57.1143,-0.0019818110030337165,12.0594,95.24,0.0107,0.0117,0.0104,0.0148,8.437005984475832e-10,2.8050973281187557e-10,1.462737622602823e-11,-6.313021096688123e-10
Subject07,Incline,2085.0,0.7011,55.8286,0.0018036516336487308,12.0594,95.24,0.0112,0.0118,0.0107,0.0138,1.3672863078749948e-09,-1.3575250070605104e-10,-7.988112130365011e-11,3.3581233264287e-09
Subject07,Incline,2100.0,0.7,58.6857,0.0013794820735476081,12.0594,95.24,0.0114,0.0124,0.0111,0.0143,-3.539732424802933e-10,2.393061482944233e-09,1.4899793586085256e-09,-3.330349730558783e-09
Subject07,Incline,2115.0,0.6997,61.4,-0.00177368712402504,12.0594,95.24,0.0111,0.0126,0.0108,0.0149,-1.2541899989237454e-09,-1.944970590001101e-09,-2.1353153308121686e-09,-5.77720073074485e-11
Subject07,Incline,2130.0,0.7049,60.15,0.001141043571805235,12.0594,95.24,0.0114,0.0126,0.0109,0.0142,-5.745836143332709e-10,-5.387896315838282e-10,1.2670595650781994e-10,8.04828883385947e-10
Subject07,Incline,2145.0,0.6906,60.9,0.0024676151402786336,12.0594,95.24,0.0124,0.0125,0.0107,0.0148,4.30856202879859e-10,7.596403291412796e-10,-6.190275477347888e-11,-9.688358841128233e-10
Subject07,Running,360.0,0.7138,4.7872,0.004557143782981028,3.1609,95.24,0.0047,0.008,0.0053,0.0092,-2.450103565400341e-10,-1.0133077747130836e-11,-3.11403054738685e-10,-4.615468247603413e-10
Subject07,Running,375.0,0.9145,19.5872,0.0022385524226225056,3.1609,95.24,0.0046,0.009,0.0054,0.0095,1.7837851705769817e-09,-3.5162047584002644e-10,1.8777778481170048e-10,7.298385080797683e-10
Subject07,Running,390.0,0.9346,23.4539,-0.0028528174810965386,3.1609,95.24,0.0048,0.0077,0.0051,0.0097,-1.4135552624770556e-09,5.31420532551685e-10,4.148754936623777e-11,-6.206506147964593e-10
Subject07,Running,405.0,0.9267,20.2872,-0.0023495956026217163,3.1609,95.24,0.0046,0.0085,0.0049,0.0093,8.73735598798167e-10,-5.489297940321129e-10,-1.459614484068524e-10,8.285000975501821e-10
Subject07,Running,420.0,0.9127,17.7872,0.0017939840796390878,3.1609,95.24,0.0042,0.0085,0.0048,0.0088,-1.2004342422210925e-09,1.3418562558014707e-09,1.5802131578746042e-09,-8.929800791911239e-10
Subject07,Running,435.0,0.9194,14.9872,-0.0010303552044495302,3.1609,95.24,0.004,0.0085,0.0045,0.0084,9.126757506301215e-10,-1.331239912443776e-09,-1.684882786850135e-09,2.0996900138911404e-10
Subject07,Running,450.0,0.928,13.3872,0.0013876555683757902,3.1609,95.24,0.0041,0.0079,0.0051,0.0091,-9.40319008429129e-10,1.773790997910452e-09,1.0505624415977778e-09,-1.194668124580299e-10
Subject07,Running,465.0,0.9226,13.9872,-0.0023230185872269026,3.1609,95.24,0.0037,0.008,0.0046,0.0089,3.0716595334412897e-10,-1.5491113431766006e-09,-1.127735341830336e-09,1.3370829658722053e-09
Subject07,Running,480.0,0.899,12.6206,-0.002321191910352093,3.1609,95.24,0.0038,0.0079,0.0048,0.0083,-3.2431114565734784e-10,1.5283654992855382e-09,9.159073328542328e-10,-1.2653946899202076e-09
Subject07,Running,495.0,0.9159,11.1872,0.001972492104308604,3.1609,95.24,0.0039,0.0079,0.0044,0.0081,1.5573897061895876e-09,-1.6575780062910576e-09,-7.657751489267844e-10,1.039903822426991e-09
Subject07,Running,510.0,0.9128,14.3872,0.0018648685939793859,3.1609,95.24,0.0039,0.0079,0.0041,0.0082,-1.5532786761329306e-09,1.90135732204771e-09,6.988929468209708e-10,-1.2274044232338648e-09
Subject07,Running,525.0,0.9155,15.3872,-0.002564062453765839,3.1609,95.24,0.0038,0.0076,0.0041,0.0083,1.4082481063538836e-09,-1.888705299138224e-09,-8.150345911434073e-10,1.5427994591940924e-09
Subject07,Running,540.0,0.9269,14.7872,-0.0025749814343524356,3.1609,95.24,0.0036,0.0075,0.0046,0.0081,-1.415253254556878e-09,1.3564264563409407e-09,-3.736594739636037e-11,-1.420788726671336e-09
Subject07,Running,555.0,0.8971,12.5872,-0.002779366179471044,3.1609,95.24,0.0039,0.0073,0.0039,0.0082,4.4945204273004434e-10,-1.3195315421142194e-09,-2.689614354014994e-11,1.0475154826816563e-09
Subject07,Running,570.0,0.9118,12.2872,0.0013515873505012487,3.1609,95.24,0.0038,0.0076,0.0048,0.0079,-4.140648168196922e-10,-6.504584180673261e-11,3.210140640881992e-12,-8.107782856898085e-10
Subject07,Running,585.0,0.9007,13.3872,-0.0016022323770018723,3.1609,95.24,0.004,0.0079,0.0044,0.0076,2.8751641990624066e-10,2.614702221058732e-10,-1.2960096987287278e-11,-4.0751336968230385e-10
Subject07,Running,600.0,0.9096,14.1872,-0.0009301517331253455,3.1609,95.24,0.0037,0.0079,0.0043,0.009,1.3015747952992074e-09,-3.217201608634623e-10,7.967034743197745e-12,8.835765296702505e-10
Subject07,Running,615.0,0.9263,14.7872,-0.00023820969338929633,3.1609,95.24,0.0041,0.0078,0.0045,0.008,-1.6139298766629281e-09,4.241648299555445e-10,7.176584601164233e-11,-7.637250886362355e-10
Subject07,Running,630.0,0.9139,15.3872,0.0007926918065069996,3.1609,95.24,0.004,0.0076,0.004,0.0082,3.5514870936670745e-11,-1.2104957141584376e-10,-4.8024407196087575e-11,-1.1565660804898993e-11
Subject07,Running,645.0,0.9184,16.6206,0.0020667114446671552,3.1609,95.24,0.0038,0.008,0.0047,0.0083,-4.1009153449917466e-11,-3.0383382807451123e-10,-2.9112270457793276e-11,4.1650540941259477e-10
Subject07,Running,660.0,0.9165,14.7872,-0.0010262318036385627,3.1609,95.24,0.0041,0.0077,0.0045,0.008,-1.3307445944576446e-11,1.714615403343562e-09,2.992250331090872e-10,-3.418319644419081e-10
Subject07,Running,675.0,0.9206,13.1872,0.002078018756357863,3.1609,95.24,0.0039,0.0076,0.004,0.0083,2.505830371175746e-11,-1.6794570006841176e-09,-3.1305913496611835e-10,5.885771597625192e-11
Subject07,Running,690.0,0.924,16.0372,-0.003091291314633414,3.1609,95.24,0.0036,0.0074,0.0045,0.0076,-4.093442177294986e-12,-4.625849889453746e-11,2.011224921536958e-11,3.5708001717516017e-10
Subject07,Running,705.0,0.8996,12.9872,-0.003724436317687074,3.1609,95.24,0.0042,0.008,0.0044,0.0082,3.154985036240122e-11,1.130502646497266e-09,8.338221344228987e-11,-2.9768487509733223e-10
Subject07,Running,720.0,1.7044,20.3587,0.007858565277791347,10.8107,95.24,0.0104,0.0166,0.0104,0.0167,-1.5083386025609583e-10,-1.021775150334573e-09,5.918283333477568e-11,3.5173972663019674e-09
Subject07,Running,735.0,1.9637,40.5872,0.0029829669950911454,10.8107,95.24,0.0103,0.0174,0.0101,0.0173,2.1352708867947357e-10,3.80710733308204e-10,2.1277558000567223e-09,-3.787181821612426e-09
Subject07,Running,750.0,2.0024,45.5872,-0.002155683781719819,10.8107,95.24,0.01,0.0165,0.0101,0.0167,5.617472513600142e-10,6.764123969931683e-11,-2.273748664443386e-09,1.54264461585323e-10
Subject07,Running,765.0,2.058,46.3587,-0.0018558503261099932,10.8107,95.24,0.0094,0.0169,0.0099,0.0179,-4.685638524376786e-10,-4.037949041333759e-10,7.127819932987365e-10,2.5505934725085707e-09
Subject07,Running,780.0,2.063,47.7872,0.0012554837999260964,10.8107,95.24,0.0097,0.0163,0.0099,0.0164,-9.978925868715796e-11,3.638636541082591e-11,-6.726404846003706e-10,-2.2160025321051692e-10
Subject07,Running,795.0,2.0694,50.9872,0.001931608057761041,10.8107,95.24,0.0092,0.0159,0.0092,0.0165,-1.71237889529665e-10,3.1297241638261696e-09,1.5224102903335893e-12,-2.3664820277605665e-09
Subject07,Running,810.0,2.132,51.9539,0.0017493841686973925,10.8107,95.24,0.009,0.0164,0.0101,0.0167,9.571835456602451e-11,-3.2321310357433577e-09,1.4683434649380854e-10,4.666983581709717e-09
Subject07,Running,825.0,2.1157,52.9539,-0.001421157136221033,10.8107,95.24,0.0093,0.0159,0.0108,0.017,-3.890849635079469e-11,-9.980324937486006e-11,1.0481733700384972e-09,-4.375319746320534e-09
Subject07,Running,840.0,2.0884,50.7872,0.002712686693094215,10.8107,95.24,0.0104,0.0164,0.0107,0.0172,1.2777759588894703e-10,1.0707710111202623e-10,-1.0251613095260065e-10,1.9265259583109296e-09
Subject07,Running,855.0,1.1643,51.3872,-0.00378193710613805,10.8107,95.24,0.007,0.0119,0.0071,0.0118,-9.284039063430719e-11,2.919508959077417e-10,-9.592941653029178e-10,-2.319743037541997e-09
Subject07,Running,870.0,0.1469,36.7872,-0.004725352969925952,10.8107,95.24,0.0061,0.0079,0.0078,0.0074,1.2298014665395412e-10,-4.512244376969194e-10,-3.655662774468068e-11,1.438950086847763e-09
Subject07,Running,885.0,1.6069,33.4539,0.0031489758541928844,10.8107,95.24,0.0081,0.0141,0.0086,0.0149,1.5958278321376116e-09,1.9255455118383476e-10,-1.0400106448385821e-10,-1.455430419508374e-09
Subject07,Running,900.0,2.0699,39.6206,0.0020508000463918155,10.8107,95.24,0.0087,0.0154,0.01,0.0157,-1.885630169236965e-09,-8.340211161942296e-11,3.01034747162805e-10,3.331097335134335e-09
Subject07,Running,915.0,2.1295,44.6206,0.0010833204126073765,10.8107,95.24,0.0086,0.0155,0.0093,0.0166,2.92594039884339e-10,3.014342118316609e-09,-3.100714441921138e-10,-3.239949573528961e-09
Subject07,Running,930.0,2.1903,50.6206,0.001697938463913776,10.8107,95.24,0.0084,0.0161,0.0103,0.0167,-1.6891614896203325e-10,-2.814253436342873e-09,7.175601065612143e-10,1.3472991028478429e-09
Subject07,Running,945.0,2.2357,55.1206,-0.001906012608635567,10.8107,95.24,0.0087,0.0154,0.0106,0.0174,4.856545843747867e-10,-1.6146717736355046e-10,2.601781139520603e-10,-3.885544993077711e-10
Subject07,Running,960.0,2.2625,56.1206,-0.0021251625310279884,10.8107,95.24,0.0089,0.0161,0.0104,0.0168,-2.676193555726513e-10,1.1374979561326428e-09,-9.636174806673496e-10,-9.49487241779019e-10
Subject07,Running,975.0,2.2475,58.5015,0.001508349193963121,10.8107,95.24,0.0084,0.0155,0.0104,0.0178,3.148033297378991e-10,2.2144273051978344e-09,1.8594893240362443e-10,-1.2856139557247305e-11
Subject07,Running,990.0,2.3224,58.7872,-0.0015911795821394253,10.8107,95.24,0.009,0.0149,0.0111,0.0183,-2.99542414977094e-10,-3.410049584477966e-09,-1.7181539854908877e-10,4.677461570963742e-09
Subject07,Running,1005.0,2.3098,58.4539,-0.001313510019305161,10.8107,95.24,0.0087,0.0144,0.01,0.0179,1.41831496413402e-09,-1.3770942756600813e-11,-5.929111279107473e-11,-4.611438504897496e-09
Subject07,Running,1020.0,2.2894,59.6444,0.001351978773624234,10.8107,95.24,0.0091,0.0156,0.0099,0.017,-1.1433646770675844e-09,2.1537445109606255e-10,1.317615133795913e-09,-1.3640247826700264e-10
Subject07,Running,1035.0,2.2167,60.9539,0.0016930863722219305,10.8107,95.24,0.0084,0.0146,0.0101,0.0178,-5.54069021090793e-10,-1.7229290726332076e-10,-9.057598061862404e-10,3.8173010572002445e-09
Subject07,Running,1050.0,2.2669,61.9301,-0.0011444420418944708,10.8107,95.24,0.0086,0.0151,0.0103,0.0172,1.1771002572877409e-09,4.479813877686841e-10,-4.5243357921071236e-10,-3.7105288167200594e-09
Subject07,Running,1065.0,2.2303,61.7872,-0.0015235880247081923,10.8107,95.24,0.0085,0.0153,0.0103,0.0167,-8.120932758689001e-10,-3.9602684356406304e-10,2.116502996404185e-09,-2.5222714768149705e-10
Subject07,Running,1080.0,3.07,62.7872,0.0014381454042401943,14.4348,95.24,0.011,0.0166,0.014,0.0197,8.416320950815466e-10,2.5466326531718778e-09,-2.194578356620841e-09,2.2221960126043493e-10
Subject07,Running,1095.0,3.347,68.8872,0.002649868289207375,14.4348,95.24,0.0113,0.0163,0.0143,0.0192,-4.90368116370394e-10,1.2324889531432237e-09,1.637990811069707e-10,-6.869566587013126e-11
Subject07,Running,1110.0,3.3688,74.1622,0.0015036960989579756,14.4348,95.24,0.0114,0.0158,0.0148,0.0186,1.1184025405118132e-09,-3.4135601488232653e-09,-4.9947025608270295e-11,1.7549559853577408e-10
Subject07,Running,1125.0,3.4332,75.3872,-0.001504769908424958,14.4348,95.24,0.0113,0.0157,0.0143,0.019,9.822094088380717e-10,-6.381167532670446e-10,8.903388387425287e-10,-2.0120862512734774e-10
Subject07,Running,1140.0,3.4418,75.565,0.0015253793247033617,14.4348,95.24,0.0109,0.0161,0.0147,0.0189,-2.8127834781917485e-09,3.243747601072183e-10,8.263287742528924e-11,2.2027084598448738e-09
Subject07,Running,1155.0,3.3679,78.2872,-0.0011870067097923894,14.4348,95.24,0.0108,0.0157,0.0133,0.0188,-8.636904686250279e-11,-1.0153413588472237e-10,-3.9566431712864694e-10,1.7971644030047118e-09
Subject07,Running,1170.0,3.4294,78.7872,0.001199149391685906,14.4348,95.24,0.0104,0.0157,0.013,0.0182,2.7596099177021584e-10,8.996147053340635e-11,-5.709242537277065e-10,2.1004314277752553e-10
Subject07,Running,1185.0,3.3757,79.565,-0.0014718488542406446,14.4348,95.24,0.0105,0.0157,0.0135,0.0185,-1.3295502218920214e-10,-2.4107255562064945e-11,2.219623524260559e-09,-3.830836232441469e-09
Subject07,Running,1200.0,3.3881,80.3872,0.0009160794459223138,14.4348,95.24,0.01,0.0156,0.0122,0.0189,6.221271694659325e-10,2.7572868588974176e-09,-2.1622787242828345e-09,-3.46712964710092e-10
Subject07,Running,1215.0,3.4782,81.4872,0.0017509951578670163,14.4348,95.24,0.0104,0.0151,0.0129,0.0185,1.2738898396625407e-09,-2.8648604992776043e-09,4.205489714667386e-11,-4.0220338194431826e-11
Subject07,Running,1230.0,3.4244,82.2317,-0.001285443736310299,14.4348,95.24,0.0102,0.015,0.0137,0.0178,-1.8020600942080343e-09,2.273837313458556e-10,7.201308674819942e-10,2.48591956808579e-09
Subject07,Running,1245.0,3.4287,80.9301,0.0006541750273425861,14.4348,95.24,0.0103,0.0146,0.0134,0.0188,1.8281462564309993e-10,-1.1757742251448005e-10,1.3420353813450285e-09,-2.453356806106812e-09
Subject07,Running,1260.0,3.285,78.4539,-0.00182847380908241,14.4348,95.24,0.01,0.0148,0.0125,0.0179,1.784579074003039e-11,5.199795875056044e-11,2.867015552921558e-10,-8.429636876929771e-11
Subject07,Running,1275.0,3.2715,77.2158,0.0012748398860166145,14.4348,95.24,0.0098,0.0148,0.0121,0.0182,5.943059739998951e-10,2.785870864624694e-10,-2.5851900653950173e-10,1.3008822341684136e-10
Subject07,Running,1290.0,3.3013,79.0372,0.0007432630024801714,14.4348,95.24,0.0097,0.0147,0.012,0.0187,-4.604043820381978e-10,2.6514907805981662e-09,-2.1601986391795495e-09,2.917042199071928e-11
Subject07,Running,1305.0,3.3999,80.5372,0.0011867512514006763,14.4348,95.24,0.0098,0.015,0.012,0.0187,8.14794782578378e-10,-2.114145063940379e-09,-4.328675986982358e-11,1.1209693184574589e-10
Subject07,Running,1320.0,3.3611,80.8983,-0.0015065808727621219,14.4348,95.24,0.0096,0.0149,0.0122,0.0189,1.252239713057536e-09,-1.0948207379382279e-09,1.9155553120685713e-10,-2.5639526202220756e-10
Subject07,Running,1335.0,3.2948,81.3428,0.0009473610085315486,14.4348,95.24,0.0096,0.015,0.0117,0.0184,-2.5415568741824084e-09,1.5855282776526461e-10,6.223298173416472e-11,4.5249135347938095e-09
Subject07,Running,1350.0,3.3186,81.7872,0.001262764027135806,14.4348,95.24,0.0108,0.0141,0.0122,0.0185,-2.5217123179487783e-11,-3.425800498929211e-11,-3.5060052575715545e-10,-1.2913542000757263e-09
Subject07,Running,1365.0,3.2744,83.2872,-0.002570586786879802,14.4348,95.24,0.0102,0.015,0.0118,0.018,1.542062568903842e-10,1.306870925656334e-10,2.4848611100167475e-10,-1.2851928188576805e-09
Subject07,Running,1380.0,3.2654,77.6622,-0.004365927881912469,14.4348,95.24,0.0097,0.015,0.0118,0.0189,-9.940296595133538e-11,-2.099121502686387e-10,2.8440206722303227e-09,-1.8961348558789517e-09
Subject07,Running,1395.0,3.2816,81.6761,0.0031401493008929413,14.4348,95.24,0.0096,0.0151,0.012,0.0185,3.569333955826912e-10,3.106387422998127e-09,-3.1715413659685844e-09,9.1917991459616e-11
Subject07,Running,1410.0,3.265,83.2317,-0.0013251729822298735,14.4348,95.24,0.01,0.0154,0.0123,0.0194,-2.019510895793759e-11,-7.767551266649054e-10,3.1940792284898475e-10,-5.5450955156506354e-11
Subject07,Running,1425.0,3.2276,82.2317,0.00235236028713839,14.4348,95.24,0.0096,0.0151,0.0121,0.0187,6.633320585379832e-10,-2.144384335939127e-09,1.9855869837958374e-10,6.92041019641398e-10
Subject07,Running,1440.0,1.6241,81.3587,-0.003167069767717164,9.5884,95.24,0.0071,0.0147,0.009,0.0163,-7.997288553910867e-10,1.8410630986191384e-09,2.9718985960142207e-10,-6.808894903971323e-10
Subject07,Running,1455.0,1.4988,72.9301,-0.001895834468880047,9.5884,95.24,0.0066,0.0167,0.0075,0.0165,-1.7360063502329952e-10,1.590218352715248e-11,8.667960679893241e-10,-4.449701144084954e-11
Subject07,Running,1470.0,1.5133,67.7872,0.0013851730760917813,9.5884,95.24,0.0062,0.0164,0.007,0.0172,1.8829436820386447e-10,1.8412551433998514e-10,-1.5515047236195716e-09,4.736643674104223e-11
Subject07,Running,1485.0,1.5635,65.7872,0.0011872481609515996,9.5884,95.24,0.0058,0.0175,0.0069,0.0164,-2.135827667921972e-10,-1.9552233505064347e-09,1.7036629783823007e-10,3.1132159902644127e-09
Subject07,Running,1500.0,1.5476,64.0372,-0.0014729874337865055,9.5884,95.24,0.0061,0.0174,0.0064,0.0168,1.2934463891150826e-10,2.004270925025125e-09,-6.203398467000831e-11,-3.100232113270933e-09
Subject07,Running,1515.0,1.5592,61.0729,-0.001672270076358877,9.5884,95.24,0.006,0.0163,0.0066,0.0159,-8.183989739701107e-11,-1.6089486449854215e-09,3.756603804951246e-10,5.282797655739427e-10
Subject07,Running,1530.0,1.5515,59.6622,-0.002062301928157804,9.5884,95.24,0.0057,0.0166,0.0067,0.0168,9.98747443401677e-10,-5.231465390849978e-10,6.877599640755005e-11,5.638913788836168e-10
Subject07,Running,1545.0,1.5893,60.2872,0.0016242833702557176,9.5884,95.24,0.0064,0.017,0.0072,0.016,-9.855631309048603e-10,2.239008339996866e-09,-4.023315550917217e-10,-9.883526793937384e-10
Subject07,Running,1560.0,1.5789,59.9301,0.0012825333440165186,9.5884,95.24,0.0062,0.0169,0.007,0.0164,-3.4643375213723326e-11,-2.212356741852564e-09,-3.8687133774175483e-11,2.33734160164689e-09
Subject07,Running,1575.0,1.5216,58.7872,-0.0013054585670003048,9.5884,95.24,0.0061,0.0157,0.0075,0.0158,2.0377740772643115e-09,-6.999994928828912e-11,3.2369713558446306e-10,3.084448236577969e-10
Subject07,Running,1590.0,1.5871,57.4539,-0.0018835209253433823,9.5884,95.24,0.0066,0.016,0.0076,0.0161,-2.021903515190349e-09,1.872567124084157e-09,1.2561846553703069e-09,-2.8145828842616325e-09
Subject07,Running,1605.0,1.5547,58.2158,0.00132234320240031,9.5884,95.24,0.0063,0.0164,0.0072,0.0167,7.500864371928356e-10,-1.5397667411771631e-09,-1.6692688991701693e-09,8.985380565131877e-10
Subject07,Running,1620.0,1.5664,59.4122,0.001700233603415579,9.5884,95.24,0.0064,0.0169,0.0074,0.0157,-7.893291724877515e-10,-2.0175046088685997e-10,4.4104224466342453e-10,-3.8284200893708755e-10
Subject07,Running,1635.0,1.5761,59.8983,-0.0010128586621120958,9.5884,95.24,0.0062,0.016,0.0071,0.0165,7.637713153900471e-10,-1.154762603323664e-10,3.206789689604765e-10,9.535581825964723e-10
Subject07,Running,1650.0,1.5778,59.9539,0.0014105381261895484,9.5884,95.24,0.0062,0.0164,0.0078,0.0163,-6.89014438521647e-10,2.236346592320479e-09,-4.903632698117969e-10,-1.3648386727167824e-09
Subject07,Running,1665.0,1.5628,59.7872,-0.0009642794616320477,9.5884,95.24,0.0059,0.0162,0.0071,0.0165,5.4296816871701664e-11,-2.2634397471779076e-09,-1.81387044014209e-10,2.100050703828999e-09
Subject07,Running,1680.0,1.5869,58.5015,0.0018684760740802857,9.5884,95.24,0.0062,0.0163,0.0073,0.0171,3.24825034959177e-10,2.022011761574638e-09,-6.94193705917157e-11,-2.0981937977459628e-09
Subject07,Running,1695.0,1.5869,58.9122,-0.0005358975699902639,9.5884,95.24,0.0067,0.0147,0.0076,0.0159,1.710643875188501e-09,-2.1000947706252326e-09,7.367540388619827e-12,-2.492196690204081e-11
Subject07,Running,1710.0,1.5903,59.7872,0.0012818439508828546,9.5884,95.24,0.0061,0.0162,0.0073,0.0154,-2.1044336559872576e-09,9.529605677558905e-10,1.5517517948479772e-09,-1.453226753052431e-10
Subject07,Running,1725.0,1.6091,60.6622,-0.001559023253426238,9.5884,95.24,0.0063,0.0159,0.0077,0.0158,1.104063076983329e-09,-8.244218940138141e-10,-1.1512879098886533e-09,1.5537568958147532e-09
Subject07,Running,1740.0,1.5552,61.9301,-0.0021038525718479993,9.5884,95.24,0.0063,0.0168,0.0071,0.0185,-1.125395737527699e-09,2.5719330978291327e-09,1.0148579431138748e-10,-1.234678469153782e-09
Subject07,Running,1755.0,1.5148,59.9301,-0.0011516738420719371,9.5884,95.24,0.0058,0.0179,0.0069,0.0196,-3.5487047370429346e-12,-1.407260843388721e-09,4.951924783162493e-10,-1.0170847465043197e-10
Subject07,Running,1770.0,1.5671,58.9301,0.0008208516719559886,9.5884,95.24,0.0063,0.0157,0.0077,0.0176,-3.681445975357583e-11,7.867946753029427e-10,-9.465408970854312e-10,-7.247552248637194e-11
Subject07,Running,1785.0,1.5943,59.0729,0.0016643887406141175,9.5884,95.24,0.006,0.0168,0.0075,0.0162,2.868657728766093e-11,-8.071576679355952e-10,-1.0362939298263689e-11,9.775515405123514e-11
Subject07,Stairs,360.0,0.0859,9.8125,-0.007330659818372118,5.7274,95.24,0.0102,0.0194,0.0096,0.024,1.290381534547303e-11,-1.055548156538786e-11,1.0143694031459914e-10,1.209237266005375e-10
Subject07,Stairs,375.0,0.1161,9.6458,0.005537134783781219,5.7274,95.24,0.0106,0.0268,0.0083,0.0253,1.4937304120588762e-10,6.602124391347707e-10,3.381791368215772e-10,-1.184104017587441e-09
Subject07,Stairs,390.0,0.0795,19.9792,0.0017927266025513844,5.7274,95.24,0.0115,0.0223,0.0066,0.0227,3.779404196727215e-10,1.144379891783878e-09,2.858474641187595e-10,4.027864756197372e-10
Subject07,Stairs,405.0,0.0736,21.3792,-0.002738189380262524,5.7274,95.24,0.0106,0.0297,0.0072,0.024,4.4387614046965325e-11,-1.3063819625356093e-09,2.2129707683956947e-10,1.3499232734172909e-09
Subject07,Stairs,420.0,0.0706,22.9792,-0.0006097900611192038,5.7274,95.24,0.0103,0.0268,0.0084,0.0229,-2.1901317628005464e-10,1.8175803848740535e-09,-4.45451641641513e-10,-8.634226690307243e-10
Subject07,Stairs,435.0,0.0887,23.9792,0.0015188710595130937,5.7274,95.24,0.0069,0.0231,0.0065,0.0211,-2.3395215508209213e-10,-1.3093183602801676e-09,-4.3102653222145124e-10,-8.40833036534329e-10
Subject07,Stairs,450.0,0.0881,24.1792,-0.0012646871892273174,5.7274,95.24,0.0069,0.0243,0.0046,0.0198,4.455714163637271e-10,2.80099325990951e-09,-5.518852948291521e-11,-1.3499518545114095e-10
Subject07,Stairs,465.0,0.085,22.7792,0.0007395504839637235,5.7274,95.24,0.008,0.0236,0.0055,0.0195,9.32753312930841e-09,-3.4243293714951676e-09,5.970905557302236e-10,1.4601161471111413e-09
Subject07,Stairs,480.0,0.0949,21.3792,-0.001026936182866651,5.7274,95.24,0.009,0.0232,0.0063,0.0257,-9.21626721953499e-09,4.789901755128177e-10,-6.303124319980817e-10,3.1681821939628823e-09
Subject07,Stairs,495.0,0.0846,20.4792,0.0025357738859176724,5.7274,95.24,0.0084,0.0257,0.0061,0.0213,-2.818439139368965e-10,-5.284226962608496e-10,8.428860446841941e-11,-3.0417752469628794e-09
Subject07,Stairs,510.0,0.0823,20.6458,-0.0013975742932329316,5.7274,95.24,0.0078,0.0208,0.0067,0.0223,8.848398432579389e-11,3.0300676786115183e-12,-8.303414428321006e-11,1.1541532155831031e-09
Subject07,Stairs,525.0,0.0738,21.5792,0.0017499620704192317,5.7274,95.24,0.0075,0.0228,0.0062,0.016,7.271711772629956e-10,2.331677644888574e-09,3.0547870128338066e-10,-2.0629563996760928e-09
Subject07,Stairs,540.0,0.0848,22.5792,0.0018918550891887413,5.7274,95.24,0.0075,0.0225,0.0066,0.0225,-1.064980167373114e-09,3.543632481320901e-10,-2.369234709362825e-10,-3.228821886955777e-10
Subject07,Stairs,555.0,0.0884,23.4792,-0.0010365591731794897,5.7274,95.24,0.0082,0.0268,0.0064,0.0226,1.6734881135544415e-09,-2.5593602244953427e-09,1.612598427161902e-10,2.819731676556331e-09
Subject07,Stairs,570.0,0.1008,22.6458,-0.0012466094067443202,5.7274,95.24,0.0105,0.02,0.0062,0.0214,-1.6428432845395809e-09,-3.813499709185431e-10,-2.436714694325577e-10,-1.798503784503324e-09
Subject07,Stairs,585.0,0.1071,22.1792,0.0017514938531622633,5.7274,95.24,0.0109,0.0198,0.0067,0.0205,5.075104533812754e-11,1.081429627104851e-09,1.471873680795858e-10,-1.0558446485663183e-09
Subject07,Stairs,600.0,0.1096,22.3125,-0.002983856752199127,5.7274,95.24,0.0112,0.0202,0.0065,0.0219,-1.3145343221376882e-10,1.071195882501926e-09,1.0270396729911294e-10,7.26305901720981e-10
Subject07,Stairs,615.0,0.122,22.5792,-0.0016166958813765748,5.7274,95.24,0.0103,0.0222,0.0056,0.0262,-2.350607110908236e-11,-1.3062676869148036e-09,-2.3083215720713581e-10,1.3119785661864268e-09
Subject07,Stairs,630.0,0.0929,22.5792,-0.003828762949873586,5.7274,95.24,0.0095,0.024,0.0066,0.0244,1.093248974960742e-10,1.2040530321340452e-10,2.8511924481704484e-09,-2.331686339377947e-09
Subject07,Stairs,645.0,0.0971,23.6458,0.0026022559303216994,5.7274,95.24,0.0069,0.0149,0.0049,0.0195,-1.2132535007498664e-10,-7.210762713977693e-11,-2.821790855711341e-09,4.6762275429081166e-11
Subject07,Stairs,660.0,0.0813,27.6458,0.004220549131012306,5.7274,95.24,0.0088,0.0177,0.0051,0.0174,1.2017123997288592e-09,2.7421302202975584e-09,6.702287030992419e-10,1.1943004931929614e-09
Subject07,Stairs,675.0,0.0915,26.8125,-0.0028899892919047373,5.7274,95.24,0.0076,0.0217,0.0067,0.0247,-8.292937817490412e-10,-2.123384349100736e-09,-5.775573813709432e-10,2.8661189185429476e-09
Subject07,Stairs,690.0,0.0906,23.9792,-0.004707810486381641,5.7274,95.24,0.0075,0.0225,0.0057,0.0165,2.185399949255303e-10,-1.1553251304890505e-09,-4.167243327474382e-11,-2.979441773232027e-09
Subject07,Stairs,705.0,0.1027,26.3125,-0.0016756990607868663,5.7274,95.24,0.0115,0.0184,0.0054,0.0189,-4.932639839295232e-10,1.1543402324650325e-09,-5.403614601456163e-11,1.1336463158235127e-10
Subject07,Stairs,720.0,0.1158,22.9792,-0.0030862546465020356,8.237,95.24,0.0094,0.0264,0.0075,0.0212,1.0284549420588567e-09,-5.2655385847953e-10,4.892819963293512e-10,9.114225513446616e-10
Subject07,Stairs,735.0,0.1068,26.9792,0.0022312941943442425,8.237,95.24,0.0107,0.0263,0.0096,0.027,-9.942479652791671e-10,2.8364421667756844e-09,-3.1084092741708836e-10,-1.889354314705455e-09
Subject07,Stairs,750.0,0.1055,29.6458,0.0023426219433232928,8.237,95.24,0.0097,0.022,0.0081,0.0234,-1.125281149568028e-10,-1.0829010696153778e-09,2.1205161765258753e-10,-1.996557071039855e-12
Subject07,Stairs,765.0,0.1311,34.8125,0.0019155590281987158,8.237,95.24,0.0096,0.0221,0.0073,0.0177,-1.655098938433361e-11,-1.9070130098019887e-09,2.236724275495e-10,-1.2372318526348185e-10
Subject07,Stairs,780.0,0.1233,38.1458,0.001800941998773751,8.237,95.24,0.0095,0.02,0.0067,0.0191,-1.3498233732117508e-10,4.518954691463673e-09,-3.6970117651654165e-10,1.6140843186527158e-09
Subject07,Stairs,795.0,0.0971,40.3792,-0.002252889483922425,8.237,95.24,0.0096,0.0214,0.0076,0.0248,3.1173637772054704e-09,-5.37054776525637e-09,4.298726921582503e-12,1.8474856707169343e-09
Subject07,Stairs,810.0,0.1103,37.1458,-0.0007246870797364035,8.237,95.24,0.0086,0.0207,0.0072,0.0212,-1.989525389474568e-09,1.1781424419566671e-09,1.6511961964139434e-10,-6.001389059302913e-11
Subject07,Stairs,825.0,0.1216,37.3125,0.0015574469531193492,8.237,95.24,0.0107,0.0232,0.0092,0.0249,3.993227723651957e-10,-6.485449307503932e-10,-3.118066643183224e-10,7.414029803014265e-10
Subject07,Stairs,840.0,0.1226,38.2649,0.0008101696641158296,8.237,95.24,0.0113,0.0225,0.0069,0.0258,-1.7192909722736309e-10,5.385945960348345e-11,3.1358085610097036e-10,-2.826218912668752e-09
Subject07,Stairs,855.0,0.1175,38.9792,0.002017015907806889,8.237,95.24,0.0087,0.0219,0.0082,0.0239,-1.1269626486516634e-09,3.967608371309243e-10,9.279049577938565e-10,-1.4208474216370767e-09
Subject07,Stairs,870.0,0.1105,39.9792,-0.0016669071790516952,8.237,95.24,0.0106,0.0284,0.0084,0.0238,2.515844892249557e-10,2.590682051032256e-09,1.8041988183682975e-09,6.587491367037105e-11
Subject07,Stairs,885.0,0.1318,36.1458,0.0027790460833785197,8.237,95.24,0.0124,0.0277,0.0069,0.0253,-3.5534230274882953e-10,-1.8541902333795814e-09,-2.698365255794059e-09,4.087928566436094e-11
Subject07,Stairs,900.0,0.1057,37.3125,-0.0010604702139825888,8.237,95.24,0.0102,0.029,0.0086,0.0256,2.9223670537454394e-10,-4.716555448034366e-10,-2.557907212851189e-10,-3.7013988726811246e-11
Subject07,Stairs,915.0,0.1191,37.9792,0.0021478379043417895,8.237,95.24,0.0094,0.0237,0.0069,0.0237,1.2488142163263206e-09,-1.1191826774708905e-09,-1.4033929593618905e-12,2.4828246240366242e-09
Subject07,Stairs,930.0,0.1053,40.9792,0.0010838694701737319,8.237,95.24,0.01,0.0244,0.0065,0.023,-1.363193342183689e-09,6.02855404860496e-11,-1.2947395292528116e-10,-4.684908836090376e-10
Subject07,Stairs,945.0,0.1052,41.5506,-0.0018041962754258845,8.237,95.24,0.0084,0.0252,0.0077,0.0233,-2.347622214889601e-10,1.3253324876214816e-10,-1.0954852264346172e-10,-1.585532158210967e-09
Subject07,Stairs,960.0,0.105,40.9792,-0.00046005672066455914,8.237,95.24,0.0089,0.0241,0.0082,0.0257,-4.3267187496483175e-11,-2.1772288383695359e-10,1.2609102590229714e-11,1.1789852591238967e-09
Subject07,Stairs,975.0,0.1174,42.2649,0.0019934222494135765,8.237,95.24,0.0089,0.0222,0.0067,0.0236,4.2867946589679485e-10,1.5281889378950767e-09,2.3996620927280626e-11,2.0195140747589313e-09
Subject07,Stairs,990.0,0.1197,46.2649,-0.0014501494181663767,8.237,95.24,0.0103,0.0213,0.0067,0.0206,-1.422457048981101e-10,1.0419821473478274e-09,5.7920606740345544e-11,7.323121012501943e-10
Subject07,Stairs,1005.0,0.1097,44.6458,-0.0016506192616742691,8.237,95.24,0.0096,0.0266,0.0069,0.0257,6.515145919107231e-11,-2.623951043506177e-10,2.856651366605745e-09,-4.320552965278715e-09
Subject07,Stairs,1020.0,0.1142,43.1458,-0.0013016418438155308,8.237,95.24,0.0095,0.0272,0.0072,0.0254,-2.0084423341518186e-10,7.581846772544163e-10,-2.524458420234497e-09,9.141875389057845e-11
Subject07,Stairs,1035.0,0.1155,41.9792,0.0003281809750979155,8.237,95.24,0.0106,0.0232,0.0073,0.0278,7.938653481249239e-11,-7.704337871080426e-10,-4.3303246963926203e-10,3.6437491094691406e-09
Subject07,Stairs,1050.0,0.1214,41.4077,-0.0021787733817068933,8.237,95.24,0.0099,0.0275,0.0089,0.0276,-1.1745354474565227e-11,7.337134604234392e-10,1.894151475699262e-09,-3.909682259980407e-09
Subject07,Stairs,1065.0,0.0995,41.8363,0.0017661010235462805,8.237,95.24,0.0094,0.0279,0.008,0.0244,-1.3262555555575656e-10,-1.814132204865431e-09,-2.3057392398815947e-09,3.906970172862632e-10
Subject07,Stairs,1080.0,0.1107,40.6458,-0.002604319713786376,7.4027,95.24,0.0097,0.022,0.0072,0.0261,1.0298996620315048e-09,-1.1125875860837132e-09,8.565001230458234e-10,1.3254658850088892e-09
Subject07,Stairs,1095.0,0.0953,41.1458,0.002539331820210758,7.4027,95.24,0.0079,0.0211,0.0067,0.0214,-9.394185913280666e-10,8.836142091761807e-10,2.0694303193255413e-10,-1.4651055602525442e-09
Subject07,Stairs,1110.0,0.0939,42.122,-0.001781019994804855,7.4027,95.24,0.008,0.0266,0.0067,0.0232,2.935249182260346e-11,3.730483492361549e-09,-3.798690426103456e-10,1.5731833687135065e-09
Subject07,Stairs,1125.0,0.0993,40.3125,-0.0013114135227246433,7.4027,95.24,0.01,0.0247,0.0063,0.0231,-9.192626361119247e-11,-4.226151425134088e-09,-2.259697481538989e-10,-1.578481186247838e-10
Subject07,Stairs,1140.0,0.1011,38.8125,0.0012571942361553283,7.4027,95.24,0.0082,0.0254,0.007,0.0244,1.1389722253713512e-10,6.747054795926632e-10,2.549231932038123e-10,-1.3693950035551086e-09
Subject07,Stairs,1155.0,0.0965,39.4077,0.0013560318069844488,7.4027,95.24,0.008,0.0288,0.0063,0.0251,1.6836520182628723e-09,-1.2160672020629587e-09,7.36188594457437e-11,2.4997410326049656e-09
Subject07,Stairs,1170.0,0.0936,41.4077,-0.0017687275067971952,7.4027,95.24,0.0089,0.0245,0.0065,0.0264,-1.8746692258327635e-09,3.129146660081538e-10,2.2606216237638446e-10,-9.521951948866586e-10
Subject07,Stairs,1185.0,0.1086,41.2649,0.0015678192492551623,7.4027,95.24,0.0076,0.024,0.0064,0.024,1.1754737211522882e-10,1.2331177700157503e-09,-3.429151701959789e-10,-1.554583357454601e-09
Subject07,Stairs,1200.0,0.1146,42.9792,-0.0007866108561021982,7.4027,95.24,0.0091,0.0245,0.0065,0.0209,2.3324591875176582e-09,-3.6264561546554003e-10,4.5804683467389097e-10,2.8065396116217097e-09
Subject07,Stairs,1215.0,0.111,41.8363,-0.0017048988666623652,7.4027,95.24,0.0104,0.0252,0.0061,0.0279,-2.4577437818781005e-09,-6.163229725205188e-10,-6.006409968073094e-10,-5.57654299427661e-10
Subject07,Stairs,1230.0,0.108,43.8125,0.0022568038676986477,7.4027,95.24,0.0094,0.0237,0.0063,0.0246,1.7682895591734784e-10,7.838465027811489e-10,2.562787611336703e-10,-2.2228168688640505e-09
Subject07,Stairs,1245.0,0.105,44.6458,-0.0024586146128198526,7.4027,95.24,0.009,0.0258,0.0065,0.0228,9.811071884444354e-10,-1.408348697416698e-09,-1.27196732054307e-10,1.8816708705003708e-09
Subject07,Stairs,1260.0,0.0936,42.6458,0.0015173608521299757,7.4027,95.24,0.0098,0.022,0.006,0.0258,-9.106317326741279e-10,2.461832769824876e-10,-1.9611745292726675e-10,2.761853725417581e-10
Subject07,Stairs,1275.0,0.1046,42.6935,-0.0016082834281642394,7.4027,95.24,0.0073,0.0227,0.0063,0.0256,1.090444276370234e-10,1.6393833265689526e-09,3.239611796016952e-10,-2.279822365759344e-09
Subject07,Stairs,1290.0,0.1047,41.4792,0.0018211320911688809,7.4027,95.24,0.0097,0.0254,0.0069,0.0237,-2.4963060281263445e-10,-5.928915558713538e-10,-2.2157829472409962e-10,2.2561789071959403e-09
Subject07,Stairs,1305.0,0.0979,40.8125,0.002722355977920069,7.4027,95.24,0.0081,0.0239,0.0058,0.0261,4.3158232212266024e-10,1.8420872251118192e-09,-7.597462039734058e-11,1.821572453258317e-09
Subject07,Stairs,1320.0,0.1069,41.3125,0.0014098352392739107,7.4027,95.24,0.0092,0.0287,0.0073,0.0251,-3.459379989229472e-10,-2.3886150813105054e-10,2.2824056360868057e-10,-4.090809636979753e-09
Subject07,Stairs,1335.0,0.0978,41.2649,-0.0014185366014764975,7.4027,95.24,0.0098,0.0256,0.0066,0.0266,2.5735344037129897e-09,-2.558280215894786e-09,-1.5951035817538342e-10,1.8319414474915829e-09
Subject07,Stairs,1350.0,0.0922,40.3125,0.0016240433866179266,7.4027,95.24,0.0095,0.0258,0.0054,0.0251,-2.2492575648075316e-09,2.9216732348096786e-11,-1.4957535876937675e-10,4.920429171976654e-10
Subject07,Stairs,1365.0,0.1011,41.4792,0.0013520416590253371,7.4027,95.24,0.0095,0.0265,0.0074,0.0274,-3.9954300059215665e-10,1.8127856754511385e-09,5.50642169475574e-10,-2.2778452813721243e-09
Subject07,Stairs,1380.0,0.0902,41.6935,-0.0026080305048229936,7.4027,95.24,0.0101,0.0238,0.0066,0.0289,5.979410711275037e-10,-2.0849441786353075e-09,-5.331002229189714e-10,1.9750924932346107e-10
Subject07,Stairs,1395.0,0.1051,42.122,0.001980773339075592,7.4027,95.24,0.0083,0.0238,0.0066,0.0255,-5.713651782018955e-10,1.2063308417641109e-09,2.1208124733648385e-10,-1.0432835698634045e-10
Subject07,Stairs,1410.0,0.093,43.9792,0.0001626951938168709,7.4027,95.24,0.008,0.0277,0.0072,0.0247,-1.27840630489782e-10,2.3692806855450834e-09,2.2178731867263198e-10,2.796043843273809e-10
Subject07,Stairs,1425.0,0.0954,44.2649,0.0014563586008211609,7.4027,95.24,0.0093,0.0192,0.0062,0.025,1.0154699983796743e-10,-2.7228922841678175e-09,-4.132243887949165e-10,7.623763561821124e-10
Subject07,Walking,360.0,0.359,0.0,0.004856752409289025,3.476,95.24,0.0067,0.0083,0.0059,0.009,-6.721538899182729e-10,3.8143952715240926e-11,-1.9133871448274584e-10,5.878111183523091e-10
Subject07,Walking,375.0,0.8538,8.75,0.0027050169052717007,3.476,95.24,0.0071,0.0102,0.0061,0.0115,2.8122749717161993e-10,7.378993381293514e-10,-3.246352028240836e-14,-6.22302454900501e-10
Subject07,Walking,390.0,0.8715,13.8,-0.0019039530527339662,3.476,95.24,0.0061,0.0092,0.0057,0.0093,-2.1569822213038924e-10,-7.765664820289096e-10,1.3264346706772082e-11,6.799906399817977e-10
Subject07,Walking,405.0,0.8774,12.2,-0.0005964328968220144,3.476,95.24,0.006,0.0087,0.0055,0.0105,9.563118355477802e-11,3.4360606598890757e-10,5.637723725655557e-10,-6.051880602249417e-10
Subject07,Walking,420.0,0.9057,12.0,-0.0007042849627988771,3.476,95.24,0.005,0.0082,0.006,0.009,3.8856544935680256e-11,-2.7506152833050227e-10,-5.182255426208877e-10,7.097832096705638e-10
Subject07,Walking,435.0,0.8931,11.0,0.0013811450290382127,3.476,95.24,0.0059,0.0085,0.0055,0.0102,2.7577696464459763e-11,1.4718058104613364e-10,1.1258994632881755e-11,-7.542578157205172e-10
Subject07,Walking,450.0,0.8861,9.2,-0.001065345752665415,3.476,95.24,0.0052,0.0086,0.0058,0.009,2.85760984749435e-09,-1.5709089963982224e-10,-3.267231105234631e-11,1.22317919067508e-09
Subject07,Walking,465.0,0.9024,8.5,0.0012063856029704988,3.476,95.24,0.0059,0.0081,0.0057,0.0089,-2.9220167311017975e-09,3.9824009592768096e-10,1.167232062420639e-09,-1.226101754572067e-09
Subject07,Walking,480.0,0.876,9.0,-0.0006379621193660112,3.476,95.24,0.005,0.009,0.0054,0.0097,-1.813769858588338e-10,-4.292834065196015e-10,-1.18818712263809e-09,6.226163634894931e-10
Subject07,Walking,495.0,0.9064,8.25,0.0018300432885185141,3.476,95.24,0.0052,0.0079,0.0052,0.0096,1.310845495985286e-10,5.455500094361501e-11,-3.35100850184534e-11,4.4210313197692763e-10
Subject07,Walking,510.0,0.8899,7.6,-0.001659525850112141,3.476,95.24,0.0045,0.0082,0.0053,0.0095,1.5583386133259055e-10,3.364638855683718e-11,1.4855963476256447e-11,-1.0333727043655548e-09
Subject07,Walking,525.0,0.8961,5.6,0.0024074218389892417,3.476,95.24,0.005,0.0085,0.0054,0.0095,-1.190399819206667e-10,-1.0789666651421932e-10,1.769564608252207e-10,1.2795023732790143e-10
Subject07,Walking,540.0,0.8977,5.5,0.0025271402618285213,3.476,95.24,0.005,0.0071,0.0048,0.0094,3.5694658386876265e-11,8.612504914981074e-11,-1.694629252264597e-10,2.785871356400842e-10
Subject07,Walking,555.0,0.9195,6.2,-0.0021474691678664143,3.476,95.24,0.0043,0.0076,0.0047,0.0085,2.9894337044308316e-12,2.4805763959063116e-10,-1.239264152424412e-10,-4.48688968555513e-10
Subject07,Walking,570.0,0.9114,4.2,0.00146581745203216,3.476,95.24,0.0044,0.0077,0.0055,0.0086,2.9168365902535875e-11,-3.221797344857808e-10,2.445395852032865e-10,1.3125514457895676e-09
Subject07,Walking,585.0,0.9077,5.4,-0.001123255678395138,3.476,95.24,0.0051,0.0074,0.0048,0.0096,3.449309630730024e-11,2.1732560272703905e-10,-1.322964991423196e-10,-1.3566493143704728e-09
Subject07,Walking,600.0,0.9128,5.0,0.0008729363836204295,3.476,95.24,0.0046,0.0074,0.0047,0.0087,-4.928447550625918e-11,2.9878060846401127e-10,1.12079079474306e-11,1.2820214205083225e-10
Subject07,Walking,615.0,0.9268,6.4,-0.0028328972158306776,3.476,95.24,0.0046,0.0075,0.0046,0.0087,-2.3252507723877558e-11,1.5524696920766441e-09,1.4428296960922273e-09,-3.007984807280359e-11
Subject07,Walking,630.0,0.907,4.6,0.004439809180124731,3.476,95.24,0.0045,0.0077,0.0048,0.0096,-6.504578570195238e-11,-2.0364489243500933e-09,-1.4470076543446212e-09,5.036312361165593e-10
Subject07,Walking,645.0,0.9087,3.75,0.0031126256670444157,3.476,95.24,0.0049,0.0072,0.0047,0.0088,-1.2674743585421319e-10,1.444709522643502e-10,4.216968479723454e-12,3.1592572575056786e-10
Subject07,Walking,660.0,0.9155,5.6,-0.0032385775075728274,3.476,95.24,0.0043,0.0076,0.0044,0.0085,1.6771984717214286e-10,3.211723285152794e-10,3.999979335555064e-10,-8.486181537081666e-10
Subject07,Walking,675.0,0.908,1.8,0.0019538637333901447,3.476,95.24,0.0043,0.0076,0.0046,0.0082,3.3592761530881307e-11,-5.293624552160843e-10,-3.5247393674403544e-10,1.3031747919073021e-10
Subject07,Walking,690.0,0.9033,5.4,0.001399408174126211,3.476,95.24,0.0043,0.0074,0.0042,0.0089,-1.414952778453662e-10,4.943300805284207e-11,-2.049408962475633e-11,2.692516655437393e-10
Subject07,Walking,705.0,0.9142,6.0,0.0013143063773973852,3.476,95.24,0.005,0.0074,0.0047,0.009,3.769413212481415e-10,8.033672375649365e-11,5.3129842195344984e-11,2.2811311553986074e-10
Subject07,Walking,720.0,0.6365,5.3333,-0.0026410467573092116,2.746,95.24,0.0031,0.0069,0.0038,0.0085,-2.6676143795468465e-10,7.324759436786004e-10,3.4569063496424016e-10,-4.4290006100245093e-10
Subject07,Walking,735.0,0.636,2.0,0.002605439063462905,2.746,95.24,0.003,0.006,0.0033,0.0081,-7.194916732493615e-12,-7.94139022338371e-11,5.178678285465121e-10,-1.8939440873124076e-10
Subject07,Walking,750.0,0.6399,1.0,-0.00150720879166697,2.746,95.24,0.0028,0.007,0.0034,0.0079,1.643150943511551e-11,3.418333046769696e-10,-6.392963138913942e-10,8.888115399178703e-11
Subject07,Walking,765.0,0.6928,0.0,0.0013914855650453387,2.746,95.24,0.0031,0.0062,0.0034,0.0078,1.3410708101100006e-09,-9.989874773052673e-10,-3.186574282813386e-10,9.721342642550741e-10
Subject07,Walking,780.0,0.6739,2.8,0.002532486719749529,2.746,95.24,0.0035,0.0065,0.0034,0.0067,-1.3218696253756502e-09,-1.014829074673409e-10,6.320080938225177e-12,-2.965497872185622e-10
Subject07,Walking,795.0,0.6631,2.8,-0.0016677465671677885,2.746,95.24,0.0037,0.0061,0.004,0.0074,-2.9373144296359475e-11,3.8936829636361063e-10,1.2373404245010115e-09,-7.530418854037189e-10
Subject07,Walking,810.0,0.6742,2.5,-0.0030386421312274445,2.746,95.24,0.0034,0.0058,0.0036,0.0067,3.136733476782612e-11,-2.323897729682055e-10,-1.212341853830122e-09,-3.634506797433601e-11
Subject07,Walking,825.0,0.6702,5.6667,0.003709131033878929,2.746,95.24,0.0034,0.0059,0.0036,0.0072,-3.7917690508451587e-11,-1.5141781607395107e-10,6.667938020813112e-12,3.5642479898406926e-10
Subject07,Walking,840.0,0.6889,5.25,-0.0019522340677209616,2.746,95.24,0.0036,0.0057,0.0036,0.007,1.3392329064646476e-11,4.016817614894399e-10,6.49179737219465e-10,-3.6660177707501793e-10
Subject07,Walking,855.0,0.6838,2.4,-0.0019113133602180704,2.746,95.24,0.0031,0.006,0.0033,0.0069,1.8598568539665464e-09,-4.3659248076869623e-10,-6.896513357918534e-10,8.981211828333411e-10
Subject07,Walking,870.0,0.678,3.0,0.0019860563815385004,2.746,95.24,0.0036,0.0062,0.0039,0.0085,-1.8378902120931206e-09,6.101679689100203e-10,8.212743270188972e-11,-8.275401772070298e-10
Subject07,Walking,885.0,0.6876,4.4,-0.0011644009244933457,2.746,95.24,0.0034,0.0057,0.0037,0.0069,-3.15500572823951e-11,6.591451738207843e-10,1.6630586828342073e-10,4.439010691625608e-11
Subject07,Walking,900.0,0.6861,1.6667,-0.0018803407844369584,2.746,95.24,0.0037,0.0063,0.0036,0.0073,3.7509760335401684e-11,-7.630548919810911e-10,-5.732529728532095e-11,-9.6254098678169e-11
Subject07,Walking,915.0,0.6764,1.8,0.002569315164876788,2.746,95.24,0.0034,0.0058,0.0034,0.006,-3.3152666054882455e-11,-3.745847543901337e-10,-1.4571683190703844e-10,-7.031985391895538e-12
Subject07,Walking,930.0,0.708,3.4,-0.0024868338271165765,2.746,95.24,0.0034,0.0056,0.0033,0.0063,6.281334175215349e-11,-5.549802743513255e-11,-3.6162179060999153e-11,1.427240184217111e-10
Subject07,Walking,945.0,0.6862,2.6,0.002846552214233186,2.746,95.24,0.0037,0.0059,0.0036,0.0083,-1.4237033296260337e-11,9.751627859365773e-11,-1.5679749512857166e-12,-1.1131274857512882e-10
Subject07,Walking,960.0,0.6707,4.25,0.0014200184008040196,2.746,95.24,0.0032,0.0056,0.0034,0.0058,-1.0807194250287957e-10,-1.3616110980700946e-10,4.8790903301591064e-11,1.2342582733206753e-10
Subject07,Walking,975.0,0.6946,6.4,0.0019197756713174837,2.746,95.24,0.0037,0.0059,0.0034,0.0063,4.995404438740559e-11,4.592856802876515e-10,1.6115702298701302e-10,1.635468846530388e-11
Subject07,Walking,990.0,0.6791,7.6,-0.00161363759385134,2.746,95.24,0.0039,0.0064,0.0037,0.0075,3.4083199548141235e-11,5.580854648284486e-10,2.1550338964337983e-10,-3.0662478548299406e-11
Subject07,Walking,1005.0,0.669,5.8,-0.0007649357709427114,2.746,95.24,0.0035,0.0061,0.0038,0.008,-1.4155194118639409e-11,-2.9625832993994263e-10,5.16203709348317e-10,-7.436921464458645e-11
Subject07,Walking,1020.0,0.668,6.0,0.0025692661201117692,2.746,95.24,0.0037,0.0064,0.0037,0.0073,-1.6723860256961073e-11,-6.561243955160292e-10,-8.600529371249319e-10,1.5565405509200019e-10
Subject07,Walking,1035.0,0.6703,5.1667,-0.0021638673684313383,2.746,95.24,0.0041,0.0058,0.0038,0.0068,1.0170770806833263e-10,-4.1911651522187686e-11,-6.716282871481712e-11,-5.628343161774322e-11
Subject07,Walking,1050.0,0.6753,3.75,-0.001478052604047885,2.746,95.24,0.0035,0.0063,0.0039,0.0068,-9.181507944410232e-11,1.3938735245099073e-10,9.749788681895034e-11,-8.031006156095847e-11
Subject07,Walking,1065.0,0.6649,4.4,0.0016944852989270595,2.746,95.24,0.0037,0.0063,0.0033,0.0073,1.0045723546067453e-11,7.389655322383727e-10,8.839177697309344e-10,-3.584530923261933e-11
Subject07,Walking,1080.0,0.43,2.6,-0.0015612915944280537,2.2496,95.24,0.0028,0.0057,0.0025,0.0063,-1.814496891729426e-11,-8.753655597765356e-10,-9.861008845559031e-10,1.01857461166176e-09
Subject07,Walking,1095.0,0.3626,0.2,0.0017605783242191915,2.2496,95.24,0.003,0.006,0.0023,0.0071,-8.022419364196638e-12,-4.2628905551387155e-12,4.177251557744907e-11,-5.676161506299446e-10
Subject07,Walking,1110.0,0.3593,0.6,0.0013859328378930742,2.2496,95.24,0.0023,0.006,0.0024,0.006,-1.2073953301227335e-11,1.1053443128389087e-12,-4.901798126896579e-12,-3.9645992564950886e-10
Subject07,Walking,1125.0,0.4001,1.4,-0.001225826778610461,2.2496,95.24,0.0038,0.006,0.003,0.0068,9.168199407753226e-11,1.3126367993559983e-09,3.3567013222480557e-12,1.030642171482917e-11
Subject07,Walking,1140.0,0.3318,0.2,-0.001677063982847022,2.2496,95.24,0.005,0.0065,0.004,0.0061,-1.5872388944301883e-11,5.3662828041121956e-11,7.895843897424131e-10,4.9198800305137836e-11
Subject07,Walking,1155.0,0.3737,0.4,0.0029613814383369595,2.2496,95.24,0.0032,0.0057,0.0026,0.0064,-1.459666909487164e-11,-9.785259646259184e-10,-8.282895976596022e-10,-1.695793517325847e-10
Subject07,Walking,1170.0,0.3845,3.0,0.0018310068381378439,2.2496,95.24,0.0025,0.0055,0.0024,0.0049,-5.216656701586485e-11,-2.414432448134631e-10,4.6505617011927887e-10,1.6243093477670737e-11
Subject07,Walking,1185.0,0.4032,2.4,-0.0013907360124501755,2.2496,95.24,0.0023,0.0053,0.0024,0.005,3.172884199298618e-11,-9.104887936602541e-11,-4.307204119150556e-10,5.898905503559614e-11
Subject07,Walking,1200.0,0.4212,3.0,-0.002411885730150308,2.2496,95.24,0.0024,0.0051,0.0024,0.0056,5.980073016207857e-11,-2.1995487435249938e-11,-1.7897033883682675e-12,4.733987718181977e-10
Subject07,Walking,1215.0,0.3948,2.4,0.0012845671611762856,2.2496,95.24,0.0037,0.0057,0.0026,0.006,7.037719434172263e-12,3.7794565806795727e-10,3.006732428440899e-10,-4.654304721447898e-10
Subject07,Walking,1230.0,0.4089,1.75,0.0011163644622834332,2.2496,95.24,0.0025,0.005,0.002,0.006,-8.003215104893203e-11,-2.020708139661778e-10,-3.280169174402638e-10,-1.1478508106171212e-10
Subject07,Walking,1245.0,0.3927,2.0,-0.0009957916137339766,2.2496,95.24,0.0019,0.0052,0.0019,0.0067,3.811645111991459e-11,2.671202218260134e-10,-2.533888376785356e-11,4.675860170357919e-11
Subject07,Walking,1260.0,0.3843,0.2,0.0033330172092773604,2.2496,95.24,0.0022,0.0051,0.0026,0.0063,1.1471762300276115e-11,-4.408412614440351e-10,1.5898548425387146e-11,3.2577874170106566e-10
Subject07,Walking,1275.0,0.3873,1.25,-0.0034123656770783492,2.2496,95.24,0.0023,0.0047,0.002,0.0058,-8.385216240888912e-11,2.1591332893576928e-10,4.916355269613042e-10,-3.251616575645035e-10
Subject07,Walking,1290.0,0.4168,-2.0,0.006168736783058543,2.2496,95.24,0.0026,0.0055,0.0023,0.0057,4.642263168759961e-11,-2.5550118142867997e-10,-4.391031307800493e-10,1.4850230741886803e-10
Subject07,Walking,1305.0,0.3965,2.6,-0.0035988333706821318,2.2496,95.24,0.0023,0.0048,0.0025,0.0052,-3.442915797733813e-11,5.6378912158865506e-11,1.0717736486096897e-11,1.5404965455047873e-12
Subject07,Walking,1320.0,0.4159,0.5,0.0018311048579570009,2.2496,95.24,0.0026,0.0049,0.0022,0.0062,5.25407641465265e-11,3.822207135431481e-10,-3.776146573709952e-11,-1.531782775835845e-10
Subject07,Walking,1335.0,0.4317,1.0,-0.0024271605719451044,2.2496,95.24,0.0028,0.0048,0.0024,0.005,-2.59651679756186e-11,-1.302640219284511e-10,5.77020908642403e-10,2.035649742292736e-11
Subject07,Walking,1350.0,0.4427,-0.5,0.0026417315321095357,2.2496,95.24,0.0024,0.0048,0.0021,0.0061,1.1133994458783206e-11,4.399008443917403e-10,-6.071981680673065e-10,5.066354925059332e-10
Subject07,Walking,1365.0,0.385,-0.75,-0.002296100067413597,2.2496,95.24,0.0026,0.0056,0.002,0.005,-3.3316242348397866e-11,-6.353509810559936e-11,9.068023858552034e-11,-5.261331414767681e-10
Subject07,Walking,1380.0,0.4309,0.8,0.0018567427011999661,2.2496,95.24,0.0021,0.0056,0.0022,0.0055,2.321992670578038e-10,-6.744425683041647e-10,-3.3568684798621255e-11,6.751451141797304e-10
Subject07,Walking,1395.0,0.4159,1.4,-0.0013101824448862828,2.2496,95.24,0.0024,0.0055,0.0022,0.0054,-1.71095642958586e-10,2.7586888175315355e-10,-3.2034504270423534e-11,-1.97448501764357e-10
Subject07,Walking,1410.0,0.4182,2.0,0.0028087490887391525,2.2496,95.24,0.0024,0.0042,0.002,0.0058,-2.3934049991630525e-11,-2.9462934778066145e-11,-2.496732499619686e-11,-5.071009238142467e-10
Subject07,Walking,1425.0,0.4072,2.5,-0.0033637712044548474,2.2496,95.24,0.0025,0.0057,0.0021,0.0055,-1.184598370040061e-11,1.0418774911072265e-11,2.30273354808227e-11,5.892270824591082e-10
Subject08,Backwards,360.0,0.3234,8.727,0.007915528101915707,2.2197,65.76,0.0113,0.0106,0.0109,0.0134,1.7538162942416643e-10,-1.3768225411727354e-10,-4.842049900402072e-10,3.3301462411938967e-10
Subject08,Backwards,375.0,0.3385,17.7556,-0.0035824327654403448,2.2197,65.76,0.0077,0.0118,0.0106,0.0133,-6.55864711161026e-10,1.1546656322335482e-09,1.2086306071337042e-09,-3.0734771806044464e-10
Subject08,Backwards,390.0,0.3339,17.7556,0.0046487037732807195,2.2197,65.76,0.009,0.0112,0.0086,0.0126,1.5730908518459791e-09,-1.2754617769813739e-09,-1.3871087868575758e-09,5.936392671552652e-10
Subject08,Backwards,405.0,0.3279,15.3556,-0.0036855505500682615,2.2197,65.76,0.0089,0.0114,0.0093,0.0124,-1.6196513708086435e-09,1.215369279122171e-09,6.738600189177747e-11,-3.7889204496316837e-10
Subject08,Backwards,420.0,0.3158,12.5556,0.0031842964723556525,2.2197,65.76,0.0077,0.0102,0.01,0.0106,1.3411020979157935e-10,9.602495779119077e-11,8.030797789496555e-11,4.430311669170111e-10
Subject08,Backwards,435.0,0.3168,12.3556,0.0013152560738654688,2.2197,65.76,0.0102,0.0097,0.009,0.0097,7.08709313874982e-11,-1.078955713614327e-09,3.025074955587859e-10,-5.638254910270736e-10
Subject08,Backwards,450.0,0.3059,11.5556,-0.0017496242658904698,2.2197,65.76,0.0089,0.0099,0.0073,0.01,-1.8316613942402798e-10,1.2932953313548002e-09,-4.780267358958297e-10,1.295498477558108e-10
Subject08,Backwards,465.0,0.3071,13.3556,0.0038184975090315067,2.2197,65.76,0.0087,0.0105,0.0075,0.0106,2.779148309580947e-11,-1.3877873495960918e-09,4.1233733153660683e-10,-2.5655945018748676e-10
Subject08,Backwards,480.0,0.3064,11.1556,-0.005780200001688229,2.2197,65.76,0.0099,0.0101,0.0079,0.0105,-6.332805174960146e-11,1.0263611544460874e-09,-2.0822863588400987e-10,2.1726296200674314e-11
Subject08,Backwards,495.0,0.3053,10.9889,0.003906257659611002,2.2197,65.76,0.0077,0.0106,0.0072,0.0096,1.0884607692574243e-10,-2.014359047018965e-10,1.8952525516747409e-10,-1.9554710892360893e-10
Subject08,Backwards,510.0,0.3146,11.3556,-0.002129257078541149,2.2197,65.76,0.0068,0.0095,0.0064,0.0079,4.66215433101782e-10,-8.676508330691731e-10,-3.50809856287887e-10,1.6527164228599427e-09
Subject08,Backwards,525.0,0.3096,11.9556,0.0018180132256244092,2.2197,65.76,0.0092,0.0088,0.0071,0.0101,-2.384837877881447e-10,-8.137367001706786e-11,6.695712026745913e-12,-9.028546527128124e-10
Subject08,Backwards,540.0,0.2977,10.4889,-0.005710787474029885,2.2197,65.76,0.0067,0.0082,0.006,0.0087,2.8786578600970054e-11,2.1888667667109017e-12,1.3771603281059065e-10,-6.085266999493734e-10
Subject08,Backwards,555.0,0.2932,9.6556,0.0031209155525053355,2.2197,65.76,0.0065,0.0085,0.0066,0.0083,2.2103380061886254e-11,1.734258726063062e-10,-1.4050132398149834e-10,2.887065931642422e-10
Subject08,Backwards,570.0,0.3093,12.3222,0.0032580361928697117,2.2197,65.76,0.0059,0.0081,0.0047,0.0088,1.550567992347938e-10,-1.5075113034767442e-10,-4.253913632141643e-12,-3.5683873393017054e-10
Subject08,Backwards,585.0,0.302,12.8222,-0.002433477497654643,2.2197,65.76,0.0047,0.0088,0.0055,0.0078,-9.291437113048685e-11,-3.518128510446459e-11,1.5500920176243114e-11,1.7103611477701664e-10
Subject08,Backwards,600.0,0.2963,17.1556,0.005017091526016355,2.2197,65.76,0.0052,0.0087,0.0035,0.0074,-4.901492781876282e-10,1.6179093000278208e-09,-5.644151676769061e-11,3.4796332679383885e-10
Subject08,Backwards,615.0,0.2963,16.3222,-0.007536927913633455,2.2197,65.76,0.004,0.008,0.0032,0.0072,2.6882270488354084e-10,-1.6733888614143085e-09,8.032299171879153e-11,2.0081251426675744e-09
Subject08,Backwards,630.0,0.2948,12.3556,0.009391853380082625,2.2197,65.76,0.0065,0.0089,0.0043,0.0084,-1.1024078559600715e-10,4.356964513584859e-11,4.884498634144887e-10,-2.5319496185464924e-09
Subject08,Backwards,645.0,0.2978,12.9556,-0.006562259320496426,2.2197,65.76,0.0065,0.009,0.0055,0.0084,-7.980919812518657e-11,1.5918734642727255e-09,-3.9273336081598997e-10,3.403256633407105e-10
Subject08,Backwards,660.0,0.2715,7.1556,0.004530935492960352,2.2197,65.76,0.0053,0.0091,0.0049,0.009,1.3556763320542623e-12,-1.5202679862970965e-09,-5.199032878328274e-11,1.1339358770077603e-09
Subject08,Backwards,675.0,0.2887,6.9556,-0.007373420091418048,2.2197,65.76,0.0067,0.0084,0.0044,0.0088,2.1939755016180504e-10,1.1244775213508769e-09,-2.468096820207115e-11,-1.2452561820295156e-09
Subject08,Backwards,690.0,0.305,6.9556,0.0033888252354039457,2.2197,65.76,0.005,0.008,0.005,0.0094,-2.45155745595528e-10,-1.0274580971433484e-09,5.687696533375518e-11,1.1050078974335409e-09
Subject08,Backwards,705.0,0.2799,9.9889,-0.004089701633455448,2.2197,65.76,0.0051,0.0091,0.0044,0.0092,2.889593516563562e-10,-9.318878595212164e-11,-1.4247208680483332e-10,6.673882296314705e-11
Subject08,Backwards,720.0,0.1325,9.3556,-0.0052011238786206495,1.6366,65.76,0.0053,0.009,0.0037,0.0066,-2.976815116229238e-10,-1.053679538091069e-11,7.039673240040414e-11,-3.5316465027239624e-10
Subject08,Backwards,735.0,0.1412,4.7556,0.00337339325459003,1.6366,65.76,0.0055,0.0083,0.0043,0.0073,6.886653403120382e-10,-1.3386825950625602e-10,-6.015518276844628e-11,-8.165372932381487e-10
Subject08,Backwards,750.0,0.1386,5.3556,-0.002869278162356113,1.6366,65.76,0.0051,0.0079,0.003,0.0071,-6.958349676473432e-10,1.9644113425165103e-10,3.1938092463049756e-10,-1.7473336008424705e-10
Subject08,Backwards,765.0,0.1385,1.5556,0.0041196538323807624,1.6366,65.76,0.004,0.0072,0.0033,0.007,-5.1468572666808206e-11,2.6598428779150917e-10,-3.409760914603615e-10,-3.29421078696514e-11
Subject08,Backwards,780.0,0.1319,5.1556,-0.0024599801086702456,1.6366,65.76,0.0031,0.0079,0.0027,0.0071,2.199812422022285e-10,8.999108049011594e-12,-8.300606192137282e-11,3.762114650925482e-12
Subject08,Backwards,795.0,0.1487,11.5556,0.005610197820285003,1.6366,65.76,0.0032,0.0077,0.0031,0.0078,1.047000282563486e-10,-4.208458313407824e-10,3.953089095989534e-10,9.07437316261267e-10
Subject08,Backwards,810.0,0.1524,14.5556,-0.004060238817529994,1.6366,65.76,0.0029,0.0077,0.003,0.0062,-1.4305843082303174e-10,-2.763689116816116e-11,-3.297815005718139e-10,-3.767264880688086e-10
Subject08,Backwards,825.0,0.1407,7.6556,0.0017782270422942443,1.6366,65.76,0.0037,0.008,0.004,0.0081,4.928468434021903e-10,-1.4896000587244222e-10,1.8107109173429632e-11,6.265523053358331e-10
Subject08,Backwards,840.0,0.1418,8.7556,0.003951503053775226,1.6366,65.76,0.004,0.0088,0.004,0.0079,-5.924271372492327e-10,6.513713586688429e-10,4.473099096219939e-10,-1.0979474097620573e-09
Subject08,Backwards,855.0,0.1354,7.1556,0.0032840703072190822,1.6366,65.76,0.0046,0.0083,0.0032,0.0081,3.9108670815365984e-10,-4.381339675512026e-10,-4.266076877603278e-10,1.5942585947645243e-09
Subject08,Backwards,870.0,0.1356,5.5556,-0.005733995427751803,1.6366,65.76,0.0034,0.0082,0.0034,0.0078,-4.078857222066449e-10,1.1455093525948285e-09,-5.615177564698863e-11,-1.6568117174682251e-09
Subject08,Backwards,885.0,0.1274,2.1556,0.00815142503828718,1.6366,65.76,0.0029,0.0082,0.0024,0.0063,-2.4958149163076824e-11,-2.058364739311184e-10,4.2655523482112363e-11,3.3213723154100586e-10
Subject08,Backwards,900.0,0.1311,10.7556,-0.004538616648541644,1.6366,65.76,0.0034,0.0073,0.0028,0.0075,1.6772478932271196e-10,-7.511882920208515e-10,-1.7056192996495197e-11,-3.7488746441000944e-11
Subject08,Backwards,915.0,0.145,5.1556,-0.005525800671150183,1.6366,65.76,0.0038,0.0094,0.003,0.0087,-1.5326806938136128e-10,5.186072465885454e-10,1.682500120987431e-11,-2.917675327457072e-10
Subject08,Backwards,930.0,0.1356,4.3556,0.003665113127169567,1.6366,65.76,0.0034,0.0092,0.0039,0.0065,-2.6877127386734167e-12,-3.6558729407966393e-10,1.0400309671194904e-11,-1.3028537676659143e-10
Subject08,Backwards,945.0,0.1338,7.3556,-0.0072514085752107115,1.6366,65.76,0.0028,0.0078,0.003,0.0074,1.656655513056124e-11,6.892742812472395e-11,-4.9532830496007327e-11,1.799934958596576e-11
Subject08,Backwards,960.0,0.1411,3.6556,0.006696312340194911,1.6366,65.76,0.0032,0.0073,0.0029,0.0072,3.0442123791384777e-10,-3.496353823851108e-10,4.987957597357257e-11,7.119001318807623e-11
Subject08,Backwards,975.0,0.1417,11.1556,-0.0036286057804296033,1.6366,65.76,0.0032,0.0093,0.0038,0.0085,-3.0487280269680294e-10,5.366102025365933e-10,3.4593816372195543e-10,1.8044647725785043e-10
Subject08,Backwards,990.0,0.142,8.6556,0.002007714288169382,1.6366,65.76,0.0032,0.0084,0.0031,0.0084,-1.5782030704175723e-11,3.5495066317665665e-10,2.5888670839602674e-10,-2.57125015006133e-10
Subject08,Backwards,1005.0,0.1323,9.9556,0.0040931616941938375,1.6366,65.76,0.0027,0.0086,0.0029,0.0073,1.723301849876959e-11,-9.769527184250123e-10,-6.224213481794917e-10,3.833642343540142e-10
Subject08,Backwards,1020.0,0.1298,10.8222,0.004617023561961784,1.6366,65.76,0.004,0.0077,0.0027,0.0061,3.88372158559387e-11,7.020371264899519e-10,7.073330430678488e-11,7.134901829015558e-11
Subject08,Backwards,1035.0,0.1332,12.3556,-0.00958515029565126,1.6366,65.76,0.0033,0.0084,0.0023,0.0064,6.935985868569251e-10,-7.237322541330181e-10,-2.1838474110409787e-11,-8.593475830451604e-11
Subject08,Backwards,1050.0,0.1338,4.7556,0.008982630800184544,1.6366,65.76,0.0031,0.0088,0.0022,0.0061,-7.214896707087661e-10,1.2375897359730698e-10,-2.998421527150668e-11,3.8065346503267813e-10
Subject08,Backwards,1065.0,0.1246,6.3556,0.006153274597383205,1.6366,65.76,0.0036,0.0083,0.0035,0.0082,2.4701866361780282e-11,-7.468439690294868e-11,-9.739442803040165e-12,-1.241422484243036e-10
Subject08,Cycling,360.0,0.5401,6.6909,0.005391721510049888,5.5294,65.76,0.0288,0.0122,0.0129,0.0212,2.5147034296947387e-09,-1.3924297692471516e-09,2.228158444411556e-10,-8.519127282426281e-10
Subject08,Cycling,375.0,0.5734,19.2909,-0.0016953084644268455,5.5294,65.76,0.0307,0.0099,0.0123,0.0226,-2.744503222396311e-09,1.355316800194117e-11,-3.02330369701356e-10,9.594482872887262e-10
Subject08,Cycling,390.0,0.5511,21.3576,-0.002465805527100908,5.5294,65.76,0.0312,0.0097,0.0109,0.0191,5.371551384654511e-09,5.307230657605022e-10,2.801421614254925e-10,-1.3236899457823624e-10
Subject08,Cycling,405.0,0.5409,19.6909,-0.0022239947066328624,5.5294,65.76,0.0285,0.0116,0.0093,0.0207,2.175769879670122e-09,9.637953997736047e-10,1.0372009551146557e-10,-1.4385505050034654e-10
Subject08,Cycling,420.0,0.5415,23.0242,0.002513364870900001,5.5294,65.76,0.028,0.0152,0.0131,0.02,-7.023219475552562e-09,-1.3034694484688811e-09,4.054952762141006e-09,3.232626010382134e-09
Subject08,Cycling,435.0,0.4706,25.5242,-0.0014989474356108257,5.5294,65.76,0.0307,0.0131,0.0092,0.0201,5.18768111579458e-09,3.3068537485312984e-10,-4.157442348045505e-09,-3.214697906177975e-09
Subject08,Cycling,450.0,0.4944,24.8909,-0.0023641539885810225,5.5294,65.76,0.0236,0.0128,0.0086,0.0202,-4.718239311768766e-09,1.3054330923781513e-09,-1.7932796893789094e-10,3.531733858262975e-10
Subject08,Cycling,465.0,0.5082,24.6909,-0.0021660330998034545,5.5294,65.76,0.0249,0.0133,0.0118,0.018,-3.3933425425653114e-10,4.693758396021923e-11,1.1209085676694265e-10,4.465556270993628e-11
Subject08,Cycling,480.0,0.4779,24.5481,0.001585481785853884,5.5294,65.76,0.0248,0.0139,0.0108,0.0193,-2.133334603937002e-10,-8.824099709645471e-10,1.5499584050392445e-09,2.3453168225396143e-09
Subject08,Cycling,495.0,0.497,27.6909,0.001290253017513731,5.5294,65.76,0.0187,0.0225,0.0075,0.029,1.8282642928772777e-10,-6.709984622884766e-10,-5.594799221631073e-10,5.160446415154093e-09
Subject08,Cycling,510.0,0.4396,32.3576,-0.0029765122770648825,5.5294,65.76,0.0181,0.0224,0.0073,0.0332,-4.68166893461506e-10,4.418782153553797e-10,-1.2415044391834406e-09,-4.801862818793983e-09
Subject08,Cycling,525.0,0.4609,30.6909,-0.002088755007513751,5.5294,65.76,0.0193,0.0215,0.0109,0.0284,1.3928096340101122e-10,-7.067825965356939e-10,3.7097931919701294e-10,-2.716180104323342e-09
Subject08,Cycling,540.0,0.4599,30.8576,0.0013146164860378927,5.5294,65.76,0.0181,0.0223,0.0135,0.0283,3.2620920825946155e-10,2.028089220929497e-11,1.2163596512527884e-09,3.0005715674598544e-09
Subject08,Cycling,555.0,0.4466,31.0242,-0.0021979705646290515,5.5294,65.76,0.0169,0.0217,0.0134,0.0265,-4.218817388262756e-10,9.509042525553125e-10,-1.5152272786117929e-09,-7.081699172233368e-10
Subject08,Cycling,570.0,0.4653,30.8576,0.0023311528635263767,5.5294,65.76,0.0188,0.0237,0.0113,0.0311,-1.1286477082090379e-11,2.079576452035717e-09,2.4959442053356004e-10,7.875150021315432e-11
Subject08,Cycling,585.0,0.4184,33.6909,0.002125397093895696,5.5294,65.76,0.0191,0.0214,0.0145,0.0308,4.796213164672621e-10,-3.2717558397552058e-09,8.070528287998252e-10,-2.784040652079689e-09
Subject08,Cycling,600.0,0.4355,33.5242,-0.00208160953381813,5.5294,65.76,0.0228,0.0231,0.0158,0.0271,4.661291353749751e-09,1.4501271960720445e-09,-7.649586245014409e-10,-3.555908231781728e-10
Subject08,Cycling,615.0,0.44,29.0242,-0.0019641336151523026,5.5294,65.76,0.0265,0.0213,0.015,0.0291,-4.736574738648003e-09,-1.1297090556336564e-09,3.8415626729361006e-09,2.6782059171575125e-09
Subject08,Cycling,630.0,0.4644,30.2623,0.0014632244571157543,5.5294,65.76,0.0275,0.0114,0.0149,0.0199,2.1774556895601223e-10,-8.271300151466266e-11,-3.727184349414026e-09,-2.73395980972233e-09
Subject08,Cycling,645.0,0.4967,31.0242,-0.0020123147597591196,5.5294,65.76,0.0248,0.0139,0.0146,0.0251,-1.52633855301496e-10,4.227411821601193e-10,9.82248176436502e-10,4.678886315403751e-09
Subject08,Cycling,660.0,0.5058,35.2909,0.0027739447753516917,5.5294,65.76,0.0313,0.013,0.0174,0.0207,1.672159173734642e-09,6.556405163958193e-10,-1.3123823102095293e-09,-4.1268073035625884e-09
Subject08,Cycling,675.0,0.5132,33.5242,-0.004316625989720523,5.5294,65.76,0.0212,0.0106,0.0118,0.0217,-2.5172509525143663e-10,8.400661844050005e-10,5.871836044200078e-11,1.880956946919098e-10
Subject08,Cycling,690.0,0.4846,31.8576,0.0009253813106375978,5.5294,65.76,0.0204,0.0136,0.0167,0.0192,1.0743491146138582e-09,-1.8121007450708196e-09,1.3981885022007358e-10,-7.616213727334624e-10
Subject08,Cycling,705.0,0.4725,31.9766,0.0013944046821814467,5.5294,65.76,0.0186,0.0107,0.0145,0.0144,-2.3556087137721174e-09,-2.784531894071695e-10,2.150437361712824e-09,1.961419304915764e-09
Subject08,Cycling,720.0,0.2446,30.5242,-0.0013195194162766676,4.5208,65.76,0.0104,0.0127,0.0093,0.0195,-2.466675581901675e-10,-4.902771706168853e-11,-2.014087428298822e-09,-2.009456212390858e-09
Subject08,Cycling,735.0,0.26,27.6909,-0.0019351710481218818,4.5208,65.76,0.0096,0.0125,0.0096,0.0189,-1.1769238603642912e-10,-2.978932037231509e-11,-3.153546123322941e-10,2.2941710091983792e-10
Subject08,Cycling,750.0,0.2528,28.4052,0.002429252437321653,4.5208,65.76,0.0066,0.011,0.0105,0.0188,1.7263025369289558e-09,2.072715540957341e-09,7.205449135887325e-11,-3.5994297628767205e-11
Subject08,Cycling,765.0,0.2576,31.3576,-0.001480508230674352,4.5208,65.76,0.0071,0.0111,0.008,0.0165,-1.5925904895415402e-09,-1.6040819494058003e-09,3.022570648384992e-10,2.014018627967119e-09
Subject08,Cycling,780.0,0.2655,31.0242,0.002626481850239251,4.5208,65.76,0.01,0.0082,0.0056,0.0138,-6.067326966477166e-11,-3.051723829050133e-10,3.699817188798154e-10,-1.7151618483100339e-09
Subject08,Cycling,795.0,0.2734,34.0242,-0.003488013258025502,4.5208,65.76,0.0101,0.0096,0.0067,0.0136,2.1692316938214907e-09,1.5205892102052505e-10,-6.185833409109895e-10,-1.6083621877669358e-10
Subject08,Cycling,810.0,0.2757,31.1909,-0.0011731208566221746,4.5208,65.76,0.013,0.0078,0.0069,0.014,-2.1761828431316922e-09,-1.2859876473129178e-10,5.654659698202133e-10,-1.6442318202412056e-10
Subject08,Cycling,825.0,0.2677,30.0242,-0.00319792339657508,4.5208,65.76,0.012,0.0083,0.0085,0.013,2.762369037077028e-09,1.944639970213754e-09,-7.398907369525705e-10,1.6007551937692124e-10
Subject08,Cycling,840.0,0.2724,29.5242,0.004210618519274155,4.5208,65.76,0.0154,0.0084,0.007,0.0131,-2.7174254457725892e-09,-1.92571027577556e-09,1.3381399108297638e-09,3.1383164232353645e-09
Subject08,Cycling,855.0,0.2659,32.4052,-0.001816862441241265,4.5208,65.76,0.0143,0.0084,0.0072,0.0146,3.0553539092600683e-10,-1.231877967566907e-10,-1.2297836180191064e-09,-2.625392567677398e-09
Subject08,Cycling,870.0,0.2556,31.6909,0.0027179278286066713,4.5208,65.76,0.0141,0.0087,0.0084,0.0132,1.0816187604249377e-09,4.770892890933018e-10,9.842604106346516e-11,-5.6989110022527e-10
Subject08,Cycling,885.0,0.2667,33.6909,-0.0016817987573280273,4.5208,65.76,0.0119,0.0088,0.008,0.0137,-1.2663553876777666e-09,-4.94245747307754e-10,-5.629363720136097e-11,2.2992603011903524e-10
Subject08,Cycling,900.0,0.2719,31.8576,0.0025521635304596646,4.5208,65.76,0.0159,0.0072,0.0091,0.0127,5.146054099182913e-10,-6.928245228401544e-11,5.2307056661311015e-12,-4.458797115481556e-10
Subject08,Cycling,915.0,0.2702,34.5242,-0.004966566542444229,4.5208,65.76,0.0132,0.0069,0.0113,0.0103,-7.263377745447052e-10,1.4747755656836917e-10,2.1320259443442742e-09,2.6358734207869278e-09
Subject08,Cycling,930.0,0.271,30.3576,-0.0017171062973987937,4.5208,65.76,0.0132,0.0075,0.0109,0.0111,-2.260065916232267e-11,4.51955447752725e-10,-2.2616232524114376e-09,-2.144006561842153e-09
Subject08,Cycling,945.0,0.2661,30.0242,-0.0030947083348452586,4.5208,65.76,0.0143,0.0085,0.0073,0.0137,8.279678770154664e-11,-3.798332799227641e-10,4.1368005088188365e-10,3.2522686533240447e-09
Subject08,Cycling,960.0,0.2764,29.9766,0.004600930609031722,4.5208,65.76,0.0157,0.0081,0.0073,0.014,1.3945795767415672e-09,-1.3825339881985577e-10,-3.4792634768502037e-10,-3.5683048669122334e-09
Subject08,Cycling,975.0,0.2872,32.3576,-0.002772709160628683,4.5208,65.76,0.0172,0.0079,0.0132,0.0126,2.676165527865698e-09,2.4800379360119554e-09,-3.10645803010348e-11,1.7171605691404675e-10
Subject08,Cycling,990.0,0.2655,34.3576,0.0028472876859971805,4.5208,65.76,0.0177,0.0077,0.0117,0.0108,-4.105967349989976e-09,-2.407601191600809e-09,3.1879428174673858e-09,2.1437835624361403e-09
Subject08,Cycling,1005.0,0.2708,33.8576,-0.0029608391051329903,4.5208,65.76,0.0133,0.0077,0.0101,0.012,3.7969448134735026e-10,1.0540988999566764e-09,-3.2078855856894197e-09,-2.104116672230716e-09
Subject08,Cycling,1020.0,0.2684,33.2623,-0.0026897907701285387,4.5208,65.76,0.0157,0.0071,0.0101,0.011,-5.529325064833416e-10,-8.876978841682805e-10,-1.568064930475326e-10,7.469098118797702e-10
Subject08,Cycling,1035.0,0.2747,30.6909,0.0023379553950637717,4.5208,65.76,0.0138,0.0083,0.0098,0.013,3.9762120956866944e-10,-7.151445276241048e-11,3.457476548667488e-11,-8.128222231988556e-10
Subject08,Cycling,1050.0,0.2885,32.9766,-0.004766741288711254,4.5208,65.76,0.0151,0.0083,0.0088,0.0121,-1.7177561299015587e-10,-6.651075463249656e-12,9.835159250659865e-10,2.7419998891596374e-09
Subject08,Cycling,1065.0,0.263,28.9766,0.002215045922904149,4.5208,65.76,0.0098,0.0116,0.0123,0.0114,4.844375277019954e-09,2.3447542651571735e-09,-8.90781038484375e-10,-2.8767904866878868e-09
Subject08,Cycling,1080.0,0.2573,29.5242,-0.0031414003297944373,3.1603,65.76,0.0153,0.0073,0.0155,0.0088,-4.6626503703282096e-09,-2.3922918065230888e-09,6.203796647760364e-10,3.1480387750279574e-12
Subject08,Cycling,1095.0,0.2558,27.1909,-0.001946541691740937,3.1603,65.76,0.0135,0.0075,0.0083,0.0093,2.9002516530081136e-10,-1.9369264274389218e-10,-5.21199677278766e-10,-4.3933387755081005e-11
Subject08,Cycling,1110.0,0.2679,27.5242,0.003863185113612742,3.1603,65.76,0.0136,0.0068,0.0073,0.0104,-4.727984916189541e-10,1.933800154621656e-10,-9.642855462198701e-11,1.7558457727217626e-10
Subject08,Cycling,1125.0,0.2765,24.1195,-0.003186540112782009,3.1603,65.76,0.016,0.0069,0.0055,0.0113,-2.022257673418329e-11,1.1270367117366821e-10,8.436793226817357e-11,1.9767732293320977e-09
Subject08,Cycling,1140.0,0.2797,23.2909,0.003508470626960244,3.1603,65.76,0.0183,0.0063,0.0067,0.0111,-1.2284835302453177e-10,-1.035998215015016e-10,2.2433790596986668e-12,-2.4071945569165063e-09
Subject08,Cycling,1155.0,0.265,26.2623,-0.003045115949369001,3.1603,65.76,0.019,0.0051,0.0076,0.0103,1.1121125834684024e-10,3.180358618511084e-10,5.709592575582711e-11,7.510249914535822e-11
Subject08,Cycling,1170.0,0.2639,24.0242,-0.003444199832843063,3.1603,65.76,0.0128,0.0063,0.0078,0.0098,4.3975762038211415e-09,3.019798861921707e-10,-1.105417896497281e-10,2.659524922877611e-10
Subject08,Cycling,1185.0,0.2615,22.8576,0.0027346505355606726,3.1603,65.76,0.0153,0.0059,0.0098,0.0093,-4.462213292276326e-09,-6.832829928211609e-10,2.2467169034334494e-09,1.3721551218349003e-09
Subject08,Cycling,1200.0,0.2628,22.3576,-0.0015253806224563645,3.1603,65.76,0.0135,0.0075,0.0079,0.0085,2.5771387376438644e-09,2.9127428767821497e-12,-2.222704342836989e-09,-1.4537213633225307e-09
Subject08,Cycling,1215.0,0.2659,22.1909,0.001857356147011422,3.1603,65.76,0.0161,0.007,0.0093,0.0088,-2.5478748144849993e-09,1.9191649141156758e-10,4.022066140223596e-11,8.069399734252566e-11
Subject08,Cycling,1230.0,0.2614,23.3576,0.004264295307250565,3.1603,65.76,0.0149,0.0068,0.0061,0.0106,-1.8136101809310338e-10,-1.3058784861727765e-10,1.2835318139907998e-10,-7.285373012647242e-11
Subject08,Cycling,1245.0,0.271,21.5242,-0.002408825903873277,3.1603,65.76,0.0193,0.0066,0.0086,0.0105,5.229126702903123e-10,1.4029526215934657e-11,-2.1951588601773478e-10,-2.065104484910484e-10
Subject08,Cycling,1260.0,0.2549,19.1909,-0.0010506870758165766,3.1603,65.76,0.02,0.0056,0.0139,0.0093,-2.5820116005526367e-10,-5.189401014668105e-12,2.8836541377733835e-09,4.91054590509199e-10
Subject08,Cycling,1275.0,0.2547,18.8576,0.003015836778766708,3.1603,65.76,0.0159,0.0058,0.0109,0.0101,5.4422893574759116e-09,1.7998426339952193e-09,-2.848573630476006e-09,-1.6388114141421244e-10
Subject08,Cycling,1290.0,0.2654,19.6909,0.0027515767307705213,3.1603,65.76,0.0168,0.007,0.0083,0.0109,-5.512510176735946e-09,-1.869740434766717e-09,2.2211477430333753e-09,1.7793418130898502e-09
Subject08,Cycling,1305.0,0.2666,21.2909,-0.0022472457991302677,3.1603,65.76,0.0161,0.007,0.008,0.0094,1.9903252889213164e-09,2.0334869737535733e-09,-2.267174227272871e-09,-1.8303568727390285e-09
Subject08,Cycling,1320.0,0.263,18.5481,-0.00319986272843051,3.1603,65.76,0.0154,0.0065,0.0086,0.009,1.3847301080235163e-10,-2.035703269552746e-09,6.244828729896211e-11,-2.5001836038968894e-10
Subject08,Cycling,1335.0,0.2604,19.1909,0.0030036033569842144,3.1603,65.76,0.0142,0.0061,0.0075,0.0096,-2.122089919954913e-09,-1.6237875667919854e-11,2.7132746302608988e-09,2.8529391776154616e-09
Subject08,Cycling,1350.0,0.2572,22.5242,-0.0025957934688584233,3.1603,65.76,0.019,0.0061,0.0074,0.0112,4.442257596025534e-10,-2.3007033818491416e-11,-2.7214383867424008e-09,-2.750636397046315e-09
Subject08,Cycling,1365.0,0.259,18.5242,-0.002419204430537136,3.1603,65.76,0.0152,0.0062,0.0087,0.012,-4.3457811963080304e-10,1.6867170536097815e-10,1.8319387586110666e-09,2.5744258818817962e-09
Subject08,Cycling,1380.0,0.2513,17.8576,0.002837256655580246,3.1603,65.76,0.0157,0.0065,0.0062,0.0129,-1.5205760415346207e-10,1.2425572328500855e-09,-1.8556918094017235e-09,1.0903925746527887e-10
Subject08,Cycling,1395.0,0.2529,20.0909,0.0017980463007873921,3.1603,65.76,0.0173,0.0061,0.0099,0.0092,2.0302217715035078e-10,-1.2560343040198837e-09,-1.2795336894404765e-10,-1.3333236625118256e-09
Subject08,Cycling,1410.0,0.2576,21.3576,0.0019679998161116824,3.1603,65.76,0.0185,0.0049,0.0125,0.0096,-4.4840150624246344e-11,-8.017014860209568e-11,1.3671962957463176e-09,-1.604427977531744e-09
Subject08,Cycling,1425.0,0.2485,22.3576,-0.0017759978438894324,3.1603,65.76,0.0188,0.0061,0.0118,0.0105,1.3529301276606203e-09,2.9217186561832835e-09,-1.2683889427823016e-09,3.036022141035373e-10
Subject08,Cycling,1440.0,0.2514,20.5481,-0.002506427888881503,5.6137,65.76,0.0152,0.0123,0.0102,0.0169,-1.3147127359442244e-09,-2.8090509182217965e-09,1.2608821707417546e-09,-2.807539448587005e-10
Subject08,Cycling,1455.0,0.2644,21.5242,-0.002226271731076926,5.6137,65.76,0.015,0.0122,0.0111,0.0158,4.6840879031481544e-11,1.3009528998826448e-10,-1.0112802520699323e-09,2.197881178916841e-09
Subject08,Cycling,1470.0,0.2599,22.3576,0.0026327636803565885,5.6137,65.76,0.0152,0.0107,0.0109,0.0147,1.4623483885393056e-10,-1.859420831275149e-10,-2.5138407255744765e-10,-1.6672276275189045e-09
Subject08,Cycling,1485.0,0.2661,27.3576,0.0029558310886997497,5.6137,65.76,0.0165,0.0105,0.0103,0.0141,-1.7414745266806256e-10,-2.989406310496462e-11,4.302116915371613e-10,3.2128316258178596e-09
Subject08,Cycling,1500.0,0.2648,29.0659,0.0014468867620700818,5.6137,65.76,0.0151,0.0105,0.0119,0.0115,2.2447302742656466e-10,1.0300988296624019e-10,-3.476624554062845e-10,-3.3947441929281177e-09
Subject08,Cycling,1515.0,0.2607,31.9766,-0.00141822511037984,5.6137,65.76,0.0145,0.0108,0.0137,0.0112,-2.6589890048593345e-10,2.989459195089626e-10,1.0268579796043493e-10,9.202821155943879e-10
Subject08,Cycling,1530.0,0.265,32.8338,-0.0012415273857688568,5.6137,65.76,0.0161,0.007,0.0176,0.0094,3.4515254543364014e-10,-4.922280290811021e-10,5.575809054115224e-11,-9.747684906238117e-10
Subject08,Cycling,1545.0,0.2719,35.6909,0.002475303039380061,5.6137,65.76,0.018,0.0078,0.0126,0.0119,-5.520005519026545e-10,1.4354889903836235e-11,1.5309354389226183e-10,-3.0566807177204305e-10
Subject08,Cycling,1560.0,0.2686,37.8338,-0.0019097498042258258,5.6137,65.76,0.0155,0.0091,0.0157,0.0125,1.969633542847932e-09,-9.172180163659407e-11,-2.703091068808117e-10,2.4443114431335824e-10
Subject08,Cycling,1575.0,0.2764,37.1195,-0.001584816513178872,5.6137,65.76,0.0178,0.0086,0.0175,0.0134,2.4223333843859044e-09,2.244529567265779e-09,-6.884330923472583e-11,3.404330886613739e-11
Subject08,Cycling,1590.0,0.2678,36.9766,0.002283820246377881,5.6137,65.76,0.0186,0.0084,0.0176,0.013,-4.228642185658341e-09,-2.066885124421975e-09,5.605952393088442e-09,-1.217400476887983e-10
Subject08,Cycling,1605.0,0.2696,42.6909,-0.0028211083014766875,5.6137,65.76,0.0199,0.0087,0.0177,0.013,-2.3136505562128624e-11,4.735300365493798e-11,-5.5197801836726634e-09,-1.8729811880115808e-10
Subject08,Cycling,1620.0,0.2658,39.6909,-0.0016597041029800383,5.6137,65.76,0.0214,0.0094,0.0151,0.0136,2.6178670018014948e-09,1.6134455292991894e-09,-9.184313576271275e-11,2.5356557326725707e-10
Subject08,Cycling,1635.0,0.2744,39.6909,-0.00016463832307780823,5.6137,65.76,0.0206,0.0081,0.0173,0.0126,-2.167803149863306e-09,-1.7545052117023687e-09,-8.958774580219399e-11,1.1488579511206993e-10
Subject08,Cycling,1650.0,0.269,39.9766,-0.0024287591416832415,5.6137,65.76,0.0252,0.0077,0.0162,0.0122,-3.785302472512574e-10,-2.517502817303016e-11,4.971099098904355e-09,1.8306623121097038e-09
Subject08,Cycling,1665.0,0.2702,42.4052,0.0027031697680621716,5.6137,65.76,0.0175,0.0071,0.0177,0.01,-5.811674041904484e-11,8.60274837982509e-10,-4.868134542935724e-09,-1.7921307690211079e-09
Subject08,Cycling,1680.0,0.2629,43.4409,-0.0017585150532862114,5.6137,65.76,0.0212,0.0091,0.015,0.0118,5.536596633938366e-11,-7.863443702534412e-10,3.34410151646063e-10,4.048296911201787e-09
Subject08,Cycling,1695.0,0.2633,43.1909,0.00166626554207969,5.6137,65.76,0.0204,0.0082,0.0165,0.0137,1.2676922181511396e-09,-1.4610674698089726e-10,-3.02156208706073e-10,-4.0772407729824495e-09
Subject08,Cycling,1710.0,0.2671,45.5481,-0.002059261518393901,5.6137,65.76,0.0202,0.0067,0.0171,0.0101,-1.279970072338694e-09,1.4234997859362364e-10,1.6202615295254857e-09,-2.5122549004036325e-10
Subject08,Cycling,1725.0,0.2592,43.1909,-0.0020527732594580374,5.6137,65.76,0.02,0.0052,0.0201,0.007,1.6815917085086555e-10,1.682423569581097e-10,-1.6319549789155898e-09,4.28174967386696e-10
Subject08,Cycling,1740.0,0.2597,41.8338,0.0010256492582568007,5.6137,65.76,0.0224,0.0083,0.0189,0.0083,-1.303680008327486e-10,-1.2830151882611843e-10,1.2177964085595886e-09,2.07674530332546e-09
Subject08,Cycling,1755.0,0.2636,42.8338,-0.0016980159621704496,5.6137,65.76,0.0189,0.0078,0.0147,0.0122,-1.1160904651005161e-10,9.154566165410534e-11,8.22712444893408e-10,-2.5041294958348912e-09
Subject08,Cycling,1770.0,0.2705,42.0242,0.0029938089974748615,5.6137,65.76,0.0196,0.0081,0.0137,0.0145,8.450083409177845e-09,1.3560297499472073e-09,-2.063163290792462e-09,2.580510631895853e-10
Subject08,Cycling,1785.0,0.2775,43.0659,0.0019157357397508689,5.6137,65.76,0.0117,0.0054,0.007,0.0095,-8.449559398585637e-09,-1.5265563270009183e-09,-4.305046347874765e-11,-1.2598848581823028e-10
Subject08,Incline,360.0,0.5547,12.513,0.004807848260855463,5.2712,65.76,0.0091,0.0189,0.0086,0.019,8.994090260934706e-10,1.5151863427572044e-09,-6.69274558507e-10,1.548465239964255e-10
Subject08,Incline,375.0,0.6686,27.513,-0.0017159681372842833,5.2712,65.76,0.0102,0.0201,0.0093,0.0209,-4.843899518634832e-10,-1.0680650137347251e-09,2.5092535455425596e-10,-5.369856823540885e-11
Subject08,Incline,390.0,0.6585,30.5797,-0.0034337803858036737,5.2712,65.76,0.0102,0.0206,0.0099,0.0224,8.500043356176766e-10,-7.983805733708763e-10,-4.9864223794461985e-11,5.476131992484215e-09
Subject08,Incline,405.0,0.6597,29.913,-0.0026524604944336097,5.2712,65.76,0.01,0.0202,0.0095,0.021,-1.3876207242027367e-09,1.1987566428107165e-09,6.830745329991444e-10,-5.497230012559912e-09
Subject08,Incline,420.0,0.6535,28.713,0.005387980976354205,5.2712,65.76,0.009,0.0204,0.0088,0.0217,6.007067532304795e-10,-2.40088235232333e-10,-7.173322188098015e-10,-5.806662747930731e-12
Subject08,Incline,435.0,0.6597,33.413,-0.003973578601026412,5.2712,65.76,0.0103,0.0199,0.0091,0.0198,1.4661413853975107e-09,-1.1475940264712768e-09,3.4002003449066914e-13,4.573679213188352e-09
Subject08,Incline,450.0,0.657,32.713,0.002071186180063138,5.2712,65.76,0.0095,0.0211,0.0094,0.021,-1.9478038265542035e-09,4.072615349284212e-09,1.9497215737700886e-09,-4.333574139949044e-09
Subject08,Incline,465.0,0.6638,34.663,-0.003131964762335795,5.2712,65.76,0.0106,0.0195,0.0091,0.0214,1.2036657115376698e-09,-3.991140403312501e-09,-1.9255932707241313e-09,3.675058146099379e-09
Subject08,Incline,480.0,0.6714,34.913,0.0028464805161680503,5.2712,65.76,0.0094,0.0203,0.0092,0.019,-1.2456646303365684e-09,5.470319709066898e-10,3.1300160486193846e-10,-4.044728016082883e-09
Subject08,Incline,495.0,0.6671,35.713,0.003957863153601405,5.2712,65.76,0.0096,0.0201,0.0087,0.0218,2.231314711204677e-10,1.184373448078273e-09,-2.8238343252612867e-10,1.4720642352578698e-10
Subject08,Incline,510.0,0.667,28.713,-0.0059410593609982385,5.2712,65.76,0.0096,0.0196,0.0089,0.0191,-2.461415309089326e-10,-1.7124229399232794e-09,-7.073919152094085e-11,7.795867587974592e-10
Subject08,Incline,525.0,0.6661,29.0559,0.003344133423191718,5.2712,65.76,0.0106,0.0187,0.0084,0.0192,-7.157599578044091e-11,2.0511265139545517e-09,2.3960831772434193e-09,-7.883389068712659e-10
Subject08,Incline,540.0,0.6705,34.0797,0.0027226788909462908,5.2712,65.76,0.0097,0.0194,0.0085,0.0188,3.128933047675643e-10,-2.097826172705737e-09,-2.3339289058023544e-09,7.698881468931224e-10
Subject08,Incline,555.0,0.6687,34.913,0.00466595718412251,5.2712,65.76,0.0094,0.0184,0.0081,0.0205,8.513598559116839e-11,2.1433793405267867e-09,1.162032588961386e-09,-7.051397427958577e-10
Subject08,Incline,570.0,0.6628,40.313,-0.0037264768965610917,5.2712,65.76,0.0093,0.0177,0.009,0.0182,-3.741710754751847e-10,-2.0425825602751687e-09,-1.2285480283545977e-09,1.0041013266057194e-09
Subject08,Incline,585.0,0.6674,36.413,-0.0031133668252634914,5.2712,65.76,0.009,0.0178,0.0083,0.018,3.392732171847813e-10,2.492070439117748e-09,1.6443640012580424e-09,-1.0677419106918252e-09
Subject08,Incline,600.0,0.6756,35.5797,0.0016267374631495268,5.2712,65.76,0.0091,0.0189,0.0088,0.0187,-2.53042320917869e-10,-2.5179148617958668e-09,-1.6027497783774485e-09,1.063610177346755e-09
Subject08,Incline,615.0,0.6664,37.113,-0.004341747872118109,5.2712,65.76,0.0097,0.0184,0.0087,0.0197,2.1979753507810344e-10,1.3613877509495226e-09,-2.148082960090515e-11,-1.1021647316944905e-09
Subject08,Incline,630.0,0.673,37.513,-0.0028562866997751506,5.2712,65.76,0.0084,0.0181,0.0092,0.0195,-2.2786295990578033e-10,-1.3763167238629115e-09,-1.1145813234048072e-11,9.830457633487162e-10
Subject08,Incline,645.0,0.6672,35.913,0.0033366845203690355,5.2712,65.76,0.0093,0.0177,0.008,0.0193,6.743451408352451e-10,6.515495213899169e-10,8.609241044490887e-11,-9.693730445398646e-10
Subject08,Incline,660.0,0.6605,41.7464,0.0037137478357237266,5.2712,65.76,0.0099,0.0193,0.009,0.0185,-6.985060391817219e-10,8.053526602972557e-10,1.8108773587180813e-09,3.8106947636713546e-11
Subject08,Incline,675.0,0.66,44.113,-0.0037167657421430787,5.2712,65.76,0.0092,0.0181,0.0079,0.0182,1.0974096458600747e-09,-1.4402085490880585e-09,-1.8526004866385453e-09,4.681256414069449e-09
Subject08,Incline,690.0,0.659,40.2464,0.0018778428491953787,5.2712,65.76,0.0099,0.0189,0.0086,0.017,-9.452383366343673e-10,5.10527336709557e-09,3.414859042856587e-09,-4.595435058401594e-09
Subject08,Incline,705.0,0.6743,42.7464,0.002873747094630061,5.2712,65.76,0.01,0.0186,0.009,0.0194,1.7652186439029793e-09,-5.173058167109562e-09,-3.4424714801925606e-09,4.60041979977905e-09
Subject08,Incline,720.0,0.3262,40.913,-0.005544981871214302,2.9647,65.76,0.0079,0.0125,0.0065,0.0127,-1.9168512193033064e-09,7.94869072186633e-10,1.2788431182251174e-10,-4.639371669486129e-09
Subject08,Incline,735.0,0.2678,34.7464,0.0013278721058828345,2.9647,65.76,0.0073,0.0123,0.0052,0.0114,7.750452156142193e-11,1.6097203172004025e-10,-1.008707143224005e-10,-1.2286634270175555e-11
Subject08,Incline,750.0,0.2691,32.5797,-0.004435662741257315,2.9647,65.76,0.0057,0.012,0.0058,0.0101,1.1459182544755093e-09,-1.0322544206067036e-09,-4.5290305179942946e-11,2.9083633459806913e-09
Subject08,Incline,765.0,0.2579,28.413,-0.004266029872754586,2.9647,65.76,0.0068,0.0129,0.0056,0.0103,-1.199178750087557e-09,1.9104233169354206e-10,5.436250614835378e-10,-2.3171863483665367e-09
Subject08,Incline,780.0,0.2588,23.413,0.0035136231476958395,2.9647,65.76,0.0079,0.0118,0.0057,0.0108,6.975691832520744e-10,1.1130960318565288e-09,-5.010795316681403e-10,-5.835736509300473e-10
Subject08,Incline,795.0,0.2579,25.913,0.0014268362881949723,2.9647,65.76,0.0073,0.012,0.0049,0.0098,-3.4901156896969886e-10,-5.29143934268525e-10,-2.888114669213394e-11,7.207374096548812e-12
Subject08,Incline,810.0,0.2605,28.113,0.0032564701662638608,2.9647,65.76,0.0068,0.0123,0.0051,0.0094,-1.29154927361707e-10,5.6703503685527046e-11,1.371950180444512e-10,2.4737717104517592e-11
Subject08,Incline,825.0,0.2557,27.713,-0.005491971327203715,2.9647,65.76,0.0069,0.0115,0.0057,0.0093,-1.441293310394863e-10,2.894912054815135e-10,1.1145453002789776e-09,-5.641149016099678e-11
Subject08,Incline,840.0,0.2566,24.0797,0.003973530135304871,2.9647,65.76,0.0071,0.0115,0.0058,0.0092,-6.291313924094144e-11,-4.589501992605078e-10,-1.0321435581451478e-09,1.277501112528236e-10
Subject08,Incline,855.0,0.2543,27.0797,-0.0022798679551871443,2.9647,65.76,0.0058,0.0115,0.0043,0.0091,-2.125287789244782e-11,-5.640529446709006e-10,-1.780077063742527e-10,5.961770265480641e-10
Subject08,Incline,870.0,0.2438,27.0797,0.004242941244506455,2.9647,65.76,0.0057,0.013,0.0052,0.0104,2.279299836594158e-10,-3.5540214919905894e-11,-6.316299037851199e-11,-1.2128347489801234e-10
Subject08,Incline,885.0,0.2476,30.913,0.004252996104004071,2.9647,65.76,0.0055,0.0123,0.0046,0.0108,-2.368858775938121e-10,1.6735546204705648e-10,9.599919204288109e-11,6.748668042052028e-11
Subject08,Incline,900.0,0.2544,30.413,-0.0018707542015841247,2.9647,65.76,0.0059,0.0132,0.0058,0.0109,5.412489209028365e-10,1.8554412193346356e-10,-6.797772535293104e-11,-3.9873013318684947e-10
Subject08,Incline,915.0,0.2568,27.6273,0.0017169508564063036,2.9647,65.76,0.0053,0.0121,0.0053,0.0091,-5.322415396734285e-10,9.38009406780055e-11,3.717363110853238e-10,2.948918739819719e-10
Subject08,Incline,930.0,0.2612,27.313,-0.001429181655035521,2.9647,65.76,0.006,0.0122,0.0049,0.0096,1.7151054044729722e-11,1.4214193563320554e-09,6.566602126488286e-10,-5.390650539853545e-10
Subject08,Incline,945.0,0.2639,27.1988,0.0019368958392685794,2.9647,65.76,0.0058,0.0125,0.005,0.0097,3.458340343098522e-11,-3.1477875397240206e-10,-1.1145209654424217e-09,7.357021326816802e-11
Subject08,Incline,960.0,0.2676,28.313,-0.0026092344486312105,2.9647,65.76,0.0053,0.0136,0.0051,0.0104,7.774208995770927e-10,-1.6464885936413842e-09,1.0597694272435453e-10,2.0909179792666744e-09
Subject08,Incline,975.0,0.2519,26.2464,-0.0032695308982650345,2.9647,65.76,0.0062,0.0123,0.0049,0.0096,-7.879453394956284e-10,2.074043118427602e-09,9.56275004560693e-10,-2.121243115155386e-09
Subject08,Incline,990.0,0.2535,27.2464,-0.0017331763177406085,2.9647,65.76,0.006,0.0119,0.0056,0.0116,3.282984049795608e-10,-2.0737829926594784e-09,-9.482409705031568e-10,7.279096908364303e-10
Subject08,Incline,1005.0,0.2475,29.2464,0.003808186607262891,2.9647,65.76,0.0056,0.0136,0.0056,0.011,4.432192822386746e-12,5.309347790314218e-11,-6.924204091488441e-11,-6.107872440819382e-11
Subject08,Incline,1020.0,0.2364,33.0797,-0.0025561157063371974,2.9647,65.76,0.0067,0.0127,0.0044,0.0103,3.3434190594771154e-10,-6.028767160612639e-11,7.422024815049606e-12,7.026514252140775e-10
Subject08,Incline,1035.0,0.2457,28.5797,-0.002043217365956074,2.9647,65.76,0.0056,0.013,0.0047,0.011,-3.2105865704218794e-10,1.2878611646240372e-09,8.04060310288087e-11,-1.2500618716376865e-09
Subject08,Incline,1050.0,0.2463,23.413,-0.005517057959300722,2.9647,65.76,0.0068,0.0133,0.0047,0.0094,-3.506123597419604e-10,2.967443264771236e-10,1.2498502818645734e-09,-2.138009246843111e-10
Subject08,Incline,1065.0,0.2591,23.2464,-0.005803304561990425,2.9647,65.76,0.007,0.0115,0.0057,0.0109,9.152366992720903e-10,-1.0275232435444711e-09,-1.3007343865318207e-09,3.0932873194811667e-10
Subject08,Incline,1080.0,0.1263,20.0797,0.0043551747866562756,0.1414,65.76,0.0041,0.0062,0.0058,0.0071,-9.250875597766065e-10,-4.5152176591750673e-10,1.9833043832872882e-10,-3.006948999847704e-10
Subject08,Incline,1095.0,0.0181,25.413,-0.006658121559687472,0.1414,65.76,0.0016,0.0018,0.0045,0.0026,-4.630312712434407e-11,-1.668117881430058e-10,2.7618446857640135e-11,7.236878316891482e-11
Subject08,Incline,1110.0,0.0032,20.663,0.006434784283579824,0.1414,65.76,0.001,0.0011,0.0036,0.0032,4.049751347338651e-12,-2.7681709851782854e-11,-1.4677411637771062e-10,8.877623995044342e-11
Subject08,Incline,1125.0,0.0101,15.913,-0.003318470486512291,0.1414,65.76,0.0022,0.0028,0.0016,0.0047,1.8824221586099863e-10,3.1958408976312966e-10,5.41337497410576e-11,-8.388043349878188e-11
Subject08,Incline,1140.0,0.0057,11.313,0.0027932971156673612,0.1414,65.76,0.0015,0.0012,0.0023,0.002,-1.949513373156293e-10,-3.227028845817742e-10,-1.2107201215686418e-10,-7.766948854974435e-11
Subject08,Incline,1155.0,0.0031,15.113,0.0023860607248883505,0.1414,65.76,0.001,0.0011,0.0015,0.0013,-1.2540430281011741e-12,4.588526302856972e-11,6.265356286635925e-11,2.0960802251467154e-11
Subject08,Incline,1170.0,0.0031,18.163,-0.0032869802555258055,0.1414,65.76,0.001,0.001,0.002,0.0012,8.584580040387822e-12,-2.8741563574740305e-11,-8.071610095708761e-11,-4.0111531927061524e-11
Subject08,Incline,1185.0,0.0031,15.113,0.0018173553019926716,0.1414,65.76,0.001,0.001,0.0011,0.0013,4.058613370223994e-12,-2.3071667386987047e-11,-3.757943716022078e-11,2.6706404001703833e-11
Subject08,Incline,1200.0,0.0032,17.313,0.002501288242016181,0.1414,65.76,0.001,0.001,0.0009,0.0018,6.837576401075751e-12,2.590504860405046e-11,5.672505630343598e-13,7.920278277276474e-12
Subject08,Incline,1215.0,0.0246,19.413,-0.0026923670136672568,0.1414,65.76,0.0019,0.0023,0.0011,0.0019,3.9894214490559513e-10,8.373187321134272e-10,2.856486492860889e-10,2.9307653951362977e-10
Subject08,Incline,1230.0,0.068,24.413,0.011806302690343587,0.1414,65.76,0.0016,0.0033,0.0044,0.0022,-4.111451946386015e-10,-8.236175556466119e-10,-4.5732814042647244e-11,-3.6406328177431727e-10
Subject08,Incline,1245.0,0.0046,15.513,-0.007902814307752217,0.1414,65.76,0.001,0.0023,0.0026,0.0022,-1.5695836193651655e-11,-3.4361536936820365e-11,-2.0430324162188013e-10,8.460747995303425e-11
Subject08,Incline,1260.0,0.0037,10.663,0.0011237020215631227,0.1414,65.76,0.0011,0.0015,0.0031,0.0014,6.860479863574078e-11,1.5048548783001508e-10,3.167808692234001e-10,1.0480530303675542e-10
Subject08,Incline,1275.0,0.0032,8.5797,-0.0007284485640260361,0.1414,65.76,0.0011,0.0012,0.0021,0.0011,-8.390715466282503e-12,-1.5952744966014111e-10,-1.992056751889813e-10,-1.688618266416148e-10
Subject08,Incline,1290.0,0.0053,7.663,0.0021379311081120927,0.1414,65.76,0.0011,0.0019,0.0018,0.0017,-4.311220117019495e-11,1.274525880737826e-12,-1.3876365435618684e-10,1.7469162850906027e-12
Subject08,Incline,1305.0,0.0031,7.5797,-0.005717560727741085,0.1414,65.76,0.001,0.0011,0.001,0.0033,-1.3567006146666737e-11,6.427577719029118e-11,5.229295030358453e-13,-1.7547407358854924e-11
Subject08,Incline,1320.0,0.0032,8.663,-0.0031035117280053307,0.1414,65.76,0.001,0.0011,0.001,0.003,1.1730810597814672e-11,-1.9115703259985977e-11,4.414937805183327e-11,-1.0059135695844093e-11
Subject08,Incline,1335.0,0.0033,6.2464,0.0023140275935424766,0.1414,65.76,0.001,0.0011,0.001,0.0029,6.789346439714976e-13,-1.98702408428669e-11,-4.571022402862264e-11,1.6938388353507464e-10
Subject08,Incline,1350.0,0.0032,8.163,0.004298888290655322,0.1414,65.76,0.001,0.0011,0.001,0.0043,-1.5225599390723733e-11,-2.8509068636441635e-11,6.206369135377405e-12,1.8332759915747727e-10
Subject08,Incline,1365.0,0.0036,14.2464,-0.004528625376964679,0.1414,65.76,0.0026,0.0023,0.0013,0.0048,2.3876023307517347e-11,2.786905429465455e-10,-4.355043532563683e-12,-2.604736039819526e-11
Subject08,Incline,1380.0,0.0033,7.5797,-0.0019085864707161111,0.1414,65.76,0.001,0.0016,0.001,0.0033,-1.95235702749897e-11,-2.505003116038765e-10,1.8502768794207496e-11,-1.690103803736793e-10
Subject08,Incline,1395.0,0.0034,7.163,0.0011169646252746457,0.1414,65.76,0.001,0.0038,0.001,0.0041,-3.190109914033448e-12,3.2964301829380983e-10,7.837029465473238e-13,1.1946926139317976e-10
Subject08,Incline,1410.0,0.0036,9.913,-0.0006332844464089294,0.1414,65.76,0.001,0.0017,0.0011,0.0027,-1.6499757850566827e-11,-3.020380301984076e-10,-3.223259274137408e-11,-4.7202434302263246e-11
Subject08,Incline,1425.0,0.0063,10.913,-0.003346044206650598,0.1414,65.76,0.0025,0.0022,0.0018,0.0024,3.115350607497704e-10,3.2687414484329434e-10,2.8872105890058197e-10,2.4871119880615404e-10
Subject08,Incline,1440.0,0.1923,17.413,0.004641964015359136,4.6158,65.76,0.0082,0.0142,0.005,0.0129,-1.7689131160220484e-10,1.8408484158313696e-09,7.677145650463332e-10,-3.787158457098352e-10
Subject08,Incline,1455.0,0.2333,31.0797,-0.0018213491270317106,4.6158,65.76,0.0084,0.0148,0.0063,0.014,4.4533142347152366e-10,-2.0775255399049466e-09,-1.062376646247713e-09,2.3055630831127345e-09
Subject08,Incline,1470.0,0.2344,33.113,-0.0022377943176723905,4.6158,65.76,0.0103,0.0152,0.0067,0.0121,-1.8536978094704498e-10,3.2108806453422955e-09,9.887417657021568e-10,-2.3353202438106627e-09
Subject08,Incline,1485.0,0.2256,34.413,0.0007014066289684919,4.6158,65.76,0.0113,0.0154,0.0069,0.0117,5.142626943178442e-10,-3.22125308806898e-09,-9.804808343947844e-10,1.3590432241017483e-09
Subject08,Incline,1500.0,0.2342,34.913,-0.0036770413077741974,4.6158,65.76,0.0112,0.0157,0.0074,0.0128,-5.327119531715926e-10,3.0045832306254727e-09,1.18388155316732e-09,-1.3305537034067196e-09
Subject08,Incline,1515.0,0.2228,34.113,0.004267721535459452,4.6158,65.76,0.009,0.0175,0.0071,0.0141,-1.8241964179647003e-10,4.821228123982223e-10,1.8808639533563964e-10,-2.4308637206353916e-11
Subject08,Incline,1530.0,0.219,34.513,-0.006189076676734331,4.6158,65.76,0.0098,0.0156,0.0059,0.0125,6.38802046893793e-10,-1.72050509127098e-09,-1.2485588489583181e-09,-6.034756850043032e-11
Subject08,Incline,1545.0,0.2294,29.413,0.0066554912127431585,4.6158,65.76,0.0102,0.0175,0.0061,0.0124,-4.814909764540029e-10,1.1047341534129456e-09,1.808645995297787e-09,3.7323290188339176e-11
Subject08,Incline,1560.0,0.2452,31.0797,-0.0030785653132430948,4.6158,65.76,0.0111,0.015,0.0064,0.011,-3.36668856655118e-10,-2.697242650904849e-09,-1.7974741761535568e-09,9.284268443789749e-10
Subject08,Incline,1575.0,0.2365,30.413,0.0031203555912895733,4.6158,65.76,0.0111,0.0153,0.0058,0.0114,1.5645714440184109e-09,9.30500829175564e-10,-7.614355713649939e-11,-8.653050130454187e-10
Subject08,Incline,1590.0,0.2237,33.513,0.002115875090603206,4.6158,65.76,0.0113,0.016,0.0064,0.0118,-8.700139735116711e-10,-3.0207664088539736e-10,1.117237247428851e-10,-1.250268708509257e-11
Subject08,Incline,1605.0,0.2181,34.313,-0.002398748610982418,4.6158,65.76,0.0081,0.0169,0.0057,0.0119,-6.38369193878558e-10,1.0149451339687128e-09,-1.2396493696900515e-11,4.1784665918289925e-11
Subject08,Incline,1620.0,0.2306,33.713,-0.003069460077633762,4.6158,65.76,0.0081,0.0149,0.0067,0.0123,-5.5321878320731483e-11,-1.9399440635267314e-09,1.509344918207828e-10,1.057184631016996e-09
Subject08,Incline,1635.0,0.2455,33.913,0.001386372598668461,4.6158,65.76,0.0087,0.0149,0.0057,0.0118,5.886394040336305e-10,4.1082511753189756e-10,-2.956082158143465e-10,-1.1846191049165497e-09
Subject08,Incline,1650.0,0.2244,39.113,0.00440965822223767,4.6158,65.76,0.0079,0.0163,0.0057,0.0115,-6.034134087591556e-10,-3.8287348953520176e-10,5.316826818693673e-10,1.348410855959059e-10
Subject08,Incline,1665.0,0.2344,38.513,-0.0024194927632024384,4.6158,65.76,0.0088,0.017,0.0061,0.011,5.793596883787467e-10,1.4438858756306013e-09,-3.347726139699878e-10,1.633394338258168e-11
Subject08,Incline,1680.0,0.2302,35.913,0.0024397230498945403,4.6158,65.76,0.0073,0.0157,0.007,0.0139,-5.34417219956993e-10,-1.1267889770238827e-09,-1.5330380018158163e-10,7.996593317707917e-10
Subject08,Incline,1695.0,0.2349,37.2464,0.0013657395483330777,4.6158,65.76,0.0084,0.0153,0.006,0.0129,4.795246310852734e-10,7.603342331743091e-10,3.268677160883101e-10,-9.062479120925366e-10
Subject08,Incline,1710.0,0.2339,35.113,-0.0032451782464915165,4.6158,65.76,0.0095,0.016,0.0068,0.0146,5.827259135073918e-10,-1.033735204007643e-09,-3.7527013981940496e-10,1.8834171090274344e-09
Subject08,Incline,1725.0,0.2246,35.913,-0.002392556377300261,4.6158,65.76,0.0085,0.0169,0.006,0.0133,-9.101930432052435e-10,1.891346419624105e-09,9.231540414463063e-10,-1.389465496954521e-09
Subject08,Incline,1740.0,0.2276,35.313,0.0010822652644750146,4.6158,65.76,0.0081,0.0138,0.0067,0.0155,9.619684943908532e-10,-5.964814211282137e-10,-9.082880780061692e-10,-7.375494279529127e-10
Subject08,Incline,1755.0,0.2264,38.313,0.003251502157314806,4.6158,65.76,0.0078,0.0165,0.0058,0.0146,-5.314083134718947e-10,-1.2735804482779475e-09,-3.239078732140715e-11,1.6546613563071287e-09
Subject08,Incline,1770.0,0.234,41.0797,-0.0032218682823362335,4.6158,65.76,0.0083,0.0162,0.0064,0.015,-6.22978527233734e-10,2.7511579637374456e-10,7.725620126964017e-10,-8.516940989516359e-10
Subject08,Incline,1785.0,0.2368,40.2464,-0.0027367319581929946,4.6158,65.76,0.0101,0.0136,0.0061,0.0131,8.468614142492727e-10,2.1612113770664598e-10,-7.51212475967056e-10,-5.239432046953128e-10
Subject08,Incline,1800.0,0.5372,40.0797,0.004601999036625695,9.5841,65.76,0.0135,0.0231,0.0126,0.0236,-8.46570951081523e-11,1.5161687623175322e-09,2.5474845636648166e-10,-5.3730634127738984e-11
Subject08,Incline,1815.0,0.577,49.5797,-0.0017925885889549696,9.5841,65.76,0.0129,0.0236,0.0144,0.0227,-6.773217144111547e-10,-1.8180016367653607e-09,8.527976413887805e-11,1.6948372692212719e-09
Subject08,Incline,1830.0,0.5911,54.5797,0.0018532720845965275,9.5841,65.76,0.0131,0.0207,0.0104,0.0239,1.0387277484902856e-10,3.7459251194468245e-09,1.137661232278552e-09,-1.715028445124341e-09
Subject08,Incline,1845.0,0.5858,61.2464,0.002295449050351837,9.5841,65.76,0.0117,0.0234,0.0107,0.0234,1.706865561575839e-09,-2.484739182738923e-09,-1.6696222316504175e-09,7.020170500452548e-11
Subject08,Incline,1860.0,0.6026,63.313,-0.0027233473378506755,9.5841,65.76,0.0121,0.0225,0.0111,0.0226,-1.4980208614238354e-09,2.3548560682443736e-09,2.4146066299960857e-09,3.5627389751410263e-11
Subject08,Incline,1875.0,0.6032,65.113,0.001204979697250261,9.5841,65.76,0.0125,0.0228,0.0124,0.0276,-3.977871438030985e-11,-2.1113374554767214e-09,-2.081018166114133e-09,-1.3817651050225297e-10
Subject08,Incline,1890.0,0.615,66.2464,0.002100801519672398,9.5841,65.76,0.0121,0.0224,0.0118,0.0237,1.0134612072880533e-10,2.130016234092699e-09,2.3119707917526586e-09,1.1811992382569054e-10
Subject08,Incline,1905.0,0.6176,70.7464,-0.0026185307240583953,9.5841,65.76,0.0127,0.0227,0.0125,0.0252,-3.701808460696163e-10,-4.115173322863935e-09,-2.176201563298639e-09,1.918965933752279e-09
Subject08,Incline,1920.0,0.6159,70.313,-0.0008486484766686532,9.5841,65.76,0.0124,0.0212,0.0119,0.026,1.9429958424555035e-09,4.3369258889995327e-10,-2.8555666044742825e-10,4.004421090439934e-09
Subject08,Incline,1935.0,0.6096,71.913,0.0020190562448784096,9.5841,65.76,0.0117,0.0221,0.0123,0.0248,-9.094830088688152e-10,1.6905203596432139e-09,7.727855127147606e-11,-6.185684581685693e-09
Subject08,Incline,1950.0,0.6057,72.913,0.0017464519705652599,9.5841,65.76,0.0133,0.0217,0.0133,0.0247,-3.548085692366832e-10,-1.3022930544771138e-09,-3.1447102194092884e-10,3.186933324213202e-10
Subject08,Incline,1965.0,0.6058,74.7464,0.001559536087526303,9.5841,65.76,0.0134,0.0225,0.0131,0.0247,2.0033198910734925e-10,1.084299872750813e-09,2.640453394204379e-10,-5.785617030098787e-12
Subject08,Incline,1980.0,0.6043,77.2464,-0.0013071670776909226,9.5841,65.76,0.0124,0.0232,0.0119,0.024,-5.603360804945952e-10,2.9092925491013936e-09,4.512713355901551e-09,-2.8390545954635057e-10
Subject08,Incline,1995.0,0.6157,76.913,-0.0009246375578144249,9.5841,65.76,0.0119,0.0239,0.0131,0.026,-3.78054560861119e-10,-4.369760004667769e-09,-4.4065181890723134e-09,3.2857606953326994e-09
Subject08,Incline,2010.0,0.6242,77.713,0.001444861290884627,9.5841,65.76,0.0119,0.0217,0.0109,0.0256,1.387900030677454e-09,1.2578764018412173e-09,-8.647845635594288e-11,-3.656639835603014e-09
Subject08,Incline,2025.0,0.6153,79.913,-0.0015447401541434085,9.5841,65.76,0.0125,0.0239,0.0117,0.0246,-1.325019917977065e-09,3.4293849933582045e-09,2.2281735856295187e-09,5.984902367663353e-10
Subject08,Incline,2040.0,0.6132,80.5797,-0.001190813653089273,9.5841,65.76,0.0122,0.0224,0.0108,0.0224,1.7948013354418985e-11,-4.884738664705023e-09,-2.187155604273732e-09,2.8348265167488374e-09
Subject08,Incline,2055.0,0.6189,79.5797,-0.0014253823457059446,9.5841,65.76,0.0128,0.0213,0.0129,0.0257,-1.1531531971963382e-10,1.745315445537629e-10,7.351957686273939e-10,-1.334363653415596e-09
Subject08,Incline,2070.0,0.6117,80.913,0.002276811840334991,9.5841,65.76,0.013,0.0236,0.0137,0.0253,1.0136442231098538e-10,8.735357339177834e-10,5.11787687746623e-10,-1.4381281677076828e-09
Subject08,Incline,2085.0,0.6071,81.7702,0.0009243500457056752,9.5841,65.76,0.0121,0.0225,0.0119,0.0255,1.16497072110137e-10,3.651033587338559e-09,1.719880984080551e-09,-1.416675698681247e-10
Subject08,Incline,2100.0,0.6088,82.913,-0.0003298116345431886,9.5841,65.76,0.0123,0.0235,0.0117,0.0242,-2.729272627115988e-10,-4.474499341804941e-09,-6.159249724273885e-10,2.2634010341290326e-09
Subject08,Incline,2115.0,0.6186,82.2464,-0.0013025030338032434,9.5841,65.76,0.0127,0.0234,0.0122,0.0261,6.870765865277283e-10,-1.502619413826289e-10,-2.442142564850601e-09,-8.084832721747875e-10
Subject08,Incline,2130.0,0.6261,82.3416,0.0016343001870276369,9.5841,65.76,0.0125,0.0239,0.0124,0.0262,-5.469149855482432e-10,-1.9439292692649327e-10,4.265028339629445e-10,-1.8148045022529124e-10
Subject08,Incline,2145.0,0.5914,83.7464,0.002289095720921454,9.5841,65.76,0.0123,0.0228,0.0119,0.0256,5.481775153344198e-11,2.564749905036195e-09,1.8259706382217948e-09,-7.223188654410505e-10
Subject08,Running,360.0,0.538,5.1218,0.008885022589675672,2.7238,65.76,0.006,0.0149,0.0068,0.0167,-1.266551685960688e-10,-5.228421238761651e-10,1.9737006437049412e-11,8.559123166479292e-10
Subject08,Running,375.0,0.7292,24.0718,-0.0039034614608352792,2.7238,65.76,0.0075,0.015,0.0071,0.0209,-3.2317174120499285e-11,2.574466203684307e-09,2.548616905655822e-09,-9.453592115545645e-10
Subject08,Running,390.0,0.7041,23.6718,-0.00602128092040352,2.7238,65.76,0.0073,0.0136,0.0066,0.0196,-9.574584918395125e-12,-2.018474922338473e-09,-2.5635700404791413e-09,-7.05309658935234e-10
Subject08,Running,405.0,0.6978,17.4718,-0.004208624196716905,2.7238,65.76,0.0082,0.0155,0.0078,0.0202,1.0206000306065867e-09,-5.036897613069826e-10,-6.654341315302776e-11,2.6426107135857948e-09
Subject08,Running,420.0,0.7012,9.0385,-0.0018472086982020846,2.7238,65.76,0.0083,0.0136,0.0074,0.0211,-9.758880408943729e-10,1.1427713067390162e-09,2.616819932113336e-09,-2.1193265685418892e-09
Subject08,Running,435.0,0.7195,8.0718,0.005361541741838944,2.7238,65.76,0.0075,0.0141,0.0067,0.0205,1.2098024858550716e-09,-9.857155505256985e-10,-2.559017422096174e-09,2.485389567118849e-09
Subject08,Running,450.0,0.7162,14.8718,-0.0020956964005058487,2.7238,65.76,0.0082,0.0136,0.0067,0.0177,-1.2336776366926274e-09,-1.386750854559995e-11,1.1374902176698723e-12,-1.5257948544430374e-09
Subject08,Running,465.0,0.7098,8.3718,-0.004355634994360558,2.7238,65.76,0.0073,0.0141,0.0066,0.0196,1.483326303572303e-11,9.613654564401333e-10,2.5450831965052327e-10,-9.95412865862265e-10
Subject08,Running,480.0,0.7111,4.2718,0.0025295298088973315,2.7238,65.76,0.0067,0.0124,0.006,0.0187,2.493488432619781e-10,-4.167921156913312e-10,-2.789946666200817e-10,-1.490092323519626e-10
Subject08,Running,495.0,0.7084,5.6718,-0.0030042516016256576,2.7238,65.76,0.0069,0.013,0.0065,0.0167,1.1192542998121312e-10,-5.113728319009586e-10,-4.390055385434121e-11,1.6430702325937365e-09
Subject08,Running,510.0,0.6996,5.6218,0.003403109846835873,2.7238,65.76,0.0075,0.0127,0.0065,0.0179,-3.7703325470652145e-10,3.192500675906241e-09,1.2090584481813755e-09,-1.3841222933213428e-09
Subject08,Running,525.0,0.7066,9.4718,-0.005694827610047324,2.7238,65.76,0.0066,0.0128,0.0063,0.0184,2.533864457091225e-12,-2.5288150406350855e-09,-1.3499425699775597e-09,4.8516637536215097e-11
Subject08,Running,540.0,0.7156,9.1218,-0.005829266924391417,2.7238,65.76,0.0068,0.0124,0.0067,0.0166,2.6546819783342314e-09,-7.636548982225516e-10,1.7342636330310024e-10,3.252907725332052e-09
Subject08,Running,555.0,0.7021,3.3718,0.0035300344684287884,2.7238,65.76,0.0081,0.0123,0.0067,0.0179,-2.5973801355808324e-09,-5.202771559067505e-11,6.196410562275561e-11,-2.461152513535334e-09
Subject08,Running,570.0,0.6911,8.3718,0.007146624509323341,2.7238,65.76,0.0073,0.0134,0.0067,0.0181,9.590443119643347e-11,2.655732812404157e-09,1.2079096442868741e-09,-8.2098490963606e-10
Subject08,Running,585.0,0.7136,10.0385,-0.004526170934684338,2.7238,65.76,0.0079,0.012,0.0066,0.0183,-1.2461441351556175e-10,-1.8815561581811305e-09,-1.3645549156583755e-09,-1.3170631421862359e-10
Subject08,Running,600.0,0.725,10.8718,0.004106183094341808,2.7238,65.76,0.007,0.0129,0.0066,0.0179,1.8277615021083098e-09,-5.521049735599454e-10,9.992168722188876e-11,3.934209635711293e-09
Subject08,Running,615.0,0.7104,13.2718,-0.006825316123292725,2.7238,65.76,0.0064,0.0132,0.0061,0.0169,-1.7946855110906759e-09,-1.838726835129107e-10,5.711952014468945e-11,-3.0714121625127757e-09
Subject08,Running,630.0,0.7095,8.7051,0.004356482702207503,2.7238,65.76,0.0072,0.0122,0.0063,0.0169,-1.4664669165824253e-11,2.054072583994405e-09,2.475612540601764e-09,-8.379001115337889e-10
Subject08,Running,645.0,0.7207,10.6718,-0.00305399447192397,2.7238,65.76,0.007,0.0117,0.0068,0.0178,8.378771484351224e-12,-1.5468974858772535e-09,-2.513859943586576e-09,-3.255588261037981e-10
Subject08,Running,660.0,0.7113,9.8718,0.003089745332285231,2.7238,65.76,0.0074,0.0128,0.0067,0.0167,1.7312870984341616e-09,-4.774223358028299e-10,-6.216226554082856e-11,4.077926130271579e-09
Subject08,Running,675.0,0.7264,12.4718,-0.003171832314632015,2.7238,65.76,0.0074,0.0126,0.0071,0.0178,-1.910886011595494e-09,2.294701037029376e-10,1.608413935498012e-11,-2.8589904280155266e-09
Subject08,Running,690.0,0.7093,13.3718,0.002891471821124451,2.7238,65.76,0.0071,0.0122,0.0066,0.0165,1.9406915191445739e-10,-2.0766465296671224e-10,6.404171489567409e-11,6.422443886669383e-10
Subject08,Running,705.0,0.7002,15.3718,-0.006934306400496334,2.7238,65.76,0.0065,0.0127,0.0069,0.0168,-1.1034630474043233e-11,8.664801796487059e-10,4.97615361486245e-10,-1.332998821866054e-09
Subject08,Running,720.0,1.4463,18.0385,0.006547030785748895,8.3235,65.76,0.0218,0.0159,0.016,0.0235,4.13628388951958e-09,2.8356426811061525e-09,-6.216085684965133e-11,-1.0524698041014971e-10
Subject08,Running,735.0,1.7629,37.3718,-0.0022766786496240055,8.3235,65.76,0.0221,0.0146,0.0184,0.0234,-3.0222223735521605e-10,-2.0124283661024216e-10,1.5021109596739637e-10,2.1532056836428327e-11
Subject08,Running,750.0,1.8548,45.2051,-0.0034378753801459078,8.3235,65.76,0.0208,0.0145,0.0184,0.0215,-3.7791989755301405e-09,-3.4253610498087142e-09,-2.836451499862388e-10,2.366551846478626e-09
Subject08,Running,765.0,1.9234,43.8718,0.004323918621843594,8.3235,65.76,0.0217,0.014,0.0188,0.0216,3.1768535229464693e-09,-6.127259421849433e-11,-1.6863812631712485e-10,-4.386279842980653e-10
Subject08,Running,780.0,1.9727,47.4432,0.0020430938781465526,8.3235,65.76,0.0228,0.0147,0.0178,0.0197,-1.0892550091103107e-09,3.51097654800042e-09,2.917206317243908e-10,-1.8804581611888505e-09
Subject08,Running,795.0,1.9233,49.2051,0.0020379433173422345,8.3235,65.76,0.0208,0.0144,0.0176,0.0208,-1.918951075067005e-09,-3.49200194242193e-09,4.4493272860047616e-10,3.883742793425707e-09
Subject08,Running,810.0,1.9107,50.0147,-0.0021956535353299823,8.3235,65.76,0.0182,0.0138,0.0163,0.021,1.4760607799079045e-09,3.4783785262946706e-10,-8.403855451835104e-10,-4.053663354139223e-09
Subject08,Running,825.0,1.9312,47.2718,0.002474499905439701,8.3235,65.76,0.018,0.0141,0.0171,0.0202,-1.5658483895483592e-09,-6.073773758577064e-10,3.2156608046843134e-09,1.9774296658686673e-10
Subject08,Running,840.0,1.916,48.4432,0.003142488261147867,8.3235,65.76,0.0175,0.0143,0.0165,0.0211,5.7659032573701825e-09,1.0137470216524306e-10,-3.1411826523792652e-09,5.126547452201394e-10
Subject08,Running,855.0,1.9452,53.0385,-0.0023525387377362392,8.3235,65.76,0.018,0.0142,0.0179,0.0196,-5.618678609660938e-09,4.9893560941740276e-11,5.391718247229346e-09,-9.881591980563727e-10
Subject08,Running,870.0,1.9299,53.0385,0.003531627160130017,8.3235,65.76,0.0189,0.015,0.0171,0.0196,2.905979364558996e-09,-1.0578189794620058e-10,-5.618635431777441e-09,1.7144244034286126e-10
Subject08,Running,885.0,1.9396,57.8718,0.0014421893959663248,8.3235,65.76,0.0201,0.0153,0.0166,0.0191,-2.610879238029371e-09,8.819541359889437e-10,3.053974933686484e-09,6.195007232476768e-11
Subject08,Running,900.0,1.9632,58.8718,-0.002788860661443793,8.3235,65.76,0.0204,0.0138,0.0168,0.0196,-6.848781666446041e-10,-7.360977117287325e-10,-2.5597374436462815e-09,4.62613925413458e-09
Subject08,Running,915.0,1.9337,52.8718,-0.0014393729285838584,8.3235,65.76,0.0194,0.0138,0.0171,0.0193,3.9977068746871645e-09,-3.27608733240646e-10,-4.812793318753805e-10,-4.532398618127683e-09
Subject08,Running,930.0,1.9317,53.8718,0.0030075406690309755,8.3235,65.76,0.0206,0.0146,0.0155,0.0199,-3.2529326963593158e-09,3.4350290944884844e-09,3.1820443072242313e-10,1.590879132513608e-11
Subject08,Running,945.0,1.9143,57.7051,0.00455062318779702,8.3235,65.76,0.0198,0.0146,0.0156,0.0201,9.945744596244835e-11,-1.8422298911895807e-09,9.38121994552576e-10,1.8575246812623976e-12
Subject08,Running,960.0,1.9369,63.0147,-0.0016764299596292546,8.3235,65.76,0.0184,0.0136,0.0159,0.0213,-3.7534146574514284e-10,-1.2314642406858782e-09,-7.950460503208711e-11,4.095731822208307e-09
Subject08,Running,975.0,1.9565,63.5861,-0.0019223627249028805,8.3235,65.76,0.0192,0.0142,0.0169,0.0202,5.981380282870089e-10,3.209168436224581e-09,-1.066745509399043e-09,-3.918948525263075e-09
Subject08,Running,990.0,1.9689,64.5861,0.001968151319690774,8.3235,65.76,0.0184,0.0144,0.0169,0.0192,-5.028341855888207e-10,-3.230648715674482e-09,4.685307703412163e-10,2.254123122104966e-09
Subject08,Running,1005.0,1.9772,65.7289,-0.0010096555585336164,8.3235,65.76,0.0216,0.0141,0.0171,0.0197,-1.8363207012173274e-10,3.223936521724287e-09,-1.7056473071413194e-10,-2.4572736348558587e-09
Subject08,Running,1020.0,2.0111,64.8718,0.00017040267335461694,8.3235,65.76,0.0198,0.0143,0.0166,0.0196,1.1007028153257475e-10,-3.2165180799644843e-09,5.239254517473673e-10,2.2266769504479194e-09
Subject08,Running,1035.0,2.0258,64.8718,0.00025416218402833093,8.3235,65.76,0.0203,0.0139,0.0164,0.0195,7.864393216907335e-11,2.8438162294672064e-12,1.3191492615954727e-09,2.7061481973373333e-10
Subject08,Running,1050.0,2.0155,64.3718,-0.002589103633807912,8.3235,65.76,0.0218,0.0137,0.0162,0.0195,8.167858262184487e-10,5.388228584762611e-10,-2.1006498607171073e-09,-2.3567853488992094e-09
Subject08,Running,1065.0,2.012,62.9968,-0.0009815000293105002,8.3235,65.76,0.021,0.0148,0.0157,0.0183,-7.690724519557763e-10,1.0643863203533596e-09,1.3954295240824795e-09,-5.904856415134435e-11
Subject08,Running,1080.0,1.7693,62.2051,0.0023821833023442438,7.2291,65.76,0.0196,0.0135,0.0137,0.0192,1.5400751191744658e-09,-1.5844146246971414e-09,-1.3037207090971888e-09,2.4569796591466305e-09
Subject08,Running,1095.0,1.7893,64.7051,-0.0024813192859652997,7.2291,65.76,0.0199,0.0138,0.0145,0.0183,-2.0494709745875705e-09,-1.0491913901300201e-10,2.3799675722136856e-09,-2.692297909801727e-09
Subject08,Running,1110.0,1.7761,60.8718,0.0017944253079359516,7.2291,65.76,0.0181,0.0125,0.014,0.0195,3.442406672625652e-09,-1.339449128184269e-10,-2.573962013743169e-09,-1.2780632116120332e-10
Subject08,Running,1125.0,1.8121,61.3718,0.001224730373515432,7.2291,65.76,0.0192,0.0132,0.0143,0.0178,-3.4332711970600914e-09,1.6630135746349025e-10,2.302265851967532e-09,1.0250447567480293e-09
Subject08,Running,1140.0,1.7572,62.3004,0.0023214937882453297,7.2291,65.76,0.0192,0.0128,0.0138,0.0191,9.330931863885556e-10,1.8655817992271063e-09,-2.211652923242179e-09,-6.325972815565547e-10
Subject08,Running,1155.0,1.7711,62.7289,-0.0028524359189324223,7.2291,65.76,0.0201,0.0132,0.0147,0.0186,-5.689442743968599e-10,-1.8541878071713413e-09,-4.4224687769706405e-11,3.1398575664865376e-09
Subject08,Running,1170.0,1.736,59.5385,0.002202722288254439,7.2291,65.76,0.0193,0.0133,0.0132,0.0191,5.877990009781841e-10,1.0792226023940815e-09,1.1315097234388417e-10,-3.089500108554494e-09
Subject08,Running,1185.0,1.7221,60.4432,0.001706737857053846,7.2291,65.76,0.0178,0.0128,0.0142,0.0181,-8.037177974958554e-10,-1.0388174668427838e-09,4.876985102805395e-10,3.5653971930328546e-09
Subject08,Running,1200.0,1.6779,61.8718,-0.0021800890733736193,7.2291,65.76,0.0193,0.0132,0.0142,0.0188,2.1600519302893316e-09,2.1863057767759902e-09,-5.332418516534348e-10,-3.516824786828517e-09
Subject08,Running,1215.0,1.7102,60.3004,-0.0017714778447690852,7.2291,65.76,0.0172,0.0127,0.0145,0.0196,7.148983188542475e-10,-2.4089972762944692e-09,-4.295237295296e-11,1.436195999823087e-09
Subject08,Running,1230.0,1.6644,60.3718,0.0019386728595725247,7.2291,65.76,0.0177,0.0134,0.0137,0.0179,-3.1285941042088553e-09,5.018348078254003e-12,3.112096500135215e-09,-1.8686547515532347e-09
Subject08,Running,1245.0,1.7073,63.1575,-0.0026670679833286225,7.2291,65.76,0.0185,0.0127,0.0137,0.0195,9.798837688471447e-10,1.06443730041082e-09,-3.023427215385865e-09,3.182317215259464e-10
Subject08,Running,1260.0,1.7243,61.4432,0.001217149771454912,7.2291,65.76,0.018,0.013,0.0143,0.0191,-3.856932314250419e-10,-8.134014358816549e-10,2.445833396809755e-10,2.468097811622973e-09
Subject08,Running,1275.0,1.7077,60.5861,-0.002253299836646816,7.2291,65.76,0.0207,0.0132,0.013,0.019,4.671625657555784e-10,1.4027167239659306e-09,1.4714848522775108e-09,-2.4679519702541234e-09
Subject08,Running,1290.0,1.6954,59.7289,-0.0024218428245296815,7.2291,65.76,0.0201,0.0125,0.0137,0.0192,3.620972721098041e-10,-9.637642591209158e-10,-1.7972510607490176e-09,-1.6177282363038303e-10
Subject08,Running,1305.0,1.6822,61.0147,0.0033712132351804494,7.2291,65.76,0.0193,0.0133,0.0137,0.0183,-1.0635613405355446e-09,-4.948185794050483e-10,3.430373776758204e-10,4.4324642436291065e-09
Subject08,Running,1320.0,1.6811,64.5861,-0.0018015701742905399,7.2291,65.76,0.0186,0.0133,0.0131,0.0181,2.0424465627832974e-09,8.818702728800607e-10,4.559047503814721e-10,-4.170692812439825e-09
Subject08,Running,1335.0,1.7436,63.8718,0.0003091365730077299,7.2291,65.76,0.0177,0.0122,0.0146,0.0185,1.0678388700278378e-09,-6.874223874639073e-10,-9.202380819053907e-10,-7.592329955299313e-11
Subject08,Running,1350.0,1.6856,62.7289,-0.002793206342207468,7.2291,65.76,0.0182,0.0126,0.0137,0.0173,-3.047205109099606e-09,-1.7029312458649678e-10,-1.059018879808288e-10,4.818253623192971e-09
Subject08,Running,1365.0,1.7824,59.8718,0.00318341236179136,7.2291,65.76,0.0188,0.0122,0.0141,0.0188,-1.2249794283733235e-11,2.139209627887296e-09,2.820280648751485e-10,-4.722839552128572e-09
Subject08,Running,1380.0,1.7472,61.3718,-0.001742336488939052,7.2291,65.76,0.0178,0.0129,0.014,0.0185,-5.227443066076302e-11,-2.0766256946904806e-09,7.166038225173595e-10,3.6574926947432143e-09
Subject08,Running,1395.0,1.732,59.4432,-0.00177089547519959,7.2291,65.76,0.0175,0.0119,0.0121,0.0185,2.8810649884934455e-11,1.3394748417762173e-09,-6.515384842033749e-10,-3.817182231037232e-09
Subject08,Running,1410.0,1.7105,59.1575,0.0025903784810291093,7.2291,65.76,0.0171,0.0122,0.0135,0.0175,6.36440531800074e-11,-1.4313959045235782e-09,-1.78389946829184e-10,3.1688740850337547e-09
Subject08,Running,1425.0,1.6579,62.7468,-0.0027190973322827323,7.2291,65.76,0.0175,0.0125,0.0134,0.0178,7.609708738284017e-10,2.829296959759286e-09,2.3759375740413157e-10,-3.1890979318609435e-09
Subject08,Running,1440.0,2.3691,64.2468,0.0020800074405556267,10.5193,65.76,0.0205,0.0139,0.0171,0.0197,-1.227849908570716e-09,-2.907003246744033e-09,2.3696052882939246e-09,3.6211627907230703e-10
Subject08,Running,1455.0,2.5259,69.1575,-0.0021800859133653725,10.5193,65.76,0.0214,0.0142,0.0168,0.0199,1.9461161846693645e-09,1.1690856476762836e-09,-8.440405143340643e-10,-3.9130381164795274e-10
Subject08,Running,1470.0,2.584,72.4432,0.0018641418428451725,10.5193,65.76,0.0211,0.0132,0.0181,0.0195,-1.067648657950047e-09,9.128594531789161e-10,-1.2460856226632324e-09,2.0138873151216019e-10
Subject08,Running,1485.0,2.5627,78.8718,-0.0016150051455823653,10.5193,65.76,0.0197,0.013,0.0175,0.0198,1.835712340844261e-10,1.33466697492696e-09,-1.871621183041785e-10,7.73701812552882e-11
Subject08,Running,1500.0,2.6017,79.7289,-0.0013660355341616568,10.5193,65.76,0.0203,0.0134,0.0175,0.0207,8.347142248781412e-10,-2.737945362477517e-09,-2.510548877882794e-10,-1.6019423855694062e-10
Subject08,Running,1515.0,2.6525,78.8718,0.0014857552632643743,10.5193,65.76,0.0199,0.0136,0.0177,0.0201,-2.906497636003014e-10,-6.760531193046373e-10,6.552750361245251e-10,5.095771645441918e-10
Subject08,Running,1530.0,2.7485,81.0147,0.0016228905482731815,10.5193,65.76,0.0221,0.0137,0.0176,0.02,-1.4103355396040622e-09,1.9496554404780062e-11,1.6214736454653003e-09,-6.582063778607143e-10
Subject08,Running,1545.0,2.7387,83.0718,-0.0014744480765162451,10.5193,65.76,0.0208,0.0129,0.0163,0.0207,3.569293170080149e-09,-1.1662324710266154e-10,-2.1523188031846254e-09,4.0877426287250237e-10
Subject08,Running,1560.0,2.7549,81.0147,0.0018395107578203034,10.5193,65.76,0.0227,0.0137,0.0163,0.02,-2.5008878447770184e-09,4.474972805392003e-10,2.4171584723902442e-09,-5.208044887444474e-10
Subject08,Running,1575.0,2.7232,81.4968,0.0009222922858104748,10.5193,65.76,0.0222,0.0132,0.0168,0.0189,6.072316696323425e-10,1.9315406711478025e-09,-2.4820253938873935e-09,2.974674497422989e-10
Subject08,Running,1590.0,2.7289,83.3162,0.0015586130154161084,10.5193,65.76,0.0224,0.0131,0.0164,0.0195,3.202246199809314e-09,-2.0583758935251433e-09,-8.674526419102188e-11,-1.179709914795112e-10
Subject08,Running,1605.0,2.7501,85.3004,-0.0013152949313289047,10.5193,65.76,0.0233,0.014,0.0177,0.0195,-4.546548181764156e-09,-1.420732044971813e-10,3.8567338058733286e-10,5.208219778880133e-09
Subject08,Running,1620.0,2.7254,84.8718,-0.00020464012509018134,10.5193,65.76,0.0225,0.0137,0.0181,0.0201,-3.528201585335508e-10,-1.4428571122760803e-11,1.627203123581551e-09,-4.436128759644549e-09
Subject08,Running,1635.0,2.6491,85.0147,0.0012439161388467848,10.5193,65.76,0.0211,0.0137,0.0173,0.0206,5.375294946235454e-10,-2.773761592778237e-10,7.694230068243473e-10,-9.797622147707971e-10
Subject08,Running,1650.0,2.7168,86.7289,-0.0010036089398664768,10.5193,65.76,0.0213,0.0126,0.016,0.0199,2.2952760860428388e-09,-1.7286695579946458e-11,-2.888300082368617e-09,1.6119259992567634e-10
Subject08,Running,1665.0,2.7613,85.7289,-0.001252630466283276,10.5193,65.76,0.0219,0.0139,0.0164,0.0195,-2.2630136469359807e-09,3.1412675281417146e-10,7.109811490280225e-10,3.2847694015876597e-09
Subject08,Running,1680.0,2.7591,85.2468,0.0009924878141852327,10.5193,65.76,0.0221,0.0136,0.0162,0.0186,-4.699804827424961e-10,-2.9550736452752637e-10,3.0416446050704357e-09,-3.570292959684046e-09
Subject08,Running,1695.0,2.7704,85.9968,0.000978432011085805,10.5193,65.76,0.0203,0.014,0.017,0.0202,1.3886522462461138e-09,4.17991962161859e-09,-4.01938422926039e-09,4.993812215955472e-10
Subject08,Running,1710.0,2.7515,86.9829,-0.003112152770699046,10.5193,65.76,0.0205,0.0134,0.0176,0.0196,3.5145714948177774e-09,-3.6832583548159364e-09,1.799724368050147e-10,-3.2936143294890633e-10
Subject08,Running,1725.0,2.7365,85.3004,0.00350448391331591,10.5193,65.76,0.0219,0.0143,0.0185,0.0197,-1.023004687851087e-09,-4.550093143372264e-10,4.1533670198993523e-10,-1.1611120505754907e-10
Subject08,Running,1740.0,2.712,86.4968,0.0014672687264565573,10.5193,65.76,0.0216,0.0136,0.017,0.0196,-3.0457224985819317e-09,2.422608794943223e-10,3.3204397711610854e-10,3.1072444261887986e-09
Subject08,Running,1755.0,2.6531,87.4432,-0.0022743224204438265,10.5193,65.76,0.0204,0.0137,0.0159,0.0201,-8.933781389405445e-10,-1.4873738749748813e-10,1.880931864518766e-09,-2.588540079530175e-09
Subject08,Running,1770.0,2.6313,85.8718,-0.0010030229810155489,10.5193,65.76,0.0206,0.0129,0.0162,0.0202,4.242944246470541e-09,-1.9948060973593225e-10,-2.5764385431148486e-09,-6.774342983762318e-10
Subject08,Running,1785.0,2.6892,85.2468,0.002144242706328307,10.5193,65.76,0.0228,0.0144,0.0176,0.0193,-3.843983277961565e-09,2.9308117014201344e-10,3.1721434088112867e-09,1.186272295665037e-10
Subject08,Stairs,360.0,0.1219,4.0185,0.013130303821373182,4.8847,65.76,0.0117,0.0266,0.0101,0.0327,-4.012601563142119e-10,1.5710222187634225e-09,2.4238396139862093e-09,-4.5528322143767674e-10
Subject08,Stairs,375.0,0.1023,5.1019,-0.010107997831980487,4.8847,65.76,0.0134,0.0295,0.0108,0.0346,-1.2778074601924589e-09,-2.1418665583641024e-09,-2.2940646046094454e-09,-1.0324848692106204e-09
Subject08,Stairs,390.0,0.1149,14.0661,-0.0019173726457393967,4.8847,65.76,0.0113,0.0294,0.0091,0.0328,4.984593969887602e-10,1.1144561890632758e-10,-8.982396498355298e-10,2.74138346477299e-09
Subject08,Stairs,405.0,0.1017,16.1519,0.0035770235876104004,4.8847,65.76,0.011,0.0274,0.0105,0.0332,-4.468400061450133e-10,1.9853940297684724e-09,-4.519536774901772e-10,-4.2424418380936395e-09
Subject08,Stairs,420.0,0.1064,26.0185,-0.0042080682653054795,4.8847,65.76,0.0115,0.0254,0.0109,0.0318,-1.5326307549356998e-10,-1.1082811206339306e-09,3.50775562124174e-12,-1.9419445010668482e-10
Subject08,Stairs,435.0,0.1143,23.8519,0.0011927457775412,4.8847,65.76,0.0094,0.0246,0.01,0.0301,1.2732194537690635e-09,-1.056174000378469e-09,1.6410229139989144e-09,8.938773338197442e-09
Subject08,Stairs,450.0,0.1161,24.7804,-0.0008802226478293293,4.8847,65.76,0.0103,0.028,0.0099,0.0341,-8.062886103515121e-10,1.5368492640263323e-11,-1.551235244659398e-09,-7.566203216522431e-09
Subject08,Stairs,465.0,0.1006,24.5185,0.0013262972269331766,4.8847,65.76,0.0082,0.028,0.0091,0.028,5.029857249600304e-10,-1.4665823547427035e-10,5.065890764985642e-10,1.1745825385274407e-09
Subject08,Stairs,480.0,0.1064,23.0185,-0.003683644609919051,4.8847,65.76,0.0102,0.0224,0.009,0.0269,9.931298425423213e-11,1.3160717591121643e-09,-3.485031594008088e-10,-2.1295833930185074e-09
Subject08,Stairs,495.0,0.0943,27.6852,0.0030095836910958964,4.8847,65.76,0.0096,0.0283,0.0095,0.0318,-5.774621802898165e-10,1.1293349595287451e-09,1.6106809132432794e-10,1.0075575497284504e-10
Subject08,Stairs,510.0,0.0983,27.8519,-0.0025832234575279287,4.8847,65.76,0.0103,0.0232,0.0074,0.0246,5.856305826913549e-10,-1.1870463637231183e-09,2.5426080591361776e-09,2.752850001353315e-09
Subject08,Stairs,525.0,0.1074,25.1019,-0.0018868523597002816,4.8847,65.76,0.0096,0.0214,0.0085,0.0232,-1.0186907173226263e-09,-1.1085338005192627e-09,-2.8988253315019996e-09,-2.087984862712662e-09
Subject08,Stairs,540.0,0.0914,28.1852,0.002378855620361661,4.8847,65.76,0.0094,0.0267,0.0089,0.029,1.1789428919008808e-09,3.4324733538988514e-09,5.088169095932673e-10,7.433560082700839e-10
Subject08,Stairs,555.0,0.1076,28.7804,0.0009363878007790581,4.8847,65.76,0.009,0.0223,0.0082,0.024,-1.2510716796767154e-09,-2.763728969217439e-09,-5.771484740299307e-10,-1.9386485775306057e-09
Subject08,Stairs,570.0,0.1033,29.0661,-0.0014308249383131588,4.8847,65.76,0.0086,0.0248,0.008,0.0292,1.0633575181468902e-10,-4.88009683749056e-10,-2.8357884481183276e-11,5.188302926119916e-09
Subject08,Stairs,585.0,0.0964,28.5185,-0.0010664221348877598,4.8847,65.76,0.0089,0.026,0.0086,0.0301,-1.1289803023704349e-10,-2.3194322739648608e-10,8.388049719554702e-11,-3.5752672719655133e-09
Subject08,Stairs,600.0,0.1064,29.3519,-0.0019149563327163042,4.8847,65.76,0.009,0.0236,0.0086,0.0335,8.432776975228561e-10,3.75409436939219e-10,4.4249564388660307e-11,2.0923474373165565e-09
Subject08,Stairs,615.0,0.1029,29.7519,0.0015338382219414152,4.8847,65.76,0.0096,0.0279,0.0087,0.0326,-8.506635646362694e-10,1.8147450306781034e-09,-7.926834696804538e-11,-3.5627549251005097e-09
Subject08,Stairs,630.0,0.1109,32.209,0.004110696747976703,4.8847,65.76,0.0096,0.03,0.0097,0.0303,2.409632448375589e-10,-2.728394232009642e-10,1.5899771003658522e-10,1.4095178872137678e-10
Subject08,Stairs,645.0,0.1064,29.6019,-0.001698235376150765,4.8847,65.76,0.0097,0.0282,0.0094,0.0299,3.607387387337946e-11,-1.8002493377107113e-09,-4.0973369827077527e-11,1.9225950164416147e-09
Subject08,Stairs,660.0,0.1062,28.6852,0.0014441820997857571,4.8847,65.76,0.0071,0.0294,0.0079,0.0355,-2.6405397946285955e-10,9.078336007757682e-10,-1.4175776942388104e-10,-2.1518315155802004e-09
Subject08,Stairs,675.0,0.0886,29.1019,0.001632443476399094,4.8847,65.76,0.0068,0.0281,0.0076,0.0315,5.825729253501006e-10,-5.878718392367681e-10,1.685314189458969e-09,1.4681784920444936e-08
Subject08,Stairs,690.0,0.1042,31.8519,0.0014723608053190016,4.8847,65.76,0.0071,0.0275,0.0079,0.0337,-1.0615787697797687e-10,2.4021704360243666e-09,-1.3719368327723517e-09,-1.419708116422791e-08
Subject08,Stairs,705.0,0.1065,31.7804,-0.002106835587282265,4.8847,65.76,0.0058,0.023,0.0068,0.022,-4.1121272988022283e-10,8.235567358847506e-10,-5.844917313648853e-11,-7.428476803933678e-11
Subject08,Stairs,720.0,0.0883,31.7269,0.0014172960904555334,3.5668,65.76,0.006,0.0219,0.0068,0.0283,-9.504180113793719e-11,-3.791110500676473e-09,-8.137028223775899e-11,1.4336481050932452e-09
Subject08,Stairs,735.0,0.097,32.4947,-0.0016615145093552485,3.5668,65.76,0.0064,0.0237,0.0066,0.0259,4.716523392829786e-11,1.382808002771948e-09,-1.1824115896386723e-10,-8.110798968781605e-10
Subject08,Stairs,750.0,0.0862,31.6852,0.0028014607259196525,3.5668,65.76,0.0077,0.0242,0.0073,0.0274,1.594869632617987e-09,-1.3300552304795196e-09,8.100595640554503e-10,1.9543456962365617e-09
Subject08,Stairs,765.0,0.0852,29.4947,-0.002689116210756364,3.5668,65.76,0.0086,0.0203,0.0069,0.0289,4.879436158274893e-10,2.468925119414831e-10,-6.190797710988347e-10,7.706756726852438e-09
Subject08,Stairs,780.0,0.0847,26.8519,0.0020719527611730046,3.5668,65.76,0.0119,0.0215,0.0081,0.0221,-1.7637672828840031e-09,3.9066440311003504e-10,-1.7410039375590495e-10,-9.476839816258805e-09
Subject08,Stairs,795.0,0.0868,26.7804,-0.0009490947804246653,3.5668,65.76,0.0085,0.0191,0.0075,0.0187,-3.455007415409151e-10,5.438779982936767e-10,-6.321940581987125e-11,-1.2174239513489487e-09
Subject08,Stairs,810.0,0.07,24.6852,-0.001103906723532045,3.5668,65.76,0.0071,0.0197,0.0064,0.0245,1.143033328908358e-11,-6.981281103525741e-10,2.701226564546136e-11,5.877456661003749e-10
Subject08,Stairs,825.0,0.0718,24.6376,0.0019089909744868343,3.5668,65.76,0.0053,0.0198,0.0058,0.0286,5.355442959594687e-11,1.924304194402938e-09,3.9791548226046446e-10,-2.580592352372653e-10
Subject08,Stairs,840.0,0.0736,26.1852,-0.0013923992976505968,3.5668,65.76,0.0048,0.0238,0.0062,0.0219,-4.628116242588184e-11,-7.000466595165426e-10,-4.3033528267361674e-10,-4.289817847078455e-10
Subject08,Stairs,855.0,0.0802,25.4947,0.002787912705263519,3.5668,65.76,0.006,0.0219,0.0053,0.0213,-8.743453182567545e-12,-6.980879619240616e-10,6.719543718308867e-12,5.015056734981035e-10
Subject08,Stairs,870.0,0.0648,27.4947,-0.002194690720980301,3.5668,65.76,0.0052,0.0214,0.0052,0.0258,-4.9934583993568767e-11,3.875327471261909e-09,1.9581874997739252e-10,6.163612904808662e-10
Subject08,Stairs,885.0,0.0773,26.6852,0.0037326905378328905,3.5668,65.76,0.0061,0.0211,0.0047,0.0258,4.446792902977433e-11,-3.3529950396729056e-09,-2.0911354961125942e-10,-3.4693713844591894e-10
Subject08,Stairs,900.0,0.0705,29.9233,-0.0017649249900518321,3.5668,65.76,0.0068,0.0246,0.0069,0.0256,1.6170533952232104e-09,-1.2373437538344296e-09,7.603528131503419e-11,1.8040659837891116e-09
Subject08,Stairs,915.0,0.0813,25.9233,-0.0012619445635084722,3.5668,65.76,0.0085,0.0215,0.0066,0.0231,-1.4452988441802804e-09,2.0151843005823822e-10,-1.4761051933502265e-11,-8.756271365529249e-10
Subject08,Stairs,930.0,0.0767,22.209,-0.004232399287004393,3.5668,65.76,0.0051,0.0238,0.0051,0.0287,-3.2615340727177486e-11,-2.707376745111713e-10,2.276270493754753e-11,6.783375986681368e-10
Subject08,Stairs,945.0,0.0746,21.1852,-0.0030190354183575957,3.5668,65.76,0.0049,0.0217,0.0054,0.0263,-1.4810298113288216e-10,-2.427373374106187e-10,-1.7747851180534898e-10,-3.5032225918078635e-10
Subject08,Stairs,960.0,0.0665,22.209,0.001535463284607025,3.5668,65.76,0.0064,0.0209,0.0057,0.0243,9.54640349981673e-10,7.208036815647149e-10,3.2695782574384027e-09,-1.2032951754438458e-09
Subject08,Stairs,975.0,0.0715,25.0661,-0.0016400590161146555,3.5668,65.76,0.0062,0.0188,0.0054,0.0222,8.413314357316639e-10,1.37728594003323e-09,-2.115811044566077e-09,-4.37781855534742e-10
Subject08,Stairs,990.0,0.0771,25.9233,-0.0019544661850661015,3.5668,65.76,0.0052,0.0212,0.0056,0.0269,-1.4863705295901576e-09,1.9284314301606018e-09,-4.3029783962918304e-10,7.131035518687817e-10
Subject08,Stairs,1005.0,0.073,27.209,0.0011661314323393583,3.5668,65.76,0.0055,0.0262,0.0057,0.0282,-2.77144322663089e-10,-1.3931216032766179e-09,-6.293679958599727e-10,-3.9343446645958236e-10
Subject08,Stairs,1020.0,0.0755,27.4947,0.0026144110639758755,3.5668,65.76,0.0047,0.0215,0.0052,0.0197,-1.4546693902326373e-11,-1.0629075890406742e-09,-6.403011974331605e-12,-6.499583348012829e-10
Subject08,Stairs,1035.0,0.0793,26.209,-0.006307874565448292,3.5668,65.76,0.0058,0.0236,0.0058,0.0258,-7.78353232532349e-12,4.137418220494158e-09,6.572148192356367e-10,1.7580105486375667e-09
Subject08,Stairs,1050.0,0.0756,25.4947,0.003004983542647233,3.5668,65.76,0.0079,0.0229,0.0061,0.0309,8.889090913547458e-10,-4.59033132141341e-09,1.392436631052437e-10,6.313076632223069e-09
Subject08,Stairs,1065.0,0.077,24.6852,-0.002836029452411095,3.5668,65.76,0.0089,0.0269,0.0083,0.0311,-7.481255739386167e-10,5.922277735394006e-10,-2.7519595812720357e-10,-7.61276670832835e-09
Subject08,Stairs,1080.0,0.0984,22.9769,-0.002980875411701765,4.6459,65.76,0.0068,0.0241,0.0076,0.0284,2.409733868623726e-10,-1.3735480879783014e-09,-3.4798484422323676e-10,1.218735374611601e-09
Subject08,Stairs,1095.0,0.0959,22.5185,0.001123526244601858,4.6459,65.76,0.0083,0.0277,0.0077,0.0309,-3.6333553560908123e-10,-2.9894279833130794e-10,-1.3469126038491922e-10,-3.665793581306596e-10
Subject08,Stairs,1110.0,0.0962,31.0185,0.004860525051155429,4.6459,65.76,0.0083,0.0252,0.0082,0.0298,3.358620028324351e-10,2.0385973403597186e-09,7.648339748936334e-10,-7.039329513133182e-10
Subject08,Stairs,1125.0,0.0952,31.2269,-0.0024857996602944236,4.6459,65.76,0.0068,0.0252,0.0069,0.029,-3.2676699389622224e-10,-7.304930909413714e-10,-7.999151474180954e-10,-5.322566863744364e-10
Subject08,Stairs,1140.0,0.0953,29.3519,-0.001718417843837673,4.6459,65.76,0.0072,0.0247,0.0068,0.0288,1.2350656560970503e-09,-8.463619583928218e-10,3.332843910947619e-10,3.7851608345690065e-09
Subject08,Stairs,1155.0,0.0939,29.4947,0.002094877102886246,4.6459,65.76,0.006,0.0197,0.0059,0.0301,-5.752601725142623e-10,-3.552948080731551e-10,-2.8012496391434e-10,-1.8287737962622517e-09
Subject08,Stairs,1170.0,0.0981,31.9233,-0.00252817904718407,4.6459,65.76,0.0078,0.0235,0.0074,0.0298,-4.265741827258167e-10,-1.9514352035425269e-10,2.4781914359537845e-10,7.153608964561288e-09
Subject08,Stairs,1185.0,0.0961,31.209,-0.002139783443308296,4.6459,65.76,0.0068,0.0258,0.0075,0.035,-2.3831471082725255e-10,1.262827064264622e-09,-2.3716610363577143e-10,-9.16287288119915e-09
Subject08,Stairs,1200.0,0.1043,31.8519,-0.0015393204478350792,4.6459,65.76,0.0071,0.023,0.0063,0.027,1.05355698715392e-11,8.591721778599233e-10,6.424378469249307e-11,9.787427824710242e-11
Subject08,Stairs,1215.0,0.0937,33.6852,0.0031876210575162837,4.6459,65.76,0.0093,0.0255,0.0066,0.028,8.336845415333766e-10,-1.630900136857925e-09,-3.0835443945097697e-11,8.517901318630466e-10
Subject08,Stairs,1230.0,0.0991,33.6019,-0.002521987469296255,4.6459,65.76,0.0058,0.0224,0.0063,0.0346,-7.552470475080861e-10,4.910455411995935e-10,-1.1756774399350974e-11,1.0815427213106336e-08
Subject08,Stairs,1245.0,0.1023,32.3519,0.0018768344337415969,4.6459,65.76,0.007,0.0239,0.0076,0.0305,-1.1379198139330282e-10,1.132134829294863e-09,-7.42165613220023e-11,-1.1584595786815114e-08
Subject08,Stairs,1260.0,0.1049,33.9233,0.0016588100081098077,4.6459,65.76,0.0061,0.0257,0.0068,0.0291,1.9968479003755346e-11,3.1274238728917874e-10,-6.601882171924295e-11,-2.6010709156445937e-10
Subject08,Stairs,1275.0,0.0901,32.2269,-0.0017094954925804089,4.6459,65.76,0.0065,0.0243,0.0067,0.0287,1.2146455247955502e-10,-1.8502343612680208e-09,9.908719162446246e-11,1.3607453536034405e-09
Subject08,Stairs,1290.0,0.0972,32.9233,-0.0022466974498053212,4.6459,65.76,0.0066,0.0252,0.0065,0.0323,-1.633495237348647e-10,-5.859970262032605e-10,-5.666757144651448e-11,9.920677210415722e-10
Subject08,Stairs,1305.0,0.094,32.209,0.0010293886483763535,4.6459,65.76,0.0078,0.0254,0.0074,0.031,7.326805437282872e-11,1.7287151345367356e-09,1.0390210879217832e-11,-2.234773731676781e-09
Subject08,Stairs,1320.0,0.1014,31.9233,0.0014431620679480803,4.6459,65.76,0.007,0.0207,0.0068,0.0281,7.808444118362446e-10,-1.44432860446853e-09,9.856852381744671e-11,1.6782763417293292e-09
Subject08,Stairs,1335.0,0.0973,33.7804,0.001250461832888089,4.6459,65.76,0.0072,0.024,0.0066,0.0265,-5.397470957019798e-10,-1.0951220987150442e-10,-7.732770128057341e-11,-1.5532064876182812e-09
Subject08,Stairs,1350.0,0.0964,35.7804,-0.0011957276107749978,4.6459,65.76,0.0086,0.0249,0.0074,0.0305,5.985347285015023e-10,1.991860861091459e-09,9.430217079985574e-10,-6.978069165469996e-12
Subject08,Stairs,1365.0,0.0925,38.9233,0.002901731543484932,4.6459,65.76,0.0058,0.0226,0.0066,0.0284,-8.341891796784345e-10,3.9181896692632434e-10,-9.297269908350227e-10,-1.8174432584458162e-10
Subject08,Stairs,1380.0,0.0963,35.9769,-0.0026551656374552844,4.6459,65.76,0.0066,0.0251,0.0067,0.028,7.894162746666191e-10,-2.219612228077039e-09,5.268450076453954e-10,3.264927102159154e-09
Subject08,Stairs,1395.0,0.0971,33.9233,0.0013711837840395483,4.6459,65.76,0.0066,0.0243,0.0071,0.0279,-8.58561872862406e-10,-3.2248772834526557e-10,-5.626188306341016e-10,-8.926761504458914e-10
Subject08,Stairs,1410.0,0.0913,33.9769,0.0024614667847383015,4.6459,65.76,0.0066,0.0218,0.0068,0.0289,1.1810742914408548e-09,2.6778490852962006e-10,1.4842374380860368e-09,8.289561938349208e-09
Subject08,Stairs,1425.0,0.0994,32.6852,-0.002932687284971914,4.6459,65.76,0.015,0.0238,0.0136,0.0237,2.6113342300505565e-10,2.1589495489685444e-10,-6.39933748306886e-10,-9.24950546777387e-09
Subject08,Walking,360.0,0.4369,4.2,0.006103123548400216,2.071,65.76,0.0043,0.0158,0.006,0.0122,-8.922537512055957e-11,2.0969427021140516e-09,7.23598819773354e-10,6.280084597897887e-11
Subject08,Walking,375.0,0.5317,15.2,-0.006474708095531643,2.071,65.76,0.0052,0.0147,0.0055,0.0149,4.3854114786338285e-11,-1.857707770279426e-09,-7.6767100614882e-10,1.3262107057272035e-09
Subject08,Walking,390.0,0.5426,5.6,-0.0032133042293172784,2.071,65.76,0.0044,0.0153,0.0056,0.0145,5.01018144267323e-10,-2.1538075247327098e-10,1.9251226602764368e-11,2.7529996434916732e-09
Subject08,Walking,405.0,0.5585,1.4,-0.0014803935092317063,2.071,65.76,0.0049,0.0153,0.0057,0.0147,-5.232665914545933e-10,1.5264348346906086e-09,1.7393314926109671e-09,-4.0405992825406625e-09
Subject08,Walking,420.0,0.5478,-0.2,0.004521421178727397,2.071,65.76,0.0049,0.0166,0.0071,0.0156,-3.626638619014248e-11,-1.1600121568891554e-09,-1.7261900072612042e-09,9.645423164483868e-10
Subject08,Walking,435.0,0.5352,0.2,-0.0043553880441758825,2.071,65.76,0.0056,0.0156,0.0068,0.016,1.1343790806347083e-10,-3.4266524906351636e-10,-3.7739423036041604e-11,-9.219193460195519e-10
Subject08,Walking,450.0,0.5249,-1.25,-0.0028105079287455456,2.071,65.76,0.0054,0.0154,0.0059,0.0142,-1.1330326096187933e-10,1.2998741937195242e-09,1.1759832839355842e-09,-1.5951349592642893e-10
Subject08,Walking,465.0,0.5316,-1.6,-0.0035747472348090707,2.071,65.76,0.0059,0.0164,0.0067,0.0134,1.986252158592482e-09,-1.3775779214695301e-09,-1.1493171932735077e-09,7.175863876956935e-10
Subject08,Walking,480.0,0.5521,-2.3333,0.003535523838829561,2.071,65.76,0.0051,0.0138,0.0061,0.0139,-1.947901753691928e-09,1.2671568287734166e-09,4.802857345389592e-10,-6.907318157891224e-10
Subject08,Walking,495.0,0.55,-1.8,0.0030249741039464085,2.071,65.76,0.0052,0.0152,0.0069,0.0123,1.118845766663999e-09,-1.290717010295314e-09,-4.863209153825862e-10,1.9668273591956204e-09
Subject08,Walking,510.0,0.5347,0.6,0.004785205634386594,2.071,65.76,0.0056,0.0145,0.006,0.0131,-1.1218586974192276e-09,1.3033804797852087e-09,8.651459870882417e-10,-2.0185355822010582e-09
Subject08,Walking,525.0,0.5575,1.2,-0.004385972832744864,2.071,65.76,0.0056,0.0139,0.0059,0.0143,1.672932560593409e-09,-1.2316037395136326e-09,-8.820725284037496e-10,2.231286034328377e-09
Subject08,Walking,540.0,0.5553,1.8,-0.0025148889393560876,2.071,65.76,0.0051,0.0142,0.0056,0.0139,-1.7117343550423797e-09,1.1865073660419192e-09,5.196798695153459e-10,-2.2186223664587244e-09
Subject08,Walking,555.0,0.553,0.5,0.005048019002261097,2.071,65.76,0.0051,0.0142,0.0064,0.0125,3.5374138084318643e-11,-1.0668873039957226e-09,-4.885096050162081e-10,4.4459608473308446e-10
Subject08,Walking,570.0,0.5411,-2.8,-0.003768191138400067,2.071,65.76,0.0054,0.0138,0.0059,0.0131,-1.9024623409250118e-11,1.0610225069298949e-09,1.6945363305314696e-09,-4.216565948486729e-10
Subject08,Walking,585.0,0.5371,-4.1667,0.0032617557220429782,2.071,65.76,0.0054,0.014,0.0061,0.0125,7.979807810127082e-10,-1.0837598174949615e-09,-1.7391628166146006e-09,2.026980795652077e-09
Subject08,Walking,600.0,0.5387,1.2,0.005811384622046912,2.071,65.76,0.0051,0.0149,0.0065,0.0118,-3.7178769268338555e-10,2.892276779915428e-09,2.0912923059038012e-10,-1.935438194146321e-09
Subject08,Walking,615.0,0.5359,1.75,-0.002341510146441584,2.071,65.76,0.0055,0.0131,0.0068,0.0141,2.1980953448211107e-10,-3.0135505295741102e-09,-1.840306613089022e-10,2.3155110593868707e-09
Subject08,Walking,630.0,0.5312,-2.3333,0.0033003860576379905,2.071,65.76,0.0052,0.0149,0.0063,0.0122,-6.45829146524578e-10,-2.4259803950956247e-11,-1.3516384332861289e-11,-1.4970499576623747e-09
Subject08,Walking,645.0,0.5439,-4.8,0.00469581910579167,2.071,65.76,0.0059,0.0136,0.0061,0.0138,2.6431252779651824e-11,1.0441151863616692e-09,5.876519529195764e-11,-1.135119145136777e-09
Subject08,Walking,660.0,0.5516,-0.8,-0.00407312895197648,2.071,65.76,0.0051,0.0138,0.0063,0.0136,1.572771694663767e-09,-1.0426201102026435e-09,-5.939885304564708e-11,1.7408250914816328e-09
Subject08,Walking,675.0,0.5411,-2.6,-0.002460480581303346,2.071,65.76,0.006,0.0132,0.0062,0.0124,-1.5909717449277137e-09,2.56533969835592e-09,1.5604947145848683e-09,-1.4557550529410932e-09
Subject08,Walking,690.0,0.5686,-3.0,0.0039586029234903635,2.071,65.76,0.0054,0.0126,0.0065,0.0132,7.377828108430919e-10,-2.60534224690381e-09,-1.5202535845127459e-09,2.963305106693609e-09
Subject08,Walking,705.0,0.5542,1.8,-0.0036735651609365264,2.071,65.76,0.0052,0.0142,0.0063,0.0126,1.1675104305115137e-09,7.687242148586593e-11,-4.6069426364959564e-11,-1.705911091759925e-09
Subject08,Walking,720.0,0.349,-3.2,0.002602941782810844,1.6497,65.76,0.0057,0.0117,0.0054,0.0098,-1.8884329160760343e-09,1.078945365434832e-09,8.131885999190916e-10,-1.2313239858576489e-09
Subject08,Walking,735.0,0.3122,-2.4,-0.0025078403617580444,1.6497,65.76,0.005,0.0125,0.005,0.0093,6.468912431509043e-14,-9.723921611302361e-10,-7.605084057782826e-10,7.593728007622406e-10
Subject08,Walking,750.0,0.3137,-2.6,-0.002254621750570316,1.6497,65.76,0.0046,0.0122,0.0048,0.0088,7.396840828036028e-10,1.547390918536554e-11,-5.1206581705420894e-11,6.115157807126476e-10
Subject08,Walking,765.0,0.3301,-4.0,0.004418389870752645,1.6497,65.76,0.0042,0.0103,0.0044,0.008,1.3001651750207138e-09,-6.598784861581342e-11,9.012621939165665e-12,6.470867068696048e-11
Subject08,Walking,780.0,0.323,1.75,-0.004390196862550017,1.6497,65.76,0.0049,0.0111,0.0044,0.0087,-1.9718017085767552e-09,7.073391708927597e-10,-2.971858366518457e-11,-1.5056012576856637e-09
Subject08,Walking,795.0,0.3262,-2.5,-0.003236445843184555,1.6497,65.76,0.0039,0.0117,0.0047,0.0086,-1.0052071342689985e-10,-2.4230418787395597e-10,3.990519058040547e-11,3.578072335453034e-10
Subject08,Walking,810.0,0.322,-4.5,0.003966005240892904,1.6497,65.76,0.0045,0.011,0.0049,0.0089,6.430601228713723e-10,3.1346336660734073e-10,-6.796651950807365e-11,-3.0364672429021355e-10
Subject08,Walking,825.0,0.3238,1.4,-0.003528952989925968,1.6497,65.76,0.0044,0.0111,0.0053,0.0086,-6.361317289786756e-10,-9.26602476545622e-10,2.0455491068708032e-10,2.491514099385811e-11
Subject08,Walking,840.0,0.3186,2.0,0.00504503934547035,1.6497,65.76,0.0045,0.0114,0.0056,0.0097,4.393470724753801e-10,7.883722246249847e-10,-1.4575989566091394e-10,-2.0690200167891205e-11
Subject08,Walking,855.0,0.3065,2.0,-0.005318285092426705,1.6497,65.76,0.0042,0.0117,0.0046,0.0089,-3.226394054339013e-10,-4.5573898637885026e-10,-6.7253869272875164e-12,4.715581529367288e-10
Subject08,Walking,870.0,0.3107,-2.0,0.0013879637504109932,1.6497,65.76,0.0045,0.011,0.0048,0.01,-9.974742185732046e-11,8.262139784765566e-10,9.337244375567141e-10,-5.609440237470274e-10
Subject08,Walking,885.0,0.3034,-0.5,-0.001962928101644707,1.6497,65.76,0.005,0.0119,0.0053,0.0091,4.936573530017716e-10,-3.7457137404279094e-10,-9.048190620509461e-10,-1.671163103744888e-10
Subject08,Walking,900.0,0.2957,-1.1667,0.001821842920384248,1.6497,65.76,0.006,0.0116,0.006,0.0094,-4.4519501478777575e-10,-3.9607765334370197e-10,3.418447614406329e-11,8.896142599787058e-10
Subject08,Walking,915.0,0.3086,3.75,0.004284796004287905,1.6497,65.76,0.0048,0.011,0.0057,0.0095,-6.703333025350261e-11,1.8780488781939993e-09,6.234608122111186e-10,-6.938683246993478e-10
Subject08,Walking,930.0,0.3194,1.2,-0.005540127701849838,1.6497,65.76,0.0042,0.0114,0.0051,0.01,4.9865705138367426e-11,-1.6250503612759402e-09,-4.765814264539548e-10,-1.794691638157381e-12
Subject08,Walking,945.0,0.3266,-3.8,0.0023489781731642722,1.6497,65.76,0.0047,0.0118,0.0054,0.0094,1.2105313753724528e-10,4.6535502354587976e-10,-3.061621622728438e-10,3.880736185072885e-11
Subject08,Walking,960.0,0.3234,-2.6,-0.0028704565687926596,1.6497,65.76,0.0043,0.0111,0.0052,0.0099,2.831126121070692e-10,-8.190686070806784e-10,1.0211510830733906e-10,9.365008664685567e-10
Subject08,Walking,975.0,0.3235,-2.5,-0.0014292788248915992,1.6497,65.76,0.004,0.0116,0.0052,0.0091,5.209425346767316e-10,-1.2750578156186713e-10,1.467347383496006e-11,-2.015962867748095e-10
Subject08,Walking,990.0,0.3194,-2.4,0.002623648169226197,1.6497,65.76,0.0045,0.0123,0.005,0.0096,-7.259682887607977e-10,1.3007049343790457e-10,3.987359274478875e-13,-1.3698934866986008e-10
Subject08,Walking,1005.0,0.318,0.6667,0.0041922392354266655,1.6497,65.76,0.0048,0.0111,0.005,0.0099,-1.9209573809783677e-10,-1.5164073239591642e-10,1.4749270597095252e-11,1.39076149425462e-09
Subject08,Walking,1020.0,0.3159,4.2,0.005627578397893413,1.6497,65.76,0.0043,0.012,0.0051,0.0099,-9.910599462482084e-11,1.6189674513387187e-10,-3.384371587544088e-11,-1.1151101975418324e-09
Subject08,Walking,1035.0,0.3156,12.6,-0.005860141236579062,1.6497,65.76,0.0043,0.0118,0.0049,0.0103,4.710399388382355e-11,-9.6068162450435e-11,7.572567987448908e-11,-9.564856494746043e-11
Subject08,Walking,1050.0,0.31,2.5,-0.0038536631422160586,1.6497,65.76,0.0049,0.0123,0.0046,0.0096,6.2738008271594195e-12,1.1924475274933114e-09,2.39149197208722e-10,-8.767772405603337e-10
Subject08,Walking,1065.0,0.3233,0.0,-0.004098827784030445,1.6497,65.76,0.0048,0.0103,0.0047,0.0099,1.531629702641629e-11,-4.867691614163715e-10,-3.044138878185912e-10,4.64226087132829e-11
Subject08,Walking,1080.0,0.6624,-1.0,0.0035485805591661344,2.8827,65.76,0.0062,0.0146,0.0076,0.0148,1.0206840605052926e-11,9.38308604345605e-10,1.548990565759921e-09,-1.1760816188010748e-11
Subject08,Walking,1095.0,0.7508,6.2,-0.004009997307217931,2.8827,65.76,0.0068,0.0143,0.0075,0.0154,1.6560783795135441e-09,-1.6835079013863016e-09,-1.5175446181549435e-09,3.312681901803459e-09
Subject08,Walking,1110.0,0.7675,8.3333,0.005162445811094242,2.8827,65.76,0.0065,0.0149,0.0077,0.0159,-1.6394308546515967e-09,-1.727413327888811e-10,2.3804863114388888e-11,-2.213228070987414e-09
Subject08,Walking,1125.0,0.7544,18.2,0.0035090853477245405,2.8827,65.76,0.0068,0.014,0.0071,0.017,4.3905524149459925e-11,1.3236117204054804e-09,5.90483826340078e-11,-1.0119316684049365e-09
Subject08,Walking,1140.0,0.7672,16.75,-0.008480516732945188,2.8827,65.76,0.0058,0.0147,0.007,0.0159,-5.544184088747949e-12,-5.09548487313742e-10,-6.552801016709987e-11,-2.5445940371103625e-10
Subject08,Walking,1155.0,0.7645,11.0,0.003361306819970111,2.8827,65.76,0.006,0.0149,0.0073,0.0153,6.887421434571216e-10,-6.558559316751785e-10,-5.1354703457839263e-11,4.005149455254263e-10
Subject08,Walking,1170.0,0.7581,9.2,-0.0020161341861533472,2.8827,65.76,0.0047,0.0145,0.0069,0.0146,-8.396060809634846e-10,1.4487826563670043e-10,1.681025819629428e-11,7.599548680471405e-10
Subject08,Walking,1185.0,0.7682,6.5,-0.0028658997501564256,2.8827,65.76,0.006,0.0147,0.007,0.0155,6.905729164288901e-11,-2.6471014626650335e-10,-4.45281224576578e-11,-6.079040437342115e-10
Subject08,Walking,1200.0,0.774,7.6,0.0019265825476253724,2.8827,65.76,0.0064,0.0149,0.0078,0.0162,2.0696999944771393e-11,2.635203858279139e-09,1.2892619743514221e-09,-1.3748486944076795e-12
Subject08,Walking,1215.0,0.7936,11.2,0.0039157050594520165,2.8827,65.76,0.0057,0.0145,0.0072,0.0163,-4.4154094018344994e-11,2.430786784934243e-10,-4.786389503369895e-10,-3.67212897475432e-10
Subject08,Walking,1230.0,0.7759,14.6667,-0.004140316855672332,2.8827,65.76,0.0061,0.0151,0.0071,0.0156,4.67370350588722e-11,-4.388200625515443e-10,1.6853389281179138e-09,6.564133129735852e-11
Subject08,Walking,1245.0,0.781,17.6667,0.0038456255163664757,2.8827,65.76,0.0064,0.0149,0.0068,0.0154,-2.3567979468892948e-11,-1.1105594766065491e-09,-1.5719796077675135e-09,-5.868566137186223e-11
Subject08,Walking,1260.0,0.7916,24.6,-0.0023084088894612916,2.8827,65.76,0.0062,0.0149,0.0073,0.0151,-5.411010606766586e-12,3.6865522515433326e-10,-4.362530708671609e-10,8.436781978311555e-11
Subject08,Walking,1275.0,0.7881,20.3333,-0.003469566483160916,2.8827,65.76,0.0062,0.0144,0.0069,0.0148,-1.373256659922792e-11,1.1390399200952907e-09,1.3588083224488616e-10,1.2310682251200097e-11
Subject08,Walking,1290.0,0.8077,13.6,-0.0053863122223233376,2.8827,65.76,0.0056,0.0141,0.007,0.0149,3.858950082323682e-11,-2.302044339268155e-10,2.3882520568070956e-09,-4.869626733513144e-11
Subject08,Walking,1305.0,0.7936,8.8333,0.004033262225390604,2.8827,65.76,0.0059,0.014,0.007,0.015,1.735132630122244e-10,-2.138587724642172e-09,-2.888936632896031e-09,1.6539758047470956e-10
Subject08,Walking,1320.0,0.7877,12.2,-0.0057956949232501305,2.8827,65.76,0.006,0.0142,0.0078,0.0153,-1.608162256947729e-10,5.899973068808091e-10,1.4178189323266853e-09,-2.014511001383572e-10
Subject08,Walking,1335.0,0.7908,7.2,0.0033158316922174925,2.8827,65.76,0.0059,0.0144,0.008,0.015,1.5448586773242837e-10,2.2924994663520723e-09,4.935990937869197e-10,1.964778333340301e-10
Subject08,Walking,1350.0,0.8001,11.8333,0.001952087742410976,2.8827,65.76,0.0057,0.014,0.0067,0.015,-4.377180528514802e-11,-2.7130400438481246e-09,-2.0686722453009333e-09,-1.2656037906735268e-10
Subject08,Walking,1365.0,0.7922,14.2,0.003282250866772991,2.8827,65.76,0.0063,0.0145,0.0071,0.0165,4.895134698768381e-11,9.309129330681512e-10,1.020394319367212e-10,5.7633214704178315e-12
Subject08,Walking,1380.0,0.7791,15.1667,-0.004810897353632897,2.8827,65.76,0.0064,0.0146,0.0075,0.0153,-1.4400944104382272e-10,-7.312216219894685e-10,1.196473022534171e-10,-2.0011923901348336e-10
Subject08,Walking,1395.0,0.7939,12.0,-0.003477472495425564,2.8827,65.76,0.0064,0.0154,0.0072,0.0147,1.9873863451185738e-10,-5.512577680955767e-10,-1.367652824153113e-10,2.0387053969588817e-09
Subject08,Walking,1410.0,0.7859,13.1667,0.0021708497908455387,2.8827,65.76,0.0053,0.0142,0.007,0.0145,9.254654781255957e-10,-2.0128374314676758e-10,-2.0136866404032446e-11,-6.26309907589361e-10
Subject08,Walking,1425.0,0.7922,13.2,-0.005170909507169628,2.8827,65.76,0.0058,0.0137,0.007,0.0141,-5.514272226948398e-10,3.673368416430499e-11,3.8568179697442643e-11,-5.97769681914634e-10
Subject09,Backwards,360.0,0.2535,1.28,0.006156410570025915,2.5614,68.93,0.0137,0.014,0.0159,0.0155,2.65676987029767e-10,-2.0952401661952238e-10,5.652621618431468e-10,2.772237482658294e-10
Subject09,Backwards,375.0,0.2626,9.73,-0.001465460731128457,2.5614,68.93,0.0112,0.0124,0.0125,0.0143,-4.914079667033097e-10,4.813149385239221e-12,-1.929934983378024e-10,-3.8011677011076653e-10
Subject09,Backwards,390.0,0.256,8.8133,-0.0017042792688079706,2.5614,68.93,0.0103,0.0097,0.0078,0.0123,6.677920788889905e-10,-7.1298630554941755e-12,-4.770896864152298e-10,4.810036357713531e-10
Subject09,Backwards,405.0,0.2402,7.08,-0.0009392493388062814,2.5614,68.93,0.0081,0.01,0.0079,0.0136,-7.084520460690784e-10,4.357979013930415e-10,1.2723376311888018e-09,-5.821549259937124e-10
Subject09,Backwards,420.0,0.2507,5.1467,0.0012304748951795608,2.5614,68.93,0.0106,0.0093,0.0081,0.0123,2.48591610266149e-09,-4.802355135578189e-10,-1.4850814767396378e-09,1.6588004284911855e-09
Subject09,Backwards,435.0,0.2427,5.1467,-0.0023994813426849925,2.5614,68.93,0.0087,0.0097,0.0066,0.0119,-1.2730198120481962e-09,1.934139038833189e-11,9.137322837487505e-11,-1.172503801846795e-09
Subject09,Backwards,450.0,0.232,3.1467,0.002205447304288548,2.5614,68.93,0.0065,0.0094,0.0056,0.011,-5.253784462793778e-10,8.407083222996477e-12,-4.7769693717775214e-11,2.190129931957643e-09
Subject09,Backwards,465.0,0.231,3.48,-0.004367769198439664,2.5614,68.93,0.0074,0.0104,0.0067,0.0111,-6.810433785475898e-10,8.111747846658927e-10,6.048590244329608e-10,-2.671158443646148e-09
Subject09,Backwards,480.0,0.245,4.8133,0.0015926774933908909,2.5614,68.93,0.0079,0.0103,0.0071,0.0113,2.981638621597102e-11,1.1080244561791943e-09,1.8727487187515902e-10,2.251408400907061e-10
Subject09,Backwards,495.0,0.2407,4.48,-0.0051168477102318715,2.5614,68.93,0.0079,0.0111,0.0067,0.0115,4.6104185400395376e-10,-1.9971986650381023e-09,-6.653394151615596e-10,1.0011541596937202e-09
Subject09,Backwards,510.0,0.2454,2.98,0.002346482167062498,2.5614,68.93,0.0084,0.0113,0.0085,0.0109,-2.0932438442771607e-10,3.465931386730105e-10,-1.126131134138186e-10,4.5940206751628454e-10
Subject09,Backwards,525.0,0.2349,4.48,0.0025491230337885045,2.5614,68.93,0.0075,0.0107,0.0064,0.0113,-3.1666189941893995e-10,1.603954542723552e-09,1.8647207804675282e-10,-1.582806022611917e-09
Subject09,Backwards,540.0,0.237,4.98,-0.0023168100348154425,2.5614,68.93,0.0069,0.0094,0.0061,0.0104,9.323663109256766e-11,-4.886096493403392e-10,1.904481919780686e-10,7.227436281440933e-11
Subject09,Backwards,555.0,0.2445,3.8133,-0.0011341909187396403,2.5614,68.93,0.0077,0.0108,0.0073,0.0109,-1.0227467889407225e-10,3.214480197118596e-10,2.9578140840560883e-13,-1.4857754003438382e-10
Subject09,Backwards,570.0,0.2343,1.48,0.0018500013228362892,2.5614,68.93,0.0066,0.01,0.0064,0.0107,4.486250604681958e-11,-1.3934654146744909e-09,-1.2351720786116197e-10,-6.962684699077863e-11
Subject09,Backwards,585.0,0.2389,2.48,0.001922997762930972,2.5614,68.93,0.0064,0.0104,0.0078,0.0131,2.2966363635840163e-10,-1.2709945249324635e-10,-2.394385932837745e-10,2.628061840442746e-09
Subject09,Backwards,600.0,0.2421,4.1467,-0.0027647732336618797,2.5614,68.93,0.0083,0.0099,0.0067,0.0114,-2.4290580855849865e-10,2.194911004278535e-09,6.169109742295827e-10,-2.3577100967221903e-09
Subject09,Backwards,615.0,0.2307,3.98,-0.0011849004758770756,2.5614,68.93,0.0078,0.0121,0.0066,0.0123,-1.7555939399800107e-11,-2.106270038428823e-10,-2.105089100255351e-10,-2.3295495929162426e-10
Subject09,Backwards,630.0,0.2316,3.23,0.001679873494632,2.5614,68.93,0.0065,0.0111,0.0061,0.0114,6.275948224097301e-10,-2.1896828376958194e-09,-3.2267389885128993e-10,6.831889825446422e-10
Subject09,Backwards,645.0,0.2411,4.73,-0.0041893331809214705,2.5614,68.93,0.0074,0.0124,0.0081,0.012,1.2795977005197867e-09,-1.573427467502637e-10,-1.3040727650298167e-10,6.78508043605869e-10
Subject09,Backwards,660.0,0.2337,3.1467,0.001027832108609797,2.5614,68.93,0.0059,0.0111,0.0065,0.0104,-1.3869415720029622e-09,1.6822156137180407e-10,4.8937591520159875e-11,1.0783675666528746e-10
Subject09,Backwards,675.0,0.2351,2.98,-0.0006343710914939782,2.5614,68.93,0.0058,0.0105,0.006,0.0111,-5.078893250992856e-10,1.202642057798274e-09,6.453455949406314e-11,-1.3988386117238238e-09
Subject09,Backwards,690.0,0.2372,3.48,0.0018772380896235757,2.5614,68.93,0.006,0.0113,0.0065,0.0119,1.7517149471953363e-09,-1.2858058335681616e-09,-1.5378224221751386e-10,9.445110260830102e-10
Subject09,Backwards,705.0,0.238,2.88,0.001293815783066045,2.5614,68.93,0.0075,0.0103,0.0068,0.0105,-1.6129934188431722e-09,6.834004522066345e-10,5.385173607981558e-10,-8.285139384737848e-10
Subject09,Backwards,720.0,0.1137,3.98,-0.0013556492463773695,1.6818,68.93,0.0058,0.0125,0.0068,0.0115,-1.5525429048037277e-10,7.072774504838866e-10,-3.8758656484327265e-10,-1.5082530649902866e-10
Subject09,Backwards,735.0,0.1101,2.73,-0.0017401547862690003,1.6818,68.93,0.0051,0.0109,0.0062,0.01,2.3188225224151188e-10,-2.0202614367218064e-10,-1.5884727903507477e-10,2.8160570918598968e-11
Subject09,Backwards,750.0,0.1116,-0.52,0.002235112709817931,1.6818,68.93,0.0057,0.0096,0.0061,0.0123,-1.767751484934966e-10,-1.195981441786733e-09,6.898465623177065e-10,8.74942583186686e-10
Subject09,Backwards,765.0,0.1062,-0.77,0.0010739914882179837,1.6818,68.93,0.0048,0.0111,0.0063,0.0119,1.2316824940927673e-10,-8.104045904335644e-12,-4.756157437259616e-10,-2.0505867215982714e-10
Subject09,Backwards,780.0,0.1028,-0.77,0.0011898996943781428,1.6818,68.93,0.0066,0.012,0.0086,0.0104,1.2512814206610523e-09,2.0023358101370875e-09,1.8180666763604915e-11,-7.153833217927891e-10
Subject09,Backwards,795.0,0.1102,0.8133,0.0006905428656652007,1.6818,68.93,0.0064,0.0111,0.0099,0.012,-1.3980348958830635e-09,-5.78735000696908e-10,6.175955888965704e-11,8.985604023968555e-11
Subject09,Backwards,810.0,0.114,1.48,0.0019529397832625515,1.6818,68.93,0.0068,0.0121,0.0087,0.0107,1.830997789621657e-09,-5.910308826478653e-11,2.674580497542319e-11,-8.892092883804546e-11
Subject09,Backwards,825.0,0.1042,1.73,-0.0021764725555260627,1.6818,68.93,0.0059,0.0107,0.0051,0.0093,-1.1180464733997552e-09,-1.8215374536677266e-10,3.005751435465073e-11,-5.387287027531637e-11
Subject09,Backwards,840.0,0.1088,0.48,-0.0017472999112922711,1.6818,68.93,0.0044,0.011,0.0049,0.0109,-4.3170883061925637e-10,-1.1750274246488064e-09,-2.9739979607938544e-10,1.080465050572954e-09
Subject09,Backwards,855.0,0.1103,-0.72,0.0013076432684952074,1.6818,68.93,0.0044,0.0105,0.0063,0.0116,-2.979392529639795e-10,4.886576811622571e-10,6.684858123341556e-10,-2.4728380109326034e-10
Subject09,Backwards,870.0,0.1067,1.1467,0.0016943467523551612,1.6818,68.93,0.0053,0.0115,0.0058,0.0097,2.9349867554753433e-10,-5.291230560622201e-10,6.333475879749059e-10,-5.283170110986888e-10
Subject09,Backwards,885.0,0.1078,1.48,-0.0015483987658081798,1.6818,68.93,0.0051,0.0121,0.0072,0.0116,-2.9311594399159326e-10,2.07885294081338e-09,-1.1101569443343648e-09,-1.6683780482209447e-10
Subject09,Backwards,900.0,0.1162,0.73,0.0022848690659525023,1.6818,68.93,0.0051,0.0129,0.0048,0.0101,6.681860432297549e-11,-4.3889035356680774e-10,4.0874094833971556e-10,1.2138227394406481e-09
Subject09,Backwards,915.0,0.122,0.28,-0.001464844717615082,1.6818,68.93,0.0044,0.0114,0.0062,0.01,-8.007099748542819e-11,-2.623520554709328e-10,-3.2074906123838937e-10,-1.1356393814086951e-09
Subject09,Backwards,930.0,0.1098,0.98,0.002499115704864401,1.6818,68.93,0.0044,0.0105,0.005,0.0112,3.066446723349384e-11,-2.0777661496169753e-10,1.110816165958186e-09,1.5173913122593416e-09
Subject09,Backwards,945.0,0.1049,-0.1867,-0.001089363505005218,1.6818,68.93,0.0051,0.0126,0.0055,0.0084,3.6762278784711324e-10,-1.0695033641019675e-09,-1.3828219387171311e-09,-9.682023424129896e-10
Subject09,Backwards,960.0,0.1003,-1.77,-0.004614379718355649,1.6818,68.93,0.0038,0.0103,0.0054,0.0084,-3.73821062456107e-10,-1.702781331128575e-10,-5.7593580852368136e-11,7.730057750601344e-10
Subject09,Backwards,975.0,0.1,-2.27,0.0016216693283756993,1.6818,68.93,0.0044,0.0109,0.0049,0.01,5.576622911935327e-10,1.1861690121719394e-10,6.38884255881475e-11,-2.773015383697989e-10
Subject09,Backwards,990.0,0.1102,-0.52,0.0012053316625834961,1.6818,68.93,0.0042,0.011,0.0042,0.0077,-1.900810000498576e-10,3.960593796929939e-10,5.204098938840564e-10,-1.1693273861801849e-09
Subject09,Backwards,1005.0,0.1112,0.48,-0.0018388235649565866,1.6818,68.93,0.0034,0.0096,0.0044,0.009,-3.909569720440174e-10,-4.2859665619857027e-10,4.385148861442903e-10,2.4120121149156724e-10
Subject09,Backwards,1020.0,0.1189,0.23,-0.00022613230961488973,1.6818,68.93,0.0039,0.0105,0.0067,0.0103,-1.1932074000962943e-11,9.508284097291844e-10,-8.025787044787343e-10,-2.29899788319496e-10
Subject09,Backwards,1035.0,0.1125,0.48,-0.003533940827371773,1.6818,68.93,0.0037,0.0103,0.0051,0.0099,3.243735476218993e-11,-7.595577128581518e-10,4.378878396127648e-10,4.918909517233432e-12
Subject09,Backwards,1050.0,0.1056,0.88,0.0031224903061396075,1.6818,68.93,0.0034,0.0083,0.0046,0.0098,1.5334690617674084e-10,-4.830816158204382e-11,-4.82600354434492e-10,1.3264591375270593e-09
Subject09,Backwards,1065.0,0.104,0.8133,0.0018087345922309776,1.6818,68.93,0.0028,0.0087,0.0042,0.008,-7.290100552289935e-11,-1.3247231538387336e-10,3.557646732202248e-10,-1.39372887105058e-09
Subject09,Cycling,360.0,0.1974,1.2083,0.004538636296560465,3.1042,68.93,0.0148,0.0205,0.0099,0.0182,1.5055609717972242e-10,8.295052791579395e-10,4.6269888795429604e-10,3.328319953706437e-09
Subject09,Cycling,375.0,0.196,10.5,0.002043876467877746,3.1042,68.93,0.0139,0.0255,0.0067,0.0221,3.3767406225165167e-10,-8.656809015699532e-10,-2.0102076517293843e-10,-2.9774800987572244e-09
Subject09,Cycling,390.0,0.204,13.6333,-0.0018634997543504161,3.1042,68.93,0.0162,0.0241,0.0084,0.0183,2.843421456219546e-09,3.4782450209262655e-09,-1.7943793143197954e-10,-1.6685051980766333e-10
Subject09,Cycling,405.0,0.1838,11.5833,-0.00304877377308795,3.1042,68.93,0.0166,0.0207,0.0062,0.0165,9.768017436093214e-10,3.205522930848388e-11,7.139106303743019e-11,3.3042945714339916e-10
Subject09,Cycling,420.0,0.1871,9.4333,-0.0024941871468979766,3.1042,68.93,0.0156,0.0219,0.0062,0.0142,-3.741953097086555e-09,-3.2029184898591535e-09,5.313773457296281e-11,-5.881642573001739e-10
Subject09,Cycling,435.0,0.1819,7.8333,0.0025817415712428527,3.1042,68.93,0.0115,0.0206,0.0062,0.0135,1.8603811945869668e-09,1.4556114981786295e-09,-1.2302792798724462e-10,8.334449438970816e-11
Subject09,Cycling,450.0,0.1874,8.3333,-0.0022203125451734206,3.1042,68.93,0.0147,0.0213,0.0078,0.0137,-5.783924752875919e-11,-6.569296884028132e-10,3.3880695478042893e-12,3.222972970008438e-10
Subject09,Cycling,465.0,0.1818,7.5833,-0.0010800737491798488,3.1042,68.93,0.0124,0.0181,0.0083,0.0132,-1.8049469217070588e-09,-9.268534551697886e-11,2.5235279212291306e-10,-5.060682239267924e-10
Subject09,Cycling,480.0,0.1796,7.2333,0.0021807250993449174,3.1042,68.93,0.0123,0.0171,0.0068,0.0132,5.35759008394225e-10,2.910140168988833e-09,-7.892274033618525e-11,2.4064202671361365e-10
Subject09,Cycling,495.0,0.1821,8.4333,-0.002455558210649861,3.1042,68.93,0.0134,0.0206,0.0106,0.0121,1.827097081608423e-09,1.4792222773340272e-10,-2.7910248649235475e-10,-4.1305905455355785e-11
Subject09,Cycling,510.0,0.1796,8.5,0.003352411771514477,3.1042,68.93,0.0107,0.0198,0.0088,0.0136,2.6023136440967306e-10,4.417692144796463e-11,1.7377664947070216e-10,-4.992125956727525e-11
Subject09,Cycling,525.0,0.1804,7.5833,-0.0023922427817281732,3.1042,68.93,0.0122,0.0214,0.0092,0.0125,-1.1187265471612384e-09,7.678147416388702e-10,-8.398665600511028e-11,9.689927388027887e-11
Subject09,Cycling,540.0,0.1811,6.8333,0.0010507544298025806,3.1042,68.93,0.0122,0.0217,0.0086,0.0138,2.393561839361537e-10,8.139902996041362e-10,6.436283357265408e-12,1.8284857121181847e-10
Subject09,Cycling,555.0,0.1793,7.5,-0.0009506816458618131,3.1042,68.93,0.0107,0.0204,0.0068,0.0122,-3.143804279247795e-10,-3.004460485115284e-09,1.4432119539444065e-11,-2.159503889479781e-10
Subject09,Cycling,570.0,0.1823,8.4333,0.00227158397261568,3.1042,68.93,0.0151,0.0203,0.008,0.0123,-1.6403061202809939e-09,-2.192860607901823e-09,3.539131128293328e-10,3.095548186119683e-10
Subject09,Cycling,585.0,0.1797,8.8333,-0.0016760631992576236,3.1042,68.93,0.015,0.0193,0.0072,0.0138,1.0925190604716758e-09,1.8075728752176305e-09,-3.182082437470687e-10,-2.9785420720298585e-10
Subject09,Cycling,600.0,0.1915,7.8333,0.0010485961997713036,3.1042,68.93,0.0102,0.0178,0.0065,0.013,-1.2700679279700514e-09,-1.2439490714928455e-09,-2.089299157882639e-11,2.646550757065477e-09
Subject09,Cycling,615.0,0.187,6.8333,-0.0025150486628100627,3.1042,68.93,0.0082,0.0155,0.006,0.0156,-1.2164664536227097e-10,-1.0545642315444994e-09,6.62727280028785e-10,-2.4033162788063394e-09
Subject09,Cycling,630.0,0.1936,6.1667,-0.0030304421811719736,3.1042,68.93,0.0072,0.0161,0.0058,0.0153,8.878384477180197e-10,2.3066673063449148e-09,-6.296346971894212e-10,1.1432451520220908e-11
Subject09,Cycling,645.0,0.1874,7.2333,-0.0014639853041981713,3.1042,68.93,0.0093,0.0157,0.0061,0.0148,5.886629423184328e-10,6.023498957455002e-10,-6.456842679290004e-11,-2.7009308868587523e-10
Subject09,Cycling,660.0,0.183,7.1667,0.002491736515218637,3.1042,68.93,0.0121,0.0151,0.0076,0.0135,-1.2777532931229308e-10,-2.1141400039964924e-10,1.1664546941362741e-11,3.110522912669392e-11
Subject09,Cycling,675.0,0.1862,6.8333,0.0038671982902057636,3.1042,68.93,0.0109,0.0171,0.0081,0.0129,-8.818291727854096e-10,-2.418830422948266e-09,1.3977087050809822e-10,-1.5532180579775683e-10
Subject09,Cycling,690.0,0.1859,6.0333,-0.003975002676536629,3.1042,68.93,0.0107,0.0174,0.0063,0.012,-4.2848299603476444e-10,3.638888123050215e-09,-1.6541274581479837e-10,2.035092712960575e-10
Subject09,Cycling,705.0,0.1853,9.0833,-0.002407827538430543,3.1042,68.93,0.0079,0.0172,0.0075,0.011,5.560312129677522e-10,-1.0204952585021392e-09,1.377374930781059e-10,-1.0962037517934539e-10
Subject09,Cycling,720.0,0.185,8.0,0.0028329273449512805,5.5057,68.93,0.0128,0.0207,0.0096,0.0168,6.341423756981298e-10,-2.448217862810987e-09,9.87249841033365e-10,1.719159352012289e-10
Subject09,Cycling,735.0,0.1871,11.5833,-0.0018226823022627087,5.5057,68.93,0.0163,0.0265,0.0094,0.0183,-1.5602229205981447e-11,2.124851578276541e-09,-8.314859086148668e-10,-2.011658147305524e-10
Subject09,Cycling,750.0,0.1888,14.0833,0.0012066998942806208,5.5057,68.93,0.0197,0.0247,0.0114,0.0189,1.3198646672614595e-09,-2.0101822881672166e-09,8.552480656503865e-11,9.079315399478299e-11
Subject09,Cycling,765.0,0.1972,17.8333,-0.0018639596876936471,5.5057,68.93,0.0163,0.0243,0.0106,0.0161,2.465413459651504e-10,5.838467876281197e-09,-3.5317175775275336e-10,2.761327773204163e-10
Subject09,Cycling,780.0,0.1955,18.8333,0.0016433253651597299,5.5057,68.93,0.0129,0.0213,0.0105,0.0178,4.774606903204871e-10,-2.0674218518270017e-09,8.033156691746269e-11,-7.186690966573765e-12
Subject09,Cycling,795.0,0.2024,18.5,0.0017768212195233316,5.5057,68.93,0.0191,0.0237,0.0137,0.0198,-2.7214728805313863e-09,-2.4291546366872347e-09,3.8052174576589833e-10,5.116918537809646e-09
Subject09,Cycling,810.0,0.1848,19.0833,-0.0011517954343583877,5.5057,68.93,0.0125,0.0301,0.0091,0.0234,-5.737305963910418e-10,-1.8160068485990865e-09,-3.193760206028929e-10,-5.019315213087736e-09
Subject09,Cycling,825.0,0.1794,16.3333,0.0024348956410557964,5.5057,68.93,0.0135,0.0321,0.0081,0.0225,2.1341065285666074e-10,-1.0346514678237747e-10,2.3867533421535575e-10,6.530387452671298e-10
Subject09,Cycling,840.0,0.1786,16.8333,0.002168265542108256,5.5057,68.93,0.0098,0.0291,0.0069,0.0207,2.6713642859501976e-10,7.512426349193638e-10,7.01965477198197e-10,3.7753122025269004e-09
Subject09,Cycling,855.0,0.1852,16.6333,0.001810137271503081,5.5057,68.93,0.0136,0.0297,0.0091,0.023,-3.8831597111038895e-10,-6.049431654861325e-10,-4.041332136057189e-10,-5.131827995663084e-09
Subject09,Cycling,870.0,0.1807,16.6333,0.0017290829755781635,5.5057,68.93,0.0121,0.0277,0.0082,0.0204,1.1722382426075647e-11,4.1010432333468894e-11,5.477323914567439e-10,3.2260224090894804e-10
Subject09,Cycling,885.0,0.1858,16.2333,-0.0008304607685298381,5.5057,68.93,0.0121,0.0276,0.0089,0.0207,9.413427602735853e-10,1.4274207718318675e-09,-1.020905023820504e-09,5.952241572988843e-10
Subject09,Cycling,900.0,0.1809,16.0333,-0.0012214804854390336,5.5057,68.93,0.0117,0.0264,0.0086,0.0201,-9.304423114627868e-10,-1.566378539658069e-09,1.0089735834044414e-09,-4.1842939687799236e-10
Subject09,Cycling,915.0,0.1819,16.6333,0.0007062115399667679,5.5057,68.93,0.0115,0.0262,0.0094,0.0195,4.4713685210155714e-10,-7.309874635847637e-11,-7.285306373452718e-10,2.7116973278109474e-10
Subject09,Cycling,930.0,0.1893,17.0833,0.002001924593933992,5.5057,68.93,0.0124,0.0244,0.0093,0.0183,9.596101459020507e-10,3.834333709644985e-09,-3.816031937391268e-10,-3.873965683031766e-10
Subject09,Cycling,945.0,0.1868,19.0333,-0.0010377106029865043,5.5057,68.93,0.0127,0.0255,0.0103,0.0179,-1.1455004862101435e-09,-2.0891285271216618e-09,8.853223774552001e-10,2.9386454642939512e-09
Subject09,Cycling,960.0,0.1809,18.3333,-0.0028738720101102572,5.5057,68.93,0.0125,0.0259,0.0101,0.0183,6.11166223126526e-11,1.8895879894954353e-10,-4.611643350773405e-10,1.6121724700242125e-09
Subject09,Cycling,975.0,0.1848,16.8333,0.002928994533909494,5.5057,68.93,0.0122,0.0266,0.0108,0.0189,-3.369571348297151e-10,-1.8050063084609848e-09,7.546692649874072e-10,-4.2423302548590494e-09
Subject09,Cycling,990.0,0.1908,18.4333,0.0016546206754026863,5.5057,68.93,0.0154,0.0254,0.0092,0.0189,1.0467474172397907e-09,8.867789946146356e-10,-2.929869875276032e-10,6.2021593220873885e-09
Subject09,Cycling,1005.0,0.1882,18.4333,-0.0026672871062964243,5.5057,68.93,0.0148,0.0273,0.01,0.0192,-1.0292903917886434e-09,-7.22396260397816e-10,-2.6215077918027226e-10,-6.307429165454888e-09
Subject09,Cycling,1020.0,0.1884,17.4333,-0.0013059252836508364,5.5057,68.93,0.0157,0.0279,0.0095,0.0196,-2.2347836195213714e-11,-1.3294275311779064e-10,4.0999375608886e-10,1.6313686584203832e-09
Subject09,Cycling,1035.0,0.1843,18.4333,0.0009775562380283467,5.5057,68.93,0.0117,0.0327,0.0077,0.0248,1.3257032131145598e-10,7.313275655004401e-11,-5.046861644207123e-10,-1.190690032430725e-09
Subject09,Cycling,1050.0,0.1771,20.2333,-0.002182938546288604,5.5057,68.93,0.0132,0.0295,0.0093,0.0226,1.0607824219480327e-10,-1.566624312905771e-10,2.7312494656686344e-10,-1.107257165294438e-10
Subject09,Cycling,1065.0,0.1823,18.8333,0.001862094430768137,5.5057,68.93,0.0144,0.0277,0.0082,0.0228,1.376746034797567e-10,2.2960048761961144e-10,-5.817231848146315e-10,2.1677951659770583e-10
Subject09,Cycling,1080.0,0.1838,19.0333,0.0013344408138020792,4.5028,68.93,0.0098,0.0257,0.007,0.0187,5.095144180111445e-10,2.8545914259727377e-09,-2.1075796054793296e-10,-8.296542976552541e-10
Subject09,Cycling,1095.0,0.1764,19.2333,0.0013866605933692212,4.5028,68.93,0.0095,0.0255,0.0066,0.0168,-3.5358181166198843e-10,-8.907799927798183e-10,2.015530516274296e-11,1.1943547022599323e-10
Subject09,Cycling,1110.0,0.1785,18.2333,-0.0026751729624723657,4.5028,68.93,0.0083,0.0221,0.0065,0.0179,-3.739633368153111e-10,-2.2349524199328595e-09,7.606698823640204e-11,9.525033603839994e-10
Subject09,Cycling,1125.0,0.1866,14.8333,-0.002595861896668371,4.5028,68.93,0.01,0.0202,0.007,0.0164,5.677485909043574e-10,2.8169441199571146e-09,1.6988901511012548e-10,-1.069756941937129e-09
Subject09,Cycling,1140.0,0.1861,13.6333,0.0022743358903255986,4.5028,68.93,0.011,0.0222,0.0076,0.0149,4.808603697468791e-11,8.172233539341337e-10,-2.8885753346824835e-10,-7.275391214618629e-11
Subject09,Cycling,1155.0,0.1779,15.4333,-0.0018494975688070046,4.5028,68.93,0.0093,0.0251,0.0065,0.0165,-8.786321096142385e-10,-3.525529630064449e-09,1.0209087533888485e-09,2.0020946608395582e-11
Subject09,Cycling,1170.0,0.1843,14.0833,-0.002441570335809952,4.5028,68.93,0.01,0.0223,0.0072,0.0167,4.5397105782554183e-10,3.666563856265435e-11,-1.0402455770562335e-09,1.0539241012680045e-09
Subject09,Cycling,1185.0,0.1812,13.8333,0.0020354287765536085,4.5028,68.93,0.0126,0.0219,0.0064,0.0171,-1.6683357241587824e-10,-9.517581984965406e-11,2.8362808128619333e-10,6.570555652894235e-11
Subject09,Cycling,1200.0,0.1859,15.6333,-0.0011907865703688594,4.5028,68.93,0.0122,0.0216,0.0058,0.018,4.3625606296159236e-10,3.775705391852215e-10,-1.7442182900111627e-10,-4.2322572588678355e-10
Subject09,Cycling,1215.0,0.1882,15.8333,-0.0013602701080054139,4.5028,68.93,0.0111,0.0218,0.0068,0.0161,1.295670882356326e-09,5.1545480775156605e-09,-2.4138045181245176e-10,-7.245323973534499e-10
Subject09,Cycling,1230.0,0.1896,16.3333,0.002839643137011897,4.5028,68.93,0.0118,0.0216,0.0075,0.0162,-1.0204194898164063e-09,-5.521236554719205e-09,4.809940488294437e-10,-1.0503070959293043e-10
Subject09,Cycling,1245.0,0.1906,16.0833,0.0013642006619948319,4.5028,68.93,0.01,0.0233,0.0081,0.0162,-5.225024623039445e-10,2.9196797419874545e-10,-3.1929397588520657e-10,3.529147997200764e-09
Subject09,Cycling,1260.0,0.1868,17.0333,0.0011096036406522188,4.5028,68.93,0.0091,0.0223,0.0066,0.0162,6.291542969667668e-11,-3.7656291970317675e-10,1.589043512458292e-10,-3.0500506970986214e-09
Subject09,Cycling,1275.0,0.1856,17.4333,-0.0029014891343968436,4.5028,68.93,0.0097,0.0221,0.0072,0.0139,1.2037831593348975e-10,2.5634974336748156e-09,-1.5214823242524587e-11,-2.319590156045948e-10
Subject09,Cycling,1290.0,0.1838,14.0333,0.0037732760298624215,4.5028,68.93,0.0097,0.0247,0.007,0.0146,1.1136516075907561e-09,3.2877184410013708e-09,-3.3093988319727985e-10,-9.580597889488856e-11
Subject09,Cycling,1305.0,0.1891,13.8333,-0.0009670206775877994,4.5028,68.93,0.012,0.0228,0.0068,0.0158,2.362884261316414e-10,-3.6026103734819806e-10,1.1931880437187727e-12,1.393996785018128e-10
Subject09,Cycling,1320.0,0.1944,15.2333,0.0014432650655884797,4.5028,68.93,0.0106,0.024,0.0067,0.0167,-1.6280404510115346e-09,-4.827857247500005e-09,2.3944673653477357e-10,3.6564384701689296e-09
Subject09,Cycling,1335.0,0.1779,16.8333,0.001412350041963875,4.5028,68.93,0.009,0.0228,0.0052,0.0179,1.1138345192596897e-10,1.470736884753183e-09,-5.975196854907402e-11,-3.7861893863174425e-09
Subject09,Cycling,1350.0,0.1883,17.3333,-0.0022747340501500547,4.5028,68.93,0.0084,0.022,0.0054,0.0192,6.960236016804602e-10,8.435462918553795e-10,1.6911098610003807e-11,-8.510233097407937e-11
Subject09,Cycling,1365.0,0.1893,14.3333,0.003159979618024013,4.5028,68.93,0.0093,0.0239,0.0056,0.018,-1.0635352801758463e-09,-1.9065875095241644e-09,1.8380182063226433e-10,2.52457081275514e-09
Subject09,Cycling,1380.0,0.1878,15.6667,0.0034598894178461703,4.5028,68.93,0.0091,0.0248,0.0059,0.0177,1.402744079539695e-10,-1.2769185502821435e-10,-1.84388292671416e-10,2.1213809097181834e-09
Subject09,Cycling,1395.0,0.1921,16.5,0.001864801181615214,4.5028,68.93,0.0098,0.022,0.0063,0.0191,-1.890112134446976e-11,-9.203196322385444e-10,1.4807876266238785e-10,-4.164373937222544e-09
Subject09,Cycling,1410.0,0.1852,16.6333,-0.002119239642392123,4.5028,68.93,0.0102,0.0241,0.0055,0.0159,3.2624669783532104e-10,-2.0219633620514807e-11,1.5049869669628928e-10,1.4120414958821814e-10
Subject09,Cycling,1425.0,0.1782,16.5833,0.002131673987965484,4.5028,68.93,0.0093,0.0274,0.0061,0.0173,-3.8033591428613957e-10,1.7124331653932137e-10,-2.596518098924024e-10,2.6044391657432467e-09
Subject09,Cycling,1440.0,0.2861,16.6905,0.003396604482780428,6.5951,68.93,0.0155,0.024,0.0182,0.0158,1.9137548945586358e-09,2.3183877559123797e-09,2.5588591932527746e-10,-2.5962777693821365e-09
Subject09,Cycling,1455.0,0.3971,22.6905,-0.0016452474552789463,6.5951,68.93,0.0224,0.0211,0.0177,0.0138,-1.6153697375373413e-09,-2.0849124496333546e-09,8.629215541173669e-10,2.2016128989558892e-10
Subject09,Cycling,1470.0,0.3959,24.4333,-0.001479462661994001,6.5951,68.93,0.0208,0.0212,0.015,0.0126,-4.689925274802881e-11,7.828158850930808e-11,3.181043047837035e-10,2.116971323636839e-10
Subject09,Cycling,1485.0,0.3896,24.1667,0.0017107605190092904,6.5951,68.93,0.0232,0.0179,0.0197,0.014,4.764682899666405e-10,-3.0548107124480614e-10,5.0918967486478614e-11,-7.342084510821239e-10
Subject09,Cycling,1500.0,0.4003,25.0,0.0013485887880515831,6.5951,68.93,0.0237,0.0208,0.0155,0.0133,1.6524992234730337e-09,2.0696046709191224e-09,-1.7203362690920665e-09,-4.231294586136826e-11
Subject09,Cycling,1515.0,0.3996,25.6333,-0.0017793025150705459,6.5951,68.93,0.0264,0.0209,0.0164,0.0134,-2.296788553010908e-09,-1.9059981090389132e-09,8.828844859663284e-10,2.7956624950608237e-09
Subject09,Cycling,1530.0,0.3996,25.2333,0.001744892144575396,6.5951,68.93,0.0283,0.0203,0.0169,0.0131,3.394112816240884e-10,-3.896137997363118e-10,1.3971714452179627e-10,-2.6316235134182463e-09
Subject09,Cycling,1545.0,0.4004,26.4333,-0.0013183626718476912,6.5951,68.93,0.0272,0.0219,0.0176,0.0142,7.135991694827002e-09,4.124641266130922e-09,6.268224182573378e-10,-3.250988601276843e-10
Subject09,Cycling,1560.0,0.4063,26.3333,-0.0017425338232945613,6.5951,68.93,0.0264,0.0221,0.0179,0.0133,-6.539941101415209e-09,-3.446475638670529e-09,2.3214842461717868e-10,2.0529667624748378e-09
Subject09,Cycling,1575.0,0.3999,25.8333,0.0016552732916491886,6.5951,68.93,0.0218,0.0226,0.0161,0.0136,-2.556881390038187e-10,-1.2712739979517473e-10,-4.5686976745721335e-10,5.959309951541932e-10
Subject09,Cycling,1590.0,0.3915,26.4333,0.0013483543365285964,6.5951,68.93,0.0225,0.0232,0.0126,0.0149,-6.135064428876284e-10,2.755526030873519e-10,-2.590683868587322e-10,-1.8722105943151837e-09
Subject09,Cycling,1605.0,0.4087,26.8333,0.0006517094944075185,6.5951,68.93,0.021,0.0231,0.0133,0.0143,2.4325210011817095e-09,4.578877441610167e-09,-9.577778745781957e-10,-5.718186729372355e-10
Subject09,Cycling,1620.0,0.4129,27.1667,-0.0011649090759932737,6.5951,68.93,0.0194,0.024,0.012,0.0149,1.1226408815665123e-09,-1.5398557746117268e-09,8.996035974360363e-10,-3.01754099522015e-10
Subject09,Cycling,1635.0,0.4104,26.8333,0.0020656928619260904,6.5951,68.93,0.0212,0.0213,0.0196,0.0149,-3.766259885568707e-09,-3.5406716366169663e-09,1.2354059471444713e-09,2.400033283906125e-10
Subject09,Cycling,1650.0,0.4179,28.6667,-0.0019416041966267604,6.5951,68.93,0.0216,0.0217,0.023,0.0164,3.5020437158685357e-09,5.467565326982422e-09,-1.946174338578175e-09,5.5407411668774605e-11
Subject09,Cycling,1665.0,0.4102,28.5,-0.0017583242660653517,6.5951,68.93,0.0322,0.0237,0.026,0.0145,-3.193196211096066e-09,-5.4768613696675935e-09,1.087007731325538e-09,2.7660119143080303e-09
Subject09,Cycling,1680.0,0.4013,28.3333,0.0009825918318831976,6.5951,68.93,0.0261,0.0205,0.0186,0.0138,-1.0997621043260705e-10,8.927205608439293e-10,-1.043932528609566e-09,-2.315838738264218e-09
Subject09,Cycling,1695.0,0.4005,29.1667,-0.001312878616905916,6.5951,68.93,0.0234,0.023,0.0174,0.013,7.700552872247507e-10,-3.9704386175621884e-10,4.2433375575103524e-11,-4.99690059313481e-10
Subject09,Cycling,1710.0,0.4158,28.8333,-0.0007259392983631636,6.5951,68.93,0.024,0.0204,0.0207,0.0138,1.938052245416136e-09,1.2153729250216661e-09,2.076706404178716e-09,-2.823837714002074e-10
Subject09,Cycling,1725.0,0.4217,28.6667,0.0019095346112553626,6.5951,68.93,0.0261,0.0198,0.0221,0.0128,-2.230485534344326e-09,-1.4031793837931457e-09,-1.4490585331258837e-09,3.2034726519443904e-10
Subject09,Cycling,1740.0,0.418,29.8333,0.0017477807307329147,6.5951,68.93,0.0261,0.0217,0.019,0.012,-6.118771060666311e-10,-2.7986028320907465e-10,5.556548659154116e-11,6.504242677174686e-10
Subject09,Cycling,1755.0,0.4167,30.0333,-0.002071724775823863,6.5951,68.93,0.0232,0.0211,0.0166,0.0115,1.696479213385832e-09,1.0779458786331581e-09,-1.0061646014341186e-09,-5.570617096255891e-10
Subject09,Cycling,1770.0,0.3989,29.0,-0.0018841916363116695,6.5951,68.93,0.0226,0.0211,0.0149,0.0116,2.4690495319741042e-09,1.8315866629222807e-09,6.745588679739839e-10,-4.089608693183728e-10
Subject09,Cycling,1785.0,0.4135,28.4048,0.0018781772407914425,6.5951,68.93,0.0231,0.0205,0.0166,0.0115,-3.966366550951495e-09,-3.187866405047649e-09,-8.373749679924891e-10,2.271469548788835e-10
Subject09,Incline,360.0,0.0039,-2.96,-0.0017539196966606515,2.8285,68.93,0.0014,0.0136,0.0017,0.0107,5.671737740111176e-10,-1.0440796049645549e-10,7.999678045789826e-11,1.0730650110449445e-10
Subject09,Incline,375.0,0.1892,0.24,0.0020900497297759017,2.8285,68.93,0.0135,0.0182,0.013,0.0197,2.0723560215675103e-09,-2.911822914137108e-10,3.6234331706724504e-11,1.9546383830034243e-10
Subject09,Incline,390.0,0.2096,6.3733,0.002302826782922035,2.8285,68.93,0.0144,0.0175,0.014,0.0177,-1.6957732771418813e-09,-3.750891804439905e-10,-1.4588515631765457e-10,6.006636099924047e-10
Subject09,Incline,405.0,0.2002,9.04,-0.0020970895554339483,2.8285,68.93,0.0152,0.0193,0.0116,0.0151,6.401556490354393e-10,9.447423126836247e-10,1.1381886660889021e-10,-1.413395758444725e-09
Subject09,Incline,420.0,0.198,5.3733,-0.003898030578390005,2.8285,68.93,0.0136,0.0188,0.0132,0.0165,1.5131165842542237e-09,-8.628761303215882e-10,-1.1902160393267793e-10,3.5722237477058392e-09
Subject09,Incline,435.0,0.1963,5.79,0.0009065935078686785,2.8285,68.93,0.0145,0.0203,0.0107,0.0169,-2.91345151834489e-09,2.5438827192738598e-11,5.036605169229571e-10,-3.151030787407118e-09
Subject09,Incline,450.0,0.1902,5.04,-0.0016134254409403803,2.8285,68.93,0.015,0.019,0.0108,0.0173,3.223276366371543e-11,-2.1480128734265396e-10,1.4285555148039556e-09,1.1557871559004389e-09
Subject09,Incline,465.0,0.1926,4.54,0.001296065914258445,2.8285,68.93,0.0133,0.0165,0.0127,0.0187,2.0371218443037513e-09,9.3929362751877e-10,-1.8020566826299047e-09,-1.5598520126545233e-09
Subject09,Incline,480.0,0.2068,6.04,-0.0010866517542385062,2.8285,68.93,0.0124,0.0172,0.0143,0.0176,-4.280186697800192e-10,-8.638491030275156e-10,-1.447264601138163e-10,2.1408852761902254e-09
Subject09,Incline,495.0,0.1986,6.54,0.002226803939771084,2.8285,68.93,0.0121,0.0165,0.0126,0.0161,-1.7740464126457455e-09,3.1788443594861034e-09,1.580295973661669e-09,-2.214518947575289e-09
Subject09,Incline,510.0,0.1993,6.54,-0.0042816427686393,2.8285,68.93,0.0135,0.017,0.0132,0.0174,3.1673157927024233e-09,-1.5798857976155856e-09,-1.499752379023507e-09,-1.182939438694215e-10
Subject09,Incline,525.0,0.1965,5.3733,0.0019041080966935168,2.8285,68.93,0.0128,0.0181,0.0129,0.0159,-1.927038458267273e-09,-1.6147781191562737e-09,3.756757548573291e-11,2.942241186814154e-09
Subject09,Incline,540.0,0.1939,6.04,0.0025430980383678863,2.8285,68.93,0.0128,0.0174,0.0123,0.0172,-1.0973092617658757e-09,-5.1888963570612603e-11,2.2039649071871815e-09,-1.0831318498015914e-09
Subject09,Incline,555.0,0.2041,6.3733,-0.0020489158747133023,2.8285,68.93,0.0128,0.0155,0.013,0.0174,-4.490851780805637e-11,6.004005806439836e-11,-2.582499200759244e-10,-2.363506108545841e-10
Subject09,Incline,570.0,0.2062,6.7067,-0.0027274704698422255,2.8285,68.93,0.0127,0.0164,0.011,0.0154,-9.125673925892988e-11,2.4207082864378956e-09,1.6351103169873274e-10,-1.3748041762556998e-09
Subject09,Incline,585.0,0.1998,3.3733,-0.0024046761717188086,2.8285,68.93,0.0131,0.0161,0.0118,0.0184,3.3731106959036797e-10,-2.3672804511884363e-09,-2.1150207749802517e-09,-4.562527540370509e-11
Subject09,Incline,600.0,0.2034,4.04,0.001317118444513933,2.8285,68.93,0.0115,0.0155,0.0122,0.0155,-2.718096122676191e-10,-8.56731867895723e-11,-3.440922787592813e-11,3.424990825475199e-10
Subject09,Incline,615.0,0.206,6.3733,-0.0022666031481436734,2.8285,68.93,0.0124,0.0169,0.0103,0.0168,-3.819873675227902e-11,6.322216505032182e-11,1.2959580893751837e-10,2.417096305336894e-10
Subject09,Incline,630.0,0.1995,4.29,0.004327220168563697,2.8285,68.93,0.0129,0.0181,0.012,0.0176,4.516265175667869e-10,2.26953409679828e-09,-1.0948112170072366e-10,-7.354667943567636e-10
Subject09,Incline,645.0,0.2025,4.79,-0.004129202707765984,2.8285,68.93,0.0137,0.0168,0.0118,0.014,-5.743732136255719e-10,-2.2396249458776184e-10,1.2203113688824236e-10,1.371311205253562e-10
Subject09,Incline,660.0,0.1965,4.04,-0.001959040924549147,2.8285,68.93,0.0121,0.0163,0.013,0.016,1.80898771497183e-09,-1.768632193880012e-09,-1.0070451240827504e-10,-1.0096045773445071e-10
Subject09,Incline,675.0,0.2062,4.3733,0.0021933530241170073,2.8285,68.93,0.0137,0.0151,0.0127,0.0154,-1.8387703634939348e-10,-2.2807027698748493e-10,-7.479151920026543e-11,7.591622863368146e-10
Subject09,Incline,690.0,0.1961,4.29,-0.001017334414439428,2.8285,68.93,0.0124,0.0172,0.0118,0.0172,-1.5852215450986005e-09,2.8045361854374803e-09,1.953896777493228e-09,-7.235738877012777e-10
Subject09,Incline,705.0,0.1955,5.7067,-0.0015050535603486808,2.8285,68.93,0.0131,0.0157,0.0118,0.0158,7.834741893095904e-10,2.3989084439565387e-11,-1.7937116672788945e-09,5.476408962478239e-12
Subject09,Incline,720.0,0.4939,6.04,0.0011177174285699524,5.6529,68.93,0.0172,0.0241,0.0173,0.0248,3.6184660071341867e-10,-1.0056287055906079e-09,-1.6829686064763108e-10,-3.0700651919268316e-10
Subject09,Incline,735.0,0.5485,11.7067,0.0025857382721511933,5.6529,68.93,0.0209,0.0273,0.0185,0.0256,6.682808953368794e-10,-1.989491420093796e-09,1.5065423163816145e-10,3.6898448726750294e-09
Subject09,Incline,750.0,0.5457,16.79,-0.001560248754583911,5.6529,68.93,0.019,0.0272,0.02,0.0267,-1.7286480517399693e-09,4.825030601933258e-09,4.744578943664376e-09,-3.2736509490585457e-09
Subject09,Incline,765.0,0.5563,17.29,-0.0020584822271436597,5.6529,68.93,0.0198,0.024,0.0192,0.0264,2.012989477538404e-09,-4.3826187345980495e-09,-4.8768812062799525e-09,-2.948494593667647e-10
Subject09,Incline,780.0,0.5558,19.04,-0.0027338917340740594,5.6529,68.93,0.0194,0.023,0.0213,0.023,2.8820074677948357e-10,-4.1627308863629186e-10,2.901355591853467e-10,4.350927430200172e-09
Subject09,Incline,795.0,0.562,17.54,-0.002063510735908741,5.6529,68.93,0.0194,0.0253,0.0183,0.0266,-2.2338931194202033e-09,3.5462982014605065e-11,1.4191954924944773e-09,-3.4349523730876973e-09
Subject09,Incline,810.0,0.5665,19.04,0.0015920064939673002,5.6529,68.93,0.0183,0.0241,0.0196,0.0252,2.5208423012939607e-10,2.094156107931501e-09,-1.807342075911916e-09,-6.867931154049334e-10
Subject09,Incline,825.0,0.5501,20.44,-0.002138195970849182,5.6529,68.93,0.0178,0.0247,0.0195,0.0259,3.2088060144822874e-09,-2.103480905462382e-09,4.783138997839932e-11,6.55928742368764e-09
Subject09,Incline,840.0,0.5576,21.04,0.0024497947506620468,5.6529,68.93,0.0193,0.0241,0.0211,0.0247,-8.235244018107829e-10,-2.8222903612989404e-11,-6.59310888216211e-12,-8.464534387291854e-10
Subject09,Incline,855.0,0.5698,20.04,0.0014820626800893584,5.6529,68.93,0.0188,0.0234,0.0228,0.023,-7.535267687914631e-10,-4.239586139949207e-11,4.537901388728482e-10,-2.8545568707609983e-09
Subject09,Incline,870.0,0.5658,18.79,-0.00147568237968375,5.6529,68.93,0.0202,0.024,0.0206,0.0229,-2.00597091850787e-09,1.3796579034880772e-10,9.598685809959525e-10,2.969850509021538e-11
Subject09,Incline,885.0,0.5515,18.29,0.0021090773214875666,5.6529,68.93,0.0192,0.0245,0.0194,0.0248,1.749274935469157e-10,-2.6733243187575396e-10,-1.1457839505820939e-10,-1.1210470997193768e-09
Subject09,Incline,900.0,0.5821,19.29,-0.0021100613955290603,5.6529,68.93,0.0201,0.023,0.0203,0.0237,-1.219100507134393e-10,-2.8849522584031238e-11,-1.981432130136035e-10,-1.3332809342683181e-09
Subject09,Incline,915.0,0.5584,19.29,0.0027103215820221634,5.6529,68.93,0.0194,0.024,0.0197,0.0248,1.211494346181666e-12,1.961815678675921e-09,2.226703373587465e-09,-3.4287750079054746e-10
Subject09,Incline,930.0,0.5496,20.04,-0.0018995518461032703,5.6529,68.93,0.0215,0.0249,0.019,0.0236,-3.6474425134599327e-11,2.775820192990668e-09,1.0383315993662702e-09,-1.362597653368515e-10
Subject09,Incline,945.0,0.5726,19.29,-0.0019322597824205944,5.6529,68.93,0.0188,0.0234,0.0192,0.0238,1.330958788983828e-09,-2.130117152498514e-09,-4.196031680356698e-09,1.3224402720457283e-10
Subject09,Incline,960.0,0.5636,21.04,0.0012048939906696562,5.6529,68.93,0.0175,0.024,0.019,0.0227,-1.5700925279616036e-09,-2.2241498217197648e-09,-2.385354579128495e-10,1.842044104573425e-09
Subject09,Incline,975.0,0.5489,20.54,-0.002322310266701144,5.6529,68.93,0.0202,0.0245,0.0176,0.0248,3.8863999897622473e-10,2.0245019454811524e-09,9.71306842070509e-10,-2.070774065025558e-09
Subject09,Incline,990.0,0.5673,20.29,-0.0018659599718233288,5.6529,68.93,0.0194,0.0255,0.0205,0.023,-7.905985330056022e-11,-2.3573933090099446e-09,2.9806589685919467e-10,1.1584518327627997e-09
Subject09,Incline,1005.0,0.57,21.64,0.001391468958116368,5.6529,68.93,0.0197,0.0219,0.0188,0.0228,2.7520971244711586e-09,1.557943754683003e-09,-1.1233021970184245e-09,-8.82398756809546e-10
Subject09,Incline,1020.0,0.5583,22.7067,0.0015965904190223068,5.6529,68.93,0.0194,0.0225,0.0197,0.0208,-2.760669049336018e-09,1.1471901024230803e-09,4.6226440845085684e-10,-2.745486543180506e-10
Subject09,Incline,1035.0,0.5408,21.04,-0.0025100692262276995,5.6529,68.93,0.0182,0.0225,0.0214,0.0212,-8.454491996268349e-11,-2.4720584823779537e-09,2.6260060573777758e-09,2.6573850981848595e-10
Subject09,Incline,1050.0,0.5475,19.64,-0.0016515866852642102,5.6529,68.93,0.0178,0.0224,0.0187,0.0254,2.5754198826396674e-09,-1.1459672560847807e-10,-3.1880980638022372e-09,4.280341562601608e-09
Subject09,Incline,1065.0,0.5724,20.04,0.0016723260059471705,5.6529,68.93,0.0202,0.0228,0.021,0.0211,-2.485895624686272e-09,1.23863806269527e-10,1.515366808534983e-09,-3.5367718499189596e-09
Subject09,Incline,1080.0,0.1518,19.04,-0.0034050984342389365,0.2575,68.93,0.0068,0.0112,0.0048,0.0124,-1.0558258744482739e-10,2.912868177082072e-10,-1.5073115062182148e-09,-1.0606396511728626e-09
Subject09,Incline,1095.0,0.005,18.54,0.0033061107121176124,0.2575,68.93,0.0009,0.0151,0.0016,0.0134,-9.061797154827343e-12,6.657293653680075e-10,2.8224164999932818e-11,1.3525641859106525e-09
Subject09,Incline,1110.0,0.0045,15.3733,0.0024430246239079342,0.2575,68.93,0.0009,0.0181,0.0016,0.0154,8.529996767587713e-12,-1.7385103922284598e-10,-4.232946844591372e-11,-8.280350070383741e-10
Subject09,Incline,1125.0,0.0057,12.7067,-0.0048413117533635955,0.2575,68.93,0.001,0.0181,0.0016,0.0133,-7.6515450924359e-12,8.11523127565451e-11,1.5993989073743904e-11,4.275524621926699e-10
Subject09,Incline,1140.0,0.0079,7.04,0.0027251678924959323,0.2575,68.93,0.001,0.0174,0.0015,0.0128,3.1014568426188576e-11,3.165845441076609e-11,4.053398925481008e-11,4.450779873425176e-11
Subject09,Incline,1155.0,0.0061,8.7067,0.0014468441347757393,0.2575,68.93,0.0009,0.017,0.0016,0.0132,-2.993005173395166e-11,2.6659581757800693e-10,-3.5626840153357575e-11,-4.051908776312883e-10
Subject09,Incline,1170.0,0.0057,7.44,-0.002288481008279328,0.2575,68.93,0.0009,0.0167,0.0015,0.0128,7.88565487665047e-12,-3.079769387964349e-10,-2.0474340332338516e-11,2.3081012846804192e-10
Subject09,Incline,1185.0,0.0065,9.7067,0.0007300963714271251,0.2575,68.93,0.0009,0.0176,0.0016,0.0119,4.911705463047658e-12,2.708436256425838e-11,1.1814171090789025e-11,6.837024146354177e-11
Subject09,Incline,1200.0,0.0989,12.04,0.0024698137144914148,0.2575,68.93,0.0036,0.0103,0.0048,0.009,-2.502480435612465e-12,-9.98997362950692e-10,3.267149480923171e-11,-8.694401113024231e-10
Subject09,Incline,1215.0,0.0045,12.54,0.0014945350423329752,0.2575,68.93,0.001,0.0039,0.0017,0.0014,6.071693559351836e-12,2.73961504126305e-10,-9.821021853062064e-12,-6.544664354285164e-12
Subject09,Incline,1230.0,0.0036,10.79,-0.0021729607153842274,0.2575,68.93,0.001,0.0065,0.0017,0.002,1.155065867049718e-11,-1.3724403695538793e-10,-1.9394446888440948e-11,9.737487712351216e-12
Subject09,Incline,1245.0,0.0036,10.54,0.0025073773073908813,0.2575,68.93,0.001,0.0067,0.0017,0.0036,-1.4998381549336638e-11,2.0096851761707084e-10,1.632656157048305e-11,7.15706705323426e-11
Subject09,Incline,1260.0,0.0037,8.7067,0.002451799909432439,0.2575,68.93,0.001,0.0084,0.0018,0.0056,-2.00799211712634e-11,1.4143489240791593e-10,3.414172693847575e-11,3.485996602921004e-10
Subject09,Incline,1275.0,0.0037,8.29,-0.0032608718829059925,0.2575,68.93,0.001,0.007,0.0017,0.0036,9.127819483931506e-12,-4.5106938686697555e-12,-3.094857961642816e-11,-3.2544529805830017e-10
Subject09,Incline,1290.0,0.0036,8.7067,0.001813142115136893,0.2575,68.93,0.001,0.0077,0.0016,0.0043,9.77812061583677e-12,-1.3991135006209345e-10,-1.2979445098306614e-11,2.4612691327138687e-10
Subject09,Incline,1305.0,0.0098,6.24,-0.003268671512000553,0.2575,68.93,0.0052,0.0076,0.0064,0.0034,-3.940501734041493e-11,3.118345235623179e-10,2.911228242207836e-10,-9.971558055732401e-11
Subject09,Incline,1320.0,0.0038,5.79,0.0036898060640796564,0.2575,68.93,0.0012,0.0113,0.0033,0.0038,6.230774917920496e-11,2.6933205766224605e-10,-2.4923276971515194e-10,3.003926111104982e-10
Subject09,Incline,1335.0,0.0036,6.7067,-0.0024394457017079536,0.2575,68.93,0.0011,0.0119,0.0021,0.0071,-5.5813276708522455e-11,-2.4504005954696137e-10,-7.593906906706289e-11,-1.5540900119949923e-10
Subject09,Incline,1350.0,0.0039,8.04,0.0026246763875380948,0.2575,68.93,0.001,0.0124,0.0015,0.0061,4.2331156997388326e-11,9.82585516137093e-12,2.5990837435402097e-11,-3.274133778906122e-10
Subject09,Incline,1365.0,0.0073,9.54,-0.0013497301663687351,0.2575,68.93,0.0016,0.0115,0.002,0.0047,-3.72547702161791e-11,2.390984514494548e-10,1.3651244134646556e-11,-3.9095841051896817e-11
Subject09,Incline,1380.0,0.0106,10.04,0.0019079644129397896,0.2575,68.93,0.001,0.0142,0.0012,0.0063,3.737214477135397e-11,4.454019713099954e-11,-3.821387402072801e-11,7.178784851006018e-10
Subject09,Incline,1395.0,0.0064,9.29,-0.0020391717596918795,0.2575,68.93,0.001,0.0129,0.0012,0.0045,-1.1922056485442005e-11,-1.4207523498677388e-10,8.009274362084612e-12,-4.7281299569504776e-11
Subject09,Incline,1410.0,0.0044,7.3733,-0.0014888292966747467,0.2575,68.93,0.0016,0.0115,0.0021,0.0057,2.9877372636339673e-12,-1.0788457019767396e-10,7.439043483642646e-11,-7.029095880298979e-10
Subject09,Incline,1425.0,0.0037,9.7067,-0.002055927984374916,0.2575,68.93,0.0011,0.0132,0.0019,0.0054,3.877309532714594e-10,-7.166797188991977e-10,5.315774743796206e-10,4.6253334727909194e-11
Subject09,Incline,1440.0,0.3241,12.2067,0.001480126010147719,10.374,68.93,0.0205,0.0238,0.0209,0.0259,4.269624971690257e-09,2.8927791543420895e-10,-5.502267052218014e-10,3.1139606297035012e-09
Subject09,Incline,1455.0,0.4744,22.04,0.002936588739365625,10.374,68.93,0.0283,0.0312,0.0275,0.0313,-4.32560748833832e-09,5.000526621152701e-09,1.2093156735345238e-09,-3.080310408054552e-09
Subject09,Incline,1470.0,0.4686,26.04,-0.0020272210023037376,10.374,68.93,0.0305,0.0335,0.0303,0.0336,3.589157474820648e-09,-4.4236123968209035e-09,-1.1030266588819422e-09,9.252816534012533e-10
Subject09,Incline,1485.0,0.4782,30.54,0.0010170264278724361,10.374,68.93,0.031,0.0324,0.0296,0.0289,-3.8118672030423326e-09,-1.2460001260823425e-09,3.887932008954085e-09,1.1425320711234744e-10
Subject09,Incline,1500.0,0.4661,33.7067,-0.0010595423889526315,10.374,68.93,0.0303,0.0297,0.0308,0.0308,4.738506133449057e-09,5.160717335416982e-10,-4.131960400637822e-09,7.546445836673182e-09
Subject09,Incline,1515.0,0.4743,36.54,0.00037933433322183597,10.374,68.93,0.0313,0.032,0.0318,0.0303,-4.819551759631995e-09,1.0828826348686668e-09,5.416244503343343e-09,-8.263820171750792e-09
Subject09,Incline,1530.0,0.4665,39.79,0.0008428707788763344,10.374,68.93,0.0289,0.0301,0.0309,0.0309,5.811711771091168e-09,6.018002896160461e-10,-5.226167284865784e-09,-7.307416814100672e-10
Subject09,Incline,1545.0,0.4627,42.04,-0.000537682553047491,10.374,68.93,0.0288,0.032,0.028,0.034,-1.4050755004155328e-09,-1.7161487727785305e-09,-8.154043964379865e-11,7.2321857450714655e-09
Subject09,Incline,1560.0,0.4737,41.29,-0.0012080717141592157,10.374,68.93,0.0294,0.0322,0.0301,0.033,8.212245656817907e-10,1.0012065596044566e-09,7.700102838786125e-11,-6.93984869077334e-09
Subject09,Incline,1575.0,0.4696,43.64,0.0011256850469129563,10.374,68.93,0.0308,0.031,0.031,0.0301,5.553990045476857e-10,1.835714780339073e-09,-4.801558074007893e-11,3.3213301052831166e-10
Subject09,Incline,1590.0,0.4849,44.44,-0.002376753610832065,10.374,68.93,0.0303,0.0302,0.0306,0.0316,-1.0735482609720919e-09,-8.978308457518614e-10,2.7361570553144734e-10,-2.458587567981536e-10
Subject09,Incline,1605.0,0.4821,42.84,0.0019138086861694768,10.374,68.93,0.0303,0.0298,0.031,0.0279,-3.3330100259293902e-09,-2.0044876790289665e-09,2.2623864037362795e-09,3.4294656518327113e-09
Subject09,Incline,1620.0,0.4899,45.44,0.0010794434206467499,10.374,68.93,0.032,0.0292,0.0312,0.0279,-1.3642178758954369e-09,2.882157584457543e-09,2.3757459135606684e-09,-3.4447354830156147e-09
Subject09,Incline,1635.0,0.4876,46.24,-0.0010706446179590775,10.374,68.93,0.0306,0.0306,0.0295,0.031,-4.8254757753114855e-11,3.797267237243991e-09,-3.676828441990319e-10,2.3530938650924587e-10
Subject09,Incline,1650.0,0.4864,46.44,0.0011439298383538448,10.374,68.93,0.0309,0.0292,0.0284,0.0283,2.16579612689923e-09,-2.7597351360242404e-09,-4.3337628611407735e-09,4.172308336147873e-11
Subject09,Incline,1665.0,0.4825,46.04,-0.0017260438779480628,10.374,68.93,0.0314,0.0296,0.0297,0.0257,-1.9616127158484354e-09,-4.054255566142462e-09,5.3251802118762135e-09,3.0767794566892784e-10
Subject09,Incline,1680.0,0.4847,45.44,0.0009379556662937352,10.374,68.93,0.03,0.0301,0.0304,0.0307,2.5451236531182276e-10,2.8788523467257935e-09,-5.57345561511489e-09,-4.888402913713542e-10
Subject09,Incline,1695.0,0.4793,46.04,0.0012187380411475602,10.374,68.93,0.0277,0.0305,0.0298,0.0294,3.1032522310144736e-09,-2.711909667629042e-09,3.9603251417933024e-10,5.367943956504814e-09
Subject09,Incline,1710.0,0.4821,48.44,-0.0014789688135815409,10.374,68.93,0.0284,0.0279,0.027,0.0287,-2.363513355393261e-09,2.7914247926252673e-09,2.0060299180146622e-10,-5.48818919916676e-09
Subject09,Incline,1725.0,0.4878,46.8733,-0.001293597798784696,10.374,68.93,0.0254,0.0301,0.0256,0.0304,4.356448612634672e-09,-2.6928604859284157e-09,-6.775151357733076e-10,4.8978262958244075e-09
Subject09,Incline,1740.0,0.4883,48.04,0.0014505499100204145,10.374,68.93,0.0292,0.0319,0.0276,0.0297,-5.530674106796274e-09,4.315697593540385e-09,4.698508055493712e-09,-4.698424225817805e-09
Subject09,Incline,1755.0,0.5108,48.44,0.001943571777686367,10.374,68.93,0.03,0.0296,0.027,0.0285,2.5093686128171995e-09,-1.0353382731874797e-09,-4.40454682798955e-09,4.0696484872808876e-11
Subject09,Incline,1770.0,0.4864,49.3733,0.0010146766161881432,10.374,68.93,0.0267,0.0321,0.0276,0.0298,-2.491405130763171e-09,-3.8906339857767574e-09,3.159049079394522e-09,6.967184668758647e-11
Subject09,Incline,1785.0,0.496,50.44,0.0017913389738303618,10.374,68.93,0.0287,0.0296,0.0269,0.0301,4.242916124800467e-09,4.613755545275863e-10,-3.3249416824656438e-09,2.6637418733692808e-09
Subject09,Incline,1800.0,0.3802,51.04,-0.0010740134649116137,5.5281,68.93,0.0245,0.0273,0.0232,0.0243,-1.0158243419696008e-09,6.6014977974692704e-12,-1.9335415197630154e-11,1.3973467042251551e-09
Subject09,Incline,1815.0,0.1651,47.04,-0.0013683141097403171,5.5281,68.93,0.0203,0.0233,0.0193,0.0205,-2.1585912663712164e-10,-1.2341370318342215e-11,-1.5853952057853483e-11,-9.42352551280413e-10
Subject09,Incline,1830.0,0.1648,43.04,0.0018615186200522465,5.5281,68.93,0.0202,0.0221,0.0196,0.02,1.7751137579888492e-09,8.712538949014814e-11,-1.4693464263548108e-11,-1.3484202853651937e-09
Subject09,Incline,1845.0,0.1597,38.64,-0.001613784471718834,5.5281,68.93,0.0201,0.0192,0.0189,0.0182,-1.354672033521018e-09,2.0403939880251712e-09,4.607810195861423e-11,-2.1195911197599283e-09
Subject09,Incline,1860.0,0.1793,35.44,0.0010244160319857437,5.5281,68.93,0.0196,0.0203,0.0183,0.0169,-4.95857357113803e-10,-1.9223833740678328e-09,-8.358399364025839e-13,1.587821707974935e-10
Subject09,Incline,1875.0,0.181,33.24,-0.0008968104479147644,5.5281,68.93,0.0199,0.0194,0.0174,0.0163,-1.2775167986326816e-09,1.2048124544155514e-09,7.66669220479899e-12,-8.765853298895764e-11
Subject09,Incline,1890.0,0.1717,32.04,0.002341731257392104,5.5281,68.93,0.0158,0.0204,0.0169,0.0178,8.340068798975615e-10,-1.3015317476388556e-09,-5.6540377813048093e-11,4.98064350369295e-09
Subject09,Incline,1905.0,0.1615,30.3733,-0.000923494713763134,5.5281,68.93,0.0168,0.0211,0.0183,0.0173,-2.49004594192039e-09,-1.2439160456164175e-10,1.1090430375953314e-09,-1.906525432078963e-09
Subject09,Incline,1920.0,0.1638,30.44,0.0013289825389913446,5.5281,68.93,0.0196,0.0212,0.0176,0.0214,1.2629446332952764e-11,3.6935853553562344e-09,2.380635522559398e-09,-2.961203003930467e-09
Subject09,Incline,1935.0,0.1733,31.04,0.00026719320624972177,5.5281,68.93,0.0186,0.0205,0.0158,0.0209,2.702544889522562e-09,-2.9764243361980077e-09,-3.390270360969745e-09,-5.392183721568513e-11
Subject09,Incline,1950.0,0.17,29.8733,-0.0013026077423215047,5.5281,68.93,0.0187,0.0192,0.0149,0.0186,-8.411204696615828e-10,-6.455599282686955e-10,-1.4312654604221142e-10,3.6964070665426874e-09
Subject09,Incline,1965.0,0.1742,29.24,0.0013627524405202646,5.5281,68.93,0.0185,0.0208,0.0147,0.0202,-1.0477839118675992e-09,1.730899423700268e-09,1.2806878184159136e-10,-3.663178347432994e-09
Subject09,Incline,1980.0,0.1886,30.1829,0.0014328567580238157,5.5281,68.93,0.0197,0.0216,0.0149,0.0207,2.1590860222803618e-10,-4.934435064018762e-10,1.3590658615812884e-11,7.145348744074578e-11
Subject09,Incline,1995.0,0.1713,30.1829,0.0008578909729787912,5.5281,68.93,0.0223,0.0226,0.0153,0.0181,1.993763608549298e-09,-1.2290969657690048e-09,-1.3047256571903372e-10,4.323052847297974e-09
Subject09,Incline,2010.0,0.1716,30.04,-0.0016428726242359072,5.5281,68.93,0.0195,0.0228,0.0175,0.0233,-9.114606050282237e-10,1.0197022796629275e-09,2.1201212509634783e-10,-4.292241786331729e-09
Subject09,Incline,2025.0,0.1439,29.8971,-0.0009367999631960395,5.5281,68.93,0.017,0.0221,0.016,0.0207,-1.1511258600197836e-09,1.715894487362435e-09,-1.949962816584705e-10,-1.4072991741967439e-10
Subject09,Incline,2040.0,0.1482,29.29,0.0012466529181702258,5.5281,68.93,0.0208,0.0205,0.0188,0.0203,2.706876209169447e-09,-1.7089238117770128e-09,4.204084572996372e-10,2.671848448363064e-11
Subject09,Incline,2055.0,0.1659,28.54,-0.001970676179611762,5.5281,68.93,0.0191,0.022,0.0162,0.0199,-3.737456091741025e-09,3.471653129711078e-09,1.230727069421726e-09,4.904171633826401e-12
Subject09,Incline,2070.0,0.1609,27.54,0.0013106128284862018,5.5281,68.93,0.0193,0.021,0.0175,0.0189,3.32404417689484e-11,-1.1713830121328173e-09,5.123935824532563e-10,8.45907787181613e-11
Subject09,Incline,2085.0,0.1679,28.24,0.001452625226839687,5.5281,68.93,0.0196,0.0205,0.0172,0.0205,6.530675046368752e-11,-3.3951013030766185e-09,-1.2102294377353164e-09,2.5622061977135355e-09
Subject09,Incline,2100.0,0.1671,28.8733,0.0009642924622630852,5.5281,68.93,0.0204,0.0212,0.018,0.023,1.0490668182307935e-09,5.15544614419101e-10,-7.935667475133541e-10,-2.651601773035232e-09
Subject09,Incline,2115.0,0.1769,28.24,-0.0024397571538034945,5.5281,68.93,0.0203,0.0165,0.0193,0.0174,3.2939123466223914e-11,-4.436137128586226e-10,-1.8146321722446205e-10,4.204661874262869e-09
Subject09,Incline,2130.0,0.1647,27.44,-0.0013776874656864847,5.5281,68.93,0.021,0.0189,0.0173,0.0187,1.6545789043760881e-09,1.3516646988105998e-09,3.0571552089230155e-10,-4.121994256688441e-09
Subject09,Incline,2145.0,0.1697,27.04,0.0011327830746213784,5.5281,68.93,0.0183,0.0196,0.0185,0.0184,-2.7572434331846793e-09,-1.389242537615547e-09,1.4258851485588924e-09,1.262929128952484e-09
Subject09,Running,360.0,0.4932,5.2548,0.004833347236679319,3.2825,68.93,0.0156,0.0214,0.0093,0.0197,9.425707557041838e-10,-5.321399271467725e-10,-8.695836364911227e-11,2.6895407178966366e-09
Subject09,Running,375.0,0.6256,15.3739,-0.0018982666537989295,3.2825,68.93,0.0141,0.0247,0.0115,0.0234,-3.797750867757946e-10,2.343998285657369e-09,8.692715260455746e-11,-2.8320361452379105e-09
Subject09,Running,390.0,0.6204,14.7905,-0.0017280088591499322,3.2825,68.93,0.0135,0.0244,0.0117,0.022,-7.996307643268021e-10,-2.0581056266107625e-09,1.6373567003952623e-09,1.2545225610367584e-09
Subject09,Running,405.0,0.6088,11.7405,0.0007223841769546886,3.2825,68.93,0.0143,0.0223,0.0103,0.0225,-3.144754892530846e-11,-2.6757147839438185e-10,-1.5134965385336157e-09,1.074547040017631e-09
Subject09,Running,420.0,0.6257,9.5405,0.0019028777861935758,3.2825,68.93,0.0132,0.0231,0.0108,0.0244,3.1077318668701093e-09,1.52084147201513e-09,-4.446446177494737e-11,2.1264343444955277e-09
Subject09,Running,435.0,0.6153,9.9405,-0.003576860939576984,3.2825,68.93,0.0139,0.0241,0.0111,0.023,-2.8981645961899714e-09,1.011924424474197e-09,3.2404091927853106e-09,-4.535105685166366e-09
Subject09,Running,450.0,0.6126,7.9405,-0.0018833996443589813,3.2825,68.93,0.0134,0.0221,0.0114,0.0223,-5.002117298572752e-11,-2.4845117665801855e-09,-3.1652266413306203e-09,2.3212694084868607e-09
Subject09,Running,465.0,0.6211,7.1405,0.0018335268015806595,3.2825,68.93,0.0117,0.0207,0.0096,0.0217,2.3315857288760117e-09,-4.768284639009195e-11,-1.9837260915807022e-10,-3.1347561217409625e-10
Subject09,Running,480.0,0.6157,8.7405,0.001268471904428338,3.2825,68.93,0.0123,0.0213,0.0105,0.0224,-1.9412199035499577e-09,1.5162694500600647e-09,4.3628317644670636e-11,-2.262114668511163e-09
Subject09,Running,495.0,0.6174,8.2905,-0.0022230835054278873,3.2825,68.93,0.0129,0.0226,0.0108,0.0216,8.172540367260336e-10,5.472933356389297e-10,2.7420340276365033e-09,6.079630976869557e-10
Subject09,Running,510.0,0.6222,8.5405,0.002347219486402721,3.2825,68.93,0.0126,0.0214,0.0108,0.0219,-1.179430734157754e-09,-1.9834296780108352e-09,-2.7045391424748046e-09,2.106147334909531e-09
Subject09,Running,525.0,0.6321,9.8739,-0.0012001138422828277,3.2825,68.93,0.0101,0.0195,0.0103,0.022,2.3105843955324362e-09,-2.7264867741223816e-11,-5.048133675693706e-11,1.6963364801445868e-09
Subject09,Running,540.0,0.6127,8.0405,-0.0026017790108269485,3.2825,68.93,0.0113,0.0205,0.0099,0.0219,-2.3295807728313806e-09,8.389232268362619e-10,-1.1114740716972773e-12,-3.772624831681108e-09
Subject09,Running,555.0,0.6011,8.0405,-0.0015408535956246906,3.2825,68.93,0.0112,0.0212,0.01,0.022,1.1150441772616268e-09,1.489283212352413e-09,7.204314907835513e-11,-3.710214789471761e-10
Subject09,Running,570.0,0.6039,7.5405,-0.0024546906271745925,3.2825,68.93,0.0131,0.0238,0.01,0.0244,-1.1868984771079515e-09,1.1797602503337512e-09,1.5457190657633524e-09,-2.0960179498270336e-10
Subject09,Running,585.0,0.6206,8.9405,0.0024329389980258273,3.2825,68.93,0.0097,0.0212,0.0103,0.0199,-3.717628634393866e-11,-3.8394287899430255e-09,-1.0572610082814174e-09,2.662127390259137e-09
Subject09,Running,600.0,0.6099,11.5405,-0.0033636869926227603,3.2825,68.93,0.0118,0.0237,0.0105,0.0226,2.4955157678916693e-09,1.8766388792138977e-10,-5.612160544010657e-10,1.929104739885269e-09
Subject09,Running,615.0,0.6229,10.2905,-0.0035516342335622543,3.2825,68.93,0.0103,0.0225,0.0103,0.0209,-2.125906740527586e-09,2.6872884018072813e-09,1.6697917671134713e-12,-4.726479510023089e-09
Subject09,Running,630.0,0.6172,10.7405,-0.002667834921761419,3.2825,68.93,0.0105,0.0219,0.0106,0.0208,-5.367847525699888e-10,2.2179001336137718e-10,4.007626542356068e-10,2.723307244682404e-10
Subject09,Running,645.0,0.6199,11.2072,0.002814683224536285,3.2825,68.93,0.0107,0.0223,0.0104,0.0208,1.2675964225643403e-10,-2.680169092545827e-09,8.238515952185049e-10,1.1060683312352057e-09
Subject09,Running,660.0,0.6281,12.9405,-0.0014435192753003763,3.2825,68.93,0.0104,0.0199,0.0096,0.0201,1.2037305598678115e-09,-1.6641755144929808e-10,-1.2231527229913899e-09,1.5232804514743356e-09
Subject09,Running,675.0,0.6203,11.8739,-0.0025203174349304855,3.2825,68.93,0.0104,0.0202,0.0103,0.0194,1.9273818058526223e-09,2.0448521886128537e-09,1.0614669042805089e-10,-2.6245025697292293e-09
Subject09,Running,690.0,0.6537,9.7405,-0.0043115225539116986,3.2825,68.93,0.0104,0.0189,0.0085,0.0193,-2.7275079320184943e-09,-3.2852808494870405e-10,-2.1087328493831308e-10,4.1442952992003936e-11
Subject09,Running,705.0,0.6298,9.0405,-0.0032057712880975966,3.2825,68.93,0.009,0.0205,0.0092,0.0192,7.056886775452406e-10,4.786577827499212e-10,7.253357345632897e-11,-5.3403197691892905e-11
Subject09,Running,720.0,1.587,15.2072,0.006285900120388579,12.9414,68.93,0.0254,0.0274,0.016,0.0264,-8.208702801784198e-10,-1.9697388235800133e-09,3.8238254920550665e-09,2.970316653631928e-09
Subject09,Running,735.0,2.5458,37.3739,-0.0025829781903106007,12.9414,68.93,0.033,0.0283,0.0222,0.0274,2.565295174109032e-09,5.835867007662458e-09,-3.404887427677779e-09,-2.6784557579134315e-09
Subject09,Running,750.0,3.0409,43.7405,-0.0018269449509524102,12.9414,68.93,0.0299,0.0259,0.022,0.0249,-2.556648215733523e-09,-5.911031738311035e-09,6.960646498024892e-10,6.543356720134754e-09
Subject09,Running,765.0,2.8581,45.6834,-0.001935741480835839,12.9414,68.93,0.0302,0.0252,0.0232,0.024,3.522468357543185e-09,4.671091022109274e-09,-8.207889483753119e-10,-6.554736810579995e-09
Subject09,Running,780.0,2.76,48.3739,0.001383317421727852,12.9414,68.93,0.0302,0.0231,0.0222,0.0219,-3.5662790800913214e-09,-4.643950364902265e-09,9.538229224654324e-10,5.518200971805109e-09
Subject09,Running,795.0,2.8802,53.1655,0.0024552232484833,12.9414,68.93,0.029,0.0247,0.0214,0.0237,3.123217461725412e-09,-3.12043671654452e-10,-1.1799774505106522e-09,-5.894683885327758e-09
Subject09,Running,810.0,2.9768,56.5405,-0.0012144574948777305,12.9414,68.93,0.0316,0.0251,0.0214,0.0231,3.3015341031613316e-10,2.716482822157361e-09,2.143399433839553e-10,2.858559733884285e-10
Subject09,Running,825.0,3.5132,58.5405,-0.0008634474216008414,12.9414,68.93,0.029,0.0234,0.021,0.0225,-8.371891252009298e-10,-1.720978821583578e-09,-2.053843455992957e-10,-2.0132366529482888e-10
Subject09,Running,840.0,3.6764,60.0405,0.0011918071518595024,12.9414,68.93,0.0298,0.024,0.0207,0.0233,4.957717125263097e-10,-8.375448855921096e-10,6.729956538328091e-12,-5.758136037501659e-11
Subject09,Running,855.0,3.5745,61.2905,-0.0016823068890113064,12.9414,68.93,0.028,0.0234,0.0211,0.0217,-2.9798941556576124e-09,8.928218258570893e-11,6.6318372766413e-10,4.500821675388928e-09
Subject09,Running,870.0,2.9326,62.2548,0.001105336310588943,12.9414,68.93,0.0277,0.0243,0.0197,0.0225,-3.6963484599350085e-10,-2.0198073321202726e-10,8.808630193618004e-10,-4.431259784366788e-09
Subject09,Running,885.0,3.0307,63.8739,0.0009228610459024467,12.9414,68.93,0.0282,0.0223,0.0201,0.0225,3.0233866057540937e-09,4.523741656665083e-09,-1.3465575884550838e-09,1.3146360194161545e-10
Subject09,Running,900.0,2.943,64.6655,-0.0021426700708933066,12.9414,68.93,0.0289,0.0229,0.019,0.0225,-7.59292432355982e-10,-4.329712916952114e-09,3.836935546393369e-10,-4.5970788927745425e-11
Subject09,Running,915.0,2.765,64.4155,0.0008194685332948339,12.9414,68.93,0.0285,0.0227,0.0202,0.0223,-2.0226741181292113e-09,3.65838735170515e-11,9.053204693865111e-11,5.7709039319384195e-09
Subject09,Running,930.0,2.6248,65.2905,-0.0016998480681853637,12.9414,68.93,0.0292,0.0213,0.0196,0.0224,-6.106867750299879e-10,-3.545367767937334e-10,2.723384246883375e-09,-5.942957130630418e-09
Subject09,Running,945.0,2.5129,64.9155,-0.001434305397150507,12.9414,68.93,0.0285,0.0195,0.0199,0.0221,3.837951368780239e-09,1.50533501931825e-10,-3.286994473406237e-09,4.780841025007536e-11
Subject09,Running,960.0,2.5949,64.5405,0.0011980591785462225,12.9414,68.93,0.0295,0.022,0.0195,0.023,-3.4234865630111336e-09,6.022208263824744e-10,2.0575570085001923e-09,4.166063577548491e-11
Subject09,Running,975.0,2.5384,65.9691,0.0009330024972609162,12.9414,68.93,0.0291,0.021,0.0196,0.0231,2.7981702889627047e-09,-6.248585905517328e-10,-2.2740600125079617e-09,1.0580949511777385e-10
Subject09,Running,990.0,2.5029,66.6405,0.0009266172871976562,12.9414,68.93,0.0288,0.0217,0.0191,0.0224,-2.3530536432191784e-09,2.4867739460996453e-10,2.396766906669053e-09,3.3956506965391174e-09
Subject09,Running,1005.0,2.4571,67.5405,-0.0002907316226340923,12.9414,68.93,0.0286,0.0221,0.0177,0.0234,2.431741002878135e-09,3.7560502449698354e-09,-2.0941442469483972e-09,-3.2738766347922555e-09
Subject09,Running,1020.0,2.4821,67.8739,0.0009334878810013423,12.9414,68.93,0.0283,0.0225,0.0181,0.0217,-2.576460132425966e-09,-3.687632950604343e-09,3.5586131072104864e-09,3.269181515050948e-09
Subject09,Running,1035.0,2.4242,68.5405,-0.0001099966797206176,12.9414,68.93,0.0274,0.0218,0.0172,0.0219,3.3767804148605823e-09,2.975136903408056e-09,-3.494123141197917e-09,-3.306373649407474e-09
Subject09,Running,1050.0,2.5025,68.4294,0.0015867320379265345,12.9414,68.93,0.0274,0.0215,0.0177,0.0211,-3.034645461799124e-09,-3.068323656029712e-09,2.528361312403222e-09,4.2421991590915204e-09
Subject09,Running,1065.0,2.4414,68.4155,0.002346420407269502,12.9414,68.93,0.0265,0.0208,0.0161,0.0212,2.008368022186224e-09,3.6874575460894975e-09,-2.5835223964796927e-09,-4.2449998145167386e-09
Subject09,Running,1080.0,1.4996,67.7628,-0.0016608349413543048,8.5384,68.93,0.0265,0.0218,0.0136,0.0221,-2.6929302487729386e-09,-3.896694654636491e-09,2.2939163909477373e-09,1.1797964616014483e-09
Subject09,Running,1095.0,1.3225,63.1405,0.0016776048154964144,8.5384,68.93,0.0246,0.0226,0.0122,0.0241,2.8951055218069225e-09,8.25765630229284e-11,-2.4027848878179583e-09,2.494344789431371e-10
Subject09,Running,1110.0,1.3182,60.0405,-0.0015070270335402996,8.5384,68.93,0.0247,0.0228,0.013,0.0235,-2.7226523660178573e-09,1.1729203507958636e-09,1.982510145342096e-09,-1.6925987526502963e-09
Subject09,Running,1125.0,1.3485,56.0405,0.0022501086752530755,8.5384,68.93,0.0252,0.0239,0.0137,0.025,3.451765887434116e-09,4.615415752215172e-09,-2.064106026737729e-09,3.0942855942350886e-10
Subject09,Running,1140.0,1.3017,53.1655,0.0012997416744414622,8.5384,68.93,0.0237,0.0222,0.0126,0.0235,-2.0142760722966354e-09,-5.570144893882848e-09,1.1009278894609616e-10,1.9930808621565215e-09
Subject09,Running,1155.0,1.3269,50.9405,-0.0013273876806713506,8.5384,68.93,0.0238,0.0203,0.0115,0.0217,6.759446852549089e-10,1.6816536320559018e-10,-1.3438110039426015e-10,-2.2028734369956497e-09
Subject09,Running,1170.0,1.3069,48.4155,0.0013789677048789174,8.5384,68.93,0.0225,0.022,0.0124,0.022,1.21079358922827e-09,4.715397325820632e-09,2.32976335068034e-11,9.255978888612987e-11
Subject09,Running,1185.0,1.3376,48.5405,0.0012003947538688667,8.5384,68.93,0.0219,0.0216,0.0117,0.0224,-3.1972534274575567e-09,-5.020537590216615e-09,1.0838882207902288e-09,3.3085100124429762e-09
Subject09,Running,1200.0,1.2751,48.2548,-0.0017924524665518802,8.5384,68.93,0.022,0.0211,0.0112,0.0234,5.075370108878872e-10,1.5712661327604277e-10,-9.137667788837466e-10,4.941250346108864e-10
Subject09,Running,1215.0,1.2956,45.3977,0.0014355431016175033,8.5384,68.93,0.0224,0.0209,0.0112,0.0232,1.9484869688601928e-09,-1.7018834687312145e-10,-1.0781597418362948e-10,-3.249461451832943e-09
Subject09,Running,1230.0,1.2697,45.3183,0.00024734865263352095,8.5384,68.93,0.0252,0.0221,0.0115,0.0228,-5.341931540477721e-10,1.9708080377996275e-10,-5.761714202338674e-11,-2.7426404954875037e-10
Subject09,Running,1245.0,1.3193,45.5405,0.0017815179892503052,8.5384,68.93,0.0227,0.0212,0.0115,0.0207,-8.327691008845969e-10,3.178220793618672e-09,1.4808415815258983e-10,-3.4591376034669595e-10
Subject09,Running,1260.0,1.2779,44.7072,-0.0013330130522601013,8.5384,68.93,0.0237,0.0202,0.0115,0.0208,1.058155475761223e-09,-3.572785853881533e-09,-1.4335448398674844e-10,8.357993902144656e-10
Subject09,Running,1275.0,1.2631,43.7905,0.0013455671518290183,8.5384,68.93,0.0234,0.0221,0.012,0.0213,-5.351379039373048e-10,1.7355582090080856e-10,-2.2880410181258954e-11,-3.53821085921815e-10
Subject09,Running,1290.0,1.3054,46.0961,0.0009574321518477304,8.5384,68.93,0.0228,0.0209,0.0117,0.0212,1.7793623150453115e-10,1.1685650196453404e-10,8.347370411802624e-11,1.3916477690690054e-09
Subject09,Running,1305.0,1.3175,45.8739,-0.0011864597761165876,8.5384,68.93,0.0216,0.0205,0.0114,0.0209,-1.901187415471703e-09,-7.276760903524323e-11,-6.981059658817924e-11,2.654694920787834e-09
Subject09,Running,1320.0,1.3493,44.8263,0.0012971437491861408,8.5384,68.93,0.0201,0.02,0.0123,0.0206,-6.315485175105497e-11,-1.9725598898526795e-12,2.7149554656452644e-09,-3.819464000205294e-09
Subject09,Running,1335.0,1.2832,44.5405,-0.0007199517784688464,8.5384,68.93,0.0233,0.0224,0.0113,0.0228,1.1801785411331558e-09,2.69976955427169e-09,-1.7516324070964083e-09,-7.743945388830326e-10
Subject09,Running,1350.0,1.3459,43.9405,0.0006601995043134195,8.5384,68.93,0.0227,0.0207,0.0119,0.0229,1.9524000697604177e-10,1.7581816607070252e-09,-8.134309115621434e-10,5.3470729182609166e-11
Subject09,Running,1365.0,1.2981,44.6834,0.001001731584595687,8.5384,68.93,0.0214,0.0214,0.0119,0.0216,1.0635772711692518e-09,-4.5437126474569914e-09,-2.0670384422499684e-10,1.1275339144441192e-09
Subject09,Running,1380.0,1.3215,45.6834,0.0012083501165834243,8.5384,68.93,0.0209,0.0215,0.0117,0.0216,6.623368269116296e-10,-1.00992214701839e-11,8.999571138249755e-12,-1.165914308244693e-09
Subject09,Running,1395.0,1.3435,45.2072,-0.0020371222148944093,8.5384,68.93,0.0213,0.0191,0.0117,0.0196,-4.223370014646236e-10,6.424697852028281e-11,6.823571782409809e-11,9.532588883308117e-10
Subject09,Running,1410.0,1.3279,43.0405,0.0017940509193957387,8.5384,68.93,0.0207,0.0203,0.012,0.0191,-2.5795566084628545e-09,-7.873269288494492e-12,1.717609204832233e-09,5.014974934946344e-10
Subject09,Running,1425.0,1.3054,43.0405,0.0014739565467729782,8.5384,68.93,0.0221,0.0208,0.0119,0.0224,1.141171149237646e-09,1.4064438463479223e-09,1.6565175625223428e-10,-1.6258250431891415e-09
Subject09,Running,1440.0,1.698,45.2548,0.00144783647754032,9.9443,68.93,0.0229,0.0199,0.0124,0.0206,1.4973617303056775e-09,-1.4948086976784414e-09,-1.9144116088722407e-09,2.72082666801181e-10
Subject09,Running,1455.0,1.6932,47.3977,-0.001437540124772881,9.9443,68.93,0.023,0.0191,0.0128,0.019,3.313117507639163e-10,4.692696983067123e-09,4.349552004378427e-11,-5.1806783102166094e-12
Subject09,Running,1470.0,1.6879,48.5405,-0.0006254884272419981,9.9443,68.93,0.0223,0.0196,0.0126,0.0194,-3.10685570289987e-09,-4.76831918287155e-09,2.0022335727214064e-09,-2.1945004609270088e-10
Subject09,Running,1485.0,1.6628,50.3739,0.0012984733133410739,9.9443,68.93,0.0235,0.019,0.0137,0.0204,3.0617197276867885e-10,2.5130543061233554e-10,-1.8649895981028146e-09,4.1145635701192185e-09
Subject09,Running,1500.0,1.6966,51.2905,-0.0013209836231599815,9.9443,68.93,0.0241,0.0196,0.0133,0.0195,4.1289682808324856e-09,4.1704627537294726e-09,-2.6040658566574946e-10,-3.799934514354456e-09
Subject09,Running,1515.0,1.614,50.5405,-7.580479752499419e-05,9.9443,68.93,0.0232,0.0186,0.0129,0.0205,-2.497715217902545e-09,-4.260751009328829e-09,4.238113303857496e-10,2.260197217929961e-10
Subject09,Running,1530.0,1.6672,51.0961,0.0012391219551580515,9.9443,68.93,0.0244,0.021,0.0126,0.0203,-2.042171051670982e-09,-1.8050029057269994e-10,2.6687940803949686e-09,-5.456789379434359e-10
Subject09,Running,1545.0,1.6744,51.5405,-6.170606669598109e-05,9.9443,68.93,0.0227,0.0186,0.0131,0.0209,4.6369053944787856e-10,1.1552604297100795e-09,-2.9632801620782954e-09,2.0723779190291535e-10
Subject09,Running,1560.0,1.6775,50.9405,-0.0013071786923555878,9.9443,68.93,0.0212,0.0194,0.0136,0.0194,-1.5008235615584277e-10,-9.61468928324143e-10,6.571500334266516e-10,3.976241646441237e-09
Subject09,Running,1575.0,1.6202,51.5405,0.0009699612825566414,9.9443,68.93,0.0229,0.0203,0.0122,0.0206,1.9779859600862273e-09,6.389950953497457e-09,-7.357082987774892e-10,-3.909387402768317e-09
Subject09,Running,1590.0,1.6602,53.0405,-0.0015982733888209929,9.9443,68.93,0.0217,0.019,0.013,0.0206,1.3247805663067712e-09,-6.517498143400661e-09,2.6961389249391553e-11,-1.7647152831289987e-10
Subject09,Running,1605.0,1.7152,52.2905,-0.0012605573192213887,9.9443,68.93,0.0227,0.0193,0.0138,0.0181,-3.329701098948185e-09,1.8791555088348197e-10,1.7835629519520769e-09,3.850581231900283e-09
Subject09,Running,1620.0,1.6917,51.0405,-0.0021422962131539716,9.9443,68.93,0.0238,0.0193,0.0128,0.02,1.3354167908768256e-09,3.0171772361941844e-09,-1.7478352457324377e-09,-3.77495062300176e-09
Subject09,Running,1635.0,1.7093,52.4294,0.0012825179141252704,9.9443,68.93,0.024,0.0202,0.0127,0.0201,-1.681750149770122e-09,-3.457866734086896e-09,2.502342167508105e-09,-2.3167239037559458e-10
Subject09,Running,1650.0,1.6685,54.2548,-0.0019176100317616742,9.9443,68.93,0.0244,0.0205,0.0134,0.0219,2.1807511238208564e-09,5.205681080906066e-10,-2.496177256385315e-09,9.504774240637771e-10
Subject09,Running,1665.0,1.6674,52.8263,0.0017812339354443046,9.9443,68.93,0.0221,0.0195,0.0131,0.019,4.049115834914555e-10,3.823312618544322e-09,-1.5033866268604037e-10,-6.372017014179694e-10
Subject09,Running,1680.0,1.6774,54.0961,-0.0014545008941788376,9.9443,68.93,0.0227,0.0199,0.0131,0.0198,-2.521482472838898e-09,-3.965140600100221e-09,4.5359456060021986e-10,3.801035034820486e-09
Subject09,Running,1695.0,1.6637,52.6655,0.00020618107677957887,9.9443,68.93,0.0235,0.021,0.0123,0.0212,2.2109437825582005e-09,4.785833366048887e-09,-1.5691302330403744e-10,-3.880135964221623e-09
Subject09,Running,1710.0,1.6741,52.5405,0.00016122339334042468,9.9443,68.93,0.0217,0.0208,0.0128,0.0192,-1.9721713120495204e-09,-4.755258235787577e-09,2.6955677082607258e-09,5.655900064928954e-10
Subject09,Running,1725.0,1.6765,52.0961,-0.001235464314797869,9.9443,68.93,0.0213,0.0191,0.0133,0.0208,2.425885923391666e-09,-7.630247408693115e-11,-2.6310349262245397e-09,-5.631441630952719e-10
Subject09,Running,1740.0,1.6569,51.5405,-0.0001470830807023594,9.9443,68.93,0.0221,0.0205,0.0132,0.0197,-8.978028155991371e-10,3.3525991030549694e-09,-1.1012066674387677e-11,9.102504344936124e-11
Subject09,Running,1755.0,1.6479,51.7905,0.0015446676038187864,9.9443,68.93,0.0206,0.0203,0.0135,0.0205,1.3422018285809275e-09,-3.5585815747571998e-09,-2.5521112878180466e-10,1.6795251862021606e-10
Subject09,Running,1770.0,1.6719,53.2072,-0.0016254798787775858,9.9443,68.93,0.0237,0.0203,0.0128,0.02,-1.6385623461579153e-09,1.3463716407075296e-09,5.881780474843744e-10,-2.1674515776214844e-10
Subject09,Running,1785.0,1.7052,52.1655,0.0022816760684228727,9.9443,68.93,0.0244,0.0204,0.0129,0.0214,-1.3518122326451879e-09,-1.0741348067108882e-09,-3.9624919003322574e-10,4.9065599427493625e-09
Subject09,Stairs,360.0,0.081,6.7173,0.004987330948681335,5.3558,68.93,0.0269,0.027,0.0132,0.0353,3.1379524460623515e-10,6.41373726136136e-10,5.252204019250409e-10,1.0870383161448331e-09
Subject09,Stairs,375.0,0.1065,6.6458,-0.0019429094807053343,5.3558,68.93,0.0286,0.0336,0.0197,0.0413,3.454748306511533e-10,-3.248304600214025e-10,-4.196349914921463e-10,-2.5402706543329717e-10
Subject09,Stairs,390.0,0.0867,9.3125,0.0009033077620881232,5.3558,68.93,0.0268,0.0391,0.0203,0.0406,1.1519360608677202e-09,2.958841140841265e-09,4.669399369745422e-09,-3.164823667340167e-09
Subject09,Stairs,405.0,0.0954,12.5458,0.0015102228531492013,5.3558,68.93,0.0281,0.038,0.0188,0.0375,-1.2507956157469839e-09,2.959213482588658e-10,-4.359291664318522e-09,4.5589222159733475e-10
Subject09,Stairs,420.0,0.0956,15.5458,0.0016021184794340654,5.3558,68.93,0.0241,0.0373,0.0174,0.0381,3.400677327764363e-10,-3.1918665955109824e-09,-1.0554343707648835e-10,4.4239093219287455e-09
Subject09,Stairs,435.0,0.0889,16.3458,-0.0011089673540969462,5.3558,68.93,0.0252,0.0337,0.0169,0.0433,3.404141664958251e-09,-7.856530499450891e-13,-2.5451486250086687e-10,-8.846514428757721e-10
Subject09,Stairs,450.0,0.0888,16.3458,-0.0010761492055739912,5.3558,68.93,0.0282,0.0399,0.0187,0.0402,4.742327778364673e-10,3.9017238411611355e-09,9.211855155128814e-10,-3.933728809134126e-09
Subject09,Stairs,465.0,0.0694,15.7458,0.0011340920808771066,5.3558,68.93,0.0238,0.0416,0.0171,0.0446,-2.270263436005465e-10,-4.4635525542352594e-10,2.644224101800015e-10,-3.8181938383675887e-11
Subject09,Stairs,480.0,0.0769,15.8958,0.0016010861887742656,5.3558,68.93,0.0259,0.0337,0.015,0.0357,-3.1906407779531658e-09,1.3031693354648535e-10,7.283874527610324e-10,-9.090418350784314e-11
Subject09,Stairs,495.0,0.083,15.9458,-0.003319033063433537,5.3558,68.93,0.0226,0.0341,0.0152,0.0375,1.4134430537062296e-09,6.044656646016089e-10,6.336732254811984e-10,-1.1592714324754507e-10
Subject09,Stairs,510.0,0.0862,13.5458,0.0016147974355470956,5.3558,68.93,0.0239,0.0388,0.0155,0.0407,-2.50030695354121e-09,-1.3813137699645658e-09,-1.3828138943426954e-09,2.869940630001766e-10
Subject09,Stairs,525.0,0.0773,12.7458,0.001420082173100533,5.3558,68.93,0.0204,0.0365,0.0129,0.0411,8.907456606631208e-11,-1.2199237600675706e-09,-9.923495674249993e-10,5.841205363453409e-10
Subject09,Stairs,540.0,0.0776,13.7458,0.0008690788955145109,5.3558,68.93,0.0196,0.0382,0.0127,0.0386,-2.372730736897631e-10,8.319218665862839e-10,1.786424480299455e-10,-8.402506020987075e-10
Subject09,Stairs,555.0,0.0738,13.5458,-0.0015575168781373522,5.3558,68.93,0.0217,0.0366,0.0127,0.038,1.2359463807557567e-09,-6.745543670331241e-10,3.135312465751867e-11,3.0693331735324176e-10
Subject09,Stairs,570.0,0.0825,12.3458,0.002416899542408898,5.3558,68.93,0.0182,0.0362,0.0152,0.0339,-1.3401873221966378e-09,4.868922749485887e-09,7.054867993645242e-10,3.226200109601499e-09
Subject09,Stairs,585.0,0.0697,14.7458,0.0014089344026615219,5.3558,68.93,0.0223,0.0358,0.0156,0.0334,2.3788268433431833e-09,-1.6917147842165866e-09,3.6686155716705424e-10,1.5670279696769156e-09
Subject09,Stairs,600.0,0.072,14.5458,-0.002302963496022829,5.3558,68.93,0.0199,0.0334,0.0154,0.0356,-1.1564279133938653e-09,-5.106986233488735e-09,-3.940604386422901e-10,-2.0707858791656948e-09
Subject09,Stairs,615.0,0.0723,14.7458,-0.0017421976349556972,5.3558,68.93,0.0245,0.0332,0.016,0.0332,-1.1229468764993947e-09,3.978972462961943e-09,-1.9517597707663044e-10,-2.8521411015098552e-09
Subject09,Stairs,630.0,0.0825,13.8958,-0.0014178110967274725,5.3558,68.93,0.0241,0.0353,0.0183,0.0369,7.802244385108164e-10,-4.333545314723249e-09,7.98566587548211e-10,5.467396240083714e-09
Subject09,Stairs,645.0,0.0753,14.8125,0.0009844463906517609,5.3558,68.93,0.0237,0.0362,0.0152,0.0389,9.580675161399223e-10,7.312489010264417e-09,-4.965714320809087e-10,-2.1588088260982518e-09
Subject09,Stairs,660.0,0.0815,14.9458,0.003889700033480165,5.3558,68.93,0.0246,0.0349,0.0168,0.0348,-1.0268745298967736e-09,-7.100616785925645e-09,6.214364413435676e-10,1.6497923238176399e-09
Subject09,Stairs,675.0,0.0789,15.1458,-0.0025474127335093698,5.3558,68.93,0.0231,0.0398,0.017,0.0395,1.596583069110073e-10,1.2151457341916483e-10,1.4584702449506938e-09,-1.5635128370178151e-09
Subject09,Stairs,690.0,0.0806,15.8958,0.0016105246166243053,5.3558,68.93,0.0236,0.0323,0.0143,0.0326,-6.162301923596412e-11,8.166110186078674e-11,-2.2754286427460573e-09,-2.9011318316294763e-09
Subject09,Stairs,705.0,0.0774,17.3458,-0.002187778406176993,5.3558,68.93,0.0202,0.0338,0.0124,0.0304,-4.687042405993418e-10,8.385891955855783e-09,8.331396573671293e-10,1.4061567671059191e-09
Subject09,Stairs,720.0,0.0845,19.1458,0.0018294705051318469,4.6127,68.93,0.0218,0.0315,0.0162,0.0373,2.703339103921068e-10,-8.525179786818154e-09,-1.777059488527114e-09,1.1521437969430776e-09
Subject09,Stairs,735.0,0.0629,17.8125,-0.00329030117081795,4.6127,68.93,0.02,0.0351,0.0137,0.0329,1.236080370870203e-09,2.0025865127646066e-10,1.1395032429831727e-12,-6.91892849279679e-10
Subject09,Stairs,750.0,0.0699,14.1458,0.002218642661647484,4.6127,68.93,0.0186,0.0316,0.0125,0.0329,-1.181572883823186e-09,-1.7333138453452942e-10,-6.517157538595985e-11,1.8133826306984696e-09
Subject09,Stairs,765.0,0.0616,13.1458,-0.0015772732103909528,4.6127,68.93,0.0201,0.0309,0.0108,0.0321,1.1244099715428818e-09,2.124728299919836e-09,3.432251311921895e-10,3.03130228889264e-09
Subject09,Stairs,780.0,0.0674,12.3458,0.0025661613763035226,4.6127,68.93,0.0223,0.0344,0.0134,0.0312,-1.6199836930318373e-09,-1.5214537776159954e-10,1.329477038630006e-10,-7.280128967784429e-09
Subject09,Stairs,795.0,0.0806,13.4315,0.0015853320666125504,4.6127,68.93,0.0199,0.033,0.0137,0.031,-1.832681344153113e-10,-1.2912631531431425e-11,-1.2906193742156432e-10,-6.543130788345028e-11
Subject09,Stairs,810.0,0.0638,14.3458,0.0014869457820768034,4.6127,68.93,0.0191,0.033,0.0131,0.0346,1.1491804358600789e-10,5.560972613460441e-10,1.0238152498223355e-09,1.1265826134159487e-10
Subject09,Stairs,825.0,0.0638,14.8125,-0.0010130845443951859,4.6127,68.93,0.0199,0.0366,0.0123,0.035,1.1920844696160541e-09,-1.4870576352423355e-09,-2.4884967553025196e-10,2.2717909707500486e-09
Subject09,Stairs,840.0,0.0623,14.1458,-0.0016770220659407624,4.6127,68.93,0.0162,0.0311,0.0116,0.0374,-3.199973429535078e-10,-9.91673775217988e-10,-1.0054603524632017e-09,1.705947885859759e-09
Subject09,Stairs,855.0,0.0623,14.5458,0.001761913420460728,4.6127,68.93,0.0157,0.032,0.0118,0.0378,3.1776514609355615e-10,-1.0600242747500557e-10,-1.0155325184218299e-10,-6.191241829631782e-11
Subject09,Stairs,870.0,0.064,15.9458,0.001277966859205017,4.6127,68.93,0.0169,0.0301,0.0105,0.0329,-5.798104161032962e-11,3.1718743498647223e-09,9.05987106163898e-10,-4.463155018196643e-09
Subject09,Stairs,885.0,0.0641,14.9458,-0.0018609024443741495,4.6127,68.93,0.0182,0.0307,0.0102,0.0318,3.112257671783862e-09,-6.379172900452703e-10,7.360657671222978e-10,3.2131436051211133e-10
Subject09,Stairs,900.0,0.06,14.4792,-0.001435495120058476,4.6127,68.93,0.0181,0.0369,0.0138,0.0371,-3.99049237940608e-09,7.275010765029376e-10,-1.6041702107927634e-09,2.5219919696447387e-10
Subject09,Stairs,915.0,0.0583,13.8125,-0.002047054436184827,4.6127,68.93,0.0164,0.0313,0.0119,0.0314,-3.2242132367072506e-10,-1.958753643130859e-09,1.1539012504142682e-10,-2.3095488960551083e-10
Subject09,Stairs,930.0,0.0616,13.8958,0.0015067122017715232,4.6127,68.93,0.0186,0.0297,0.011,0.029,3.522570395030305e-11,1.5203668097549303e-10,-1.9834883187204323e-11,1.5589123125318746e-10
Subject09,Stairs,945.0,0.0674,12.3458,0.002567552650562891,4.6127,68.93,0.0203,0.0297,0.013,0.0338,1.2931921314726918e-09,7.648291548684825e-09,8.379355198727046e-10,2.0720336753466063e-09
Subject09,Stairs,960.0,0.0695,12.3125,0.0017466354022425336,4.6127,68.93,0.0187,0.0292,0.0141,0.0342,-3.4751190549254855e-10,-2.084209225121735e-09,1.3560824771708988e-09,-1.3103475459976938e-09
Subject09,Stairs,975.0,0.0767,12.8601,-0.0019058547363722837,4.6127,68.93,0.0215,0.0307,0.0144,0.0353,-2.8689458915854784e-10,-6.891238208490566e-09,-2.3291266214275624e-09,2.0573891478882917e-09
Subject09,Stairs,990.0,0.0579,12.3125,-0.0011970145976963745,4.6127,68.93,0.0201,0.0311,0.0114,0.0378,5.161107084199697e-10,1.5754180446165046e-09,-7.790106089022807e-11,4.261679068888106e-09
Subject09,Stairs,1005.0,0.0606,13.1458,0.001585368833230023,4.6127,68.93,0.0189,0.0296,0.0119,0.0348,3.341709597813988e-09,2.35144812243153e-09,9.44673026122428e-10,-6.7354519721458416e-09
Subject09,Stairs,1020.0,0.0576,13.5458,0.002001171193889349,4.6127,68.93,0.0215,0.0322,0.0134,0.037,-1.3690049577978048e-09,-5.804572236229578e-10,6.220053273144343e-10,-4.812405258924407e-10
Subject09,Stairs,1035.0,0.062,14.7458,-0.002287792795690816,4.6127,68.93,0.0208,0.0392,0.0131,0.0362,-3.1655589498073774e-09,-8.2007382370669e-10,-3.330034933142951e-11,4.580959427543124e-10
Subject09,Stairs,1050.0,0.0729,13.5744,-0.001533419905294868,4.6127,68.93,0.0205,0.027,0.0125,0.034,9.054542559899369e-11,-2.494751819843524e-09,1.2197493035038682e-09,3.862310681972291e-09
Subject09,Stairs,1065.0,0.0611,13.5458,-0.0016803917990574238,4.6127,68.93,0.0196,0.0274,0.0117,0.0377,1.538970981325637e-09,1.0761397088170211e-10,-2.612299279598908e-09,1.2701072373171377e-09
Subject09,Stairs,1080.0,0.1024,13.0208,0.002059525256444476,6.0322,68.93,0.0329,0.04,0.0177,0.0436,1.5200952894746376e-09,2.8113132083387553e-11,-3.990623291512979e-11,-1.5432151252091346e-10
Subject09,Stairs,1095.0,0.0782,17.8125,0.0008952805731200092,6.0322,68.93,0.0249,0.0418,0.0169,0.0368,-2.008261615570378e-09,1.1935907183321376e-09,1.0351247578824188e-09,-2.572798082824055e-10
Subject09,Stairs,1110.0,0.0768,20.1458,0.0017402678202440686,6.0322,68.93,0.0272,0.0318,0.0203,0.0387,1.7907550942870628e-09,4.797342060211829e-10,2.1321663707800874e-09,-5.187419261081558e-09
Subject09,Stairs,1125.0,0.0659,21.9458,-0.001065848192185787,6.0322,68.93,0.0334,0.0379,0.0188,0.0312,-2.026057670668415e-09,-2.559347807597535e-09,-2.3416407701728056e-09,1.8284645317989375e-09
Subject09,Stairs,1140.0,0.0639,20.9458,-0.0011813633511626946,6.0322,68.93,0.0277,0.0324,0.0196,0.0385,1.75914725598728e-09,3.700403421450504e-09,1.7485610605697235e-09,-1.9427895301291794e-09
Subject09,Stairs,1155.0,0.0604,20.9458,0.0021426453067253295,6.0322,68.93,0.0328,0.0378,0.0207,0.0336,-2.4587769175904257e-10,-2.0761809312365428e-09,-1.3081890445319173e-09,1.6312542975399943e-09
Subject09,Stairs,1170.0,0.0651,21.7458,0.0024029634222443677,6.0322,68.93,0.0252,0.0357,0.0176,0.0387,-1.8987026993522147e-09,-9.691905376328678e-10,1.4861832838621748e-09,2.289065054794735e-09
Subject09,Stairs,1185.0,0.0743,20.5458,-0.0030617519997290033,6.0322,68.93,0.026,0.0388,0.0163,0.0387,-1.9284947639556864e-10,2.6145785842884697e-09,-2.585217601979116e-09,-3.274394755670235e-09
Subject09,Stairs,1200.0,0.0731,18.5458,0.0017841118287504803,6.0322,68.93,0.0278,0.0372,0.0168,0.0416,1.6704771599787415e-10,-2.5087472618469237e-09,2.1426280009452386e-09,4.923780725147035e-09
Subject09,Stairs,1215.0,0.0712,19.6458,-0.0010924807784898974,6.0322,68.93,0.0245,0.0336,0.0166,0.0418,2.199039699073084e-09,5.4066864734386864e-09,6.384599706727606e-10,-5.37150364793327e-09
Subject09,Stairs,1230.0,0.0756,20.3458,0.0018632862512979935,6.0322,68.93,0.0259,0.0398,0.0161,0.0392,1.4988433049596438e-09,1.9783042072714418e-09,-1.8087397546642604e-09,5.039523197562177e-09
Subject09,Stairs,1245.0,0.0709,20.9458,0.0016352045406553813,6.0322,68.93,0.0252,0.0373,0.0148,0.0427,-3.2256086920241843e-09,-6.1275821566183626e-09,-9.863427316750801e-10,-6.435394141828357e-10
Subject09,Stairs,1260.0,0.0768,21.7458,-0.0015152934817925505,6.0322,68.93,0.0263,0.0376,0.0158,0.0337,-8.992877373660779e-10,2.423364661550898e-10,1.170434252059748e-09,-4.443513565423461e-09
Subject09,Stairs,1275.0,0.0863,22.1458,0.0015627791284446146,6.0322,68.93,0.0217,0.0317,0.0142,0.0417,1.2664283586907434e-10,-1.5601809067230132e-09,-1.2178682624366584e-09,6.876447621424638e-09
Subject09,Stairs,1290.0,0.0779,22.1458,-0.0015175801609630815,6.0322,68.93,0.0238,0.0368,0.0161,0.0353,1.5370420145125785e-09,3.949538918580161e-09,4.061462706959162e-10,-6.465600918885352e-09
Subject09,Stairs,1305.0,0.0709,21.4792,0.0011962271546105685,6.0322,68.93,0.0241,0.0331,0.0184,0.0373,-1.7579049815208764e-09,-4.194485149873138e-09,-3.6030345382719926e-10,4.1044547996208685e-09
Subject09,Stairs,1320.0,0.0684,21.3125,0.002144843010745513,6.0322,68.93,0.0292,0.0406,0.0184,0.0355,4.057581329565288e-10,3.0947646570002322e-09,3.287327957503509e-10,-4.444188856546736e-09
Subject09,Stairs,1335.0,0.0601,21.3958,-0.001381206335646567,6.0322,68.93,0.025,0.0395,0.0148,0.0404,2.9895985629072657e-10,-2.894105972131647e-09,8.207770899644704e-10,4.427898578317601e-09
Subject09,Stairs,1350.0,0.0757,20.4792,-0.0017786211564353286,6.0322,68.93,0.0199,0.0392,0.0154,0.0426,2.5911271810574915e-09,4.936362229228427e-09,8.151990229769026e-10,-4.361591796247337e-09
Subject09,Stairs,1365.0,0.0756,21.4315,0.0021462417142267824,6.0322,68.93,0.02,0.0383,0.0156,0.0372,-2.738109472455402e-09,-4.989566620960586e-09,-1.777927183764074e-09,3.047376399351685e-09
Subject09,Stairs,1380.0,0.0727,22.5458,-0.0013660802806783527,6.0322,68.93,0.0244,0.034,0.0183,0.0438,3.3803943550448723e-09,3.027571380288024e-09,1.1953568118268089e-09,-3.1954496133730166e-09
Subject09,Stairs,1395.0,0.0688,20.9458,-0.0013949571643438268,6.0322,68.93,0.0232,0.033,0.0186,0.0368,-3.368051903923583e-09,-3.0241829790969262e-09,-1.1831697787565443e-09,2.524173535549161e-09
Subject09,Stairs,1410.0,0.0631,22.1458,-0.00045704592307559464,6.0322,68.93,0.0298,0.0394,0.0189,0.0424,1.184120205204736e-09,3.208536067101216e-09,8.540576444290827e-10,-2.2971043923434823e-09
Subject09,Stairs,1425.0,0.0773,22.7458,0.0009152449873550774,6.0322,68.93,0.0253,0.0377,0.0155,0.036,-1.866187367254948e-09,6.84612405400832e-10,-4.5760085898102325e-10,-2.9336103627372137e-10
Subject09,Walking,360.0,0.4361,0.7909,0.005003852418207649,3.3898,68.93,0.0172,0.0261,0.017,0.0247,6.323892658923884e-10,2.291562002015942e-09,1.5233192681281866e-10,-1.9416690811285252e-10
Subject09,Walking,375.0,0.5778,8.0909,-0.0015426178875334693,3.3898,68.93,0.0196,0.028,0.0179,0.0276,8.563251461158825e-10,-2.0962713691842274e-09,-1.518134300634981e-10,7.225834654141762e-10
Subject09,Walking,390.0,0.6114,6.9242,-0.0010774678932031422,3.3898,68.93,0.0167,0.027,0.0173,0.0254,-6.014427538894863e-10,-6.375321053403058e-10,4.4999893269655066e-11,1.6756569394278834e-09
Subject09,Walking,405.0,0.5981,6.1909,0.0010604508736182536,3.3898,68.93,0.0157,0.0283,0.0204,0.0265,2.4293751117727337e-09,-3.12790386811088e-10,1.6279311582226223e-10,1.5546465349254702e-09
Subject09,Walking,420.0,0.5912,6.0909,0.0010164305540141486,3.3898,68.93,0.0172,0.0268,0.0187,0.0254,-3.336335905298019e-09,3.33054901532818e-09,7.529230049104494e-10,-3.9131194584184215e-09
Subject09,Walking,435.0,0.586,5.0909,0.0028664605696143543,3.3898,68.93,0.0162,0.0261,0.0206,0.0246,2.6342801685883913e-09,-3.320811416950064e-09,-1.0561600992351328e-09,3.1691676902810884e-09
Subject09,Walking,450.0,0.5949,5.8409,0.00137439946242691,3.3898,68.93,0.0155,0.0248,0.0172,0.0227,-2.560328400730892e-09,2.088558195493311e-09,3.721140314912912e-09,-3.0747736813851354e-09
Subject09,Walking,465.0,0.5954,5.3409,-0.002401632811475122,3.3898,68.93,0.0159,0.0227,0.0182,0.0237,3.751912251252872e-09,-1.7479050021707685e-09,-3.641243605652591e-09,3.199851205768403e-09
Subject09,Walking,480.0,0.6045,3.9242,0.0007853476832873905,3.3898,68.93,0.016,0.0227,0.0188,0.0212,-3.778796576753583e-09,3.752916745546424e-09,3.914682977545904e-09,-2.9303873442809976e-09
Subject09,Walking,495.0,0.5936,5.2576,-0.0020672604525580163,3.3898,68.93,0.0157,0.0215,0.0172,0.0218,4.027587502707124e-09,-4.0086981267397385e-09,-3.8905856920884825e-09,4.183066721267796e-09
Subject09,Walking,510.0,0.5988,4.2576,0.0013543286999533081,3.3898,68.93,0.0156,0.0243,0.0151,0.0239,-3.9401144354959175e-09,3.502378879591109e-09,5.29037438164825e-09,-4.118809592311977e-09
Subject09,Walking,525.0,0.5933,4.2576,-0.00324412624915177,3.3898,68.93,0.0157,0.0224,0.0168,0.0222,6.247723576938805e-10,-3.627198372457969e-09,-5.329052400552954e-09,1.9936792921761468e-09
Subject09,Walking,540.0,0.597,3.3409,0.0030329028506766204,3.3898,68.93,0.0162,0.0221,0.0168,0.0233,-4.003382007241413e-11,2.021394722363956e-09,4.223174460583397e-11,-1.0365410458860583e-09
Subject09,Walking,555.0,0.603,4.5909,0.0015116335424245752,3.3898,68.93,0.0144,0.0227,0.0151,0.0226,-6.980559347320309e-10,9.174972581001739e-10,2.34166270612425e-09,-1.3272635003611831e-09
Subject09,Walking,570.0,0.5959,3.3409,0.0021830620655310306,3.3898,68.93,0.0155,0.0233,0.0153,0.024,8.51834593595681e-11,-2.876926474894999e-09,-1.853481162027398e-09,1.6944840016743411e-09
Subject09,Walking,585.0,0.5959,3.3409,-0.0022229864533895426,3.3898,68.93,0.015,0.022,0.015,0.0251,2.3341598719254043e-11,1.7479963263557578e-10,-5.68072251934142e-10,-1.0337002526717424e-09
Subject09,Walking,600.0,0.6067,4.0909,0.003911310207488942,3.3898,68.93,0.0153,0.0228,0.0147,0.0219,-3.387748746174121e-11,2.807027016780206e-09,3.4539840697136134e-09,-6.314801671401209e-10
Subject09,Walking,615.0,0.6007,3.9242,-0.001729667065615413,3.3898,68.93,0.016,0.0208,0.0141,0.0224,2.4332180000247846e-09,-2.67273217667652e-09,-3.438794046406647e-09,3.796058664396187e-09
Subject09,Walking,630.0,0.6189,4.3909,-0.0019082467106079967,3.3898,68.93,0.0141,0.0232,0.0132,0.0234,-2.4860997666159205e-09,1.6013015386415427e-09,1.247911580097575e-09,-3.7401391077856965e-09
Subject09,Walking,645.0,0.6076,5.0909,-0.0027040944204881137,3.3898,68.93,0.0145,0.0221,0.0132,0.0237,3.277314131598277e-09,-2.0208475699123464e-09,-1.2204801906609844e-09,3.747561615889163e-09
Subject09,Walking,660.0,0.6135,3.2576,-0.0012708325421587274,3.3898,68.93,0.0139,0.0224,0.0132,0.0221,-3.3092020454447783e-09,2.5736327188696284e-09,2.610282465024098e-09,-3.950368791566231e-09
Subject09,Walking,675.0,0.6109,2.5909,0.0019070227504203916,3.3898,68.93,0.0141,0.0227,0.015,0.0237,1.9957766536198607e-09,-2.543218471580322e-09,-2.594113418991847e-09,2.9479906654566784e-09
Subject09,Walking,690.0,0.6072,4.0909,0.000617132494730276,3.3898,68.93,0.0155,0.022,0.014,0.0231,-1.7211202542151296e-09,2.1039676144454957e-09,9.90428748061453e-11,-2.7405010724973524e-09
Subject09,Walking,705.0,0.6099,5.3409,-0.0024453600338987785,3.3898,68.93,0.0142,0.0219,0.0143,0.0226,-2.3025795516626954e-10,-3.07582978664608e-10,3.104825951725017e-09,3.0271963677607433e-10
Subject09,Walking,720.0,0.31,4.3909,-0.002258709933385592,1.856,68.93,0.0131,0.0178,0.0095,0.0187,1.65238270596923e-09,-2.2606972106161065e-10,-3.163125811332215e-09,-4.6204270444286893e-10
Subject09,Walking,735.0,0.2211,3.3409,0.0017330616452407616,1.856,68.93,0.0089,0.0178,0.0079,0.0152,-1.6552022332355327e-09,1.0452610570645162e-10,1.6693901650094307e-09,4.042009331771451e-11
Subject09,Walking,750.0,0.2212,2.3909,0.0020190245357214922,1.856,68.93,0.0091,0.0135,0.0086,0.0155,1.2579053935000704e-09,-1.2609697134127532e-09,-1.7413468474351915e-09,7.098069335844771e-10
Subject09,Walking,765.0,0.2117,-0.4091,-0.0039601255838742685,1.856,68.93,0.0099,0.0157,0.0079,0.0142,-1.220206463170231e-09,8.706745111544804e-10,1.2383321472972377e-09,1.2210561268533424e-10
Subject09,Walking,780.0,0.2273,-0.0758,0.004973012907306408,1.856,68.93,0.0092,0.0139,0.0086,0.0141,5.1415974354855666e-11,-1.2242428998071244e-09,-1.1956504849266712e-09,3.6338451235152416e-10
Subject09,Walking,795.0,0.2127,-2.0758,0.0019274997908578862,1.856,68.93,0.0097,0.014,0.0072,0.0147,-1.2604683798771755e-10,1.6108624008089753e-09,1.5993944340327215e-09,-1.2959859821034e-09
Subject09,Walking,810.0,0.2359,-1.0091,0.003172264545156606,1.856,68.93,0.0079,0.0141,0.0073,0.0159,9.983609946582861e-11,-1.671470053825962e-09,-1.6405477669311005e-09,2.137795400411937e-09
Subject09,Walking,825.0,0.2236,1.3909,0.002668266553898497,1.856,68.93,0.0089,0.0155,0.0071,0.0166,5.159989173109038e-10,1.121461947739155e-09,2.289801199589694e-10,-2.0146705278108397e-09
Subject09,Walking,840.0,0.2214,0.5909,-0.001357260035125367,1.856,68.93,0.0085,0.0134,0.0083,0.0153,-9.088367042737822e-11,3.969384213484415e-10,4.112721269985407e-11,-4.4501682508418456e-11
Subject09,Walking,855.0,0.2309,-0.0091,-0.0022074677186996843,1.856,68.93,0.0079,0.0154,0.0076,0.0144,-2.067301084534264e-10,-1.4196728595136354e-09,5.460004891291996e-10,1.4189705209966542e-09
Subject09,Walking,870.0,0.2278,-0.4091,-0.004762291337176916,1.856,68.93,0.0085,0.0152,0.0076,0.0162,-3.796437337075039e-10,2.3151561758428583e-09,-7.721355324678103e-10,-1.401910448259535e-09
Subject09,Walking,885.0,0.2241,-1.4091,0.0018491551375921808,1.856,68.93,0.0082,0.0163,0.0073,0.0167,7.152702779581246e-11,-2.341268147948037e-10,8.170200332485664e-11,-1.2268953414715522e-11
Subject09,Walking,900.0,0.2339,-1.4091,-0.001253106341274455,1.856,68.93,0.0075,0.0154,0.0074,0.0154,1.907630488637381e-10,-2.140418765792943e-09,2.415963148004676e-10,1.6879450438318635e-09
Subject09,Walking,915.0,0.2246,-1.6591,-0.0008099170917906388,1.856,68.93,0.008,0.0158,0.0078,0.018,8.692366325385896e-10,-1.7183351781313862e-11,-3.527180650694543e-10,9.210775238965192e-10
Subject09,Walking,930.0,0.221,-2.0091,0.0015870078331188585,1.856,68.93,0.0078,0.0147,0.0068,0.0149,-1.0558293454583703e-09,1.0959020592872174e-09,3.148018603779679e-10,-2.5713674906276516e-09
Subject09,Walking,945.0,0.2105,-0.4091,-0.002378372882032587,1.856,68.93,0.0088,0.0154,0.0084,0.0155,1.5185165009979454e-10,-1.066125278446678e-09,1.8993459593329904e-09,1.4407926409582903e-09
Subject09,Walking,960.0,0.2209,-1.5758,-0.0011167659897236297,1.856,68.93,0.0085,0.0149,0.0076,0.0166,1.8116596924229621e-09,1.346473587588276e-09,-2.1443263670431142e-09,-1.6414092506795733e-09
Subject09,Walking,975.0,0.2049,-2.0758,0.001786048532364642,1.856,68.93,0.0092,0.0154,0.0075,0.0157,-1.917522076825818e-09,-5.657956426262801e-10,1.3865772748119266e-09,7.967636503999811e-10
Subject09,Walking,990.0,0.2195,-0.4091,0.001533181352135947,1.856,68.93,0.0085,0.0136,0.0066,0.016,6.40207414674478e-10,7.689794412485046e-10,-1.2965595261742075e-09,-5.309360549811344e-10
Subject09,Walking,1005.0,0.2315,-0.1591,0.0007006547958295652,1.856,68.93,0.0074,0.0152,0.0071,0.0149,-3.240290695955232e-10,-1.641449473978851e-09,7.9980589234741e-10,1.3614364654649841e-09
Subject09,Walking,1020.0,0.2227,0.0909,-0.0009456815475516561,1.856,68.93,0.0078,0.0148,0.0072,0.0153,-1.1682846666095632e-10,1.0348922449386314e-10,2.640282215500704e-10,3.221471688035579e-10
Subject09,Walking,1035.0,0.228,-1.1591,0.002614431118202422,1.856,68.93,0.0093,0.0139,0.0078,0.0154,-2.8092607581637424e-10,1.3827731770086066e-09,-1.2126113504071516e-09,-1.7406144505410965e-09
Subject09,Walking,1050.0,0.2296,0.0909,-0.0009507475523546546,1.856,68.93,0.0079,0.0143,0.0075,0.0153,5.220974753044087e-10,-5.598977483987718e-10,-2.302879706335068e-11,-3.857888851206435e-12
Subject09,Walking,1065.0,0.2242,-0.4091,0.0007148209412265872,1.856,68.93,0.0103,0.013,0.0068,0.0155,6.87496415088011e-10,8.102364649165033e-10,1.6776444663906714e-10,-2.3758367695954652e-11
Subject09,Walking,1080.0,0.386,1.0909,0.002652615049165853,2.4588,68.93,0.0128,0.0186,0.0099,0.0189,-4.3567264608172466e-10,4.4891927430246533e-10,-5.938598007019547e-11,-9.182880245609412e-12
Subject09,Walking,1095.0,0.4103,4.0909,-0.001761657281808783,2.4588,68.93,0.0142,0.0171,0.0105,0.0186,1.1696125957987226e-09,-1.5735671720130445e-09,-1.0679096106288102e-10,1.5763403774536612e-09
Subject09,Walking,1110.0,0.4087,3.5909,-0.0031024191579519353,2.4588,68.93,0.015,0.0197,0.0117,0.0191,-1.8819747197293843e-09,-6.49974197589224e-10,5.571056583488934e-10,1.3289567636492762e-10
Subject09,Walking,1125.0,0.4039,0.7909,0.0020591504183859067,2.4588,68.93,0.0149,0.0185,0.0107,0.0196,-8.854538677389322e-12,1.9798947763765937e-09,-4.0923661485826244e-10,-1.7187367755434295e-09
Subject09,Walking,1140.0,0.4131,2.2576,0.0014734533548728058,2.4588,68.93,0.0128,0.0189,0.0116,0.0185,2.4579266438015864e-09,-1.8820294456312983e-09,-1.689140533798955e-10,2.484915504521633e-09
Subject09,Walking,1155.0,0.4053,4.9242,-0.0016601881398758925,2.4588,68.93,0.0132,0.0182,0.0105,0.0186,-2.496073138526053e-09,2.8416149791078575e-09,2.6644836813538024e-09,-2.495561803813146e-09
Subject09,Walking,1170.0,0.4164,1.9242,-0.0013473590797032939,2.4588,68.93,0.0136,0.0167,0.0108,0.0183,2.2377565601648778e-10,-1.709345701311108e-09,-2.5382292463694873e-09,7.174975997417795e-12
Subject09,Walking,1185.0,0.4075,1.9242,0.001955199474884196,2.4588,68.93,0.013,0.0183,0.0126,0.0175,-2.1080599443199272e-10,-1.1484281844799303e-09,6.235817433255183e-10,1.831824343832807e-09
Subject09,Walking,1200.0,0.408,2.9242,0.0020949760680885965,2.4588,68.93,0.0146,0.0178,0.0103,0.0186,-1.347556822001425e-10,2.760616789185971e-09,1.7190364679128753e-10,-1.8551486799807381e-09
Subject09,Walking,1215.0,0.409,4.5909,-0.003941530278975492,2.4588,68.93,0.0135,0.0172,0.0109,0.0198,2.820361534565633e-09,-2.440501573046989e-09,-9.150575983735495e-10,2.137383692132897e-09
Subject09,Walking,1230.0,0.4079,2.8409,-0.001104677508137529,2.4588,68.93,0.0125,0.0181,0.0105,0.0184,-2.7079428367002097e-09,1.922126590502711e-09,1.5165592615694362e-09,-2.1261085000134944e-09
Subject09,Walking,1245.0,0.3931,0.5909,0.0012853218296489989,2.4588,68.93,0.013,0.019,0.0107,0.0199,2.532312988245009e-10,-2.135878833572686e-09,-1.4869097954028523e-09,1.6009033586023245e-09
Subject09,Walking,1260.0,0.3933,0.0909,0.0031245833424594187,2.4588,68.93,0.0111,0.0178,0.0106,0.0184,1.7652768452562583e-09,-1.795285218846089e-10,-4.016245433089612e-11,7.586331273983326e-10
Subject09,Walking,1275.0,0.4034,0.9242,0.0017296487463835059,2.4588,68.93,0.0126,0.0181,0.0111,0.0179,-2.058862607187054e-09,2.183863422508369e-09,1.5234990777157797e-10,-2.3260533425106113e-09
Subject09,Walking,1290.0,0.4021,2.9242,-0.001141775748174788,2.4588,68.93,0.0111,0.0178,0.0107,0.0163,1.523830525444514e-11,8.944118987360613e-10,1.9627958264719474e-09,-8.264517257623989e-11
Subject09,Walking,1305.0,0.4086,1.5909,-0.001251428061121165,2.4588,68.93,0.0128,0.0175,0.0104,0.0188,1.4977542449413857e-09,-1.1306176524523927e-09,-2.0159511124390434e-09,2.675416542186439e-10
Subject09,Walking,1320.0,0.4014,-0.2091,0.0018597450875103257,2.4588,68.93,0.0131,0.0193,0.0117,0.018,-1.3402252980296924e-09,-1.96735941797435e-09,-1.0863074182553242e-10,1.5345832608343235e-09
Subject09,Walking,1335.0,0.3974,1.5909,0.0022149682859557416,2.4588,68.93,0.012,0.0183,0.0123,0.0185,2.80410131292176e-09,-4.253927241872329e-11,1.135536935980682e-11,4.885978366716211e-10
Subject09,Walking,1350.0,0.4058,0.5909,-0.0032818043657264714,2.4588,68.93,0.0118,0.0197,0.0115,0.0175,-2.914709116610621e-09,2.096810585856029e-09,1.7557348053577545e-09,-2.2415493550873963e-09
Subject09,Walking,1365.0,0.4002,0.5909,0.0036451985433535476,2.4588,68.93,0.0121,0.0188,0.0104,0.0181,6.855765127595106e-12,-1.3585903121917862e-09,-5.231538624247808e-10,2.371194048607344e-09
Subject09,Walking,1380.0,0.4068,0.3409,-0.002106671430502637,2.4588,68.93,0.0122,0.018,0.0103,0.0184,1.8066796441634609e-09,-5.931047789070364e-10,-1.0531375359236888e-09,5.123432543154051e-10
Subject09,Walking,1395.0,0.3967,1.0909,0.00336454604693779,2.4588,68.93,0.0123,0.0188,0.0093,0.0187,-1.5351975644038795e-09,1.7612173819077733e-09,-5.836862007439397e-11,-2.892155312187269e-09
Subject09,Walking,1410.0,0.4026,2.3409,-0.0021369335038999796,2.4588,68.93,0.0122,0.0181,0.0107,0.0185,2.291738259799105e-10,-1.8139942942481735e-09,3.950627195735439e-10,2.4203222132145e-09
Subject09,Walking,1425.0,0.4147,2.3909,0.0013385169391813237,2.4588,68.93,0.0124,0.0185,0.0095,0.0181,-1.770190890561634e-10,1.3711631341164248e-10,-2.0424641609764127e-10,-4.353622512433776e-11
Subject10,Backwards,360.0,0.2711,1.3377,0.004031898342754604,1.4237,58.05,0.0063,0.0067,0.0037,0.0074,3.773670892634974e-10,-3.9555899033101113e-11,-1.7497710214936614e-10,-5.385896984314134e-10
Subject10,Backwards,375.0,0.2629,6.4805,0.003348718420290086,1.4237,58.05,0.005,0.0071,0.0033,0.0067,-4.41216787742387e-10,3.581057263279797e-10,2.133647892786956e-10,-1.002015236798213e-10
Subject10,Backwards,390.0,0.2501,9.3377,0.0039054598380779447,1.4237,58.05,0.0047,0.0059,0.0029,0.0063,-3.6528705116820156e-11,-1.1967317880071629e-10,-1.6847089163504208e-10,-9.350458239684119e-11
Subject10,Backwards,405.0,0.234,6.4805,-0.0026015990491017457,1.4237,58.05,0.0027,0.0064,0.0039,0.0074,6.041362859026188e-11,-2.053222531631783e-10,8.901397621093491e-11,5.857621420691027e-10
Subject10,Backwards,420.0,0.2226,5.3377,0.0038014284186950035,1.4237,58.05,0.0023,0.0065,0.0032,0.0073,-1.1962288935471627e-11,7.081450466992867e-11,2.134676525240285e-10,-6.318485254697844e-10
Subject10,Backwards,435.0,0.2327,5.3377,0.006681561476774367,1.4237,58.05,0.0032,0.0054,0.003,0.0065,1.973066657329681e-11,1.3940169602589517e-10,-3.354495808727028e-10,4.6022620774751534e-11
Subject10,Backwards,450.0,0.211,3.4805,-0.00536084110322351,1.4237,58.05,0.0029,0.0057,0.0032,0.0051,-6.456245006048578e-13,6.332369815740342e-11,-1.3573096034014202e-12,1.2532728521155353e-10
Subject10,Backwards,465.0,0.2124,-1.9481,-0.0019284485091829047,1.4237,58.05,0.0025,0.0056,0.0029,0.0066,3.563091278631472e-10,-3.570587445228142e-10,-1.9466886691371027e-11,7.829369505335511e-10
Subject10,Backwards,480.0,0.2143,-2.5195,0.0028694349616288682,1.4237,58.05,0.0033,0.0066,0.0031,0.0072,-3.576348822251476e-10,8.007916684139958e-11,8.400010540197549e-10,-1.0646202120083181e-09
Subject10,Backwards,495.0,0.1873,0.0758,-0.0023078455146668085,1.4237,58.05,0.0029,0.0059,0.0031,0.0058,-1.673003826291674e-11,1.174861562129426e-10,-7.812395262793968e-10,3.6691123366755024e-11
Subject10,Backwards,510.0,0.2129,1.6234,0.004688514950385336,1.4237,58.05,0.0029,0.006,0.0027,0.006,7.103295733775341e-12,5.875923201399806e-10,5.359136046286176e-10,1.2259183775459102e-10
Subject10,Backwards,525.0,0.2066,0.3377,-0.006767268945263654,1.4237,58.05,0.0029,0.0054,0.0026,0.0058,-3.093613657105936e-11,-6.989904709016554e-10,-5.962550776695166e-10,6.385089375479239e-10
Subject10,Backwards,540.0,0.2338,0.5758,0.005769944732078602,1.4237,58.05,0.003,0.0056,0.0024,0.0047,4.157330914929515e-11,-1.7343342442886347e-10,4.023130603326756e-11,-1.7322128041816452e-10
Subject10,Backwards,555.0,0.2363,1.7662,-0.0017298246475609433,1.4237,58.05,0.0028,0.0049,0.003,0.0056,6.216380356638425e-11,2.3545179196716967e-11,-2.4360170721265252e-11,-2.939572384636357e-10
Subject10,Backwards,570.0,0.2503,1.9091,0.001709643636401066,1.4237,58.05,0.003,0.0056,0.0036,0.0066,4.4236672581230225e-10,4.2253357622461695e-10,4.5426022229885024e-11,1.5645332760599325e-11
Subject10,Backwards,585.0,0.2538,1.0519,-0.005040578917017154,1.4237,58.05,0.0031,0.0051,0.0031,0.0061,-3.1600032702492206e-10,-2.611972093612101e-10,4.368578535200626e-12,-3.6662802849481446e-10
Subject10,Backwards,600.0,0.238,0.3377,-0.0054077104258783955,1.4237,58.05,0.0025,0.0047,0.0029,0.006,-1.5720858929011496e-10,-1.9225648449122594e-10,-5.1855146918864864e-11,2.647236129208276e-10
Subject10,Backwards,615.0,0.2212,-1.6623,0.003834315008781067,1.4237,58.05,0.0026,0.0058,0.0027,0.0055,-6.955802495746847e-11,-1.361576360604396e-11,4.417693104511183e-11,2.7196231430553766e-10
Subject10,Backwards,630.0,0.2314,2.3377,0.005000234730397565,1.4237,58.05,0.0029,0.0046,0.0027,0.0049,-3.5501730816440663e-12,2.4156089183196577e-10,7.836147234415645e-10,-2.5925428403441544e-10
Subject10,Backwards,645.0,0.2279,1.4091,0.003202203045607935,1.4237,58.05,0.0022,0.0048,0.0028,0.005,1.2441664018521628e-10,1.7786752966293645e-10,-5.146587944275714e-10,-2.707923257426932e-10
Subject10,Backwards,660.0,0.2474,3.3377,-0.004580666498240243,1.4237,58.05,0.0028,0.0045,0.0029,0.0051,-1.02812396392831e-10,8.81029971260792e-11,-1.9564660279403335e-10,9.256881832689702e-11
Subject10,Backwards,675.0,0.201,0.1948,0.0024219946085304086,1.4237,58.05,0.0028,0.0051,0.0024,0.0051,8.250605325218424e-11,-4.4341829458885785e-10,7.861706371674035e-10,3.603068137357411e-10
Subject10,Backwards,690.0,0.2594,4.2424,-0.004430139694488965,1.4237,58.05,0.0033,0.0054,0.0025,0.0049,2.991517753585387e-11,8.446514081940672e-10,-8.358230935842447e-10,-3.317282603261325e-10
Subject10,Backwards,705.0,0.2257,0.9091,-0.0037974962522272972,1.4237,58.05,0.004,0.0065,0.003,0.0061,-1.34656315393195e-10,1.214498856775425e-10,-1.8677526773537993e-12,5.1937572155203567e-11
Subject10,Backwards,720.0,0.4118,1.3377,0.004367761449962003,1.9392,58.05,0.0067,0.008,0.0044,0.0085,2.029749507554713e-10,-6.67566312043404e-10,9.955896862440381e-12,1.6003101891263834e-10
Subject10,Backwards,735.0,0.381,9.4091,-0.0025651907833708974,1.9392,58.05,0.008,0.0077,0.0041,0.0083,-1.3095703884864521e-10,1.682733474804347e-10,6.5989913068438e-10,-1.5969019140930932e-10
Subject10,Backwards,750.0,0.4083,11.5341,0.0037595185001041225,1.9392,58.05,0.0071,0.0075,0.0056,0.0074,2.4116969904531396e-10,4.841637774829481e-10,-7.505070281326344e-10,-1.0452546475215547e-10
Subject10,Backwards,765.0,0.3708,13.6234,-0.003719986592106805,1.9392,58.05,0.0067,0.0074,0.0047,0.0079,1.490417422203178e-09,-8.16826763112556e-10,5.7127348056790325e-11,1.9244838986824562e-10
Subject10,Backwards,780.0,0.4063,12.9091,-0.0030446918300531985,1.9392,58.05,0.006,0.0074,0.0048,0.0072,-1.8514616902213517e-09,-1.8234103743999796e-10,-1.684973166289759e-11,-2.341381537922775e-10
Subject10,Backwards,795.0,0.4354,11.7662,-0.004446380001323443,1.9392,58.05,0.006,0.0072,0.005,0.0072,7.74555420532058e-11,5.227356692542955e-10,4.825836413250395e-10,8.751973585635206e-11
Subject10,Backwards,810.0,0.4031,12.7662,0.004801050995686057,1.9392,58.05,0.0049,0.0064,0.0049,0.006,1.7936099133175618e-11,9.991759441203173e-10,-4.830630987763961e-10,-5.004184816219192e-11
Subject10,Backwards,825.0,0.4098,15.7841,-0.0047741357850967425,1.9392,58.05,0.0049,0.0062,0.0048,0.0069,2.462190609311358e-09,-1.3606036726050472e-09,-3.105941210663446e-11,6.270200041373565e-10
Subject10,Backwards,840.0,0.3753,9.9091,-0.005096572081098034,1.9392,58.05,0.0054,0.0067,0.0047,0.0072,-2.4435837274092503e-09,-9.790298335348915e-11,2.0630200256013242e-10,9.076228812215897e-11
Subject10,Backwards,855.0,0.3642,7.7662,0.0030547437071536034,1.9392,58.05,0.0059,0.0071,0.0048,0.0073,-1.3764181471555622e-11,6.750426719865353e-10,1.1539045513879327e-09,-5.308515979091372e-10
Subject10,Backwards,870.0,0.3918,13.1591,-0.002533099133856264,1.9392,58.05,0.0037,0.0068,0.005,0.0071,5.336404858193606e-10,-6.467682305800363e-10,-1.3639618991530362e-09,1.1285912547005633e-09
Subject10,Backwards,885.0,0.3904,15.4091,0.0048985889108080685,1.9392,58.05,0.0041,0.0069,0.0054,0.0066,-5.58631023991851e-10,1.4993460896327764e-10,3.9896263981405136e-11,-1.206305886901353e-09
Subject10,Backwards,900.0,0.3668,18.9091,0.004266914253363023,1.9392,58.05,0.0047,0.0066,0.0039,0.0068,1.877945270252079e-10,-1.680822909660141e-10,6.298964353266704e-11,5.217890711472859e-10
Subject10,Backwards,915.0,0.4045,14.9091,-0.004304589539926644,1.9392,58.05,0.0053,0.006,0.0052,0.0071,-1.4872107505666504e-10,4.03995243056103e-11,-6.740126123391468e-11,-4.654741539416534e-10
Subject10,Backwards,930.0,0.3994,8.9091,0.00227071132400335,1.9392,58.05,0.0042,0.0067,0.0046,0.0065,5.036244165410943e-10,-1.5080445897535002e-11,-2.5926742266786583e-11,2.521868634969955e-10
Subject10,Backwards,945.0,0.4092,8.4091,0.004771664280731626,1.9392,58.05,0.0039,0.007,0.0042,0.0075,-5.495136724288516e-10,-1.40268937925194e-10,5.3628683227713784e-11,-1.2306683631705546e-10
Subject10,Backwards,960.0,0.4444,9.1948,-0.004323423480231846,1.9392,58.05,0.0032,0.0065,0.0043,0.0066,8.14518538304805e-10,3.605447625222971e-11,-1.2619781025027956e-11,1.674819923707608e-11
Subject10,Backwards,975.0,0.422,9.4805,0.008909452390781324,1.9392,58.05,0.0031,0.0066,0.0035,0.006,-7.983980252275758e-10,3.9250717781036986e-10,-5.425705238608017e-11,-2.3973488550146615e-10
Subject10,Backwards,990.0,0.4609,6.1591,-0.004585119682686051,1.9392,58.05,0.0044,0.0071,0.0043,0.0061,-1.588434542826683e-11,5.321954212096542e-10,8.610203664124812e-10,-3.144715577880338e-11
Subject10,Backwards,1005.0,0.4201,5.9091,0.0023780762020207884,1.9392,58.05,0.0042,0.0058,0.0041,0.0061,1.2047750182938513e-09,-8.5273967435344e-10,-8.279072008157949e-10,-2.2931979269294727e-11
Subject10,Backwards,1020.0,0.4551,9.0341,-0.0018521578166833111,1.9392,58.05,0.0038,0.0068,0.0048,0.0063,-1.2226917344560624e-09,-3.9427785672172164e-13,8.653901107509224e-11,2.036103630399885e-10
Subject10,Backwards,1035.0,0.3929,10.1948,-0.0023934709682110044,1.9392,58.05,0.0044,0.0078,0.0039,0.0069,4.78652337299105e-10,-4.37155485023631e-11,-9.378613941827447e-11,2.4980238961762873e-10
Subject10,Backwards,1050.0,0.4197,9.1591,0.00350277321272397,1.9392,58.05,0.0035,0.0064,0.0044,0.0067,-4.673770396758648e-10,3.891967296867436e-10,6.074306331444402e-11,-4.741695038069352e-10
Subject10,Backwards,1065.0,0.4139,15.0341,-0.00504235627486328,1.9392,58.05,0.0038,0.0061,0.0048,0.0067,2.23907784467789e-09,-3.0225999501356455e-10,-4.356633534309537e-11,1.2593566231861903e-10
Subject10,Cycling,360.0,0.2189,7.9758,-0.003727050920613732,2.7021,58.05,0.0105,0.0056,0.0053,0.0073,-2.9303872134692517e-10,-1.2509487231522897e-10,-7.834325472973553e-11,-1.9137960499417377e-10
Subject10,Cycling,375.0,0.2326,13.7853,0.003556932088735994,2.7021,58.05,0.0065,0.0048,0.0052,0.0059,2.1444221052956559e-10,-1.7728841843664204e-10,5.667353095549135e-10,-2.9991451008765595e-10
Subject10,Cycling,390.0,0.2499,23.9758,-0.0024996969488445464,2.7021,58.05,0.0049,0.0051,0.0056,0.0071,1.1628272420030825e-09,4.119683499632165e-10,-7.796762528975136e-10,-3.5782435503992935e-11
Subject10,Cycling,405.0,0.2411,25.9758,-0.0018307957244906288,2.7021,58.05,0.0047,0.0046,0.0049,0.0057,-1.2703740498903513e-09,4.39260694509603e-10,-2.8551707665854134e-12,-2.353157912029916e-10
Subject10,Cycling,420.0,0.2157,24.9758,-0.001909512399005635,2.7021,58.05,0.0046,0.0043,0.0049,0.0046,-8.088608605570541e-11,-5.231531063109709e-10,1.165383179173567e-09,8.066391310284361e-11
Subject10,Cycling,435.0,0.2173,26.1186,0.002159590952565667,2.7021,58.05,0.0041,0.0043,0.005,0.0046,-3.9597509749740423e-11,-2.2600905189381519e-10,-1.3376335408892428e-09,8.25483364232445e-10
Subject10,Cycling,450.0,0.2453,27.2615,-0.0017395585077701352,2.7021,58.05,0.0039,0.0047,0.0054,0.0057,5.92326794570355e-11,2.1145911373489829e-10,2.022438836871154e-11,-9.034085724438288e-10
Subject10,Cycling,465.0,0.2236,25.5472,0.0027897964385108654,2.7021,58.05,0.0057,0.0039,0.0047,0.0039,6.209334056202964e-10,3.559315764886658e-10,6.324236229059814e-12,1.6704696597791924e-11
Subject10,Cycling,480.0,0.2278,27.5472,0.001712725700750667,2.7021,58.05,0.0034,0.0039,0.0055,0.0048,-6.580545227937388e-10,-6.590252770003895e-10,5.985812143852176e-10,1.5726353169784526e-09
Subject10,Cycling,495.0,0.2161,26.5472,0.003719188278623754,2.7021,58.05,0.0034,0.0038,0.0053,0.0051,-7.894932285595286e-12,1.2896713964710637e-10,-4.4198555914492744e-10,-1.2076898618690206e-09
Subject10,Cycling,510.0,0.2069,28.6901,-0.0049040951954719735,2.7021,58.05,0.0066,0.0033,0.0046,0.0036,1.3710960903621772e-10,-1.3727819350244e-10,1.7157853170712455e-10,1.9100243983671173e-10
Subject10,Cycling,525.0,0.2132,24.5472,-0.0034375529000321013,2.7021,58.05,0.006,0.0036,0.005,0.0056,-1.2273596553182e-10,3.255604719787124e-11,-2.0720794440246912e-10,4.0334250495053617e-10
Subject10,Cycling,540.0,0.2115,22.452,0.005355783730231943,2.7021,58.05,0.0045,0.0035,0.0044,0.0034,9.11472725529479e-12,9.24573770327494e-11,2.965561154765578e-11,-6.181412610247164e-10
Subject10,Cycling,555.0,0.2132,23.4044,0.0009557349866692107,2.7021,58.05,0.004,0.0033,0.005,0.0041,-7.179715150091427e-11,-1.9853032856371668e-11,-2.368052652800981e-11,-2.743272255841709e-10
Subject10,Cycling,570.0,0.2088,26.6186,-0.006092527908311489,2.7021,58.05,0.0044,0.0034,0.0045,0.0035,7.071574222580388e-11,-3.70127032158378e-12,7.265854678723351e-11,4.0282597770197126e-10
Subject10,Cycling,585.0,0.2025,24.6901,0.0022792925138352426,2.7021,58.05,0.0038,0.0029,0.0047,0.0036,-5.282001850076608e-11,-8.863567084418816e-13,1.9169883207141445e-10,-3.17355869245535e-10
Subject10,Cycling,600.0,0.2231,25.5472,-0.0019616123912585856,2.7021,58.05,0.004,0.0036,0.0048,0.0041,-5.030115657659918e-11,7.925330508496282e-11,-2.1382175721934102e-10,-1.991086682772663e-11
Subject10,Cycling,615.0,0.2068,23.2853,-0.0027670959871748434,2.7021,58.05,0.004,0.004,0.0041,0.0043,4.949809352845611e-10,5.52939877974012e-10,-1.8447623137801923e-10,-1.3577289060501263e-10
Subject10,Cycling,630.0,0.2226,22.9758,0.0034615750609588826,2.7021,58.05,0.0049,0.0039,0.0045,0.0054,9.870059318841648e-11,-3.5879733695368305e-10,5.771294889164891e-12,-2.926670442155586e-11
Subject10,Cycling,645.0,0.202,26.952,0.003981468323148944,2.7021,58.05,0.0053,0.0031,0.0049,0.0035,-4.827772622401113e-10,-3.7676899567831876e-10,4.341313812555546e-10,3.974821202564861e-10
Subject10,Cycling,660.0,0.2137,27.1186,-0.004837741190433045,2.7021,58.05,0.0063,0.0029,0.0053,0.0043,-6.321027113438644e-12,5.161071575271955e-11,4.737515496265232e-10,-3.253363707128847e-10
Subject10,Cycling,675.0,0.2137,25.4044,0.002905295997100308,2.7021,58.05,0.0069,0.003,0.0049,0.0035,3.0152455056434035e-09,2.1051847680195748e-10,-8.801463856033685e-10,3.4931340540886566e-11
Subject10,Cycling,690.0,0.2036,27.952,-0.003433708486412587,2.7021,58.05,0.0057,0.0028,0.0043,0.0035,-3.038687127313275e-09,-1.6371934482266223e-10,9.17595934793465e-11,7.057273943610597e-10
Subject10,Cycling,705.0,0.2106,23.4936,-0.0039983358955679804,2.7021,58.05,0.0113,0.0029,0.005,0.0036,-1.22762473428657e-11,6.588726958231141e-11,1.0007839165209973e-10,-1.7691495367303036e-10
Subject10,Cycling,720.0,0.239,22.6901,0.004991072166760101,5.5104,58.05,0.0095,0.0052,0.0086,0.0073,1.2733226378565427e-09,-2.629026336919421e-11,-1.1586297174577078e-10,-4.165968324794938e-10
Subject10,Cycling,735.0,0.2483,35.7853,-0.0015890871103450691,5.5104,58.05,0.0119,0.0054,0.0097,0.0085,4.2647184231650525e-09,6.341332881038006e-11,3.499937038670876e-11,-2.5210667994703114e-11
Subject10,Cycling,750.0,0.2344,41.9758,0.002080489194900431,5.5104,58.05,0.0125,0.0049,0.0101,0.0069,-5.326367804056781e-09,3.9859230881811273e-10,-1.4918950521716584e-11,-2.1673557577043006e-10
Subject10,Cycling,765.0,0.2444,50.9758,0.002414428875539125,5.5104,58.05,0.0114,0.0059,0.0091,0.0061,-1.310187370909335e-10,-3.8880046234681027e-10,1.2022561182445264e-11,6.380627732938425e-10
Subject10,Cycling,780.0,0.244,57.9936,-0.0025949864562369446,5.5104,58.05,0.0062,0.006,0.0093,0.0073,-1.0345670643385527e-10,-8.633510444157291e-11,5.096405584219494e-10,-2.5470074980819283e-10
Subject10,Cycling,795.0,0.2394,58.6186,0.001285740966604153,5.5104,58.05,0.0051,0.0064,0.0088,0.006,3.8076394305991186e-10,6.169206491542579e-11,-4.0762980049959673e-10,-3.2099505579292704e-10
Subject10,Cycling,810.0,0.2527,62.8686,0.001202525305779901,5.5104,58.05,0.0064,0.0067,0.0094,0.0067,-5.293934819041753e-11,9.61141503234234e-11,-2.2231457562683438e-10,-2.8569689158079905e-12
Subject10,Cycling,825.0,0.2461,66.2615,-0.0015051754545570679,5.5104,58.05,0.0069,0.0054,0.0084,0.0054,-3.846970575079547e-10,-1.6496859729489577e-10,7.671525179886148e-10,1.5609677736233324e-10
Subject10,Cycling,840.0,0.2511,66.2853,-0.001485013927837551,5.5104,58.05,0.0051,0.0054,0.0093,0.0056,2.661260414923706e-10,4.230843274057071e-10,-7.509770259113659e-10,-1.68081361747988e-10
Subject10,Cycling,855.0,0.243,66.9758,-0.0006748642684163182,5.5104,58.05,0.0072,0.0052,0.0087,0.0067,-1.790574159594339e-10,-4.966955270328811e-10,1.3161261884952922e-09,6.462301943977278e-10
Subject10,Cycling,870.0,0.2378,67.8329,0.0011371705678251407,5.5104,58.05,0.0085,0.0044,0.0092,0.0063,1.3997741141141064e-10,-1.527231512630968e-11,2.799772895243815e-10,1.9006886030588695e-10
Subject10,Cycling,885.0,0.2426,69.3686,0.0009710589042645371,5.5104,58.05,0.009,0.0042,0.0087,0.0058,-1.9515082477045624e-10,1.2033011714458468e-10,-1.5097833034584617e-09,-6.56908904547598e-10
Subject10,Cycling,900.0,0.2414,69.952,-0.0013977055455183538,5.5104,58.05,0.0047,0.0048,0.0086,0.0062,2.3372216814696725e-10,3.42454481246465e-10,-7.010462235018335e-11,-2.3731710501339416e-10
Subject10,Cycling,915.0,0.2462,68.1186,0.0002296812340706493,5.5104,58.05,0.0065,0.005,0.0086,0.0061,1.828531532729509e-10,3.161692089754832e-10,1.173443057528572e-10,1.937868232941264e-11
Subject10,Cycling,930.0,0.2421,68.1186,-0.0009592044509270502,5.5104,58.05,0.008,0.0051,0.0081,0.0052,-2.476259301538287e-11,-7.778611605280949e-10,6.766192029538427e-10,1.1600568928693534e-10
Subject10,Cycling,945.0,0.2534,67.2436,0.0009930638477135914,5.5104,58.05,0.0068,0.0058,0.0093,0.0064,4.792584003237353e-10,8.319838826560388e-11,-8.212602154849867e-10,-5.6985644488267326e-11
Subject10,Cycling,960.0,0.2584,67.9758,-0.0010883855922728524,5.5104,58.05,0.006,0.0055,0.0095,0.0063,-3.2502566746445036e-10,2.503896275306064e-10,3.8245049485101933e-11,-4.6048752561433404e-11
Subject10,Cycling,975.0,0.2494,67.2436,0.0009000116436265727,5.5104,58.05,0.0052,0.0057,0.0088,0.0056,-5.239696289502699e-10,-2.2080558059020114e-10,1.47695722574812e-10,3.7244515835684923e-10
Subject10,Cycling,990.0,0.2543,69.1186,0.001527955290261943,5.5104,58.05,0.0066,0.0055,0.0089,0.0055,5.180109914539687e-10,-1.2046225528264948e-10,9.257031621990539e-10,-7.569518360592577e-11
Subject10,Cycling,1005.0,0.2451,70.4044,-0.0012584229408890688,5.5104,58.05,0.0065,0.0054,0.0089,0.0058,-4.644487264869055e-10,1.6501574372278199e-10,-8.52832549825094e-10,-2.5208023855287575e-10
Subject10,Cycling,1020.0,0.2538,70.8686,-0.00032518550670851534,5.5104,58.05,0.0072,0.0058,0.0087,0.0056,-2.2142593983875738e-11,-3.998296916962891e-11,-2.8370855907686694e-10,1.8307949638897066e-09
Subject10,Cycling,1035.0,0.2566,71.1186,0.0009363126894916547,5.5104,58.05,0.0068,0.0055,0.0089,0.0051,5.887165059067925e-11,3.7891571897747164e-11,1.5448291416565492e-10,-9.131835119975274e-10
Subject10,Cycling,1050.0,0.2514,71.9758,0.0009850144134507025,5.5104,58.05,0.0067,0.0054,0.0088,0.005,1.2186714205580949e-11,-1.3036009269574588e-10,2.222237022064933e-10,-1.540454806348346e-10
Subject10,Cycling,1065.0,0.3011,73.1186,0.001119118413687962,5.5104,58.05,0.0098,0.0063,0.0092,0.0066,8.692752117011392e-10,1.5119528127539858e-10,-2.317874503265006e-10,-3.5146143797459616e-10
Subject10,Cycling,1080.0,0.4108,73.6901,-0.0014519102274310124,5.1069,58.05,0.017,0.0061,0.0097,0.0074,1.3533024138440854e-09,2.390374587543024e-10,2.2000284497998013e-10,-8.879132530893467e-11
Subject10,Cycling,1095.0,0.4335,69.8686,0.00178021551411134,5.1069,58.05,0.0127,0.0067,0.01,0.0076,-8.382068808969266e-10,3.065654222636377e-10,-1.0929593687040525e-10,1.1945096160750625e-10
Subject10,Cycling,1110.0,0.4296,66.7853,-0.002873450411131768,5.1069,58.05,0.0105,0.0072,0.0092,0.0083,-9.089839608017173e-10,-1.2085554033131622e-11,2.5316633914285262e-11,-3.155970886127893e-10
Subject10,Cycling,1125.0,0.4457,65.9936,0.0017580010210559514,5.1069,58.05,0.0061,0.0067,0.0079,0.0082,-7.756961338035186e-11,-5.703862752860407e-10,-1.8169776224769349e-10,-2.540177049097146e-11
Subject10,Cycling,1140.0,0.419,65.1186,-0.0009422278873061925,5.1069,58.05,0.0161,0.0057,0.0082,0.0064,8.058416476059062e-11,-1.1187812762953991e-10,5.987714435452039e-11,-1.8723924897796913e-11
Subject10,Cycling,1155.0,0.4175,63.6901,-0.0009331393219731783,5.1069,58.05,0.0234,0.0053,0.0103,0.0063,5.428844753422284e-09,4.5063621339378886e-10,2.594174706358511e-10,5.016780631170446e-10
Subject10,Cycling,1170.0,0.4439,63.2436,0.0008778771300846227,5.1069,58.05,0.0192,0.0053,0.0108,0.0061,-5.673215682167216e-09,-3.0932303490745927e-10,-4.7965828026090406e-11,-4.514306352437395e-10
Subject10,Cycling,1185.0,0.4262,64.1186,9.643531502404254e-05,5.1069,58.05,0.0208,0.0055,0.0113,0.0058,-1.9350544690868293e-10,5.307610009473433e-10,-3.15437702227236e-10,-1.6465190178067688e-10
Subject10,Cycling,1200.0,0.4291,63.4044,-0.0016569868103003143,5.1069,58.05,0.0192,0.0056,0.0123,0.0061,3.5615701475252656e-10,-4.74514045347086e-10,5.579128882635272e-10,-1.6008932490494117e-12
Subject10,Cycling,1215.0,0.431,62.9936,-0.0014113925293536215,5.1069,58.05,0.0173,0.0058,0.0106,0.0055,-1.9171695092792834e-10,6.776690342937356e-11,1.1751375616367783e-10,2.1642236924783477e-10
Subject10,Cycling,1230.0,0.4242,61.7436,0.0012408658147688041,5.1069,58.05,0.012,0.0055,0.0106,0.005,-2.342973143816665e-10,-7.088564505860136e-13,-9.470434163803215e-12,1.2475619185031226e-11
Subject10,Cycling,1245.0,0.4343,62.4044,0.00123231617437784,5.1069,58.05,0.0143,0.0059,0.0102,0.0053,1.253020105265593e-09,-1.021891902916111e-10,-5.147448086396216e-10,-1.7198336698274276e-10
Subject10,Cycling,1260.0,0.4458,64.5472,0.0013563940470779135,5.1069,58.05,0.0168,0.0061,0.0109,0.0056,-1.3038497299280113e-09,-1.7818656475001072e-10,2.7353414136741286e-10,3.638194011507831e-10
Subject10,Cycling,1275.0,0.4445,64.3686,-0.0016465647637742447,5.1069,58.05,0.0142,0.006,0.0095,0.0055,1.2258609267463491e-09,5.350490279765065e-10,-3.252077180664414e-10,-1.8462709239988327e-10
Subject10,Cycling,1290.0,0.4262,60.9936,-0.0012447045613850198,5.1069,58.05,0.0079,0.0059,0.0097,0.0051,-1.0943306642086068e-09,1.5971255303116514e-10,1.835027191312048e-10,-1.1231723409424295e-10
Subject10,Cycling,1305.0,0.4506,58.9758,-0.001744395848959345,5.1069,58.05,0.0088,0.0063,0.0099,0.0048,-6.188372379505327e-11,-6.473486942844687e-10,1.3791678119776299e-09,2.2114426728785085e-10
Subject10,Cycling,1320.0,0.5262,58.7436,0.0021130243345951175,5.1069,58.05,0.0092,0.0073,0.0095,0.0059,1.6403817388707717e-09,2.2381011400397608e-10,-1.5810437711638239e-09,-1.9774390661332723e-10
Subject10,Cycling,1335.0,0.4468,62.2615,-0.0023877624596103935,5.1069,58.05,0.0141,0.0059,0.0101,0.0054,4.216842854475416e-10,3.23879852045311e-11,8.553389834422277e-11,8.104577335966501e-11
Subject10,Cycling,1350.0,0.4578,59.8686,0.001597544608956923,5.1069,58.05,0.0101,0.0053,0.0104,0.0049,1.612179838646934e-09,2.5573670028271137e-11,4.2905513013214596e-10,2.5714265418200857e-11
Subject10,Cycling,1365.0,0.4617,61.6901,0.0024740270873828767,5.1069,58.05,0.0135,0.0054,0.0102,0.0051,-1.985261666617867e-09,-2.5600807462705056e-10,7.786686346168051e-10,-9.614867057649278e-11
Subject10,Cycling,1380.0,0.465,64.2436,-0.002186456070065146,5.1069,58.05,0.0104,0.0048,0.01,0.0046,-1.6573942071063048e-09,3.106541449899764e-11,-1.203106100666576e-09,5.929481223108809e-10
Subject10,Cycling,1395.0,0.4386,60.9758,-0.0021501388215129716,5.1069,58.05,0.0132,0.0047,0.0097,0.0047,-5.090820331772555e-11,-3.664161745619564e-11,8.322443662547456e-11,-5.281310270355186e-10
Subject10,Cycling,1410.0,0.4487,59.4936,0.002398165720169833,5.1069,58.05,0.0076,0.0058,0.0108,0.0051,2.600082097962643e-10,2.918876527178088e-10,2.6133590424934963e-10,-1.4537617768946874e-10
Subject10,Cycling,1425.0,0.4087,61.8686,-0.001938435129960239,5.1069,58.05,0.0072,0.006,0.009,0.0046,-7.373472713522048e-12,1.233609670040959e-09,-3.6360730039780503e-10,1.4943853943557443e-10
Subject10,Cycling,1440.0,0.2889,60.4936,0.0020511921675163605,4.1495,58.05,0.0079,0.0043,0.0066,0.0041,1.0462080569716838e-09,-1.4883287110590373e-09,5.327853513469082e-10,-1.6198237926934888e-10
Subject10,Cycling,1455.0,0.2252,59.9936,-0.0021166252253923155,4.1495,58.05,0.0092,0.0033,0.0062,0.0031,2.916272137151848e-10,-9.642528994949192e-11,-6.925726742939692e-10,-8.540536361816149e-12
Subject10,Cycling,1470.0,0.2296,57.6901,0.001091534392589927,4.1495,58.05,0.003,0.0033,0.0065,0.0033,-1.6696436034493472e-09,-3.181013856693144e-11,4.8977242417680274e-11,-5.693227152593934e-11
Subject10,Cycling,1485.0,0.2296,59.1186,0.002366505133240143,4.1495,58.05,0.0048,0.0038,0.0066,0.0036,1.2041172626386002e-10,-1.1008156222210323e-11,4.4389986097594086e-10,4.389637390900935e-10
Subject10,Cycling,1500.0,0.2243,58.1186,-0.001644795402691932,4.1495,58.05,0.004,0.0036,0.006,0.0036,-9.373487910132382e-11,1.1596614561657186e-10,-6.125412963255104e-10,-3.983376973816215e-10
Subject10,Cycling,1515.0,0.2164,58.7436,0.0013675244961509742,4.1495,58.05,0.0062,0.0037,0.0057,0.0034,-6.168235183114691e-12,-6.298454198648924e-11,1.1018101324955186e-09,6.062631329158778e-11
Subject10,Cycling,1530.0,0.2083,57.4044,-0.0011796620857081447,4.1495,58.05,0.0033,0.004,0.0064,0.0035,3.5340831243611504e-12,1.1212375119433811e-10,9.274592438647545e-10,-5.525528362784989e-11
Subject10,Cycling,1545.0,0.2632,55.9936,0.0022502138956260825,4.1495,58.05,0.004,0.0065,0.008,0.006,1.1938294483609394e-11,5.143961256761706e-11,-1.9333190269123454e-09,3.765349771664495e-11
Subject10,Cycling,1560.0,0.2414,57.9758,0.002060729603796448,4.1495,58.05,0.0083,0.0039,0.0066,0.0043,-1.0429638830381943e-11,-8.907508281601724e-11,6.703573890723927e-10,-4.622717553524647e-11
Subject10,Cycling,1575.0,0.2366,58.4044,-0.0014842632872844128,4.1495,58.05,0.0046,0.0038,0.006,0.0037,3.325058060000121e-10,6.283947677967852e-10,-6.460219677892536e-10,8.935602543916225e-11
Subject10,Cycling,1590.0,0.2353,56.6186,0.001334886224937227,4.1495,58.05,0.0061,0.0039,0.0059,0.004,-2.545612117970337e-10,-5.919906304503459e-10,1.2930445429626172e-10,5.387792926180472e-10
Subject10,Cycling,1605.0,0.2188,56.1186,0.0018834820741250652,4.1495,58.05,0.0074,0.004,0.0052,0.0032,1.7112712234106423e-12,-1.4218318624181495e-11,2.1991734296622273e-10,-6.958432980931208e-10
Subject10,Cycling,1620.0,0.2322,55.5472,-0.001748724512864112,4.1495,58.05,0.0059,0.0043,0.0063,0.0041,6.05894678769231e-10,-1.1837804761046968e-10,-4.602307241355738e-10,7.311643228040065e-11
Subject10,Cycling,1635.0,0.2395,55.1186,0.0019325103178716588,4.1495,58.05,0.0036,0.0045,0.0062,0.0042,-7.239012215319349e-10,6.05630042347137e-11,1.679685660442465e-10,3.132992112506219e-11
Subject10,Cycling,1650.0,0.2446,59.1186,0.002646207438970843,4.1495,58.05,0.0048,0.0043,0.006,0.0037,2.249748858801868e-09,2.0390716231213505e-10,-1.0134711643487958e-10,-1.6133703714706877e-12
Subject10,Cycling,1665.0,0.2222,57.2436,-0.0028336655639647846,4.1495,58.05,0.0061,0.0035,0.0056,0.0037,-1.5252168368844497e-09,-1.5504236916876677e-10,4.094610129868904e-11,-5.4045130917809134e-11
Subject10,Cycling,1680.0,0.2287,53.4044,0.001286335176172149,4.1495,58.05,0.0061,0.0038,0.006,0.0035,-6.208232569655531e-10,-1.4266219450945288e-10,5.203785004911189e-10,9.141450986562817e-12
Subject10,Cycling,1695.0,0.2257,54.9758,0.0015047993320402876,4.1495,58.05,0.006,0.0036,0.0056,0.0037,-2.768182776000778e-11,-2.2435341535900784e-11,-1.262412386882802e-10,8.807915669426727e-11
Subject10,Cycling,1710.0,0.2338,54.7436,0.0018054852745163841,4.1495,58.05,0.005,0.0042,0.0061,0.0047,3.222556363067449e-10,5.1497540047438806e-11,3.9789007021468574e-10,6.45869248120517e-11
Subject10,Cycling,1725.0,0.2306,55.8329,-0.0013490594203011683,4.1495,58.05,0.0076,0.0039,0.0061,0.0038,-3.58777929389141e-10,-1.6047522047008105e-11,-3.9865472006062236e-10,3.0846900646583e-10
Subject10,Cycling,1740.0,0.2243,53.2436,-0.0013555264598313361,4.1495,58.05,0.0065,0.0038,0.0057,0.0054,3.0252794143849994e-11,7.520225681243283e-12,8.717298923912338e-11,2.5665213380729917e-10
Subject10,Cycling,1755.0,0.2151,52.4044,0.0014964999958803583,4.1495,58.05,0.0075,0.0036,0.0055,0.0041,1.794866424491248e-10,-6.091778959556286e-11,-2.879547042927866e-10,-6.921473874826087e-10
Subject10,Cycling,1770.0,0.2215,54.6186,0.0022174632369678622,4.1495,58.05,0.0067,0.0034,0.0058,0.0046,9.073675532496205e-11,7.091247556068411e-12,-1.6327957409219412e-10,5.174043952193785e-12
Subject10,Cycling,1785.0,0.2101,53.2436,-0.001585339974486133,4.1495,58.05,0.0074,0.0035,0.0056,0.0045,-2.354252539365764e-10,3.516822641784889e-10,6.853864061831903e-11,2.3733804553775536e-11
Subject10,Incline,360.0,0.2402,3.4197,0.007254761684601598,2.4382,58.05,0.0035,0.008,0.0024,0.0092,3.8738061822817557e-11,-1.5746282232009758e-10,1.042061533822431e-10,2.280320247806249e-10
Subject10,Incline,375.0,0.3043,16.153,-0.0049355638893293224,2.4382,58.05,0.0038,0.0063,0.0032,0.0093,-4.276278305190787e-11,2.796735605318135e-11,-7.948882310967044e-11,-1.464528289675903e-10
Subject10,Incline,390.0,0.2976,20.3911,-0.0036487106961165757,2.4382,58.05,0.0041,0.0059,0.0032,0.0102,3.2181640564591134e-11,1.0028602751315249e-09,6.11529845332935e-11,-2.3307699621849907e-10
Subject10,Incline,405.0,0.2863,17.0197,-0.0036544898951321393,2.4382,58.05,0.0036,0.0081,0.0033,0.0106,2.751177908420753e-11,-2.1472254819737044e-10,-8.084713470847535e-11,-1.4995408622266604e-10
Subject10,Incline,420.0,0.279,18.534,0.005274513907486324,2.4382,58.05,0.0041,0.0069,0.0028,0.0098,1.1549038782948825e-09,7.607182496691963e-11,1.7465808298237575e-11,1.0630360194469259e-09
Subject10,Incline,435.0,0.2589,19.534,-0.0037690972244234155,2.4382,58.05,0.0039,0.0079,0.003,0.0079,-1.1126270897737446e-09,-7.787201573161807e-10,2.171077288707299e-11,-5.387410333443735e-10
Subject10,Incline,450.0,0.2776,19.2482,0.0042117124190406505,2.4382,58.05,0.0047,0.0066,0.0031,0.0087,-1.0450918794741403e-10,7.062852491989272e-10,4.753799132500629e-11,-4.625680385046055e-10
Subject10,Incline,465.0,0.2521,15.8197,-0.002141925246509107,2.4382,58.05,0.0045,0.0068,0.0024,0.008,2.81509078479804e-11,-7.929308302164187e-10,-6.880351105092432e-11,9.76871738265641e-10
Subject10,Incline,480.0,0.2538,14.1054,-0.0020835243303501637,2.4382,58.05,0.0055,0.0059,0.0023,0.0076,-1.3870026148072451e-11,1.153355289551489e-09,1.6895483289272286e-10,-8.689113742015864e-10
Subject10,Incline,495.0,0.2776,13.0197,0.002213719095951958,2.4382,58.05,0.0039,0.0071,0.0027,0.0088,2.2422629302617932e-10,-2.0044465383911693e-10,2.88128946501471e-10,-6.754488871956386e-11
Subject10,Incline,510.0,0.2789,15.9625,0.006702467302146507,2.4382,58.05,0.0046,0.0074,0.0036,0.0084,3.331483699499472e-10,-9.012827366672299e-10,-4.910320740829427e-10,2.1819857736751992e-09
Subject10,Incline,525.0,0.269,16.6768,0.0024243679089134738,2.4382,58.05,0.0047,0.0088,0.003,0.0099,-5.555017957079657e-10,-6.643111047973272e-11,8.085033687034358e-11,-2.2106270268072942e-09
Subject10,Incline,540.0,0.2556,18.1054,-0.003968972685537316,2.4382,58.05,0.0038,0.0061,0.0027,0.0098,5.443572327809856e-11,4.221658136452506e-10,3.3090814550174497e-10,5.8078924978393623e-11
Subject10,Incline,555.0,0.2577,13.9447,-0.003095163807286214,2.4382,58.05,0.004,0.0061,0.0026,0.0077,-6.106982907447214e-11,-3.884320558343778e-10,-3.7897767495783e-10,3.9209316164450067e-10
Subject10,Incline,570.0,0.2792,13.9625,0.0033684919293119255,2.4382,58.05,0.0039,0.0073,0.0027,0.0089,3.816843783371241e-12,9.42375838005481e-10,1.1690994214773334e-10,-5.145951328207004e-10
Subject10,Incline,585.0,0.2821,17.2482,0.0032896844433053713,2.4382,58.05,0.0038,0.0078,0.0029,0.0073,2.9041125888487353e-11,-4.408123247862691e-10,-1.0681221008818111e-10,2.6115111756077057e-11
Subject10,Incline,600.0,0.2844,17.153,0.004188309996487428,2.4382,58.05,0.0039,0.0076,0.0026,0.0083,-1.88858711243138e-11,5.247763981927915e-10,2.526407583332378e-10,1.8783556677195073e-11
Subject10,Incline,615.0,0.2548,13.6768,-0.0036370195700843296,2.4382,58.05,0.0041,0.0077,0.0027,0.009,3.646264162786538e-11,-1.0030228093996487e-09,-2.480688155118306e-10,3.7429026009226804e-10
Subject10,Incline,630.0,0.3013,12.534,0.0017738008554751045,2.4382,58.05,0.0043,0.0072,0.0028,0.01,7.725829737563416e-11,5.16063399225152e-10,2.2974966524498297e-10,-3.5913709245225734e-10
Subject10,Incline,645.0,0.3295,13.653,0.002983130312830615,2.4382,58.05,0.0037,0.0064,0.0029,0.0077,6.748711183422969e-12,-4.558945332456129e-12,-8.465177719211198e-11,4.192455023137436e-12
Subject10,Incline,660.0,0.2751,13.9625,-0.004306770557882637,2.4382,58.05,0.0046,0.0076,0.0031,0.0095,2.5039163487063774e-10,-1.5655479707865225e-10,-7.810233057477656e-11,-1.4829212727599757e-11
Subject10,Incline,675.0,0.3182,12.9625,-0.0019485157103866048,2.4382,58.05,0.0043,0.0074,0.003,0.0074,-3.882143404342096e-10,4.5501284155501937e-10,1.2617944783182772e-09,1.9838284193099664e-10
Subject10,Incline,690.0,0.3084,14.1947,0.0031095577000045094,2.4382,58.05,0.0044,0.0068,0.0029,0.0084,-2.8118537597813567e-12,-2.3396957616001394e-10,-1.2194575675253235e-09,-8.730689209820112e-11
Subject10,Incline,705.0,0.3163,13.8197,-0.0038194088797545434,2.4382,58.05,0.0039,0.0067,0.0029,0.0089,5.440122609431183e-11,-7.05112116753949e-11,-7.441956643028966e-11,-1.1607438437907993e-10
Subject10,Incline,720.0,0.5635,15.6768,0.005387029157183955,4.7357,58.05,0.0061,0.0113,0.004,0.013,9.655099990249389e-11,-5.299321965739713e-10,-4.260701135884706e-11,1.026061362451938e-09
Subject10,Incline,735.0,0.6237,27.1054,-0.0018172026817160091,4.7357,58.05,0.0062,0.0127,0.0045,0.015,1.5741307915674223e-09,1.1952049338903443e-10,-5.407926804474494e-12,2.829297859438385e-09
Subject10,Incline,750.0,0.627,33.534,0.0042666548138103185,4.7357,58.05,0.0063,0.0125,0.0045,0.0163,-1.6999702427898357e-09,8.336702288614106e-10,3.193093517753144e-10,-3.748080951379151e-09
Subject10,Incline,765.0,0.6493,37.153,-0.002802634922728313,4.7357,58.05,0.006,0.0124,0.0046,0.0135,9.919567159766382e-13,-1.0294707500722559e-09,-1.273687124654857e-12,2.2725926539203425e-10
Subject10,Incline,780.0,0.6475,38.1947,0.00399076321424841,4.7357,58.05,0.0067,0.0115,0.0043,0.0149,1.4816068654198353e-09,2.5131801246695445e-10,-3.231015403984922e-10,4.121768563393491e-09
Subject10,Incline,795.0,0.6461,38.6947,-0.0034342419824455977,4.7357,58.05,0.0071,0.012,0.0048,0.0149,-1.4564520811529976e-09,5.56407916846379e-10,4.1327470562027946e-11,-4.306548281131732e-09
Subject10,Incline,810.0,0.6577,35.6947,0.001663345453991945,4.7357,58.05,0.0067,0.0128,0.0043,0.0148,-2.5825757551375832e-11,1.2647619545701378e-09,4.2121884256891535e-10,1.3868127225755787e-10
Subject10,Incline,825.0,0.6562,38.8197,0.0017838199854327828,4.7357,58.05,0.0065,0.0121,0.0046,0.0136,1.4988077478551534e-09,-2.0304045957630483e-09,-4.773446735593429e-10,2.2641961517789505e-09
Subject10,Incline,840.0,0.6545,40.2482,0.00275772671936346,4.7357,58.05,0.0067,0.0113,0.0043,0.014,-1.487732903618091e-09,8.193890852215593e-10,5.0901310874153376e-11,-2.4755196061414004e-09
Subject10,Incline,855.0,0.6507,44.2482,-0.0047556110418660895,4.7357,58.05,0.006,0.0115,0.0046,0.0134,5.8970802897662894e-12,-7.238070770004722e-10,-4.636687450653552e-11,7.804201619082666e-10
Subject10,Incline,870.0,0.6474,39.8197,-0.0017414910650051499,4.7357,58.05,0.0061,0.0108,0.0038,0.0141,5.784287829057349e-11,-5.686991342516179e-11,8.171002245671373e-11,-9.181502157908542e-10
Subject10,Incline,885.0,0.6563,40.1054,0.0029241410708448897,4.7357,58.05,0.0072,0.0114,0.0048,0.0144,-6.146096573305953e-11,4.2747807348920234e-10,1.618327104466388e-10,1.272432678411962e-10
Subject10,Incline,900.0,0.6457,41.5697,-0.0032335081850337595,4.7357,58.05,0.0066,0.0112,0.0042,0.0136,1.3819318956374213e-09,-2.0147452887011486e-10,-1.4758740358297026e-10,3.1461253062295513e-09
Subject10,Incline,915.0,0.6764,35.2482,-0.006957596084560564,4.7357,58.05,0.0064,0.0112,0.0043,0.0132,-1.396390654118044e-09,7.724444113609084e-10,6.373650615571068e-10,-2.779339630510222e-09
Subject10,Incline,930.0,0.6556,33.534,0.0020721130926236423,4.7357,58.05,0.0065,0.0119,0.0043,0.0145,-6.361308417267162e-11,-9.922135523702308e-10,-7.252256091761922e-10,2.3069345189757592e-10
Subject10,Incline,945.0,0.6583,42.6947,0.005727154563680128,4.7357,58.05,0.0066,0.0114,0.0046,0.0152,6.963486834965593e-11,6.183874536326409e-10,4.8300825540843056e-11,-8.239843871508629e-10
Subject10,Incline,960.0,0.661,43.0697,0.002202457692259237,4.7357,58.05,0.0065,0.0109,0.0044,0.014,2.8894877200828115e-11,-7.942324377448807e-10,1.5090817164287816e-10,4.0761341903172857e-10
Subject10,Incline,975.0,0.6715,45.8197,-0.0022416817532307444,4.7357,58.05,0.0069,0.0109,0.0043,0.0136,1.5018642066869095e-10,8.298537449307354e-10,-9.804330367598783e-11,-6.569161560337153e-11
Subject10,Incline,990.0,0.6722,45.1947,-0.002215961086008588,4.7357,58.05,0.0063,0.0108,0.0046,0.0136,-2.4590279447682144e-10,-6.904815121397764e-10,-8.113360491371184e-11,8.174356997167171e-10
Subject10,Incline,1005.0,0.6478,43.2482,0.0025237214304008352,4.7357,58.05,0.0061,0.0103,0.0046,0.0138,5.957681138152834e-11,4.055250171714683e-10,-7.35246173492525e-12,-9.386962218266958e-10
Subject10,Incline,1020.0,0.6592,45.4447,0.002757642230124017,4.7357,58.05,0.0055,0.0105,0.0046,0.0129,-1.581288646222072e-10,-4.030647023507161e-10,5.235655377238558e-11,4.2886429671243335e-10
Subject10,Incline,1035.0,0.6594,46.4447,-0.0016708055768749558,4.7357,58.05,0.0062,0.0106,0.0044,0.0135,1.3647337518234332e-10,2.099748777064432e-09,6.934155763145942e-10,-4.5681366936957247e-10
Subject10,Incline,1050.0,0.6705,42.4447,-0.002634457915837153,4.7357,58.05,0.0057,0.0127,0.0045,0.0136,5.061600346213618e-11,-1.980509299115341e-09,-7.648859304039671e-10,1.1848918392843363e-09
Subject10,Incline,1065.0,0.6534,42.9447,0.0032089591832911734,4.7357,58.05,0.0071,0.0117,0.0047,0.0156,8.767041347303549e-10,1.5727253986241224e-10,6.957292663986208e-11,2.4001646699424886e-09
Subject10,Incline,1080.0,0.3479,42.1054,-0.002691835813642789,0.2764,58.05,0.004,0.0088,0.003,0.0086,-9.381913897071357e-10,1.2963088417926983e-10,-3.6903375435710634e-11,-3.487563179080084e-09
Subject10,Incline,1095.0,0.0408,35.3911,-0.0038142995050491455,0.2764,58.05,0.0013,0.0047,0.0019,0.0028,5.8742854934767546e-12,-2.5758452472889884e-10,3.398751985709644e-11,2.522316181825163e-10
Subject10,Incline,1110.0,0.0149,26.3911,-0.003946413008923931,0.2764,58.05,0.0011,0.0051,0.0025,0.0057,1.9460781585248877e-11,1.4591566428897612e-10,1.6415447491070936e-11,-3.900836757564603e-10
Subject10,Incline,1125.0,0.0185,20.9863,0.003195356883745769,0.2764,58.05,0.0017,0.0023,0.0023,0.0034,2.3317977103150752e-11,-2.9533727071654316e-10,-3.8764980513177245e-11,9.597232026599068e-11
Subject10,Incline,1140.0,0.0037,12.534,-0.005881798588169153,0.2764,58.05,0.0011,0.0014,0.003,0.0042,-2.887443993051351e-11,-1.6123958075756385e-11,4.625774869432002e-11,1.0696459908804272e-10
Subject10,Incline,1155.0,0.0094,8.4863,0.00765967530317898,0.2764,58.05,0.0013,0.0025,0.0014,0.0027,-3.3472178697985314e-11,4.1029756644602393e-10,-7.310640154559568e-11,-1.9804774953183318e-10
Subject10,Incline,1170.0,0.0063,5.8197,-0.002685150737041078,0.2764,58.05,0.001,0.008,0.0013,0.0014,6.182387526043064e-12,-3.302119673316972e-11,3.424673942402554e-11,5.114141443756194e-12
Subject10,Incline,1185.0,0.1407,11.4863,0.007114014002469607,0.2764,58.05,0.0018,0.0044,0.0019,0.0048,2.7818424080406704e-11,-2.804155488725819e-10,5.2872558824360596e-11,1.634808000993818e-10
Subject10,Incline,1200.0,0.0148,15.9863,-0.004390823074259733,0.2764,58.05,0.0011,0.005,0.0015,0.0044,-2.506813768418235e-11,2.314264212190582e-10,-9.761864183524233e-11,2.2923051537829448e-11
Subject10,Incline,1215.0,0.0039,12.8197,-0.002817338273823742,0.2764,58.05,0.001,0.0056,0.0014,0.0047,1.8026462110243237e-11,-1.9554624727973144e-10,2.285511150737573e-11,-2.055375953531335e-11
Subject10,Incline,1230.0,0.0053,9.653,0.002414634916791214,0.2764,58.05,0.0011,0.0018,0.0015,0.0026,-8.414673267316961e-13,-7.48693750511006e-11,1.4970296455631064e-11,-2.0284448538413132e-10
Subject10,Incline,1245.0,0.0042,14.6197,0.007913967839763825,0.2764,58.05,0.0011,0.0057,0.0017,0.0048,-1.236867038368582e-11,1.6825191823235622e-10,1.9684224035076754e-11,1.3454998164785026e-10
Subject10,Incline,1260.0,0.0044,18.8197,-0.0044472353350574305,0.2764,58.05,0.0011,0.0034,0.0013,0.0037,-2.644747332864908e-12,-8.281455321731009e-11,-3.599424060222421e-11,1.732349301917146e-10
Subject10,Incline,1275.0,0.0051,15.8197,-0.008951638661285831,0.2764,58.05,0.001,0.0015,0.0012,0.0051,-4.621250428298533e-12,-1.5512217284129026e-10,-7.62049586662518e-12,6.364835792596804e-11
Subject10,Incline,1290.0,0.0061,6.8197,0.002192274739825455,0.2764,58.05,0.001,0.0028,0.0015,0.0039,2.55188135253381e-11,2.693529496110227e-10,-1.1391365295571017e-12,-2.9019715482049036e-10
Subject10,Incline,1305.0,0.0046,7.2197,0.003274618586465928,0.2764,58.05,0.001,0.0016,0.002,0.0022,2.965398094402973e-12,-2.495518025703525e-10,-2.822703670749405e-12,7.353773172606275e-11
Subject10,Incline,1320.0,0.0058,11.653,0.00543070630820572,0.2764,58.05,0.001,0.0057,0.0015,0.005,-2.2667106393861633e-11,2.3647936921506307e-10,6.754935694956433e-11,1.1320916852422915e-10
Subject10,Incline,1335.0,0.0061,12.4197,-0.00267359736799239,0.2764,58.05,0.001,0.0046,0.0013,0.0044,4.3396552398199336e-13,-5.612155058464461e-11,-8.361524563871001e-11,1.3894729640912695e-10
Subject10,Incline,1350.0,0.0044,8.8197,-0.0023717955322059975,0.2764,58.05,0.001,0.0039,0.0017,0.0042,-9.515716375340184e-12,-1.9767792815746647e-10,4.2750394110273905e-11,-3.475445895865679e-10
Subject10,Incline,1365.0,0.0038,8.9863,-0.002572197866006792,0.2764,58.05,0.001,0.0033,0.0015,0.0036,2.2522934814617456e-11,2.8191506803015013e-10,2.1447407721135506e-11,3.0190290685072116e-10
Subject10,Incline,1380.0,0.0115,6.3197,-0.0021091265246042552,0.2764,58.05,0.001,0.0065,0.0014,0.0057,-2.549275381079654e-11,-8.85788803239506e-12,4.312722984908138e-11,-7.697257721013151e-11
Subject10,Incline,1395.0,0.0037,11.6197,0.005608941593357209,0.2764,58.05,0.001,0.0061,0.0015,0.0049,2.0664046930900264e-12,1.7646266330809202e-10,-1.0428190554099643e-10,8.144027143166073e-11
Subject10,Incline,1410.0,0.0043,9.4863,-0.003056734248126903,0.2764,58.05,0.001,0.0026,0.0015,0.0032,-2.2956164048522873e-12,-4.2333152556927293e-10,2.0340491377372245e-11,-1.3829057243569186e-10
Subject10,Incline,1425.0,0.0057,5.3197,-0.004483190711752995,0.2764,58.05,0.001,0.0018,0.0012,0.0053,2.57008142847961e-10,4.195835201331875e-10,1.3168894420066313e-10,1.1144371820783483e-10
Subject10,Incline,1440.0,0.4384,10.4863,0.0048385678351370535,9.2065,58.05,0.0065,0.0141,0.0055,0.0182,-1.5648826050550987e-10,3.218438506457706e-09,3.348097873294216e-10,-5.214357370669526e-11
Subject10,Incline,1455.0,0.5429,34.3197,0.003869967789424521,9.2065,58.05,0.0079,0.0167,0.0069,0.0241,6.532993429175036e-10,-3.3335712865238474e-09,-2.8994290924116857e-10,-4.3234525021556197e-10
Subject10,Incline,1470.0,0.5199,48.653,-0.0036491765827192527,9.2065,58.05,0.0082,0.0188,0.0073,0.0227,-7.355975138938148e-10,3.575084064471452e-09,4.4355811633284656e-10,6.515055024835414e-10
Subject10,Incline,1485.0,0.5471,59.4447,-0.0011816395749946352,9.2065,58.05,0.0083,0.0195,0.0066,0.0241,1.2599455216774568e-09,-3.84999447544512e-09,-6.250092625018223e-10,2.6873468931280586e-09
Subject10,Incline,1500.0,0.5345,70.2482,0.0015214616635691222,9.2065,58.05,0.0084,0.019,0.0071,0.0235,2.055416919324648e-10,5.930404868413949e-11,2.6262259825481073e-11,1.1478066362276762e-09
Subject10,Incline,1515.0,0.5388,76.9625,-0.002213281288722866,9.2065,58.05,0.0093,0.0164,0.0073,0.0249,-1.2657795144359914e-09,1.7045853696379562e-11,8.151432638053236e-12,-1.413048700722434e-09
Subject10,Incline,1530.0,0.5483,79.1947,0.0014485558300892853,9.2065,58.05,0.0087,0.0178,0.007,0.0252,1.7397251876647728e-09,3.406334027265072e-10,4.207615981046512e-12,2.435722603103272e-09
Subject10,Incline,1545.0,0.5467,83.2482,0.0017758072834323931,9.2065,58.05,0.0085,0.0177,0.0072,0.0225,-1.670737145796659e-09,9.257287317456864e-10,1.752004247498415e-10,-5.485743956372569e-09
Subject10,Incline,1560.0,0.5498,83.8197,-0.0006601536372225273,9.2065,58.05,0.0076,0.0176,0.0077,0.0251,6.632431154273398e-10,-7.184182653529443e-10,-2.017522497017525e-10,2.401418562271389e-09
Subject10,Incline,1575.0,0.5483,84.8197,0.0014070923275071446,9.2065,58.05,0.0086,0.0179,0.0073,0.0232,9.58134906402879e-10,-1.5735680743055724e-10,2.9220213972336744e-10,-1.954797215704017e-09
Subject10,Incline,1590.0,0.5655,88.4447,0.0018487741206350923,9.2065,58.05,0.0094,0.0195,0.0073,0.0243,1.8215504238528088e-11,-2.960080735419018e-10,-2.9926180139944894e-10,-8.969725979858246e-11
Subject10,Incline,1605.0,0.5503,90.2482,-0.0014340521183546443,9.2065,58.05,0.0081,0.0176,0.0069,0.0254,-1.8890991276060285e-09,1.4327175618611207e-09,4.0884332301634767e-10,-5.524008012670966e-12
Subject10,Incline,1620.0,0.5588,89.8197,0.0009776865762885704,9.2065,58.05,0.0089,0.0183,0.0073,0.0243,-8.751386006683958e-12,1.1975187027438348e-09,-2.447424181735111e-10,2.6751165384203573e-11
Subject10,Incline,1635.0,0.5555,90.6947,-0.0008968931376950848,9.2065,58.05,0.0085,0.0211,0.0075,0.0274,7.301483095338918e-12,-1.6423796813107763e-09,2.0853376289656438e-10,-1.4261679991279728e-10
Subject10,Incline,1650.0,0.5728,89.534,-0.0016035416553684858,9.2065,58.05,0.0086,0.0187,0.007,0.0251,3.690508094970185e-11,1.889231796857889e-09,3.299321389264774e-10,8.906135119911287e-11
Subject10,Incline,1665.0,0.572,90.6947,0.001442169042726281,9.2065,58.05,0.008,0.0162,0.0069,0.0245,-9.753047072029912e-11,-2.6450170862239607e-09,2.017926825080145e-10,-1.221051621541173e-11
Subject10,Incline,1680.0,0.5489,93.0697,0.0015558406299876189,9.2065,58.05,0.0083,0.017,0.0061,0.0225,2.96757734816407e-11,4.506626402660459e-09,5.881452945884028e-11,3.216186951739622e-10
Subject10,Incline,1695.0,0.56,95.4863,0.0012226291140281982,9.2065,58.05,0.0084,0.018,0.0076,0.0226,6.002015176963862e-12,-3.5162004633504954e-09,-1.1134982452724258e-11,2.5864081344612877e-10
Subject10,Incline,1710.0,0.5727,96.8197,-0.0003182653413948262,9.2065,58.05,0.0078,0.0173,0.006,0.0232,3.618518839069697e-10,-1.3536086544165353e-09,-9.064802890608705e-10,2.9875978789426444e-09
Subject10,Incline,1725.0,0.5808,96.8197,-0.001050365011133654,9.2065,58.05,0.0089,0.0169,0.0075,0.0233,2.178451988352688e-09,2.2363845982481892e-10,3.263541749512242e-11,2.799029657675159e-09
Subject10,Incline,1740.0,0.5347,96.2482,0.0009694337910140412,9.2065,58.05,0.0075,0.0197,0.007,0.0241,-1.4287398140115116e-09,-2.3051141448670947e-10,-8.892553002455567e-11,-3.4565985471120864e-09
Subject10,Incline,1755.0,0.5519,96.6947,-0.0014942265019714125,9.2065,58.05,0.0088,0.0161,0.0066,0.0241,8.110743821102633e-10,3.713193351027747e-10,6.889215079517386e-11,1.0511829344128722e-09
Subject10,Incline,1770.0,0.5589,97.153,0.0009745542103559129,9.2065,58.05,0.0086,0.0186,0.0066,0.0221,8.715857380660968e-10,-1.2041451454119456e-10,9.321628690924716e-11,6.535728485959186e-10
Subject10,Incline,1785.0,0.5686,98.3197,0.0013910786819636538,9.2065,58.05,0.0082,0.0165,0.0065,0.022,-2.7864380189675525e-09,7.134946907389054e-10,-9.4271402919634e-12,-4.738461719480984e-09
Subject10,Incline,1800.0,0.2994,97.3197,0.0013546789135414346,4.428,58.05,0.0049,0.0109,0.0048,0.0131,3.093645260532018e-10,-7.258676630323503e-10,-1.3278581494900357e-10,2.9527112001114384e-09
Subject10,Incline,1815.0,0.2679,93.8197,-0.0013767119781854604,4.428,58.05,0.0052,0.0098,0.005,0.0136,-2.853073640623132e-10,7.836999690839267e-10,3.5660420274962775e-10,-2.918122070883097e-09
Subject10,Incline,1830.0,0.2598,89.3197,-0.002266580891122165,4.428,58.05,0.0051,0.0099,0.0045,0.0133,7.072345446195044e-10,-9.468035563025502e-10,-2.8568857954990953e-10,3.732031218016189e-09
Subject10,Incline,1845.0,0.2549,81.6947,-0.001533222415133362,4.428,58.05,0.0043,0.0083,0.004,0.013,-7.583804025600005e-10,-2.160279856083331e-10,5.792088352464846e-10,-2.8382457887058725e-09
Subject10,Incline,1860.0,0.2539,75.6947,0.0014567355824608927,4.428,58.05,0.0048,0.0096,0.0041,0.0128,7.13460545655101e-10,1.9516400353862255e-10,-6.379987680428064e-10,-4.3310978306825543e-10
Subject10,Incline,1875.0,0.2658,71.2482,0.0024473820899568953,4.428,58.05,0.0038,0.0102,0.0043,0.0109,-6.818233874007731e-10,2.6092997985523566e-11,5.923080729623906e-10,-4.054624713595177e-10
Subject10,Incline,1890.0,0.2579,70.1054,0.0014958545610948947,4.428,58.05,0.0044,0.0097,0.0045,0.0116,8.188327445389015e-10,8.989863274837006e-11,-2.0897246582990524e-11,3.620984562936085e-09
Subject10,Incline,1905.0,0.2593,67.0697,-0.0019083514309373932,4.428,58.05,0.0048,0.0096,0.0039,0.0131,-7.824618829547759e-10,5.513607780705969e-10,-1.752255501012873e-10,-3.609000273676805e-09
Subject10,Incline,1920.0,0.2443,63.8197,-0.0014529098780307283,4.428,58.05,0.0047,0.0097,0.0042,0.0135,2.5951045576021e-11,-1.5884345089062597e-10,-2.2607548425836986e-11,-7.85815480274081e-11
Subject10,Incline,1935.0,0.2464,62.2482,0.002830956672255882,4.428,58.05,0.0045,0.0103,0.0042,0.0137,-9.505223141674583e-11,8.350995285361399e-10,-1.6883983557558616e-10,8.105757968274235e-11
Subject10,Incline,1950.0,0.2502,60.3197,-0.00161316223487699,4.428,58.05,0.0042,0.0087,0.0044,0.0121,6.185299210061935e-10,-1.2492066120500857e-09,1.8808355837571136e-11,1.703035190630445e-09
Subject10,Incline,1965.0,0.2713,58.8197,0.001955211003270448,4.428,58.05,0.004,0.0094,0.0043,0.0132,-5.634758367095128e-10,-7.85727397091688e-11,-8.746866176305805e-12,-1.6974989495633463e-09
Subject10,Incline,1980.0,0.2615,59.6947,-0.0033039469148313538,4.428,58.05,0.0046,0.0109,0.004,0.0134,8.635932489465479e-11,-4.186580148464592e-11,-1.698789185254283e-10,1.3487203834852702e-09
Subject10,Incline,1995.0,0.2529,56.8197,0.0021682562991448984,4.428,58.05,0.005,0.0111,0.0045,0.0136,-6.564128261274174e-11,-2.9776191541921137e-12,1.0577184840270985e-10,-1.2667379889444183e-09
Subject10,Incline,2010.0,0.2439,55.9625,-0.0025690521944371973,4.428,58.05,0.0034,0.0088,0.0044,0.0118,-6.710333024542768e-11,4.422623960853268e-10,-9.653683625824843e-11,-1.283687303392627e-10
Subject10,Incline,2025.0,0.2534,57.8197,0.003797760915294856,4.428,58.05,0.004,0.0102,0.0047,0.0126,-7.716798631465843e-12,-4.126805194471632e-10,-1.577573870290758e-11,4.5271225069616634e-10
Subject10,Incline,2040.0,0.2401,55.6768,-0.002542950103247099,4.428,58.05,0.0049,0.0096,0.0046,0.0124,2.2076645833355637e-11,1.366908059211932e-09,3.275549780302215e-10,-5.279463817366947e-10
Subject10,Incline,2055.0,0.2518,53.3197,0.002013818450513072,4.428,58.05,0.0036,0.0097,0.0043,0.0103,-9.262423475938417e-12,-1.5258533319810775e-09,-6.589258149453814e-11,1.855901334805965e-10
Subject10,Incline,2070.0,0.2426,57.1947,0.0034184710304457147,4.428,58.05,0.004,0.0095,0.0037,0.0107,8.369048464100666e-10,1.5135610016288952e-10,7.469340083579452e-10,3.3212569355652707e-09
Subject10,Incline,2085.0,0.2506,55.9447,-0.003048985386850974,4.428,58.05,0.0043,0.0097,0.0043,0.0126,-7.559637820462104e-10,1.76958546979803e-10,-7.752016276851362e-10,-3.5938929362760806e-09
Subject10,Incline,2100.0,0.2527,52.3197,0.0020333378754190273,4.428,58.05,0.0042,0.0104,0.0038,0.0113,4.062127409483526e-10,1.7414714449376166e-09,1.1192925685864513e-10,5.919151559534896e-10
Subject10,Incline,2115.0,0.2276,52.5697,-0.0021748524898320895,4.428,58.05,0.0044,0.0094,0.0041,0.0131,1.6023366251090878e-10,-1.9262830010729552e-09,-3.289879964468469e-10,1.9781277465736365e-09
Subject10,Incline,2130.0,0.2368,53.9863,0.0029489784296380718,4.428,58.05,0.0038,0.0101,0.0037,0.0136,-5.994989946787526e-10,6.118249440217139e-10,3.116040362550336e-10,-2.4352162415150847e-09
Subject10,Incline,2145.0,0.2543,53.1947,0.0029622979798631824,4.428,58.05,0.0044,0.0099,0.0043,0.0112,-4.3690394713122314e-11,-6.426396187671796e-10,-3.783019597627958e-10,6.227774871049136e-10
Subject10,Running,360.0,0.6078,4.4524,0.0035706290093968545,2.5287,58.05,0.0036,0.0097,0.0028,0.0127,1.0538847517169661e-09,-2.6476229808290955e-10,4.386027542059372e-11,3.849015106881902e-09
Subject10,Running,375.0,0.8291,8.4762,-0.003871398387995324,2.5287,58.05,0.0049,0.0104,0.0038,0.015,-6.81738355016226e-11,1.5064999304878241e-10,6.707819535729152e-11,-1.0598059717273536e-09
Subject10,Running,390.0,0.8333,7.119,-0.002762465163720546,2.5287,58.05,0.0052,0.01,0.0042,0.0133,-5.98109209416717e-10,7.25683543113889e-11,9.978109884929366e-12,-3.088619351602337e-09
Subject10,Running,405.0,0.8169,8.1905,-0.005150768566639155,2.5287,58.05,0.0058,0.0108,0.0044,0.0142,3.384235427694634e-10,3.633223387531021e-10,2.1364377278421507e-10,3.50946069850472e-10
Subject10,Running,420.0,0.8494,9.9524,0.004083672337085465,2.5287,58.05,0.0061,0.0106,0.0045,0.0148,-1.844220410984468e-10,7.923701925367758e-10,1.8848381732506937e-10,-2.8193302501869477e-12
Subject10,Running,435.0,0.8245,9.4762,0.0021560114269162825,2.5287,58.05,0.0061,0.0104,0.0045,0.0138,-4.461291032677426e-10,-5.674510483889167e-10,-1.8244345746764637e-10,-8.072068071244588e-11
Subject10,Running,450.0,0.8173,8.1905,-0.004740272735210449,2.5287,58.05,0.0062,0.0099,0.0043,0.0134,2.7441253262651714e-11,6.062360552356667e-10,5.57461785192091e-11,-2.555603710620102e-11
Subject10,Running,465.0,0.8524,7.2857,0.003632059223028227,2.5287,58.05,0.0058,0.0101,0.0045,0.0134,-2.3130048680715396e-11,3.967004698562638e-10,2.7367364914561437e-10,4.529230462962494e-11
Subject10,Running,480.0,0.8495,11.4524,-0.0037264888880822406,2.5287,58.05,0.006,0.0098,0.0041,0.0145,3.617097963900427e-11,-7.653070768814612e-10,-4.701654102996865e-10,5.660118345439076e-12
Subject10,Running,495.0,0.8766,9.4524,0.0032885707872410516,2.5287,58.05,0.006,0.0103,0.0046,0.0138,-1.2421578710326716e-10,3.8146663642663244e-10,2.35020760220322e-10,4.900637540260705e-12
Subject10,Running,510.0,0.8245,10.619,-0.003977091365506548,2.5287,58.05,0.0058,0.0098,0.0046,0.0121,-5.836230621391228e-12,7.784329549546414e-10,-6.723376795654567e-11,2.1255139531524533e-11
Subject10,Running,525.0,0.8482,7.9524,0.0036232951481899975,2.5287,58.05,0.0059,0.01,0.0043,0.0132,-7.954656064872223e-12,-1.389963768361129e-09,-1.5798465290580693e-10,-5.036968270963924e-11
Subject10,Running,540.0,0.8428,6.619,-0.003950340085576768,2.5287,58.05,0.0056,0.0097,0.0042,0.0125,-1.5433908759887763e-11,-7.934757129297866e-10,1.1605670251304968e-10,1.0423177454722657e-11
Subject10,Running,555.0,0.8273,4.619,0.0037847133383259123,2.5287,58.05,0.0055,0.009,0.0043,0.0114,1.2297163885909455e-10,-1.051410521589259e-10,-1.357339561182818e-10,2.361104146237372e-10
Subject10,Running,570.0,0.8028,3.7619,-0.007528027093930068,2.5287,58.05,0.0055,0.0098,0.004,0.0131,3.210504977035134e-10,1.2766921130147929e-10,-1.1582666878563374e-10,8.007176437415654e-10
Subject10,Running,585.0,0.8382,5.619,0.0042331832264492905,2.5287,58.05,0.0057,0.01,0.004,0.0132,-3.221902752915964e-10,-4.270186735449232e-12,2.861889386898907e-10,-9.844479060194241e-10
Subject10,Running,600.0,0.842,9.1905,-0.0061391853212163046,2.5287,58.05,0.0053,0.0091,0.0038,0.0121,3.490315752133412e-10,6.08120805174166e-11,-3.56936817421934e-10,4.1535087430500496e-10
Subject10,Running,615.0,0.8289,5.4524,-0.0014006000851347188,2.5287,58.05,0.005,0.0085,0.004,0.0116,-3.5367364202874644e-10,-1.1697382665011085e-10,1.0995548609741258e-10,7.76669379708642e-10
Subject10,Running,630.0,0.8666,6.619,0.003502731816564082,2.5287,58.05,0.0056,0.0093,0.0042,0.0125,3.162470363418759e-10,3.4958113258776606e-10,-1.1183116518482331e-10,6.095622790092003e-10
Subject10,Running,645.0,0.834,9.9048,0.0034097014129212404,2.5287,58.05,0.0052,0.0088,0.0043,0.0117,1.158335056998343e-11,5.415930504345292e-10,2.2398370722133144e-10,-1.9014467775805377e-09
Subject10,Running,660.0,0.834,10.7619,-0.004695339397632545,2.5287,58.05,0.0052,0.009,0.004,0.0115,-2.421134803595231e-10,-6.555121293872497e-11,-5.821148847203331e-11,-5.653612329391288e-11
Subject10,Running,675.0,0.8305,6.119,-0.0028740521572479527,2.5287,58.05,0.0049,0.0087,0.0041,0.0117,-1.9851387633818469e-10,-4.157037589653061e-11,1.4730674836116292e-10,1.2446734216594814e-10
Subject10,Running,690.0,0.8476,4.0476,0.0018451312752522913,2.5287,58.05,0.005,0.0087,0.0042,0.0117,1.5313240770003457e-10,-8.459571623059118e-10,-7.9762019560723e-11,3.205012815464738e-10
Subject10,Running,705.0,0.8447,5.7857,-0.00525440296622758,2.5287,58.05,0.0051,0.0095,0.004,0.0123,9.180229209432076e-11,6.141887229119808e-11,-6.873424964248108e-11,6.479519674480698e-12
Subject10,Stairs,360.0,0.0714,12.0455,-0.016278126779378545,3.8273,58.05,0.0051,0.0091,0.0062,0.0091,-5.769567820224017e-11,7.569435138524999e-10,3.041099779916234e-10,6.577672935013972e-11
Subject10,Stairs,375.0,0.0531,6.1169,0.008341868070134038,3.8273,58.05,0.0096,0.0181,0.009,0.0185,6.841564866758686e-10,-5.022472647042633e-10,-2.0015121350580618e-10,1.573626977855394e-09
Subject10,Stairs,390.0,0.0665,25.1169,0.002047070427732546,3.8273,58.05,0.006,0.0139,0.0073,0.0178,-6.356777432565768e-10,5.021015794742861e-10,2.864325267376877e-11,-1.2959798571557069e-09
Subject10,Stairs,405.0,0.0605,36.4026,-0.0032443195742902554,3.8273,58.05,0.0076,0.0152,0.0069,0.0158,3.960717257050506e-10,2.008574463008042e-09,1.3197938223625504e-09,3.6602251601947967e-09
Subject10,Stairs,420.0,0.0684,36.3788,-0.0033369922719713534,3.8273,58.05,0.0054,0.0146,0.0069,0.0187,-2.918414500224364e-10,-2.42445185473807e-09,-1.4448779566098856e-09,-2.598586435673241e-09
Subject10,Stairs,435.0,0.0663,33.4205,0.0020337953567146796,3.8273,58.05,0.0062,0.0136,0.0074,0.0165,-1.0295609017034931e-10,1.7612814280106622e-09,1.4798041326549224e-10,-1.1474206184005504e-09
Subject10,Stairs,450.0,0.065,38.8788,0.002901367935451954,3.8273,58.05,0.0057,0.014,0.0066,0.0185,5.070907844697216e-11,-2.051101278752877e-09,-1.4024952186371127e-10,9.05804136159468e-10
Subject10,Stairs,465.0,0.0643,38.1169,0.0015678669795215646,3.8273,58.05,0.0057,0.0148,0.0068,0.0167,-7.040515746068947e-11,8.532568487861604e-10,3.3045051544624246e-12,-1.1715549976544569e-09
Subject10,Stairs,480.0,0.0706,36.6883,-0.001537670894245631,3.8273,58.05,0.0062,0.0145,0.0062,0.017,3.5164227373582617e-10,-6.735374614019162e-10,1.2059478219617364e-10,1.3255275730706557e-09
Subject10,Stairs,495.0,0.0562,33.2597,-0.0030060708687231143,3.8273,58.05,0.0053,0.0127,0.0059,0.0174,-6.69268193839673e-11,-1.4598914007503952e-10,-4.334450395593009e-11,1.894853302424153e-09
Subject10,Stairs,510.0,0.0681,29.5455,0.0021297922637093618,3.8273,58.05,0.0057,0.0196,0.0075,0.0163,5.087445165797722e-10,1.5731562151751693e-09,1.6917484540156504e-09,-2.3720596120180985e-09
Subject10,Stairs,525.0,0.0638,28.4026,-0.0019797719225874842,3.8273,58.05,0.0064,0.0153,0.0061,0.0189,-2.2346343587024738e-10,-3.9311768600461945e-10,-1.6604973193066498e-09,8.061836013437922e-09
Subject10,Stairs,540.0,0.0699,27.6883,0.002751055929230273,3.8273,58.05,0.0073,0.0201,0.0076,0.021,-5.706800072565403e-10,2.92608981941379e-10,-7.72072717479465e-11,-8.80340054037615e-09
Subject10,Stairs,555.0,0.0686,32.974,0.002036408353358675,3.8273,58.05,0.0057,0.0154,0.0065,0.0182,6.250868036889318e-12,-1.5904969814059717e-09,-5.4552737653992494e-11,6.11279071499999e-10
Subject10,Stairs,570.0,0.0753,33.4026,-0.0021062553798208753,3.8273,58.05,0.0054,0.0158,0.0079,0.0188,5.156230448773422e-12,1.0286928165748296e-09,2.554472828137974e-15,-5.616784226261542e-10
Subject10,Stairs,585.0,0.0756,30.9205,0.0022412591176104264,3.8273,58.05,0.0063,0.0159,0.0074,0.0196,3.9395802786399905e-11,-9.693528012892824e-10,4.664968641008361e-11,1.1439203569843167e-09
Subject10,Stairs,600.0,0.0642,33.6883,0.001284506200787447,3.8273,58.05,0.0077,0.0152,0.008,0.0165,-3.792367603232119e-11,1.8745333633668918e-10,5.7770136789870525e-12,-1.0899411913977896e-09
Subject10,Stairs,615.0,0.0742,34.1705,0.0017958866853396494,3.8273,58.05,0.0073,0.0146,0.007,0.0132,2.8800708950783228e-11,-2.5076316905163906e-10,-4.010177803152488e-11,8.397544139027832e-10
Subject10,Stairs,630.0,0.0723,37.4026,0.0021307582360423783,3.8273,58.05,0.0056,0.0144,0.0062,0.0178,-2.4223145705636727e-11,8.218016072903031e-10,2.3821523978829504e-13,-9.102986239031922e-10
Subject10,Stairs,645.0,0.0715,35.9205,-0.0012931413762364752,3.8273,58.05,0.0067,0.0159,0.0065,0.0155,8.992570517905855e-11,-7.554061323044968e-10,5.866669879261031e-12,9.83690220487007e-10
Subject10,Stairs,660.0,0.0787,34.0455,-0.0014434707312092126,3.8273,58.05,0.0054,0.0158,0.0076,0.0198,-9.500155661907341e-11,9.681146566629989e-10,-3.062085162798413e-12,-9.4689188478674e-10
Subject10,Stairs,675.0,0.0748,34.1169,0.0018508951683586178,3.8273,58.05,0.0061,0.0138,0.0066,0.016,3.228070548894853e-11,-9.033564841184564e-10,-1.667782265249543e-12,5.105503450028388e-10
Subject10,Stairs,690.0,0.0773,39.2955,0.0031588807890191835,3.8273,58.05,0.0048,0.0133,0.0061,0.0148,-1.7519358877517043e-11,4.5436223404191686e-09,6.783594418661296e-10,-3.4568330468776117e-10
Subject10,Stairs,705.0,0.075,42.2955,-0.0022548187564590855,3.8273,58.05,0.0069,0.016,0.0073,0.0226,5.74256953724188e-10,-3.4654588840849824e-09,5.692148215103473e-11,-3.2911663616522627e-10
Subject10,Stairs,720.0,0.104,42.5455,-0.0012181222046483216,5.4942,58.05,0.0072,0.0177,0.0096,0.0236,-1.7631876404936118e-10,3.285074554209454e-09,-4.433156196823319e-10,3.0816321712296517e-09
Subject10,Stairs,735.0,0.1124,46.3232,0.0018878596464028032,5.4942,58.05,0.0076,0.018,0.0094,0.0181,-4.1338743185026655e-11,-3.416879058313801e-09,-7.478725880145292e-11,-2.7797311347136223e-09
Subject10,Stairs,750.0,0.0996,49.6883,-0.001742881204639129,5.4942,58.05,0.0083,0.0208,0.009,0.0211,-3.399807818164492e-10,3.4111278871152485e-09,2.3409901348342163e-10,-2.2755736006865642e-10
Subject10,Stairs,765.0,0.0961,50.6705,-0.0011183640671866336,5.4942,58.05,0.0076,0.0185,0.0102,0.0191,1.4063808012505562e-09,-4.419307932048673e-09,3.3270381348989725e-10,5.029274456223902e-09
Subject10,Stairs,780.0,0.1044,53.1705,0.0015114414812893928,5.4942,58.05,0.0089,0.0182,0.0098,0.0279,-7.985284080425298e-10,2.9299877037332545e-10,-6.114226497693294e-10,-3.1002679133200822e-09
Subject10,Stairs,795.0,0.1046,55.1705,-0.001177905767709863,5.4942,58.05,0.0093,0.0206,0.0094,0.0278,-5.787035306549777e-10,3.121163643707798e-11,-1.2821193433516387e-10,5.245820171533205e-10
Subject10,Stairs,810.0,0.0957,55.1705,0.0009568012971570068,5.4942,58.05,0.0087,0.0192,0.0097,0.0265,5.38209977122238e-10,1.6066315395358312e-09,2.643006908785412e-10,-8.550448533008486e-10
Subject10,Stairs,825.0,0.1065,55.5455,-0.0009989990433440295,5.4942,58.05,0.0077,0.0195,0.0102,0.0226,-6.108159219046175e-10,-1.4343299888501514e-09,-2.642302182306528e-10,-1.5296478171299767e-09
Subject10,Stairs,840.0,0.1104,54.974,0.0009879237444056423,5.4942,58.05,0.0094,0.0202,0.0099,0.0239,2.530264339031515e-09,1.0758878928563993e-10,1.5164977389216492e-09,4.59704546993931e-09
Subject10,Stairs,855.0,0.1021,54.7955,-0.0015906880036254808,5.4942,58.05,0.0105,0.0232,0.0087,0.0286,-1.920418031374365e-09,-2.972139619227946e-10,-1.4107541822164974e-09,-2.4271851733226757e-09
Subject10,Stairs,870.0,0.0978,56.0455,0.0014118214623111659,5.4942,58.05,0.009,0.0194,0.0087,0.0242,-4.624253710848016e-10,7.575905315398393e-10,4.1257214242939893e-10,-2.0080566806133204e-09
Subject10,Stairs,885.0,0.1022,58.1705,0.0012884578129301202,5.4942,58.05,0.0099,0.0176,0.0095,0.021,-1.5776110323862243e-10,2.161863261203412e-10,-5.522128935164148e-10,-2.2507890650545527e-10
Subject10,Stairs,900.0,0.1131,60.5455,-0.001710249667041589,5.4942,58.05,0.008,0.0155,0.0099,0.0207,5.276028457946514e-10,-1.1311054310778204e-09,9.951673772828673e-11,2.7316569964658793e-10
Subject10,Stairs,915.0,0.1143,60.4205,-0.0010702056763049535,5.4942,58.05,0.0077,0.016,0.0083,0.0216,2.7338111162962133e-11,4.331751158678901e-09,1.8594754578718696e-10,1.5551551519603218e-09
Subject10,Stairs,930.0,0.1022,59.4343,-0.0014899642978373484,5.4942,58.05,0.0086,0.0181,0.0097,0.0195,-5.128844221718889e-10,-3.4614462793855296e-09,6.034953810872628e-11,-1.6541365778571329e-09
Subject10,Stairs,945.0,0.1035,60.7955,0.0017867303748810139,5.4942,58.05,0.007,0.0164,0.0089,0.0195,4.844364897197968e-10,1.6535234054998136e-09,1.1198275137719141e-09,2.843902134940826e-09
Subject10,Stairs,960.0,0.0995,61.9205,-0.0015950626295572143,5.4942,58.05,0.0092,0.0194,0.0096,0.0246,4.970247469476069e-10,-2.4765024020130754e-09,-1.1854411734401722e-09,3.5452689967862976e-09
Subject10,Stairs,975.0,0.1014,60.2955,0.0017490545834012367,5.4942,58.05,0.0079,0.0187,0.0092,0.0214,-2.557496143151482e-10,2.4092185642769117e-10,4.873006246195206e-11,-3.5976394696503614e-09
Subject10,Stairs,990.0,0.099,62.5455,0.00207496431136129,5.4942,58.05,0.0058,0.014,0.008,0.0184,1.1850082343537467e-10,-5.752379789103493e-10,1.3066211144540526e-09,-9.738181783411575e-10
Subject10,Stairs,1005.0,0.0939,62.9205,-0.0017728099796021392,5.4942,58.05,0.0092,0.0186,0.0095,0.0265,-8.926605734989455e-10,1.5012798557079548e-09,-1.583389566554333e-09,-1.8698545381272557e-09
Subject10,Stairs,1020.0,0.0943,59.5455,-0.0012658953994538612,5.4942,58.05,0.0067,0.019,0.008,0.0228,1.8093775000168497e-10,-1.1788690869891715e-09,2.4106834101752065e-11,2.678956179328536e-09
Subject10,Stairs,1035.0,0.1183,58.1705,-0.0011674548145226397,5.4942,58.05,0.0077,0.023,0.0094,0.0281,1.1265697385062301e-10,7.844943537835541e-10,9.188918850084635e-10,-2.691107181117818e-09
Subject10,Stairs,1050.0,0.0968,58.4343,0.0007637599627376805,5.4942,58.05,0.0076,0.0157,0.0082,0.0206,-3.0719186960123893e-10,-9.747979090606907e-10,-9.72665878146578e-10,1.3897867304131717e-09
Subject10,Stairs,1065.0,0.1038,59.101,0.0017527504495294275,5.4942,58.05,0.0066,0.0158,0.0083,0.0184,1.579125721160224e-09,2.425683399217361e-11,5.191298256093794e-10,3.000492710689304e-09
Subject10,Stairs,1080.0,0.0892,61.9205,0.0017489226532894314,5.0184,58.05,0.006,0.0146,0.0067,0.017,-1.5699207917075079e-09,-3.015031953754309e-11,-5.151804113214331e-10,-3.6064049574168134e-09
Subject10,Stairs,1095.0,0.1014,63.3232,0.0012324510839253691,5.0184,58.05,0.0059,0.016,0.008,0.017,1.7590045160650054e-09,-1.1248062149799092e-10,1.188079259001834e-09,6.417320753041937e-10
Subject10,Stairs,1110.0,0.0847,61.1705,-0.002270287091793475,5.0184,58.05,0.0085,0.0177,0.0076,0.0227,-1.6367559790735099e-09,1.5139140292068017e-10,-1.1525296567804918e-09,2.140888830208049e-09
Subject10,Stairs,1125.0,0.0961,58.5455,0.0003244906981060386,5.0184,58.05,0.0054,0.015,0.0089,0.0172,-1.2904964927693118e-10,5.281197788535132e-10,4.461927051872451e-11,-3.6370086232611324e-09
Subject10,Stairs,1140.0,0.1036,58.7677,0.00128810856842678,5.0184,58.05,0.0073,0.0192,0.0081,0.0205,4.487524689336594e-10,-3.621863788153038e-10,-6.440981196724765e-11,1.100427903951682e-09
Subject10,Stairs,1155.0,0.0981,59.9899,0.0014201844856558904,5.0184,58.05,0.0057,0.0181,0.0088,0.0229,-4.5505443366967226e-10,1.744609692611494e-10,-2.166412827749552e-11,-1.08418153982139e-09
Subject10,Stairs,1170.0,0.1028,59.0455,0.001424036129795372,5.0184,58.05,0.0061,0.0137,0.0077,0.0159,3.069901926480435e-10,-2.348090994691803e-10,-3.98492316538219e-12,1.6110188624777198e-09
Subject10,Stairs,1185.0,0.0968,58.9455,-0.0012421382516315809,5.0184,58.05,0.0061,0.0192,0.0086,0.021,-3.0030571935975546e-10,7.80021714864328e-10,2.2475582782967085e-12,-1.657579560173429e-09
Subject10,Stairs,1200.0,0.1038,58.7955,0.0014224887594339454,5.0184,58.05,0.007,0.014,0.0078,0.0227,2.398531261718005e-10,-8.936027526723615e-10,-7.146438758825287e-12,1.458477876403452e-09
Subject10,Stairs,1215.0,0.1026,58.5455,0.0010035495542495677,5.0184,58.05,0.0058,0.0215,0.0078,0.0193,-2.3232497327921368e-10,1.0559995266537714e-09,6.217640846118971e-12,-1.4038519869300493e-09
Subject10,Stairs,1230.0,0.0917,59.7677,-0.001960004966046603,5.0184,58.05,0.0054,0.0186,0.008,0.0221,1.280325443963857e-09,-1.3946244088686825e-09,1.5303761333567553e-09,2.9807678212375334e-09
Subject10,Stairs,1245.0,0.1096,57.8788,-0.001603429614818195,5.0184,58.05,0.0066,0.0154,0.0084,0.0197,-1.2816560540739368e-09,1.4199586761311154e-09,-1.5442354644655272e-09,-3.0276949239552033e-09
Subject10,Stairs,1260.0,0.1018,59.1705,0.0010044073752625295,5.0184,58.05,0.0065,0.0122,0.0074,0.019,5.830821998087858e-12,-1.1157967477594699e-09,-3.825651763458661e-12,8.396579682445279e-10
Subject10,Stairs,1275.0,0.0951,59.4343,-0.0009795531695426997,5.0184,58.05,0.0063,0.0184,0.0081,0.0229,-1.9147285552618542e-11,1.03509999239562e-09,5.245037784005995e-10,-7.403517737000503e-10
Subject10,Stairs,1290.0,0.0953,57.8788,-0.0009842855216889612,5.0184,58.05,0.0066,0.0173,0.0097,0.0215,1.585123568891734e-10,-1.0073342884497696e-09,-4.877628606432057e-10,8.360963825399021e-10
Subject10,Stairs,1305.0,0.0875,58.5455,0.0015643467562382093,5.0184,58.05,0.007,0.0176,0.0083,0.0259,-2.1598997456517924e-10,9.703359971259073e-10,1.8589088177780946e-10,-7.411133735254083e-10
Subject10,Stairs,1320.0,0.0935,59.1705,0.0012380808494697497,5.0184,58.05,0.0066,0.0165,0.0089,0.0166,4.735134918670361e-10,-1.0121444119491417e-10,-1.9812138300190971e-10,7.904473846664621e-09
Subject10,Stairs,1335.0,0.097,58.7677,-0.0012686950108606835,5.0184,58.05,0.0063,0.0154,0.008,0.0179,-3.8904667609368315e-10,-4.486932083129752e-10,-1.3533563011051557e-11,-8.007235760098595e-09
Subject10,Stairs,1350.0,0.0895,59.1705,0.001238666183131211,5.0184,58.05,0.0066,0.017,0.0074,0.0214,6.236025655093276e-11,-4.0140402700888005e-10,-3.6080353805772505e-12,2.1334007158652116e-09
Subject10,Stairs,1365.0,0.0976,59.2121,-0.0013366543744540412,5.0184,58.05,0.0067,0.0206,0.0085,0.0238,-9.464018639683646e-11,1.077397524623033e-09,-7.389936782424075e-12,-2.253198808142845e-09
Subject10,Stairs,1380.0,0.1009,58.7955,0.001437674147591107,5.0184,58.05,0.0061,0.0182,0.0082,0.0196,2.64876789720411e-10,-1.0469506461632824e-09,-2.874865007267032e-12,6.225965968240476e-10
Subject10,Stairs,1395.0,0.1034,61.3232,0.0014624110192920424,5.0184,58.05,0.0055,0.0171,0.0071,0.0235,-1.5953883663269135e-10,1.7716437457996873e-09,-1.5456399645053363e-12,-6.679238043927887e-10
Subject10,Stairs,1410.0,0.1024,61.9899,-0.0011145019347417013,5.0184,58.05,0.0071,0.0183,0.0086,0.0221,7.861026297766367e-11,-1.870421639307533e-09,-2.2014272523917676e-11,1.786438457532454e-09
Subject10,Stairs,1425.0,0.094,61.5455,0.00023580566478391169,5.0184,58.05,0.0063,0.0159,0.008,0.0229,-1.7715709967704115e-10,1.945976778963181e-09,3.911374867714409e-10,-1.6714229534883823e-09
Subject10,Walking,360.0,0.1802,4.3607,0.003017351887573151,2.1259,58.05,0.003,0.0072,0.0023,0.0051,3.3053188688770434e-10,-2.453735046698277e-10,-3.843181613819037e-11,1.0303861315928545e-09
Subject10,Walking,375.0,0.525,11.8607,0.0024243162633143045,2.1259,58.05,0.0065,0.0096,0.0033,0.0112,9.350767254082602e-10,2.6112627062657925e-11,4.1082179216363504e-13,1.4324054930069357e-09
Subject10,Walking,390.0,0.5206,15.5035,-0.0024945516750072096,2.1259,58.05,0.0081,0.0088,0.0033,0.0116,-3.197145206696822e-10,1.503380775509531e-10,-3.856930842115933e-11,-2.1920406566166425e-09
Subject10,Walking,405.0,0.5355,14.0273,0.0038094149158487355,2.1259,58.05,0.0079,0.009,0.0036,0.0099,-6.412325583305102e-10,6.197028208250432e-10,1.846751275384566e-10,-1.944116597531317e-10
Subject10,Walking,420.0,0.5355,12.9321,-0.0038355574064802183,2.1259,58.05,0.0067,0.008,0.0035,0.0094,-3.139826991021412e-10,4.4703365836020514e-10,5.181737186574271e-10,-1.8001362894350335e-11
Subject10,Walking,435.0,0.5406,10.9607,0.004653444405283364,2.1259,58.05,0.007,0.0069,0.0037,0.0099,4.390386681835395e-11,-1.2968775646556052e-09,-6.92056571385629e-10,4.1868752263462194e-10
Subject10,Walking,450.0,0.5099,12.3607,-0.002296546212495722,2.1259,58.05,0.0071,0.0079,0.0032,0.0097,-1.2051131433125978e-10,1.3239750723734939e-11,4.386966717214447e-11,4.178477619861718e-10
Subject10,Walking,465.0,0.5185,9.6464,0.0016253056922355025,2.1259,58.05,0.0077,0.008,0.0033,0.011,2.2175696459208968e-10,-2.981806140011277e-11,-9.935882984938314e-12,-4.949578372664064e-10
Subject10,Walking,480.0,0.5217,10.5035,-0.0017982640479936077,2.1259,58.05,0.0063,0.0074,0.0037,0.0093,-2.576900027872343e-12,4.734787261693952e-11,7.681147544487482e-12,5.3657623619766694e-12
Subject10,Walking,495.0,0.5371,7.3607,-0.001863651870534782,2.1259,58.05,0.0073,0.0075,0.0031,0.0094,4.472633055067745e-10,6.811288617220968e-12,-1.610808726451182e-11,1.077496072404583e-10
Subject10,Walking,510.0,0.5555,5.3607,0.002078866903484447,2.1259,58.05,0.0069,0.0066,0.0031,0.0086,1.0132242829180877e-10,3.730796037472662e-11,-1.4501919361394182e-11,1.4861067091362524e-09
Subject10,Walking,525.0,0.5492,9.0749,0.005290335185225429,2.1259,58.05,0.006,0.0071,0.0031,0.0099,-5.998838827783651e-10,5.106020096750845e-10,3.106607573857184e-10,-1.8963568642404222e-09
Subject10,Walking,540.0,0.5279,12.5035,-0.004735818124267474,2.1259,58.05,0.006,0.0077,0.0032,0.0086,1.2124534771151834e-11,-5.3915171256645675e-11,-7.488333930421357e-11,-2.4083220490292125e-11
Subject10,Walking,555.0,0.5383,8.694,-0.002724906650030219,2.1259,58.05,0.0064,0.0073,0.003,0.0093,1.1331766487882968e-10,-5.303643293766951e-11,1.348114511476877e-10,1.823044373084144e-12
Subject10,Walking,570.0,0.5256,6.8607,0.004151456463684171,2.1259,58.05,0.0053,0.0073,0.0031,0.0083,-1.093170293420554e-10,-6.752376160683283e-11,-2.021761352355538e-10,4.3994374334763635e-12
Subject10,Walking,585.0,0.5443,13.7892,0.0023926701922575354,2.1259,58.05,0.0058,0.0073,0.0035,0.0087,-4.895771167704512e-11,-3.9204450828354967e-10,-1.4126511672848945e-10,5.6887267489809554e-11
Subject10,Walking,600.0,0.5426,12.5273,-0.003580224088633954,2.1259,58.05,0.0047,0.0068,0.0035,0.0078,6.274241703100972e-10,6.365693605411244e-11,4.746412289135725e-11,1.832616308245633e-09
Subject10,Walking,615.0,0.5358,8.7607,0.002859085821258378,2.1259,58.05,0.0051,0.0073,0.0033,0.0082,-5.831202537074375e-10,4.262611897453227e-10,1.1384129556832962e-10,-1.823685762236593e-09
Subject10,Walking,630.0,0.5312,5.5035,-0.0016205151070780503,2.1259,58.05,0.0057,0.0079,0.0033,0.0087,4.796640774745059e-11,3.869163436301027e-10,1.8065507314557329e-10,-6.844626482952707e-11
Subject10,Walking,645.0,0.552,4.5273,0.004663897062732007,2.1259,58.05,0.0054,0.0075,0.0035,0.0091,-9.00532617148712e-11,-8.83078995889261e-10,-2.8557451863348507e-10,-7.075353144971276e-11
Subject10,Walking,660.0,0.564,14.694,0.006142316197728005,2.1259,58.05,0.0058,0.0069,0.0034,0.0084,7.019774949295476e-11,4.4691281906309523e-10,3.405244518193307e-12,6.703499592852676e-11
Subject10,Walking,675.0,0.5383,16.0749,-0.002870502010766254,2.1259,58.05,0.0051,0.0065,0.0035,0.0082,-4.996304751389014e-11,8.687627708390945e-10,4.0583388968631346e-10,5.774604312533747e-11
Subject10,Walking,690.0,0.5486,12.0749,-0.003109475539187651,2.1259,58.05,0.0052,0.0067,0.0034,0.0074,1.3837419830729937e-09,-1.2537935521897197e-09,-4.5642158597669877e-10,2.684642469471699e-09
Subject10,Walking,705.0,0.5375,9.8607,0.002722324777439705,2.1259,58.05,0.0056,0.0072,0.0037,0.0076,-1.46995993903944e-09,1.471746642364424e-09,2.411530671520355e-10,-2.6148333131141694e-09
Subject10,Walking,720.0,0.3238,7.9321,-0.003035252079044304,1.706,58.05,0.0051,0.009,0.0027,0.0089,1.0830839566603656e-10,-1.524634756082793e-09,-2.4242720004211207e-10,6.724235936604004e-10
Subject10,Walking,735.0,0.3219,6.9321,0.003161016919079979,1.706,58.05,0.0054,0.009,0.0029,0.0104,1.3328590778091633e-10,5.902430641351397e-10,-6.228553078419393e-12,-8.29024541151772e-10
Subject10,Walking,750.0,0.344,11.194,-0.003819461716102734,1.706,58.05,0.0045,0.0067,0.0027,0.0087,1.310977508655938e-09,-1.180643538213169e-10,-9.051796006227884e-11,1.5555609217471867e-09
Subject10,Walking,765.0,0.3227,8.2178,-0.0012688582439404534,1.706,58.05,0.0039,0.0076,0.0029,0.0079,-1.4850410909588495e-09,-3.970268001227143e-10,9.06843147946394e-11,-1.0615529127218133e-09
Subject10,Walking,780.0,0.2986,6.3607,0.0017749159978360225,1.706,58.05,0.004,0.0072,0.0027,0.0085,-4.453469550909525e-11,7.670201547154171e-10,1.249314195128852e-10,-4.5407295150145603e-10
Subject10,Walking,795.0,0.352,9.0749,0.0034293078840689504,1.706,58.05,0.0042,0.0064,0.0022,0.0078,2.881782729716746e-10,-7.855439423997097e-10,-1.1699574698451822e-10,7.460301680816482e-10
Subject10,Walking,810.0,0.317,6.7892,-0.003149039630017138,1.706,58.05,0.0037,0.007,0.0027,0.0086,-2.7310483182067083e-10,4.658807389404736e-10,2.0254337404982779e-10,-8.024570550957267e-10
Subject10,Walking,825.0,0.3427,5.3607,0.0026164552017510327,1.706,58.05,0.0037,0.0061,0.0025,0.0067,-4.2345836296119384e-11,3.784333015336389e-11,-2.300574947884096e-10,2.101451061723778e-11
Subject10,Walking,840.0,0.3226,7.5273,-0.0053000126009002035,1.706,58.05,0.0037,0.0058,0.0025,0.0064,1.0403014360606816e-09,-5.71975484897454e-10,-9.071401140720633e-12,4.573929992951406e-10
Subject10,Walking,855.0,0.3016,7.3607,0.005643433023423083,1.706,58.05,0.0046,0.0065,0.0026,0.0079,-1.0088817383052548e-09,1.614034784328353e-10,-2.4513625045955454e-11,3.4423317346638345e-10
Subject10,Walking,870.0,0.3276,7.9321,0.0023029243214028683,1.706,58.05,0.0053,0.0064,0.0028,0.0078,9.492335948036758e-12,-1.1492012165976625e-10,3.615165262096506e-11,-7.020420533527296e-10
Subject10,Walking,885.0,0.3161,8.8607,-0.0027744265176801804,1.706,58.05,0.0041,0.0056,0.0025,0.006,4.893052246383271e-10,-4.319816114924579e-12,1.3962398113272455e-11,1.3910620295924331e-09
Subject10,Walking,900.0,0.3424,6.3607,0.0017281649313564812,1.706,58.05,0.0054,0.0058,0.0027,0.0066,-4.874409127871896e-10,1.3173390037781846e-10,-2.0446952571836093e-12,-1.3884558294083643e-09
Subject10,Walking,915.0,0.3304,10.6464,0.00612517271215725,1.706,58.05,0.0042,0.0058,0.0026,0.0065,6.590296461554117e-10,-1.1530520971031442e-10,-1.0938885010955924e-11,1.156099123254443e-09
Subject10,Walking,930.0,0.3371,7.3607,-0.003869200771588979,1.706,58.05,0.0041,0.0061,0.0028,0.0068,-6.657324018953134e-10,-3.542728703364729e-11,4.644153045919849e-11,-1.2622939292226743e-09
Subject10,Walking,945.0,0.3334,5.5607,0.0007493428406277357,1.706,58.05,0.0041,0.0057,0.0025,0.0064,4.789026387322947e-12,1.3256455391750415e-10,-3.871340116349375e-11,1.0317148337192662e-10
Subject10,Walking,960.0,0.3092,4.694,-0.004939743784808564,1.706,58.05,0.004,0.0057,0.0027,0.0067,-2.533791424212675e-12,2.6015287860271393e-10,-4.208281183769863e-11,-1.9966491199903885e-10
Subject10,Walking,975.0,0.34,4.3607,-0.0019194117282526728,1.706,58.05,0.0035,0.006,0.0027,0.0061,9.287910494669776e-10,-4.1620771824943103e-10,1.6340417257834116e-11,1.3639030771932714e-09
Subject10,Walking,990.0,0.3295,5.7892,0.0018648090368169746,1.706,58.05,0.0037,0.0052,0.0028,0.0061,-9.383548576298274e-10,-2.928094736321121e-11,7.971950915713677e-11,-1.2948759045214068e-09
Subject10,Walking,1005.0,0.3474,9.194,0.005202970139332494,1.706,58.05,0.004,0.0052,0.0026,0.0058,2.5270686768601477e-11,8.405986313384033e-10,1.3656681726311004e-10,3.334440432321304e-11
Subject10,Walking,1020.0,0.3448,9.9321,-0.003919109816689167,1.706,58.05,0.0034,0.0052,0.0027,0.007,5.0058217374355926e-11,-4.785699604964424e-10,2.605035703733863e-10,-5.397919327478897e-11
Subject10,Walking,1035.0,0.3411,6.5035,-0.001438175227320738,1.706,58.05,0.0036,0.0049,0.0028,0.0057,1.345183874163182e-09,-3.5711638534084895e-10,-4.550368653845209e-10,5.053014215558835e-10
Subject10,Walking,1050.0,0.3395,5.0273,-0.0038330358108872027,1.706,58.05,0.004,0.0056,0.0027,0.0055,-1.4149812924509301e-09,2.973388264510206e-11,2.0447422008602836e-10,-4.5447276210806966e-10
Subject10,Walking,1065.0,0.3417,5.3607,0.0021175157180712803,1.706,58.05,0.0042,0.0053,0.0029,0.0066,-2.538397714197847e-12,-3.638362748792042e-11,-2.0577516824971953e-10,2.038949484169168e-10
Subject10,Walking,1080.0,0.6443,6.7892,0.004178893755502378,2.6765,58.05,0.0071,0.0087,0.0035,0.0114,2.047776559085053e-11,1.1050663641903794e-09,4.966364113738066e-10,-6.293404625266124e-11
Subject10,Walking,1095.0,0.7571,15.8607,0.004873815967432793,2.6765,58.05,0.0073,0.0091,0.0041,0.0116,5.219514765795805e-10,-9.620364074347693e-10,-4.980850762618623e-10,-3.202881196302297e-10
Subject10,Walking,1110.0,0.7569,19.694,-0.0033139484002167865,2.6765,58.05,0.0072,0.0087,0.004,0.0108,-7.484196249403224e-10,-1.2276770525863352e-10,-1.65838448496306e-11,5.365137052549734e-10
Subject10,Walking,1125.0,0.7902,16.6464,-0.002795527391564828,2.6765,58.05,0.007,0.0096,0.0041,0.0111,1.8928427365855762e-10,5.246903453576161e-10,2.552318781795461e-10,-3.335761502294787e-10
Subject10,Walking,1140.0,0.7685,16.0749,0.002811280184732048,2.6765,58.05,0.0068,0.0088,0.0037,0.0105,3.2331110491797564e-10,1.1445677023138732e-09,6.508108964956781e-10,3.465487728526261e-11
Subject10,Walking,1155.0,0.7588,17.2178,-0.0028266100452329244,2.6765,58.05,0.0071,0.0088,0.004,0.0102,4.3797527986227426e-10,-8.62207286043293e-10,-8.104984853701698e-10,-6.019312135407594e-11
Subject10,Walking,1170.0,0.7732,17.694,0.0016277935760844028,2.6765,58.05,0.0069,0.0088,0.0039,0.0103,-3.931115216372458e-10,-6.105583346044394e-10,-6.207504176797643e-11,1.3058296399623235e-09
Subject10,Walking,1185.0,0.768,17.9321,-0.0018977646063197701,2.6765,58.05,0.0072,0.0091,0.0038,0.0103,-4.795030302790629e-10,-2.1178778149517578e-10,1.7576609676289467e-13,-9.888511445883837e-10
Subject10,Walking,1200.0,0.7592,17.0273,0.0015104132523334078,2.6765,58.05,0.007,0.0092,0.0039,0.0106,1.0183662169295256e-10,5.25830624005256e-10,2.0793815974244936e-10,-2.841054766879347e-10
Subject10,Walking,1215.0,0.7645,21.694,0.005029668607994839,2.6765,58.05,0.007,0.0082,0.0039,0.0108,5.39746840990076e-10,9.237054925650926e-11,-1.5925206536165108e-10,-9.206096461417998e-11
Subject10,Walking,1230.0,0.7597,22.3607,-0.0035037374688271787,2.6765,58.05,0.006,0.0086,0.0037,0.0107,8.868900387024192e-11,8.102583175271604e-11,-3.431623903918638e-11,-1.0444043381964495e-10
Subject10,Walking,1245.0,0.7595,16.0749,-0.0027077119315658915,2.6765,58.05,0.0065,0.0087,0.0037,0.0101,5.628913083642718e-10,-6.387123377851801e-10,-1.5427186985801616e-11,2.47836171801926e-09
Subject10,Walking,1260.0,0.7727,16.0749,0.004745862786183056,2.6765,58.05,0.0061,0.0091,0.0035,0.0107,-1.1107720350055065e-09,-2.0599716459980963e-11,-3.230966154693519e-11,-1.3010048082112962e-09
Subject10,Walking,1275.0,0.7729,18.3607,-0.004714500474801507,2.6765,58.05,0.0062,0.0086,0.0038,0.0098,-8.289626657158345e-11,5.2669585874437535e-11,1.0237700632367891e-11,-7.603705318116372e-10
Subject10,Walking,1290.0,0.7522,14.5035,0.0049935880921098555,2.6765,58.05,0.0063,0.0088,0.0038,0.0099,1.0565567829355907e-10,-3.5040587141149504e-11,5.0776142804279556e-11,1.9414660550518859e-10
Subject10,Walking,1305.0,0.7658,14.7892,-0.0028534348558008366,2.6765,58.05,0.007,0.0082,0.0038,0.0096,2.3151307424352624e-11,7.173962385499256e-11,-6.05927683566094e-11,4.418471949427049e-11
Subject10,Walking,1320.0,0.7704,12.7892,0.003552924312321487,2.6765,58.05,0.0078,0.0086,0.0038,0.0102,-1.3830031032324193e-10,1.1990158632788553e-09,3.246739323048556e-10,-4.060088880872732e-10
Subject10,Walking,1335.0,0.7736,18.8607,0.0061059739239784794,2.6765,58.05,0.0071,0.0084,0.0037,0.0098,4.2777346655278245e-10,-1.390670451530254e-10,2.888840548539848e-10,-1.1265854168210798e-10
Subject10,Walking,1350.0,0.7791,18.9321,-0.003435813363907632,2.6765,58.05,0.0064,0.0083,0.0037,0.0102,4.568601199897776e-10,-5.527335691705399e-10,-4.5110253794689395e-10,1.193874502442083e-11
Subject10,Walking,1365.0,0.7586,15.7892,0.0025848157790368926,2.6765,58.05,0.0068,0.008,0.0039,0.0105,7.07715862332065e-10,-5.731457663533241e-10,-1.290630905854866e-10,2.9451679398353398e-09
Subject10,Walking,1380.0,0.7754,18.5035,0.0037428470446708756,2.6765,58.05,0.007,0.0092,0.0038,0.0093,-1.6796863821548423e-09,-6.800160711763227e-12,-1.9216873763267446e-11,-2.339641217301844e-09
Subject10,Walking,1395.0,0.7776,20.3607,-0.004080652200533751,2.6765,58.05,0.0068,0.0093,0.0038,0.0105,1.4848137775501743e-10,9.34388051314526e-10,5.898050757085546e-10,-4.0157414247152036e-10
Subject10,Walking,1410.0,0.7532,17.0273,0.0025019069467935038,2.6765,58.05,0.0065,0.009,0.0036,0.0116,1.7036357877857458e-10,-3.475673250619975e-10,-3.242666500211686e-10,-2.092273131798486e-10
Subject10,Walking,1425.0,0.7905,19.5035,0.0028514400179428393,2.6765,58.05,0.006,0.009,0.004,0.0108,-1.6847704945611537e-10,2.2421456840901787e-11,-2.849552769588573e-10,-8.451777030693956e-12
